location_code,timestamp,measurement_setup,wavelength,spectral_horizontal_irradiance
AMS,2024-01-15 08:00:00,SETUP1,380,0.15925915722862244
AMS,2024-01-15 08:00:00,SETUP1,385,0.22031955062273575
AMS,2024-01-15 08:00:00,SETUP1,390,0.31733241882062696
AMS,2024-01-15 08:00:00,SETUP1,395,0.38279672183448865
AMS,2024-01-15 08:00:00,SETUP1,400,0.5786846966695278
AMS,2024-01-15 08:00:00,SETUP1,405,0.6833354281239614
AMS,2024-01-15 08:00:00,SETUP1,410,0.9007816717610562
AMS,2024-01-15 08:00:00,SETUP1,415,1.342087369263962
AMS,2024-01-15 08:00:00,SETUP1,420,1.5564231819671388
AMS,2024-01-15 08:00:00,SETUP1,425,2.2342498120246828
AMS,2024-01-15 08:00:00,SETUP1,430,2.8928943426084994
AMS,2024-01-15 08:00:00,SETUP1,435,3.4761268971676453
AMS,2024-01-15 08:00:00,SETUP1,440,4.507776284711505
AMS,2024-01-15 08:00:00,SETUP1,445,5.44282596659398
AMS,2024-01-15 08:00:00,SETUP1,450,6.519135063816022
AMS,2024-01-15 08:00:00,SETUP1,455,8.834288023886295
AMS,2024-01-15 08:00:00,SETUP1,460,9.633851463540632
AMS,2024-01-15 08:00:00,SETUP1,465,11.394164424263122
AMS,2024-01-15 08:00:00,SETUP1,470,13.584861867745078
AMS,2024-01-15 08:00:00,SETUP1,475,16.01526076426738
AMS,2024-01-15 08:00:00,SETUP1,480,18.028121573862737
AMS,2024-01-15 08:00:00,SETUP1,485,23.290506859792064
AMS,2024-01-15 08:00:00,SETUP1,490,21.989722192978935
AMS,2024-01-15 08:00:00,SETUP1,495,28.14091937847255
AMS,2024-01-15 08:00:00,SETUP1,500,28.93305968521877
AMS,2024-01-15 08:00:00,SETUP1,505,36.13048161516833
AMS,2024-01-15 08:00:00,SETUP1,510,35.07330648230965
AMS,2024-01-15 08:00:00,SETUP1,515,41.29620954936189
AMS,2024-01-15 08:00:00,SETUP1,520,45.1520427972982
AMS,2024-01-15 08:00:00,SETUP1,525,47.41159579803295
AMS,2024-01-15 08:00:00,SETUP1,530,44.15951881633114
AMS,2024-01-15 08:00:00,SETUP1,535,50.17222487822957
AMS,2024-01-15 08:00:00,SETUP1,540,51.77060395346263
AMS,2024-01-15 08:00:00,SETUP1,545,46.10951663992082
AMS,2024-01-15 08:00:00,SETUP1,550,48.49804858260736
AMS,2024-01-15 08:00:00,SETUP1,555,46.218891557994795
AMS,2024-01-15 08:00:00,SETUP1,560,48.393700168563
AMS,2024-01-15 08:00:00,SETUP1,565,43.321091892231216
AMS,2024-01-15 08:00:00,SETUP1,570,48.90159236447428
AMS,2024-01-15 08:00:00,SETUP1,575,46.85784684112649
AMS,2024-01-15 08:00:00,SETUP1,580,45.35401332057455
AMS,2024-01-15 08:00:00,SETUP1,585,38.562250475322855
AMS,2024-01-15 08:00:00,SETUP1,590,38.03599798514951
AMS,2024-01-15 08:00:00,SETUP1,595,34.9508289747544
AMS,2024-01-15 08:00:00,SETUP1,600,29.75017770410442
AMS,2024-01-15 08:00:00,SETUP1,605,27.718320360863952
AMS,2024-01-15 08:00:00,SETUP1,610,24.366329621391046
AMS,2024-01-15 08:00:00,SETUP1,615,19.71868326739726
AMS,2024-01-15 08:00:00,SETUP1,620,19.925371070801944
AMS,2024-01-15 08:00:00,SETUP1,625,15.987410444045006
AMS,2024-01-15 08:00:00,SETUP1,630,12.721027219039987
AMS,2024-01-15 08:00:00,SETUP1,635,12.81973429987828
AMS,2024-01-15 08:00:00,SETUP1,640,10.359460580521061
AMS,2024-01-15 08:00:00,SETUP1,645,7.803877833219367
AMS,2024-01-15 08:00:00,SETUP1,650,6.711205179072825
AMS,2024-01-15 08:00:00,SETUP1,655,5.91719645266509
AMS,2024-01-15 08:00:00,SETUP1,660,4.031307468396607
AMS,2024-01-15 08:00:00,SETUP1,665,3.785887518587458
AMS,2024-01-15 08:00:00,SETUP1,670,2.988413964524183
AMS,2024-01-15 08:00:00,SETUP1,675,2.1252225350641596
AMS,2024-01-15 08:00:00,SETUP1,680,1.5847338169824408
AMS,2024-01-15 08:00:00,SETUP1,685,1.2726117605070077
AMS,2024-01-15 08:00:00,SETUP1,690,1.0784942493720469
AMS,2024-01-15 08:00:00,SETUP1,695,0.6972182793658621
AMS,2024-01-15 08:00:00,SETUP1,700,0.5429006960379592
AMS,2024-01-15 08:00:00,SETUP1,705,0.4457358135974214
AMS,2024-01-15 08:00:00,SETUP1,710,0.2986656964680772
AMS,2024-01-15 08:00:00,SETUP1,715,0.20160572715791825
AMS,2024-01-15 08:00:00,SETUP1,720,0.14263266036398436
AMS,2024-01-15 08:00:00,SETUP1,725,0.11055386350531557
AMS,2024-01-15 08:00:00,SETUP1,730,0.07975482417595402
AMS,2024-01-15 08:00:00,SETUP1,735,0.05150686286353015
AMS,2024-01-15 08:00:00,SETUP1,740,0.03958916543573952
AMS,2024-01-15 08:00:00,SETUP1,745,0.025691020603576607
AMS,2024-01-15 08:00:00,SETUP1,750,0.015254744188288125
AMS,2024-01-15 08:00:00,SETUP1,755,0.010477504211382962
AMS,2024-01-15 08:00:00,SETUP1,760,0.00785036560466169
AMS,2024-01-15 08:00:00,SETUP1,765,0.005284642710880077
AMS,2024-01-15 08:00:00,SETUP1,770,0.0030461100146341193
AMS,2024-01-15 08:00:00,SETUP1,775,0.0021233740911030135
AMS,2024-01-15 08:00:00,SETUP1,780,0.001351938510568527
AMS,2024-01-15 08:30:00,SETUP1,380,0.16545185325783135
AMS,2024-01-15 08:30:00,SETUP1,385,0.2226625939122433
AMS,2024-01-15 08:30:00,SETUP1,390,0.32025404925921963
AMS,2024-01-15 08:30:00,SETUP1,395,0.4329297429123199
AMS,2024-01-15 08:30:00,SETUP1,400,0.5131987936397385
AMS,2024-01-15 08:30:00,SETUP1,405,0.7692420577004202
AMS,2024-01-15 08:30:00,SETUP1,410,0.9790956856282237
AMS,2024-01-15 08:30:00,SETUP1,415,1.4071375816704401
AMS,2024-01-15 08:30:00,SETUP1,420,1.5851350929936896
AMS,2024-01-15 08:30:00,SETUP1,425,2.229931679203428
AMS,2024-01-15 08:30:00,SETUP1,430,2.737339356514693
AMS,2024-01-15 08:30:00,SETUP1,435,3.3247340776402132
AMS,2024-01-15 08:30:00,SETUP1,440,4.637019664492711
AMS,2024-01-15 08:30:00,SETUP1,445,5.481640669380026
AMS,2024-01-15 08:30:00,SETUP1,450,7.318339010771069
AMS,2024-01-15 08:30:00,SETUP1,455,8.089622798269248
AMS,2024-01-15 08:30:00,SETUP1,460,10.332746613978847
AMS,2024-01-15 08:30:00,SETUP1,465,12.65060993844933
AMS,2024-01-15 08:30:00,SETUP1,470,14.009387934586396
AMS,2024-01-15 08:30:00,SETUP1,475,14.629517424520934
AMS,2024-01-15 08:30:00,SETUP1,480,16.96561379275555
AMS,2024-01-15 08:30:00,SETUP1,485,20.60197736530831
AMS,2024-01-15 08:30:00,SETUP1,490,25.41502543042363
AMS,2024-01-15 08:30:00,SETUP1,495,25.91462628850371
AMS,2024-01-15 08:30:00,SETUP1,500,33.2167307608682
AMS,2024-01-15 08:30:00,SETUP1,505,36.51087823026068
AMS,2024-01-15 08:30:00,SETUP1,510,38.99817125835686
AMS,2024-01-15 08:30:00,SETUP1,515,38.526351561276726
AMS,2024-01-15 08:30:00,SETUP1,520,40.124163941498395
AMS,2024-01-15 08:30:00,SETUP1,525,40.03100352804344
AMS,2024-01-15 08:30:00,SETUP1,530,46.668118136904425
AMS,2024-01-15 08:30:00,SETUP1,535,51.93525059415332
AMS,2024-01-15 08:30:00,SETUP1,540,48.61040733111186
AMS,2024-01-15 08:30:00,SETUP1,545,52.83089299480215
AMS,2024-01-15 08:30:00,SETUP1,550,53.942364712810715
AMS,2024-01-15 08:30:00,SETUP1,555,50.18299238555379
AMS,2024-01-15 08:30:00,SETUP1,560,44.66410743183419
AMS,2024-01-15 08:30:00,SETUP1,565,46.45370558619253
AMS,2024-01-15 08:30:00,SETUP1,570,45.614700654941046
AMS,2024-01-15 08:30:00,SETUP1,575,48.0085312340722
AMS,2024-01-15 08:30:00,SETUP1,580,43.26601311762566
AMS,2024-01-15 08:30:00,SETUP1,585,36.67998600780109
AMS,2024-01-15 08:30:00,SETUP1,590,36.08345601139961
AMS,2024-01-15 08:30:00,SETUP1,595,33.84416394392277
AMS,2024-01-15 08:30:00,SETUP1,600,32.86401198660877
AMS,2024-01-15 08:30:00,SETUP1,605,28.703597216361043
AMS,2024-01-15 08:30:00,SETUP1,610,22.45747404295986
AMS,2024-01-15 08:30:00,SETUP1,615,20.2854111557046
AMS,2024-01-15 08:30:00,SETUP1,620,19.959346998070664
AMS,2024-01-15 08:30:00,SETUP1,625,15.304176132908525
AMS,2024-01-15 08:30:00,SETUP1,630,15.155297586243844
AMS,2024-01-15 08:30:00,SETUP1,635,12.199920390007078
AMS,2024-01-15 08:30:00,SETUP1,640,8.982766748102616
AMS,2024-01-15 08:30:00,SETUP1,645,8.259622157480678
AMS,2024-01-15 08:30:00,SETUP1,650,6.590917517666397
AMS,2024-01-15 08:30:00,SETUP1,655,5.2796049547976756
AMS,2024-01-15 08:30:00,SETUP1,660,4.707006057211756
AMS,2024-01-15 08:30:00,SETUP1,665,3.5329729580695104
AMS,2024-01-15 08:30:00,SETUP1,670,2.5828418097200934
AMS,2024-01-15 08:30:00,SETUP1,675,2.112281791046308
AMS,2024-01-15 08:30:00,SETUP1,680,1.8229165380247723
AMS,2024-01-15 08:30:00,SETUP1,685,1.3489460011780112
AMS,2024-01-15 08:30:00,SETUP1,690,0.9547005416989192
AMS,2024-01-15 08:30:00,SETUP1,695,0.7602092076711139
AMS,2024-01-15 08:30:00,SETUP1,700,0.5185570894286555
AMS,2024-01-15 08:30:00,SETUP1,705,0.4427810952837252
AMS,2024-01-15 08:30:00,SETUP1,710,0.30042098655773886
AMS,2024-01-15 08:30:00,SETUP1,715,0.23107310132742742
AMS,2024-01-15 08:30:00,SETUP1,720,0.1670133689681054
AMS,2024-01-15 08:30:00,SETUP1,725,0.10004044507894226
AMS,2024-01-15 08:30:00,SETUP1,730,0.07361761947712596
AMS,2024-01-15 08:30:00,SETUP1,735,0.05283309452662827
AMS,2024-01-15 08:30:00,SETUP1,740,0.037461936932136244
AMS,2024-01-15 08:30:00,SETUP1,745,0.02495420119057736
AMS,2024-01-15 08:30:00,SETUP1,750,0.01799770139387119
AMS,2024-01-15 08:30:00,SETUP1,755,0.010938841371104176
AMS,2024-01-15 08:30:00,SETUP1,760,0.008075194794692653
AMS,2024-01-15 08:30:00,SETUP1,765,0.004708150109721864
AMS,2024-01-15 08:30:00,SETUP1,770,0.003029968142958973
AMS,2024-01-15 08:30:00,SETUP1,775,0.002196353073953105
AMS,2024-01-15 08:30:00,SETUP1,780,0.0011883873714767254
AMS,2024-01-15 09:00:00,SETUP1,380,0.21814046966909503
AMS,2024-01-15 09:00:00,SETUP1,385,0.33506357922883256
AMS,2024-01-15 09:00:00,SETUP1,390,0.3971303905862135
AMS,2024-01-15 09:00:00,SETUP1,395,0.6047097098872172
AMS,2024-01-15 09:00:00,SETUP1,400,0.8189211554285617
AMS,2024-01-15 09:00:00,SETUP1,405,1.1466090653595797
AMS,2024-01-15 09:00:00,SETUP1,410,1.406154223610066
AMS,2024-01-15 09:00:00,SETUP1,415,1.8522014846570911
AMS,2024-01-15 09:00:00,SETUP1,420,2.630981466971449
AMS,2024-01-15 09:00:00,SETUP1,425,3.2813893487399057
AMS,2024-01-15 09:00:00,SETUP1,430,4.1730097953627485
AMS,2024-01-15 09:00:00,SETUP1,435,4.614757424411144
AMS,2024-01-15 09:00:00,SETUP1,440,6.752569759093993
AMS,2024-01-15 09:00:00,SETUP1,445,7.565030865871046
AMS,2024-01-15 09:00:00,SETUP1,450,9.92675525343261
AMS,2024-01-15 09:00:00,SETUP1,455,12.157347443600717
AMS,2024-01-15 09:00:00,SETUP1,460,14.553204453362339
AMS,2024-01-15 09:00:00,SETUP1,465,18.122712786302106
AMS,2024-01-15 09:00:00,SETUP1,470,21.395222608921326
AMS,2024-01-15 09:00:00,SETUP1,475,24.525729647319725
AMS,2024-01-15 09:00:00,SETUP1,480,27.884962152531642
AMS,2024-01-15 09:00:00,SETUP1,485,27.63326910445176
AMS,2024-01-15 09:00:00,SETUP1,490,35.866683772244215
AMS,2024-01-15 09:00:00,SETUP1,495,37.81723183502392
AMS,2024-01-15 09:00:00,SETUP1,500,43.23258523096705
AMS,2024-01-15 09:00:00,SETUP1,505,42.62984928871421
AMS,2024-01-15 09:00:00,SETUP1,510,55.61922205267468
AMS,2024-01-15 09:00:00,SETUP1,515,59.47364079472613
AMS,2024-01-15 09:00:00,SETUP1,520,62.03357119990974
AMS,2024-01-15 09:00:00,SETUP1,525,59.928610737329294
AMS,2024-01-15 09:00:00,SETUP1,530,60.762022280814506
AMS,2024-01-15 09:00:00,SETUP1,535,68.36584447499371
AMS,2024-01-15 09:00:00,SETUP1,540,63.50029000021057
AMS,2024-01-15 09:00:00,SETUP1,545,73.8232969287183
AMS,2024-01-15 09:00:00,SETUP1,550,68.96562301994219
AMS,2024-01-15 09:00:00,SETUP1,555,68.43703438694908
AMS,2024-01-15 09:00:00,SETUP1,560,67.58677900894463
AMS,2024-01-15 09:00:00,SETUP1,565,71.41429155580755
AMS,2024-01-15 09:00:00,SETUP1,570,70.37347562669238
AMS,2024-01-15 09:00:00,SETUP1,575,66.05693877664136
AMS,2024-01-15 09:00:00,SETUP1,580,54.18544542335288
AMS,2024-01-15 09:00:00,SETUP1,585,58.329200727913
AMS,2024-01-15 09:00:00,SETUP1,590,49.03340475576304
AMS,2024-01-15 09:00:00,SETUP1,595,51.59803696556109
AMS,2024-01-15 09:00:00,SETUP1,600,42.601852985000725
AMS,2024-01-15 09:00:00,SETUP1,605,41.97400191365496
AMS,2024-01-15 09:00:00,SETUP1,610,32.65645774862224
AMS,2024-01-15 09:00:00,SETUP1,615,29.388676853325332
AMS,2024-01-15 09:00:00,SETUP1,620,26.439676815306647
AMS,2024-01-15 09:00:00,SETUP1,625,21.449875012873303
AMS,2024-01-15 09:00:00,SETUP1,630,19.726155759232817
AMS,2024-01-15 09:00:00,SETUP1,635,15.834160725992666
AMS,2024-01-15 09:00:00,SETUP1,640,12.95490911319312
AMS,2024-01-15 09:00:00,SETUP1,645,12.73716142394486
AMS,2024-01-15 09:00:00,SETUP1,650,10.14749754397111
AMS,2024-01-15 09:00:00,SETUP1,655,7.042150456791381
AMS,2024-01-15 09:00:00,SETUP1,660,6.150565747070536
AMS,2024-01-15 09:00:00,SETUP1,665,4.702693161922564
AMS,2024-01-15 09:00:00,SETUP1,670,3.910783315296447
AMS,2024-01-15 09:00:00,SETUP1,675,3.210242353781979
AMS,2024-01-15 09:00:00,SETUP1,680,2.2447187508287922
AMS,2024-01-15 09:00:00,SETUP1,685,1.8306918778080914
AMS,2024-01-15 09:00:00,SETUP1,690,1.2929248132242914
AMS,2024-01-15 09:00:00,SETUP1,695,1.030247630744218
AMS,2024-01-15 09:00:00,SETUP1,700,0.7464253137497957
AMS,2024-01-15 09:00:00,SETUP1,705,0.6350506957551838
AMS,2024-01-15 09:00:00,SETUP1,710,0.4363814040272816
AMS,2024-01-15 09:00:00,SETUP1,715,0.3126858313505866
AMS,2024-01-15 09:00:00,SETUP1,720,0.23847313230534362
AMS,2024-01-15 09:00:00,SETUP1,725,0.16970309863464847
AMS,2024-01-15 09:00:00,SETUP1,730,0.11916834521513624
AMS,2024-01-15 09:00:00,SETUP1,735,0.08136570601531336
AMS,2024-01-15 09:00:00,SETUP1,740,0.05257766692599351
AMS,2024-01-15 09:00:00,SETUP1,745,0.033404653794103685
AMS,2024-01-15 09:00:00,SETUP1,750,0.02220835799736239
AMS,2024-01-15 09:00:00,SETUP1,755,0.015635967861294394
AMS,2024-01-15 09:00:00,SETUP1,760,0.009453946057318807
AMS,2024-01-15 09:00:00,SETUP1,765,0.007114152637531504
AMS,2024-01-15 09:00:00,SETUP1,770,0.00473416828482578
AMS,2024-01-15 09:00:00,SETUP1,775,0.0028766084925306106
AMS,2024-01-15 09:00:00,SETUP1,780,0.0017195360184868271
AMS,2024-01-15 09:30:00,SETUP1,380,0.2006969887453433
AMS,2024-01-15 09:30:00,SETUP1,385,0.296487850795933
AMS,2024-01-15 09:30:00,SETUP1,390,0.40615795088719375
AMS,2024-01-15 09:30:00,SETUP1,395,0.5534738707191023
AMS,2024-01-15 09:30:00,SETUP1,400,0.7377280397803749
AMS,2024-01-15 09:30:00,SETUP1,405,1.0228902582277304
AMS,2024-01-15 09:30:00,SETUP1,410,1.3650996402986038
AMS,2024-01-15 09:30:00,SETUP1,415,1.9806540151573024
AMS,2024-01-15 09:30:00,SETUP1,420,2.493801158906624
AMS,2024-01-15 09:30:00,SETUP1,425,3.380567262169927
AMS,2024-01-15 09:30:00,SETUP1,430,4.365268744365118
AMS,2024-01-15 09:30:00,SETUP1,435,5.383044221180903
AMS,2024-01-15 09:30:00,SETUP1,440,5.7174800755934445
AMS,2024-01-15 09:30:00,SETUP1,445,7.053622773769989
AMS,2024-01-15 09:30:00,SETUP1,450,9.704227865329422
AMS,2024-01-15 09:30:00,SETUP1,455,11.698465098026395
AMS,2024-01-15 09:30:00,SETUP1,460,15.130392362357012
AMS,2024-01-15 09:30:00,SETUP1,465,15.942278081441899
AMS,2024-01-15 09:30:00,SETUP1,470,19.80976365279155
AMS,2024-01-15 09:30:00,SETUP1,475,24.410917139555462
AMS,2024-01-15 09:30:00,SETUP1,480,24.41624176373265
AMS,2024-01-15 09:30:00,SETUP1,485,28.449707511150127
AMS,2024-01-15 09:30:00,SETUP1,490,34.032223191589175
AMS,2024-01-15 09:30:00,SETUP1,495,37.65790201241373
AMS,2024-01-15 09:30:00,SETUP1,500,41.80045342947724
AMS,2024-01-15 09:30:00,SETUP1,505,51.09052799209477
AMS,2024-01-15 09:30:00,SETUP1,510,52.671974546519685
AMS,2024-01-15 09:30:00,SETUP1,515,55.2281335829632
AMS,2024-01-15 09:30:00,SETUP1,520,64.31335674543541
AMS,2024-01-15 09:30:00,SETUP1,525,66.71699573506223
AMS,2024-01-15 09:30:00,SETUP1,530,70.64585144792954
AMS,2024-01-15 09:30:00,SETUP1,535,64.44845043547132
AMS,2024-01-15 09:30:00,SETUP1,540,68.24564240464723
AMS,2024-01-15 09:30:00,SETUP1,545,76.82492433580411
AMS,2024-01-15 09:30:00,SETUP1,550,65.24980605337133
AMS,2024-01-15 09:30:00,SETUP1,555,64.75049343959064
AMS,2024-01-15 09:30:00,SETUP1,560,65.65457613195882
AMS,2024-01-15 09:30:00,SETUP1,565,71.8450651050591
AMS,2024-01-15 09:30:00,SETUP1,570,68.94180040361145
AMS,2024-01-15 09:30:00,SETUP1,575,67.41180304436718
AMS,2024-01-15 09:30:00,SETUP1,580,57.849340886376844
AMS,2024-01-15 09:30:00,SETUP1,585,53.37415914322272
AMS,2024-01-15 09:30:00,SETUP1,590,51.301392163456065
AMS,2024-01-15 09:30:00,SETUP1,595,44.97121238187249
AMS,2024-01-15 09:30:00,SETUP1,600,41.030800098392206
AMS,2024-01-15 09:30:00,SETUP1,605,41.560417176466885
AMS,2024-01-15 09:30:00,SETUP1,610,35.38850407045967
AMS,2024-01-15 09:30:00,SETUP1,615,31.159808617120323
AMS,2024-01-15 09:30:00,SETUP1,620,28.677134002996656
AMS,2024-01-15 09:30:00,SETUP1,625,24.957247806252578
AMS,2024-01-15 09:30:00,SETUP1,630,18.202158900752394
AMS,2024-01-15 09:30:00,SETUP1,635,17.00828673416981
AMS,2024-01-15 09:30:00,SETUP1,640,14.381750704864828
AMS,2024-01-15 09:30:00,SETUP1,645,11.158996059108608
AMS,2024-01-15 09:30:00,SETUP1,650,9.203122588875733
AMS,2024-01-15 09:30:00,SETUP1,655,8.236291176191669
AMS,2024-01-15 09:30:00,SETUP1,660,5.71615860865323
AMS,2024-01-15 09:30:00,SETUP1,665,5.0221119267075265
AMS,2024-01-15 09:30:00,SETUP1,670,3.829854210442036
AMS,2024-01-15 09:30:00,SETUP1,675,3.4010808185008607
AMS,2024-01-15 09:30:00,SETUP1,680,2.414348601469906
AMS,2024-01-15 09:30:00,SETUP1,685,1.8650287983150136
AMS,2024-01-15 09:30:00,SETUP1,690,1.3857956621830685
AMS,2024-01-15 09:30:00,SETUP1,695,1.153746701377969
AMS,2024-01-15 09:30:00,SETUP1,700,0.7923123137036014
AMS,2024-01-15 09:30:00,SETUP1,705,0.5692362581231305
AMS,2024-01-15 09:30:00,SETUP1,710,0.4326649897905967
AMS,2024-01-15 09:30:00,SETUP1,715,0.31315329780265594
AMS,2024-01-15 09:30:00,SETUP1,720,0.23250043291166797
AMS,2024-01-15 09:30:00,SETUP1,725,0.1595455742448178
AMS,2024-01-15 09:30:00,SETUP1,730,0.10010819465824544
AMS,2024-01-15 09:30:00,SETUP1,735,0.07542089768018204
AMS,2024-01-15 09:30:00,SETUP1,740,0.056138737745705734
AMS,2024-01-15 09:30:00,SETUP1,745,0.03449656837855907
AMS,2024-01-15 09:30:00,SETUP1,750,0.02384775540883105
AMS,2024-01-15 09:30:00,SETUP1,755,0.015462587995137491
AMS,2024-01-15 09:30:00,SETUP1,760,0.010114217417206084
AMS,2024-01-15 09:30:00,SETUP1,765,0.007096225756790728
AMS,2024-01-15 09:30:00,SETUP1,770,0.003995455344074372
AMS,2024-01-15 09:30:00,SETUP1,775,0.0026591499794714783
AMS,2024-01-15 09:30:00,SETUP1,780,0.0017597642426504822
AMS,2024-01-15 10:00:00,SETUP1,380,0.26273218176403557
AMS,2024-01-15 10:00:00,SETUP1,385,0.39624031110647406
AMS,2024-01-15 10:00:00,SETUP1,390,0.5216807273478263
AMS,2024-01-15 10:00:00,SETUP1,395,0.7456697050793734
AMS,2024-01-15 10:00:00,SETUP1,400,1.0225308256416425
AMS,2024-01-15 10:00:00,SETUP1,405,1.2512255939619767
AMS,2024-01-15 10:00:00,SETUP1,410,1.645536074225441
AMS,2024-01-15 10:00:00,SETUP1,415,2.23273032891074
AMS,2024-01-15 10:00:00,SETUP1,420,2.67396539938938
AMS,2024-01-15 10:00:00,SETUP1,425,4.097920238200043
AMS,2024-01-15 10:00:00,SETUP1,430,4.465817842376619
AMS,2024-01-15 10:00:00,SETUP1,435,5.6371208384043685
AMS,2024-01-15 10:00:00,SETUP1,440,7.079693191250123
AMS,2024-01-15 10:00:00,SETUP1,445,9.921792814052637
AMS,2024-01-15 10:00:00,SETUP1,450,12.081458510698257
AMS,2024-01-15 10:00:00,SETUP1,455,14.459741756939387
AMS,2024-01-15 10:00:00,SETUP1,460,18.681402389972618
AMS,2024-01-15 10:00:00,SETUP1,465,19.749134521854508
AMS,2024-01-15 10:00:00,SETUP1,470,24.83345851719598
AMS,2024-01-15 10:00:00,SETUP1,475,30.17418302441638
AMS,2024-01-15 10:00:00,SETUP1,480,30.531524703069685
AMS,2024-01-15 10:00:00,SETUP1,485,35.90657129162799
AMS,2024-01-15 10:00:00,SETUP1,490,41.29615515727579
AMS,2024-01-15 10:00:00,SETUP1,495,49.84313832096254
AMS,2024-01-15 10:00:00,SETUP1,500,57.09272120762803
AMS,2024-01-15 10:00:00,SETUP1,505,54.51217961217289
AMS,2024-01-15 10:00:00,SETUP1,510,60.92301659135587
AMS,2024-01-15 10:00:00,SETUP1,515,62.141570612762784
AMS,2024-01-15 10:00:00,SETUP1,520,67.68889434059102
AMS,2024-01-15 10:00:00,SETUP1,525,80.69474735719395
AMS,2024-01-15 10:00:00,SETUP1,530,82.1674540250481
AMS,2024-01-15 10:00:00,SETUP1,535,82.13065050954565
AMS,2024-01-15 10:00:00,SETUP1,540,86.15545939100551
AMS,2024-01-15 10:00:00,SETUP1,545,83.62007547861467
AMS,2024-01-15 10:00:00,SETUP1,550,78.52715674931508
AMS,2024-01-15 10:00:00,SETUP1,555,84.95566540600606
AMS,2024-01-15 10:00:00,SETUP1,560,88.46874210368165
AMS,2024-01-15 10:00:00,SETUP1,565,86.71188941260462
AMS,2024-01-15 10:00:00,SETUP1,570,83.55319921306787
AMS,2024-01-15 10:00:00,SETUP1,575,80.44273453925432
AMS,2024-01-15 10:00:00,SETUP1,580,77.11510242878873
AMS,2024-01-15 10:00:00,SETUP1,585,61.22323176175431
AMS,2024-01-15 10:00:00,SETUP1,590,65.99168157704189
AMS,2024-01-15 10:00:00,SETUP1,595,63.018273507477815
AMS,2024-01-15 10:00:00,SETUP1,600,47.95561127455831
AMS,2024-01-15 10:00:00,SETUP1,605,47.85426257538456
AMS,2024-01-15 10:00:00,SETUP1,610,40.74665252555794
AMS,2024-01-15 10:00:00,SETUP1,615,37.471277167905356
AMS,2024-01-15 10:00:00,SETUP1,620,35.255700374101956
AMS,2024-01-15 10:00:00,SETUP1,625,26.727473016795013
AMS,2024-01-15 10:00:00,SETUP1,630,24.814691642492125
AMS,2024-01-15 10:00:00,SETUP1,635,20.1525980094542
AMS,2024-01-15 10:00:00,SETUP1,640,17.632623633358005
AMS,2024-01-15 10:00:00,SETUP1,645,13.005908270972643
AMS,2024-01-15 10:00:00,SETUP1,650,10.732463548107724
AMS,2024-01-15 10:00:00,SETUP1,655,10.494389690992474
AMS,2024-01-15 10:00:00,SETUP1,660,7.926189816322223
AMS,2024-01-15 10:00:00,SETUP1,665,5.622746869421206
AMS,2024-01-15 10:00:00,SETUP1,670,5.271726295885026
AMS,2024-01-15 10:00:00,SETUP1,675,4.088291926924133
AMS,2024-01-15 10:00:00,SETUP1,680,2.805087016313482
AMS,2024-01-15 10:00:00,SETUP1,685,2.4235419703212506
AMS,2024-01-15 10:00:00,SETUP1,690,1.8711797727723727
AMS,2024-01-15 10:00:00,SETUP1,695,1.1773813954984493
AMS,2024-01-15 10:00:00,SETUP1,700,1.0058281614463807
AMS,2024-01-15 10:00:00,SETUP1,705,0.65250594652039
AMS,2024-01-15 10:00:00,SETUP1,710,0.5049610815276673
AMS,2024-01-15 10:00:00,SETUP1,715,0.40503708338891614
AMS,2024-01-15 10:00:00,SETUP1,720,0.24627343040650274
AMS,2024-01-15 10:00:00,SETUP1,725,0.19256433417467217
AMS,2024-01-15 10:00:00,SETUP1,730,0.12738154824568435
AMS,2024-01-15 10:00:00,SETUP1,735,0.09989887105173594
AMS,2024-01-15 10:00:00,SETUP1,740,0.05725315328861948
AMS,2024-01-15 10:00:00,SETUP1,745,0.04019052507586548
AMS,2024-01-15 10:00:00,SETUP1,750,0.028882597974196025
AMS,2024-01-15 10:00:00,SETUP1,755,0.018862254372886328
AMS,2024-01-15 10:00:00,SETUP1,760,0.013475283171645614
AMS,2024-01-15 10:00:00,SETUP1,765,0.00778125666634751
AMS,2024-01-15 10:00:00,SETUP1,770,0.004999289792725494
AMS,2024-01-15 10:00:00,SETUP1,775,0.0031549794735097297
AMS,2024-01-15 10:00:00,SETUP1,780,0.0021725098944287585
AMS,2024-01-15 10:30:00,SETUP1,380,0.2916984721205512
AMS,2024-01-15 10:30:00,SETUP1,385,0.38877251197482937
AMS,2024-01-15 10:30:00,SETUP1,390,0.5444770036610355
AMS,2024-01-15 10:30:00,SETUP1,395,0.6517028511156651
AMS,2024-01-15 10:30:00,SETUP1,400,1.0454750724602988
AMS,2024-01-15 10:30:00,SETUP1,405,1.2862134883446044
AMS,2024-01-15 10:30:00,SETUP1,410,1.6194020097824857
AMS,2024-01-15 10:30:00,SETUP1,415,2.1061191143111992
AMS,2024-01-15 10:30:00,SETUP1,420,3.0694120773850484
AMS,2024-01-15 10:30:00,SETUP1,425,4.1668375915820155
AMS,2024-01-15 10:30:00,SETUP1,430,4.85663920076867
AMS,2024-01-15 10:30:00,SETUP1,435,5.87835760686539
AMS,2024-01-15 10:30:00,SETUP1,440,8.075807766993089
AMS,2024-01-15 10:30:00,SETUP1,445,10.194923559521557
AMS,2024-01-15 10:30:00,SETUP1,450,11.515052024708632
AMS,2024-01-15 10:30:00,SETUP1,455,15.331200361915261
AMS,2024-01-15 10:30:00,SETUP1,460,16.952077348283844
AMS,2024-01-15 10:30:00,SETUP1,465,20.635232512116854
AMS,2024-01-15 10:30:00,SETUP1,470,23.58782048090647
AMS,2024-01-15 10:30:00,SETUP1,475,27.76173428568498
AMS,2024-01-15 10:30:00,SETUP1,480,29.974479383271813
AMS,2024-01-15 10:30:00,SETUP1,485,37.410574278796425
AMS,2024-01-15 10:30:00,SETUP1,490,43.83924135601584
AMS,2024-01-15 10:30:00,SETUP1,495,46.18522861969959
AMS,2024-01-15 10:30:00,SETUP1,500,56.72395232225848
AMS,2024-01-15 10:30:00,SETUP1,505,54.13291400772742
AMS,2024-01-15 10:30:00,SETUP1,510,60.42797550939182
AMS,2024-01-15 10:30:00,SETUP1,515,61.94792322682491
AMS,2024-01-15 10:30:00,SETUP1,520,68.94132099444352
AMS,2024-01-15 10:30:00,SETUP1,525,82.44487123315317
AMS,2024-01-15 10:30:00,SETUP1,530,83.7642536002551
AMS,2024-01-15 10:30:00,SETUP1,535,75.49711731974983
AMS,2024-01-15 10:30:00,SETUP1,540,82.81541434427055
AMS,2024-01-15 10:30:00,SETUP1,545,85.30372611723047
AMS,2024-01-15 10:30:00,SETUP1,550,80.2119495620669
AMS,2024-01-15 10:30:00,SETUP1,555,92.36191725005902
AMS,2024-01-15 10:30:00,SETUP1,560,80.99236528253653
AMS,2024-01-15 10:30:00,SETUP1,565,81.42985789380211
AMS,2024-01-15 10:30:00,SETUP1,570,81.65264556899855
AMS,2024-01-15 10:30:00,SETUP1,575,76.4075490480191
AMS,2024-01-15 10:30:00,SETUP1,580,69.73909942021987
AMS,2024-01-15 10:30:00,SETUP1,585,61.824384452917386
AMS,2024-01-15 10:30:00,SETUP1,590,68.47771980115932
AMS,2024-01-15 10:30:00,SETUP1,595,62.95619976530092
AMS,2024-01-15 10:30:00,SETUP1,600,49.1385668947696
AMS,2024-01-15 10:30:00,SETUP1,605,49.571491628432526
AMS,2024-01-15 10:30:00,SETUP1,610,44.220904795152926
AMS,2024-01-15 10:30:00,SETUP1,615,36.463853659830114
AMS,2024-01-15 10:30:00,SETUP1,620,29.29744472056771
AMS,2024-01-15 10:30:00,SETUP1,625,26.751881544809223
AMS,2024-01-15 10:30:00,SETUP1,630,24.01831690539913
AMS,2024-01-15 10:30:00,SETUP1,635,18.918232937137425
AMS,2024-01-15 10:30:00,SETUP1,640,17.396900782997175
AMS,2024-01-15 10:30:00,SETUP1,645,13.688604357872773
AMS,2024-01-15 10:30:00,SETUP1,650,11.755202667963848
AMS,2024-01-15 10:30:00,SETUP1,655,9.67151201016174
AMS,2024-01-15 10:30:00,SETUP1,660,7.087240134153243
AMS,2024-01-15 10:30:00,SETUP1,665,6.132577128564618
AMS,2024-01-15 10:30:00,SETUP1,670,4.557322344866662
AMS,2024-01-15 10:30:00,SETUP1,675,3.822403148266034
AMS,2024-01-15 10:30:00,SETUP1,680,2.778652827723678
AMS,2024-01-15 10:30:00,SETUP1,685,2.373200949419713
AMS,2024-01-15 10:30:00,SETUP1,690,1.859626470200162
AMS,2024-01-15 10:30:00,SETUP1,695,1.267980865790512
AMS,2024-01-15 10:30:00,SETUP1,700,1.0125269488341875
AMS,2024-01-15 10:30:00,SETUP1,705,0.7021307277498886
AMS,2024-01-15 10:30:00,SETUP1,710,0.5378395999890617
AMS,2024-01-15 10:30:00,SETUP1,715,0.3597063098874506
AMS,2024-01-15 10:30:00,SETUP1,720,0.24898509999443377
AMS,2024-01-15 10:30:00,SETUP1,725,0.17631165381134595
AMS,2024-01-15 10:30:00,SETUP1,730,0.12819266876597088
AMS,2024-01-15 10:30:00,SETUP1,735,0.08871009976537057
AMS,2024-01-15 10:30:00,SETUP1,740,0.0620138445284812
AMS,2024-01-15 10:30:00,SETUP1,745,0.04317505266925749
AMS,2024-01-15 10:30:00,SETUP1,750,0.026225436909760824
AMS,2024-01-15 10:30:00,SETUP1,755,0.02002264704209074
AMS,2024-01-15 10:30:00,SETUP1,760,0.01406461855348193
AMS,2024-01-15 10:30:00,SETUP1,765,0.008994524531321995
AMS,2024-01-15 10:30:00,SETUP1,770,0.00503170198140777
AMS,2024-01-15 10:30:00,SETUP1,775,0.0032680607304649955
AMS,2024-01-15 10:30:00,SETUP1,780,0.0024173974023054953
AMS,2024-01-15 11:00:00,SETUP1,380,0.29848750846548855
AMS,2024-01-15 11:00:00,SETUP1,385,0.4451570347089219
AMS,2024-01-15 11:00:00,SETUP1,390,0.5514182936399225
AMS,2024-01-15 11:00:00,SETUP1,395,0.857423542079821
AMS,2024-01-15 11:00:00,SETUP1,400,1.1350684219002023
AMS,2024-01-15 11:00:00,SETUP1,405,1.4008834408345912
AMS,2024-01-15 11:00:00,SETUP1,410,2.0892948245103273
AMS,2024-01-15 11:00:00,SETUP1,415,2.641599854805397
AMS,2024-01-15 11:00:00,SETUP1,420,3.3666373987159615
AMS,2024-01-15 11:00:00,SETUP1,425,3.8251248942144214
AMS,2024-01-15 11:00:00,SETUP1,430,5.686662947916469
AMS,2024-01-15 11:00:00,SETUP1,435,7.3538006375044125
AMS,2024-01-15 11:00:00,SETUP1,440,9.430335500212964
AMS,2024-01-15 11:00:00,SETUP1,445,10.69706258764014
AMS,2024-01-15 11:00:00,SETUP1,450,13.05391174968439
AMS,2024-01-15 11:00:00,SETUP1,455,17.44490429976656
AMS,2024-01-15 11:00:00,SETUP1,460,19.840090941620172
AMS,2024-01-15 11:00:00,SETUP1,465,24.09869001282664
AMS,2024-01-15 11:00:00,SETUP1,470,28.352879933589996
AMS,2024-01-15 11:00:00,SETUP1,475,29.50610369537653
AMS,2024-01-15 11:00:00,SETUP1,480,38.34468673279115
AMS,2024-01-15 11:00:00,SETUP1,485,41.7084804799599
AMS,2024-01-15 11:00:00,SETUP1,490,49.76870192667088
AMS,2024-01-15 11:00:00,SETUP1,495,53.14176829907017
AMS,2024-01-15 11:00:00,SETUP1,500,59.002514258100646
AMS,2024-01-15 11:00:00,SETUP1,505,67.69082825648053
AMS,2024-01-15 11:00:00,SETUP1,510,68.28699929170469
AMS,2024-01-15 11:00:00,SETUP1,515,70.82036828549295
AMS,2024-01-15 11:00:00,SETUP1,520,87.15627361796287
AMS,2024-01-15 11:00:00,SETUP1,525,84.36244263871146
AMS,2024-01-15 11:00:00,SETUP1,530,86.59785148390645
AMS,2024-01-15 11:00:00,SETUP1,535,91.40889096892364
AMS,2024-01-15 11:00:00,SETUP1,540,101.2152716321504
AMS,2024-01-15 11:00:00,SETUP1,545,94.4424932443663
AMS,2024-01-15 11:00:00,SETUP1,550,99.92696496157559
AMS,2024-01-15 11:00:00,SETUP1,555,102.35439633618296
AMS,2024-01-15 11:00:00,SETUP1,560,90.82491846132864
AMS,2024-01-15 11:00:00,SETUP1,565,96.96796780015168
AMS,2024-01-15 11:00:00,SETUP1,570,97.05651774121344
AMS,2024-01-15 11:00:00,SETUP1,575,78.61170214566206
AMS,2024-01-15 11:00:00,SETUP1,580,79.23885631536481
AMS,2024-01-15 11:00:00,SETUP1,585,69.87708645784973
AMS,2024-01-15 11:00:00,SETUP1,590,64.72909539343938
AMS,2024-01-15 11:00:00,SETUP1,595,65.39524139260587
AMS,2024-01-15 11:00:00,SETUP1,600,58.81096957191002
AMS,2024-01-15 11:00:00,SETUP1,605,48.53655431830028
AMS,2024-01-15 11:00:00,SETUP1,610,46.85269655641
AMS,2024-01-15 11:00:00,SETUP1,615,38.377412382461365
AMS,2024-01-15 11:00:00,SETUP1,620,34.080521490970206
AMS,2024-01-15 11:00:00,SETUP1,625,34.176513732777515
AMS,2024-01-15 11:00:00,SETUP1,630,26.897784596572887
AMS,2024-01-15 11:00:00,SETUP1,635,21.141774064022187
AMS,2024-01-15 11:00:00,SETUP1,640,17.996373278044462
AMS,2024-01-15 11:00:00,SETUP1,645,16.316591958354522
AMS,2024-01-15 11:00:00,SETUP1,650,13.053294988323772
AMS,2024-01-15 11:00:00,SETUP1,655,10.38840440977516
AMS,2024-01-15 11:00:00,SETUP1,660,8.33336120189073
AMS,2024-01-15 11:00:00,SETUP1,665,6.651846668095132
AMS,2024-01-15 11:00:00,SETUP1,670,5.277655265035678
AMS,2024-01-15 11:00:00,SETUP1,675,4.084923235786226
AMS,2024-01-15 11:00:00,SETUP1,680,3.3856984367067002
AMS,2024-01-15 11:00:00,SETUP1,685,2.3249207367549762
AMS,2024-01-15 11:00:00,SETUP1,690,1.748630881444305
AMS,2024-01-15 11:00:00,SETUP1,695,1.5245254072602374
AMS,2024-01-15 11:00:00,SETUP1,700,0.98652595385487
AMS,2024-01-15 11:00:00,SETUP1,705,0.859735316711671
AMS,2024-01-15 11:00:00,SETUP1,710,0.5521435753338048
AMS,2024-01-15 11:00:00,SETUP1,715,0.3877554528784629
AMS,2024-01-15 11:00:00,SETUP1,720,0.2966953279174447
AMS,2024-01-15 11:00:00,SETUP1,725,0.22063526884384824
AMS,2024-01-15 11:00:00,SETUP1,730,0.13704170001410568
AMS,2024-01-15 11:00:00,SETUP1,735,0.10014461513836516
AMS,2024-01-15 11:00:00,SETUP1,740,0.06605474793209104
AMS,2024-01-15 11:00:00,SETUP1,745,0.04586352664921006
AMS,2024-01-15 11:00:00,SETUP1,750,0.03432166551853261
AMS,2024-01-15 11:00:00,SETUP1,755,0.023536885817666598
AMS,2024-01-15 11:00:00,SETUP1,760,0.014429848703628376
AMS,2024-01-15 11:00:00,SETUP1,765,0.008943318893337842
AMS,2024-01-15 11:00:00,SETUP1,770,0.005482670297661431
AMS,2024-01-15 11:00:00,SETUP1,775,0.0035963267555967483
AMS,2024-01-15 11:00:00,SETUP1,780,0.002526014514045914
AMS,2024-01-15 11:30:00,SETUP1,380,0.274261777002077
AMS,2024-01-15 11:30:00,SETUP1,385,0.45164590746900946
AMS,2024-01-15 11:30:00,SETUP1,390,0.5904976755343981
AMS,2024-01-15 11:30:00,SETUP1,395,0.835495812334569
AMS,2024-01-15 11:30:00,SETUP1,400,1.1586047993298372
AMS,2024-01-15 11:30:00,SETUP1,405,1.298887285577816
AMS,2024-01-15 11:30:00,SETUP1,410,1.912628196838219
AMS,2024-01-15 11:30:00,SETUP1,415,2.479989817897036
AMS,2024-01-15 11:30:00,SETUP1,420,3.0209771601023134
AMS,2024-01-15 11:30:00,SETUP1,425,4.605232071686846
AMS,2024-01-15 11:30:00,SETUP1,430,5.636008415606073
AMS,2024-01-15 11:30:00,SETUP1,435,7.284115227520638
AMS,2024-01-15 11:30:00,SETUP1,440,8.731576999630548
AMS,2024-01-15 11:30:00,SETUP1,445,9.669393050728027
AMS,2024-01-15 11:30:00,SETUP1,450,12.367171297582928
AMS,2024-01-15 11:30:00,SETUP1,455,15.002077055280683
AMS,2024-01-15 11:30:00,SETUP1,460,17.967670165757898
AMS,2024-01-15 11:30:00,SETUP1,465,21.00174550037582
AMS,2024-01-15 11:30:00,SETUP1,470,26.490735996956573
AMS,2024-01-15 11:30:00,SETUP1,475,30.765198668668383
AMS,2024-01-15 11:30:00,SETUP1,480,35.24755326672708
AMS,2024-01-15 11:30:00,SETUP1,485,38.66296265772506
AMS,2024-01-15 11:30:00,SETUP1,490,50.97744633936871
AMS,2024-01-15 11:30:00,SETUP1,495,53.646965014605115
AMS,2024-01-15 11:30:00,SETUP1,500,57.70550916455592
AMS,2024-01-15 11:30:00,SETUP1,505,65.19522779774866
AMS,2024-01-15 11:30:00,SETUP1,510,68.76539830178376
AMS,2024-01-15 11:30:00,SETUP1,515,74.34369100224006
AMS,2024-01-15 11:30:00,SETUP1,520,80.9037651368962
AMS,2024-01-15 11:30:00,SETUP1,525,84.53696380494758
AMS,2024-01-15 11:30:00,SETUP1,530,81.05184166478222
AMS,2024-01-15 11:30:00,SETUP1,535,97.52716860278194
AMS,2024-01-15 11:30:00,SETUP1,540,92.51312425123984
AMS,2024-01-15 11:30:00,SETUP1,545,86.57823854761286
AMS,2024-01-15 11:30:00,SETUP1,550,104.17113109549315
AMS,2024-01-15 11:30:00,SETUP1,555,101.2511728778486
AMS,2024-01-15 11:30:00,SETUP1,560,89.42307934543311
AMS,2024-01-15 11:30:00,SETUP1,565,87.99081566002222
AMS,2024-01-15 11:30:00,SETUP1,570,83.14063906240982
AMS,2024-01-15 11:30:00,SETUP1,575,92.1311730381538
AMS,2024-01-15 11:30:00,SETUP1,580,74.92709845944171
AMS,2024-01-15 11:30:00,SETUP1,585,73.81727556853482
AMS,2024-01-15 11:30:00,SETUP1,590,67.81223783196245
AMS,2024-01-15 11:30:00,SETUP1,595,61.66329339904891
AMS,2024-01-15 11:30:00,SETUP1,600,56.39547362830434
AMS,2024-01-15 11:30:00,SETUP1,605,55.81342601913638
AMS,2024-01-15 11:30:00,SETUP1,610,45.51621628090337
AMS,2024-01-15 11:30:00,SETUP1,615,39.265252627753455
AMS,2024-01-15 11:30:00,SETUP1,620,38.61512661619753
AMS,2024-01-15 11:30:00,SETUP1,625,34.31948660906744
AMS,2024-01-15 11:30:00,SETUP1,630,24.258487561954173
AMS,2024-01-15 11:30:00,SETUP1,635,24.650576853661075
AMS,2024-01-15 11:30:00,SETUP1,640,20.897799313636735
AMS,2024-01-15 11:30:00,SETUP1,645,17.03579108633681
AMS,2024-01-15 11:30:00,SETUP1,650,12.343702927394983
AMS,2024-01-15 11:30:00,SETUP1,655,10.534178007954125
AMS,2024-01-15 11:30:00,SETUP1,660,8.97414270007797
AMS,2024-01-15 11:30:00,SETUP1,665,6.954135301586615
AMS,2024-01-15 11:30:00,SETUP1,670,5.432680551766494
AMS,2024-01-15 11:30:00,SETUP1,675,4.1264934107378135
AMS,2024-01-15 11:30:00,SETUP1,680,3.2613405587106303
AMS,2024-01-15 11:30:00,SETUP1,685,2.634631317261632
AMS,2024-01-15 11:30:00,SETUP1,690,1.9787388403054615
AMS,2024-01-15 11:30:00,SETUP1,695,1.48040486731222
AMS,2024-01-15 11:30:00,SETUP1,700,1.1536670698848928
AMS,2024-01-15 11:30:00,SETUP1,705,0.8083585899357468
AMS,2024-01-15 11:30:00,SETUP1,710,0.5491610827885559
AMS,2024-01-15 11:30:00,SETUP1,715,0.42986666382640504
AMS,2024-01-15 11:30:00,SETUP1,720,0.3247667163975787
AMS,2024-01-15 11:30:00,SETUP1,725,0.20142543330921112
AMS,2024-01-15 11:30:00,SETUP1,730,0.13922786504957602
AMS,2024-01-15 11:30:00,SETUP1,735,0.11089218280575482
AMS,2024-01-15 11:30:00,SETUP1,740,0.07276116543532185
AMS,2024-01-15 11:30:00,SETUP1,745,0.04392254526207356
AMS,2024-01-15 11:30:00,SETUP1,750,0.034691266638557025
AMS,2024-01-15 11:30:00,SETUP1,755,0.020372714167781667
AMS,2024-01-15 11:30:00,SETUP1,760,0.015585502667127129
AMS,2024-01-15 11:30:00,SETUP1,765,0.009112369361442019
AMS,2024-01-15 11:30:00,SETUP1,770,0.006103619999376403
AMS,2024-01-15 11:30:00,SETUP1,775,0.004075561334140335
AMS,2024-01-15 11:30:00,SETUP1,780,0.0023950350532788893
AMS,2024-01-15 12:00:00,SETUP1,380,0.32924163451576016
AMS,2024-01-15 12:00:00,SETUP1,385,0.4209785874376325
AMS,2024-01-15 12:00:00,SETUP1,390,0.6280199853518302
AMS,2024-01-15 12:00:00,SETUP1,395,0.7707469497139151
AMS,2024-01-15 12:00:00,SETUP1,400,1.0984909611840619
AMS,2024-01-15 12:00:00,SETUP1,405,1.4428116981889119
AMS,2024-01-15 12:00:00,SETUP1,410,1.9709131770954431
AMS,2024-01-15 12:00:00,SETUP1,415,2.826132377456143
AMS,2024-01-15 12:00:00,SETUP1,420,3.2984504618103796
AMS,2024-01-15 12:00:00,SETUP1,425,4.724987654622821
AMS,2024-01-15 12:00:00,SETUP1,430,5.273411902798672
AMS,2024-01-15 12:00:00,SETUP1,435,6.946370499260013
AMS,2024-01-15 12:00:00,SETUP1,440,9.643269171762876
AMS,2024-01-15 12:00:00,SETUP1,445,11.320462201428054
AMS,2024-01-15 12:00:00,SETUP1,450,13.370492934791574
AMS,2024-01-15 12:00:00,SETUP1,455,15.218153398400839
AMS,2024-01-15 12:00:00,SETUP1,460,20.077559869756552
AMS,2024-01-15 12:00:00,SETUP1,465,25.830657875660247
AMS,2024-01-15 12:00:00,SETUP1,470,28.75779392444786
AMS,2024-01-15 12:00:00,SETUP1,475,34.60064084639877
AMS,2024-01-15 12:00:00,SETUP1,480,36.31222167702798
AMS,2024-01-15 12:00:00,SETUP1,485,44.57690579450951
AMS,2024-01-15 12:00:00,SETUP1,490,46.29885820394781
AMS,2024-01-15 12:00:00,SETUP1,495,55.55091895108985
AMS,2024-01-15 12:00:00,SETUP1,500,64.432355007345
AMS,2024-01-15 12:00:00,SETUP1,505,69.6469704482869
AMS,2024-01-15 12:00:00,SETUP1,510,71.70246874343334
AMS,2024-01-15 12:00:00,SETUP1,515,84.25828326119607
AMS,2024-01-15 12:00:00,SETUP1,520,76.60501639553205
AMS,2024-01-15 12:00:00,SETUP1,525,87.65194142185699
AMS,2024-01-15 12:00:00,SETUP1,530,96.54218341291622
AMS,2024-01-15 12:00:00,SETUP1,535,100.05126254004395
AMS,2024-01-15 12:00:00,SETUP1,540,88.8663490121315
AMS,2024-01-15 12:00:00,SETUP1,545,96.40937012135471
AMS,2024-01-15 12:00:00,SETUP1,550,105.3965190946561
AMS,2024-01-15 12:00:00,SETUP1,555,95.1564175048775
AMS,2024-01-15 12:00:00,SETUP1,560,101.26374216563757
AMS,2024-01-15 12:00:00,SETUP1,565,99.19397500418293
AMS,2024-01-15 12:00:00,SETUP1,570,96.5859814820256
AMS,2024-01-15 12:00:00,SETUP1,575,85.15508953617427
AMS,2024-01-15 12:00:00,SETUP1,580,85.18123520454932
AMS,2024-01-15 12:00:00,SETUP1,585,71.3976686997933
AMS,2024-01-15 12:00:00,SETUP1,590,76.25402954568399
AMS,2024-01-15 12:00:00,SETUP1,595,72.72174064715506
AMS,2024-01-15 12:00:00,SETUP1,600,63.680670119922766
AMS,2024-01-15 12:00:00,SETUP1,605,52.72442577008021
AMS,2024-01-15 12:00:00,SETUP1,610,52.03123800435757
AMS,2024-01-15 12:00:00,SETUP1,615,40.61896390440905
AMS,2024-01-15 12:00:00,SETUP1,620,36.04845659159167
AMS,2024-01-15 12:00:00,SETUP1,625,34.06190701020535
AMS,2024-01-15 12:00:00,SETUP1,630,28.03686709694744
AMS,2024-01-15 12:00:00,SETUP1,635,22.814281978024862
AMS,2024-01-15 12:00:00,SETUP1,640,20.500750678296168
AMS,2024-01-15 12:00:00,SETUP1,645,15.96024092178451
AMS,2024-01-15 12:00:00,SETUP1,650,12.832936486298376
AMS,2024-01-15 12:00:00,SETUP1,655,11.182824513219245
AMS,2024-01-15 12:00:00,SETUP1,660,9.530628813908606
AMS,2024-01-15 12:00:00,SETUP1,665,7.130982543738127
AMS,2024-01-15 12:00:00,SETUP1,670,5.933229620544693
AMS,2024-01-15 12:00:00,SETUP1,675,4.525796038168304
AMS,2024-01-15 12:00:00,SETUP1,680,3.4590278599158846
AMS,2024-01-15 12:00:00,SETUP1,685,2.7868339241655624
AMS,2024-01-15 12:00:00,SETUP1,690,1.795702536618853
AMS,2024-01-15 12:00:00,SETUP1,695,1.4350566474530222
AMS,2024-01-15 12:00:00,SETUP1,700,1.1291815742051623
AMS,2024-01-15 12:00:00,SETUP1,705,0.7598464581257404
AMS,2024-01-15 12:00:00,SETUP1,710,0.6267172660461754
AMS,2024-01-15 12:00:00,SETUP1,715,0.4316924703432865
AMS,2024-01-15 12:00:00,SETUP1,720,0.29892378024155797
AMS,2024-01-15 12:00:00,SETUP1,725,0.2406075416950498
AMS,2024-01-15 12:00:00,SETUP1,730,0.15010653140074912
AMS,2024-01-15 12:00:00,SETUP1,735,0.10587430835094794
AMS,2024-01-15 12:00:00,SETUP1,740,0.07308105671115474
AMS,2024-01-15 12:00:00,SETUP1,745,0.05009773861505884
AMS,2024-01-15 12:00:00,SETUP1,750,0.03678818841732723
AMS,2024-01-15 12:00:00,SETUP1,755,0.022523868246297006
AMS,2024-01-15 12:00:00,SETUP1,760,0.015727099102474884
AMS,2024-01-15 12:00:00,SETUP1,765,0.010149166504236145
AMS,2024-01-15 12:00:00,SETUP1,770,0.006401122800600021
AMS,2024-01-15 12:00:00,SETUP1,775,0.0038481355456323396
AMS,2024-01-15 12:00:00,SETUP1,780,0.0027571544009691207
AMS,2024-01-15 12:30:00,SETUP1,380,0.2896273639953323
AMS,2024-01-15 12:30:00,SETUP1,385,0.4399608075095689
AMS,2024-01-15 12:30:00,SETUP1,390,0.5524822463903355
AMS,2024-01-15 12:30:00,SETUP1,395,0.7655483805737597
AMS,2024-01-15 12:30:00,SETUP1,400,1.1780545340451616
AMS,2024-01-15 12:30:00,SETUP1,405,1.5906098005899938
AMS,2024-01-15 12:30:00,SETUP1,410,1.975157217050637
AMS,2024-01-15 12:30:00,SETUP1,415,2.376299027531684
AMS,2024-01-15 12:30:00,SETUP1,420,3.371327096433875
AMS,2024-01-15 12:30:00,SETUP1,425,4.620240629943466
AMS,2024-01-15 12:30:00,SETUP1,430,5.752841925397987
AMS,2024-01-15 12:30:00,SETUP1,435,6.845866163976644
AMS,2024-01-15 12:30:00,SETUP1,440,8.141704425282773
AMS,2024-01-15 12:30:00,SETUP1,445,9.965562449545136
AMS,2024-01-15 12:30:00,SETUP1,450,14.52201266095677
AMS,2024-01-15 12:30:00,SETUP1,455,17.173732280541785
AMS,2024-01-15 12:30:00,SETUP1,460,18.54965045883261
AMS,2024-01-15 12:30:00,SETUP1,465,24.3427042750851
AMS,2024-01-15 12:30:00,SETUP1,470,26.3403475232462
AMS,2024-01-15 12:30:00,SETUP1,475,32.607219928625625
AMS,2024-01-15 12:30:00,SETUP1,480,41.10624352450019
AMS,2024-01-15 12:30:00,SETUP1,485,46.310586381759364
AMS,2024-01-15 12:30:00,SETUP1,490,53.19967803357022
AMS,2024-01-15 12:30:00,SETUP1,495,55.24321250763658
AMS,2024-01-15 12:30:00,SETUP1,500,62.882010869292245
AMS,2024-01-15 12:30:00,SETUP1,505,71.62531376920063
AMS,2024-01-15 12:30:00,SETUP1,510,65.38132376698394
AMS,2024-01-15 12:30:00,SETUP1,515,74.66436595823947
AMS,2024-01-15 12:30:00,SETUP1,520,84.38082739569205
AMS,2024-01-15 12:30:00,SETUP1,525,96.34372589189186
AMS,2024-01-15 12:30:00,SETUP1,530,100.4489918658934
AMS,2024-01-15 12:30:00,SETUP1,535,103.69574164077571
AMS,2024-01-15 12:30:00,SETUP1,540,97.66568892684458
AMS,2024-01-15 12:30:00,SETUP1,545,108.60818479337996
AMS,2024-01-15 12:30:00,SETUP1,550,94.01130743768731
AMS,2024-01-15 12:30:00,SETUP1,555,94.28969371890618
AMS,2024-01-15 12:30:00,SETUP1,560,100.30052204030855
AMS,2024-01-15 12:30:00,SETUP1,565,104.34542662776154
AMS,2024-01-15 12:30:00,SETUP1,570,84.25109039526892
AMS,2024-01-15 12:30:00,SETUP1,575,83.43493386601918
AMS,2024-01-15 12:30:00,SETUP1,580,79.04762731263567
AMS,2024-01-15 12:30:00,SETUP1,585,72.1789686441457
AMS,2024-01-15 12:30:00,SETUP1,590,77.56962007932397
AMS,2024-01-15 12:30:00,SETUP1,595,65.52027635559583
AMS,2024-01-15 12:30:00,SETUP1,600,60.82787165028523
AMS,2024-01-15 12:30:00,SETUP1,605,50.55682113170916
AMS,2024-01-15 12:30:00,SETUP1,610,43.82730012364133
AMS,2024-01-15 12:30:00,SETUP1,615,46.59067400274942
AMS,2024-01-15 12:30:00,SETUP1,620,34.83999504595578
AMS,2024-01-15 12:30:00,SETUP1,625,29.683606467047436
AMS,2024-01-15 12:30:00,SETUP1,630,30.189000949878604
AMS,2024-01-15 12:30:00,SETUP1,635,22.211106699292372
AMS,2024-01-15 12:30:00,SETUP1,640,18.40950390745128
AMS,2024-01-15 12:30:00,SETUP1,645,17.21320033303568
AMS,2024-01-15 12:30:00,SETUP1,650,12.6389310172787
AMS,2024-01-15 12:30:00,SETUP1,655,11.919526330216208
AMS,2024-01-15 12:30:00,SETUP1,660,8.369043299030107
AMS,2024-01-15 12:30:00,SETUP1,665,6.991135840238542
AMS,2024-01-15 12:30:00,SETUP1,670,5.442278346409249
AMS,2024-01-15 12:30:00,SETUP1,675,4.18580555188673
AMS,2024-01-15 12:30:00,SETUP1,680,3.2614648005016726
AMS,2024-01-15 12:30:00,SETUP1,685,2.353488785270509
AMS,2024-01-15 12:30:00,SETUP1,690,1.8629154275428086
AMS,2024-01-15 12:30:00,SETUP1,695,1.5222684382520113
AMS,2024-01-15 12:30:00,SETUP1,700,1.0786731476535132
AMS,2024-01-15 12:30:00,SETUP1,705,0.8678932278825797
AMS,2024-01-15 12:30:00,SETUP1,710,0.5620853445385646
AMS,2024-01-15 12:30:00,SETUP1,715,0.4217808672458481
AMS,2024-01-15 12:30:00,SETUP1,720,0.3374849458898449
AMS,2024-01-15 12:30:00,SETUP1,725,0.20341829762358113
AMS,2024-01-15 12:30:00,SETUP1,730,0.1402195393940091
AMS,2024-01-15 12:30:00,SETUP1,735,0.10124988016594853
AMS,2024-01-15 12:30:00,SETUP1,740,0.07285446912749563
AMS,2024-01-15 12:30:00,SETUP1,745,0.04834829226419035
AMS,2024-01-15 12:30:00,SETUP1,750,0.03238562131361783
AMS,2024-01-15 12:30:00,SETUP1,755,0.022483799577033857
AMS,2024-01-15 12:30:00,SETUP1,760,0.01506674516280985
AMS,2024-01-15 12:30:00,SETUP1,765,0.00976804390562697
AMS,2024-01-15 12:30:00,SETUP1,770,0.006545487080170721
AMS,2024-01-15 12:30:00,SETUP1,775,0.0042840640283687455
AMS,2024-01-15 12:30:00,SETUP1,780,0.0026937989759890555
AMS,2024-01-15 13:00:00,SETUP1,380,0.2773426678888024
AMS,2024-01-15 13:00:00,SETUP1,385,0.38882876925429993
AMS,2024-01-15 13:00:00,SETUP1,390,0.5323555649338462
AMS,2024-01-15 13:00:00,SETUP1,395,0.752370241346733
AMS,2024-01-15 13:00:00,SETUP1,400,1.1102719281322313
AMS,2024-01-15 13:00:00,SETUP1,405,1.5561702383062168
AMS,2024-01-15 13:00:00,SETUP1,410,1.7930876796368271
AMS,2024-01-15 13:00:00,SETUP1,415,2.2806361677353233
AMS,2024-01-15 13:00:00,SETUP1,420,3.0759785307441057
AMS,2024-01-15 13:00:00,SETUP1,425,4.55346966468235
AMS,2024-01-15 13:00:00,SETUP1,430,5.251327687821012
AMS,2024-01-15 13:00:00,SETUP1,435,7.542934809905015
AMS,2024-01-15 13:00:00,SETUP1,440,8.235161625355227
AMS,2024-01-15 13:00:00,SETUP1,445,11.168838461174888
AMS,2024-01-15 13:00:00,SETUP1,450,11.953562012329213
AMS,2024-01-15 13:00:00,SETUP1,455,15.785821310922348
AMS,2024-01-15 13:00:00,SETUP1,460,19.61950694074175
AMS,2024-01-15 13:00:00,SETUP1,465,24.954353546286228
AMS,2024-01-15 13:00:00,SETUP1,470,25.307860814878577
AMS,2024-01-15 13:00:00,SETUP1,475,28.75117177255569
AMS,2024-01-15 13:00:00,SETUP1,480,33.78048399347441
AMS,2024-01-15 13:00:00,SETUP1,485,40.06095384744981
AMS,2024-01-15 13:00:00,SETUP1,490,44.71126687885318
AMS,2024-01-15 13:00:00,SETUP1,495,56.24065953850356
AMS,2024-01-15 13:00:00,SETUP1,500,56.487217034354416
AMS,2024-01-15 13:00:00,SETUP1,505,63.04965051060022
AMS,2024-01-15 13:00:00,SETUP1,510,66.32640454860567
AMS,2024-01-15 13:00:00,SETUP1,515,80.8524962525666
AMS,2024-01-15 13:00:00,SETUP1,520,84.19428120131128
AMS,2024-01-15 13:00:00,SETUP1,525,93.5189449529746
AMS,2024-01-15 13:00:00,SETUP1,530,96.69634641243604
AMS,2024-01-15 13:00:00,SETUP1,535,94.53916184268364
AMS,2024-01-15 13:00:00,SETUP1,540,91.40414186202929
AMS,2024-01-15 13:00:00,SETUP1,545,100.77706424964327
AMS,2024-01-15 13:00:00,SETUP1,550,96.31388515834891
AMS,2024-01-15 13:00:00,SETUP1,555,87.3780535794745
AMS,2024-01-15 13:00:00,SETUP1,560,96.74864329487558
AMS,2024-01-15 13:00:00,SETUP1,565,97.2094833408878
AMS,2024-01-15 13:00:00,SETUP1,570,90.63086961431867
AMS,2024-01-15 13:00:00,SETUP1,575,87.81035083301796
AMS,2024-01-15 13:00:00,SETUP1,580,80.66536893997737
AMS,2024-01-15 13:00:00,SETUP1,585,77.21847823792196
AMS,2024-01-15 13:00:00,SETUP1,590,74.8866548685814
AMS,2024-01-15 13:00:00,SETUP1,595,69.3366551290195
AMS,2024-01-15 13:00:00,SETUP1,600,64.3051500110661
AMS,2024-01-15 13:00:00,SETUP1,605,48.127302876082936
AMS,2024-01-15 13:00:00,SETUP1,610,42.98354793684145
AMS,2024-01-15 13:00:00,SETUP1,615,43.130865084601204
AMS,2024-01-15 13:00:00,SETUP1,620,33.95959366594135
AMS,2024-01-15 13:00:00,SETUP1,625,33.73274270924303
AMS,2024-01-15 13:00:00,SETUP1,630,29.16937961996526
AMS,2024-01-15 13:00:00,SETUP1,635,21.21449681482136
AMS,2024-01-15 13:00:00,SETUP1,640,18.751671842545157
AMS,2024-01-15 13:00:00,SETUP1,645,16.302739456680747
AMS,2024-01-15 13:00:00,SETUP1,650,11.949550419878445
AMS,2024-01-15 13:00:00,SETUP1,655,11.46114019612943
AMS,2024-01-15 13:00:00,SETUP1,660,8.473569924278708
AMS,2024-01-15 13:00:00,SETUP1,665,6.452560801006635
AMS,2024-01-15 13:00:00,SETUP1,670,5.605085874206278
AMS,2024-01-15 13:00:00,SETUP1,675,3.843527818482479
AMS,2024-01-15 13:00:00,SETUP1,680,3.3372562698559953
AMS,2024-01-15 13:00:00,SETUP1,685,2.6114537382765555
AMS,2024-01-15 13:00:00,SETUP1,690,1.8916264423388913
AMS,2024-01-15 13:00:00,SETUP1,695,1.3906428699651179
AMS,2024-01-15 13:00:00,SETUP1,700,1.0508783499149579
AMS,2024-01-15 13:00:00,SETUP1,705,0.8486125832165656
AMS,2024-01-15 13:00:00,SETUP1,710,0.5524517571465627
AMS,2024-01-15 13:00:00,SETUP1,715,0.3920795471793383
AMS,2024-01-15 13:00:00,SETUP1,720,0.2896021360380987
AMS,2024-01-15 13:00:00,SETUP1,725,0.19238045289766018
AMS,2024-01-15 13:00:00,SETUP1,730,0.14432713907451072
AMS,2024-01-15 13:00:00,SETUP1,735,0.10550899632459082
AMS,2024-01-15 13:00:00,SETUP1,740,0.07115690588093723
AMS,2024-01-15 13:00:00,SETUP1,745,0.04770879233236634
AMS,2024-01-15 13:00:00,SETUP1,750,0.03312032491367033
AMS,2024-01-15 13:00:00,SETUP1,755,0.021934752509434087
AMS,2024-01-15 13:00:00,SETUP1,760,0.01418819419567636
AMS,2024-01-15 13:00:00,SETUP1,765,0.008921899353943892
AMS,2024-01-15 13:00:00,SETUP1,770,0.006007505003198521
AMS,2024-01-15 13:00:00,SETUP1,775,0.003906482429305276
AMS,2024-01-15 13:00:00,SETUP1,780,0.0024187537231192234
AMS,2024-01-15 13:30:00,SETUP1,380,0.29835343391686425
AMS,2024-01-15 13:30:00,SETUP1,385,0.44140226686733086
AMS,2024-01-15 13:30:00,SETUP1,390,0.5230904314717679
AMS,2024-01-15 13:30:00,SETUP1,395,0.8257022140619829
AMS,2024-01-15 13:30:00,SETUP1,400,1.1802024287767112
AMS,2024-01-15 13:30:00,SETUP1,405,1.4547864116189777
AMS,2024-01-15 13:30:00,SETUP1,410,1.8507145590641476
AMS,2024-01-15 13:30:00,SETUP1,415,2.448384797526503
AMS,2024-01-15 13:30:00,SETUP1,420,3.097004982941439
AMS,2024-01-15 13:30:00,SETUP1,425,3.897097179681384
AMS,2024-01-15 13:30:00,SETUP1,430,5.378138937573997
AMS,2024-01-15 13:30:00,SETUP1,435,7.32672066505146
AMS,2024-01-15 13:30:00,SETUP1,440,8.217284357897471
AMS,2024-01-15 13:30:00,SETUP1,445,9.814288603931931
AMS,2024-01-15 13:30:00,SETUP1,450,13.092100851600994
AMS,2024-01-15 13:30:00,SETUP1,455,16.7335692780032
AMS,2024-01-15 13:30:00,SETUP1,460,19.9427196935466
AMS,2024-01-15 13:30:00,SETUP1,465,24.06197128589656
AMS,2024-01-15 13:30:00,SETUP1,470,24.75387159155902
AMS,2024-01-15 13:30:00,SETUP1,475,33.217749057865404
AMS,2024-01-15 13:30:00,SETUP1,480,35.95820557600816
AMS,2024-01-15 13:30:00,SETUP1,485,38.20038784880409
AMS,2024-01-15 13:30:00,SETUP1,490,43.64785319208013
AMS,2024-01-15 13:30:00,SETUP1,495,49.97848582563892
AMS,2024-01-15 13:30:00,SETUP1,500,58.307843305520436
AMS,2024-01-15 13:30:00,SETUP1,505,66.67258729093713
AMS,2024-01-15 13:30:00,SETUP1,510,71.12821259313345
AMS,2024-01-15 13:30:00,SETUP1,515,73.3060935473281
AMS,2024-01-15 13:30:00,SETUP1,520,78.74856325367
AMS,2024-01-15 13:30:00,SETUP1,525,90.15777228115866
AMS,2024-01-15 13:30:00,SETUP1,530,86.61585672124204
AMS,2024-01-15 13:30:00,SETUP1,535,96.60682934094815
AMS,2024-01-15 13:30:00,SETUP1,540,101.37571805759727
AMS,2024-01-15 13:30:00,SETUP1,545,100.44580309904295
AMS,2024-01-15 13:30:00,SETUP1,550,100.48811279845758
AMS,2024-01-15 13:30:00,SETUP1,555,103.49649669506645
AMS,2024-01-15 13:30:00,SETUP1,560,86.60270441199128
AMS,2024-01-15 13:30:00,SETUP1,565,94.33544348993338
AMS,2024-01-15 13:30:00,SETUP1,570,88.39621943118478
AMS,2024-01-15 13:30:00,SETUP1,575,77.8550326013705
AMS,2024-01-15 13:30:00,SETUP1,580,86.65905297045748
AMS,2024-01-15 13:30:00,SETUP1,585,79.21417387397949
AMS,2024-01-15 13:30:00,SETUP1,590,67.10459158231704
AMS,2024-01-15 13:30:00,SETUP1,595,61.40404292770075
AMS,2024-01-15 13:30:00,SETUP1,600,56.03730714150341
AMS,2024-01-15 13:30:00,SETUP1,605,51.55434902209638
AMS,2024-01-15 13:30:00,SETUP1,610,47.69967610462582
AMS,2024-01-15 13:30:00,SETUP1,615,39.999033517880626
AMS,2024-01-15 13:30:00,SETUP1,620,38.286110168300475
AMS,2024-01-15 13:30:00,SETUP1,625,28.620668803803856
AMS,2024-01-15 13:30:00,SETUP1,630,28.237964699094142
AMS,2024-01-15 13:30:00,SETUP1,635,24.109709482179582
AMS,2024-01-15 13:30:00,SETUP1,640,17.53991807082106
AMS,2024-01-15 13:30:00,SETUP1,645,14.74143452678717
AMS,2024-01-15 13:30:00,SETUP1,650,11.884284997161698
AMS,2024-01-15 13:30:00,SETUP1,655,11.508698959006018
AMS,2024-01-15 13:30:00,SETUP1,660,7.9880481939690196
AMS,2024-01-15 13:30:00,SETUP1,665,6.687412807862633
AMS,2024-01-15 13:30:00,SETUP1,670,4.897651796887162
AMS,2024-01-15 13:30:00,SETUP1,675,3.9605134337709647
AMS,2024-01-15 13:30:00,SETUP1,680,2.986935343825933
AMS,2024-01-15 13:30:00,SETUP1,685,2.7461631772074386
AMS,2024-01-15 13:30:00,SETUP1,690,1.9738601841940897
AMS,2024-01-15 13:30:00,SETUP1,695,1.3260815025867962
AMS,2024-01-15 13:30:00,SETUP1,700,0.9948861384030939
AMS,2024-01-15 13:30:00,SETUP1,705,0.7795838436747936
AMS,2024-01-15 13:30:00,SETUP1,710,0.5556519409240521
AMS,2024-01-15 13:30:00,SETUP1,715,0.38374974747998014
AMS,2024-01-15 13:30:00,SETUP1,720,0.31864771328261515
AMS,2024-01-15 13:30:00,SETUP1,725,0.22113156402184922
AMS,2024-01-15 13:30:00,SETUP1,730,0.14595787839616325
AMS,2024-01-15 13:30:00,SETUP1,735,0.0956078819399511
AMS,2024-01-15 13:30:00,SETUP1,740,0.07016440775671268
AMS,2024-01-15 13:30:00,SETUP1,745,0.048859891312471884
AMS,2024-01-15 13:30:00,SETUP1,750,0.035385019735815884
AMS,2024-01-15 13:30:00,SETUP1,755,0.019782211079644355
AMS,2024-01-15 13:30:00,SETUP1,760,0.015587687006649878
AMS,2024-01-15 13:30:00,SETUP1,765,0.009197257330487584
AMS,2024-01-15 13:30:00,SETUP1,770,0.006348845110248337
AMS,2024-01-15 13:30:00,SETUP1,775,0.003560794945916658
AMS,2024-01-15 13:30:00,SETUP1,780,0.002318317361294269
AMS,2024-01-15 14:00:00,SETUP1,380,0.27041623437318035
AMS,2024-01-15 14:00:00,SETUP1,385,0.34102687681129723
AMS,2024-01-15 14:00:00,SETUP1,390,0.4741165871925393
AMS,2024-01-15 14:00:00,SETUP1,395,0.6844509550462555
AMS,2024-01-15 14:00:00,SETUP1,400,0.9522962873669466
AMS,2024-01-15 14:00:00,SETUP1,405,1.2213348495027847
AMS,2024-01-15 14:00:00,SETUP1,410,1.8300762052916286
AMS,2024-01-15 14:00:00,SETUP1,415,2.309464848939941
AMS,2024-01-15 14:00:00,SETUP1,420,3.0541113238452087
AMS,2024-01-15 14:00:00,SETUP1,425,3.6495585917673847
AMS,2024-01-15 14:00:00,SETUP1,430,5.063194023049064
AMS,2024-01-15 14:00:00,SETUP1,435,5.731400788411348
AMS,2024-01-15 14:00:00,SETUP1,440,7.417865355942272
AMS,2024-01-15 14:00:00,SETUP1,445,9.744777989144922
AMS,2024-01-15 14:00:00,SETUP1,450,10.973416667707408
AMS,2024-01-15 14:00:00,SETUP1,455,13.17291023170661
AMS,2024-01-15 14:00:00,SETUP1,460,16.19879495825852
AMS,2024-01-15 14:00:00,SETUP1,465,22.15141716512025
AMS,2024-01-15 14:00:00,SETUP1,470,21.984528397963572
AMS,2024-01-15 14:00:00,SETUP1,475,30.100177433589334
AMS,2024-01-15 14:00:00,SETUP1,480,29.810627336260943
AMS,2024-01-15 14:00:00,SETUP1,485,38.06549230933367
AMS,2024-01-15 14:00:00,SETUP1,490,42.75328159429811
AMS,2024-01-15 14:00:00,SETUP1,495,44.209363619173935
AMS,2024-01-15 14:00:00,SETUP1,500,54.423209469232745
AMS,2024-01-15 14:00:00,SETUP1,505,54.21465213675303
AMS,2024-01-15 14:00:00,SETUP1,510,65.320651944925
AMS,2024-01-15 14:00:00,SETUP1,515,64.84930124656397
AMS,2024-01-15 14:00:00,SETUP1,520,74.29141107659608
AMS,2024-01-15 14:00:00,SETUP1,525,80.06050297963556
AMS,2024-01-15 14:00:00,SETUP1,530,83.00874912915738
AMS,2024-01-15 14:00:00,SETUP1,535,90.88600012596608
AMS,2024-01-15 14:00:00,SETUP1,540,89.85571689262714
AMS,2024-01-15 14:00:00,SETUP1,545,90.88527474291995
AMS,2024-01-15 14:00:00,SETUP1,550,84.35458052242657
AMS,2024-01-15 14:00:00,SETUP1,555,87.70826786882746
AMS,2024-01-15 14:00:00,SETUP1,560,91.57693914575572
AMS,2024-01-15 14:00:00,SETUP1,565,85.18387549304053
AMS,2024-01-15 14:00:00,SETUP1,570,80.29369520806044
AMS,2024-01-15 14:00:00,SETUP1,575,81.09770209882483
AMS,2024-01-15 14:00:00,SETUP1,580,67.76224270317135
AMS,2024-01-15 14:00:00,SETUP1,585,67.68372582268813
AMS,2024-01-15 14:00:00,SETUP1,590,68.09102903228495
AMS,2024-01-15 14:00:00,SETUP1,595,62.85712725913402
AMS,2024-01-15 14:00:00,SETUP1,600,56.817791320045266
AMS,2024-01-15 14:00:00,SETUP1,605,49.414212145480455
AMS,2024-01-15 14:00:00,SETUP1,610,39.13814365916161
AMS,2024-01-15 14:00:00,SETUP1,615,37.567734590935416
AMS,2024-01-15 14:00:00,SETUP1,620,31.59901308564815
AMS,2024-01-15 14:00:00,SETUP1,625,29.299908481286153
AMS,2024-01-15 14:00:00,SETUP1,630,24.278025127245222
AMS,2024-01-15 14:00:00,SETUP1,635,21.395782785416163
AMS,2024-01-15 14:00:00,SETUP1,640,15.862309067666837
AMS,2024-01-15 14:00:00,SETUP1,645,13.8217647211265
AMS,2024-01-15 14:00:00,SETUP1,650,10.618331046893227
AMS,2024-01-15 14:00:00,SETUP1,655,9.80783053157327
AMS,2024-01-15 14:00:00,SETUP1,660,7.537728671592664
AMS,2024-01-15 14:00:00,SETUP1,665,5.802774087466287
AMS,2024-01-15 14:00:00,SETUP1,670,4.475116474490759
AMS,2024-01-15 14:00:00,SETUP1,675,3.7145870418608675
AMS,2024-01-15 14:00:00,SETUP1,680,2.8859518140974276
AMS,2024-01-15 14:00:00,SETUP1,685,2.2370390844195294
AMS,2024-01-15 14:00:00,SETUP1,690,1.698495040115621
AMS,2024-01-15 14:00:00,SETUP1,695,1.3881775551443891
AMS,2024-01-15 14:00:00,SETUP1,700,1.017149717252013
AMS,2024-01-15 14:00:00,SETUP1,705,0.7119858918562245
AMS,2024-01-15 14:00:00,SETUP1,710,0.5113149981840067
AMS,2024-01-15 14:00:00,SETUP1,715,0.3827684723524727
AMS,2024-01-15 14:00:00,SETUP1,720,0.2531825467957482
AMS,2024-01-15 14:00:00,SETUP1,725,0.1742228798053106
AMS,2024-01-15 14:00:00,SETUP1,730,0.12463735902762478
AMS,2024-01-15 14:00:00,SETUP1,735,0.09695603699371967
AMS,2024-01-15 14:00:00,SETUP1,740,0.06436185609497641
AMS,2024-01-15 14:00:00,SETUP1,745,0.04522140074447907
AMS,2024-01-15 14:00:00,SETUP1,750,0.03126389590050108
AMS,2024-01-15 14:00:00,SETUP1,755,0.01992136726468743
AMS,2024-01-15 14:00:00,SETUP1,760,0.013160556946774581
AMS,2024-01-15 14:00:00,SETUP1,765,0.007909228275701676
AMS,2024-01-15 14:00:00,SETUP1,770,0.005201752177531915
AMS,2024-01-15 14:00:00,SETUP1,775,0.0037621519848174715
AMS,2024-01-15 14:00:00,SETUP1,780,0.002099967878325992
AMS,2024-01-15 14:30:00,SETUP1,380,0.2750457769347261
AMS,2024-01-15 14:30:00,SETUP1,385,0.36068486208245903
AMS,2024-01-15 14:30:00,SETUP1,390,0.48324268690092104
AMS,2024-01-15 14:30:00,SETUP1,395,0.7619714654802804
AMS,2024-01-15 14:30:00,SETUP1,400,1.0295512105252773
AMS,2024-01-15 14:30:00,SETUP1,405,1.1632232498954556
AMS,2024-01-15 14:30:00,SETUP1,410,1.8835873613809142
AMS,2024-01-15 14:30:00,SETUP1,415,2.41053840574763
AMS,2024-01-15 14:30:00,SETUP1,420,3.1333928879511874
AMS,2024-01-15 14:30:00,SETUP1,425,4.074564605327676
AMS,2024-01-15 14:30:00,SETUP1,430,5.235031256429943
AMS,2024-01-15 14:30:00,SETUP1,435,6.097228408122662
AMS,2024-01-15 14:30:00,SETUP1,440,7.44157673868875
AMS,2024-01-15 14:30:00,SETUP1,445,8.772663230066229
AMS,2024-01-15 14:30:00,SETUP1,450,12.174769473891491
AMS,2024-01-15 14:30:00,SETUP1,455,14.37130014071833
AMS,2024-01-15 14:30:00,SETUP1,460,15.96034038162315
AMS,2024-01-15 14:30:00,SETUP1,465,20.654494426485993
AMS,2024-01-15 14:30:00,SETUP1,470,26.171069320640083
AMS,2024-01-15 14:30:00,SETUP1,475,30.635457492279194
AMS,2024-01-15 14:30:00,SETUP1,480,29.371839909899094
AMS,2024-01-15 14:30:00,SETUP1,485,37.494322452928955
AMS,2024-01-15 14:30:00,SETUP1,490,40.89108217216193
AMS,2024-01-15 14:30:00,SETUP1,495,49.93929930922257
AMS,2024-01-15 14:30:00,SETUP1,500,50.32719680416715
AMS,2024-01-15 14:30:00,SETUP1,505,60.15145821940213
AMS,2024-01-15 14:30:00,SETUP1,510,67.09979182079192
AMS,2024-01-15 14:30:00,SETUP1,515,63.0574031488169
AMS,2024-01-15 14:30:00,SETUP1,520,75.69666972186866
AMS,2024-01-15 14:30:00,SETUP1,525,80.4248398040448
AMS,2024-01-15 14:30:00,SETUP1,530,80.91283045130211
AMS,2024-01-15 14:30:00,SETUP1,535,81.04618154283634
AMS,2024-01-15 14:30:00,SETUP1,540,78.31864631960045
AMS,2024-01-15 14:30:00,SETUP1,545,78.4213065372276
AMS,2024-01-15 14:30:00,SETUP1,550,78.35848370513096
AMS,2024-01-15 14:30:00,SETUP1,555,82.12175477693182
AMS,2024-01-15 14:30:00,SETUP1,560,80.5879838924597
AMS,2024-01-15 14:30:00,SETUP1,565,86.52466754036612
AMS,2024-01-15 14:30:00,SETUP1,570,77.14874823490419
AMS,2024-01-15 14:30:00,SETUP1,575,72.86558849205268
AMS,2024-01-15 14:30:00,SETUP1,580,71.56904608273167
AMS,2024-01-15 14:30:00,SETUP1,585,69.4243352874591
AMS,2024-01-15 14:30:00,SETUP1,590,59.95438363351606
AMS,2024-01-15 14:30:00,SETUP1,595,53.509587861483666
AMS,2024-01-15 14:30:00,SETUP1,600,48.17555702309987
AMS,2024-01-15 14:30:00,SETUP1,605,45.036165057894664
AMS,2024-01-15 14:30:00,SETUP1,610,41.24232601536718
AMS,2024-01-15 14:30:00,SETUP1,615,39.96118455426661
AMS,2024-01-15 14:30:00,SETUP1,620,32.59527245625775
AMS,2024-01-15 14:30:00,SETUP1,625,29.483356590335056
AMS,2024-01-15 14:30:00,SETUP1,630,26.242627765923118
AMS,2024-01-15 14:30:00,SETUP1,635,19.478697459439687
AMS,2024-01-15 14:30:00,SETUP1,640,18.531833051528185
AMS,2024-01-15 14:30:00,SETUP1,645,14.780990829250431
AMS,2024-01-15 14:30:00,SETUP1,650,12.471240095907858
AMS,2024-01-15 14:30:00,SETUP1,655,9.823391972766192
AMS,2024-01-15 14:30:00,SETUP1,660,7.802776865547061
AMS,2024-01-15 14:30:00,SETUP1,665,5.67031715927536
AMS,2024-01-15 14:30:00,SETUP1,670,4.547037768093042
AMS,2024-01-15 14:30:00,SETUP1,675,4.07554451190634
AMS,2024-01-15 14:30:00,SETUP1,680,2.8948600875147963
AMS,2024-01-15 14:30:00,SETUP1,685,2.258204574669488
AMS,2024-01-15 14:30:00,SETUP1,690,1.682220113655653
AMS,2024-01-15 14:30:00,SETUP1,695,1.257389538750967
AMS,2024-01-15 14:30:00,SETUP1,700,0.9711258253046732
AMS,2024-01-15 14:30:00,SETUP1,705,0.775605084804076
AMS,2024-01-15 14:30:00,SETUP1,710,0.46685518710638296
AMS,2024-01-15 14:30:00,SETUP1,715,0.39931952845639007
AMS,2024-01-15 14:30:00,SETUP1,720,0.24994830921620667
AMS,2024-01-15 14:30:00,SETUP1,725,0.17558716324804835
AMS,2024-01-15 14:30:00,SETUP1,730,0.12199198261056428
AMS,2024-01-15 14:30:00,SETUP1,735,0.08435558612179718
AMS,2024-01-15 14:30:00,SETUP1,740,0.0660494431041093
AMS,2024-01-15 14:30:00,SETUP1,745,0.04058216643229694
AMS,2024-01-15 14:30:00,SETUP1,750,0.031250762443734134
AMS,2024-01-15 14:30:00,SETUP1,755,0.019697331850774387
AMS,2024-01-15 14:30:00,SETUP1,760,0.012166493968573229
AMS,2024-01-15 14:30:00,SETUP1,765,0.008985079836330628
AMS,2024-01-15 14:30:00,SETUP1,770,0.005635922036972017
AMS,2024-01-15 14:30:00,SETUP1,775,0.0036340346381694296
AMS,2024-01-15 14:30:00,SETUP1,780,0.0020970974278089246
AMS,2024-01-15 15:00:00,SETUP1,380,0.22889142172190022
AMS,2024-01-15 15:00:00,SETUP1,385,0.2837231525554713
AMS,2024-01-15 15:00:00,SETUP1,390,0.4581402661955446
AMS,2024-01-15 15:00:00,SETUP1,395,0.5264990569126986
AMS,2024-01-15 15:00:00,SETUP1,400,0.7462244872602178
AMS,2024-01-15 15:00:00,SETUP1,405,0.9650546122719513
AMS,2024-01-15 15:00:00,SETUP1,410,1.334564315698707
AMS,2024-01-15 15:00:00,SETUP1,415,1.858501564831083
AMS,2024-01-15 15:00:00,SETUP1,420,2.3094016587963586
AMS,2024-01-15 15:00:00,SETUP1,425,2.9049829344949893
AMS,2024-01-15 15:00:00,SETUP1,430,4.128788164366312
AMS,2024-01-15 15:00:00,SETUP1,435,4.551441090208362
AMS,2024-01-15 15:00:00,SETUP1,440,6.854305104661687
AMS,2024-01-15 15:00:00,SETUP1,445,8.423260712006293
AMS,2024-01-15 15:00:00,SETUP1,450,10.306905403473674
AMS,2024-01-15 15:00:00,SETUP1,455,12.489275563495498
AMS,2024-01-15 15:00:00,SETUP1,460,14.948519866334477
AMS,2024-01-15 15:00:00,SETUP1,465,17.306422512181452
AMS,2024-01-15 15:00:00,SETUP1,470,19.50630608508522
AMS,2024-01-15 15:00:00,SETUP1,475,23.15029351556414
AMS,2024-01-15 15:00:00,SETUP1,480,28.62565439013524
AMS,2024-01-15 15:00:00,SETUP1,485,32.266176568951145
AMS,2024-01-15 15:00:00,SETUP1,490,33.78462286559243
AMS,2024-01-15 15:00:00,SETUP1,495,40.26920181884265
AMS,2024-01-15 15:00:00,SETUP1,500,41.894697255539626
AMS,2024-01-15 15:00:00,SETUP1,505,43.05838667707979
AMS,2024-01-15 15:00:00,SETUP1,510,53.57608631665434
AMS,2024-01-15 15:00:00,SETUP1,515,54.82149080680715
AMS,2024-01-15 15:00:00,SETUP1,520,64.00310307399184
AMS,2024-01-15 15:00:00,SETUP1,525,68.4937083217778
AMS,2024-01-15 15:00:00,SETUP1,530,63.12800719922611
AMS,2024-01-15 15:00:00,SETUP1,535,67.90660449903643
AMS,2024-01-15 15:00:00,SETUP1,540,68.74292709793963
AMS,2024-01-15 15:00:00,SETUP1,545,64.47620648995787
AMS,2024-01-15 15:00:00,SETUP1,550,66.0378331590387
AMS,2024-01-15 15:00:00,SETUP1,555,70.09116801318939
AMS,2024-01-15 15:00:00,SETUP1,560,75.95315670995168
AMS,2024-01-15 15:00:00,SETUP1,565,62.877831831007995
AMS,2024-01-15 15:00:00,SETUP1,570,69.58141279170444
AMS,2024-01-15 15:00:00,SETUP1,575,58.37733737953741
AMS,2024-01-15 15:00:00,SETUP1,580,61.676790170010314
AMS,2024-01-15 15:00:00,SETUP1,585,55.508038411145606
AMS,2024-01-15 15:00:00,SETUP1,590,51.376419194764814
AMS,2024-01-15 15:00:00,SETUP1,595,50.175738541792555
AMS,2024-01-15 15:00:00,SETUP1,600,41.79849772843114
AMS,2024-01-15 15:00:00,SETUP1,605,38.98261510693113
AMS,2024-01-15 15:00:00,SETUP1,610,31.17593947545262
AMS,2024-01-15 15:00:00,SETUP1,615,29.097286489484393
AMS,2024-01-15 15:00:00,SETUP1,620,28.21554777629902
AMS,2024-01-15 15:00:00,SETUP1,625,24.396229963224517
AMS,2024-01-15 15:00:00,SETUP1,630,19.268195005934565
AMS,2024-01-15 15:00:00,SETUP1,635,15.090952630634035
AMS,2024-01-15 15:00:00,SETUP1,640,13.903115743117782
AMS,2024-01-15 15:00:00,SETUP1,645,11.919341390110606
AMS,2024-01-15 15:00:00,SETUP1,650,9.363143054109587
AMS,2024-01-15 15:00:00,SETUP1,655,8.37160629403519
AMS,2024-01-15 15:00:00,SETUP1,660,6.4963588766918985
AMS,2024-01-15 15:00:00,SETUP1,665,5.343767983188248
AMS,2024-01-15 15:00:00,SETUP1,670,3.9439012842283643
AMS,2024-01-15 15:00:00,SETUP1,675,3.2191464555673535
AMS,2024-01-15 15:00:00,SETUP1,680,2.5341546488678444
AMS,2024-01-15 15:00:00,SETUP1,685,1.7183865516293277
AMS,2024-01-15 15:00:00,SETUP1,690,1.4727668343274782
AMS,2024-01-15 15:00:00,SETUP1,695,1.1162837895589415
AMS,2024-01-15 15:00:00,SETUP1,700,0.7873093385277659
AMS,2024-01-15 15:00:00,SETUP1,705,0.6311035222987351
AMS,2024-01-15 15:00:00,SETUP1,710,0.3844943884185814
AMS,2024-01-15 15:00:00,SETUP1,715,0.3157578154948034
AMS,2024-01-15 15:00:00,SETUP1,720,0.21644945999303405
AMS,2024-01-15 15:00:00,SETUP1,725,0.1546243778577921
AMS,2024-01-15 15:00:00,SETUP1,730,0.09817022233761243
AMS,2024-01-15 15:00:00,SETUP1,735,0.08211257354154233
AMS,2024-01-15 15:00:00,SETUP1,740,0.05652875589139624
AMS,2024-01-15 15:00:00,SETUP1,745,0.036472851238472014
AMS,2024-01-15 15:00:00,SETUP1,750,0.023353142239265906
AMS,2024-01-15 15:00:00,SETUP1,755,0.014644896265212046
AMS,2024-01-15 15:00:00,SETUP1,760,0.009611220091711205
AMS,2024-01-15 15:00:00,SETUP1,765,0.006763723712469719
AMS,2024-01-15 15:00:00,SETUP1,770,0.004038112617344952
AMS,2024-01-15 15:00:00,SETUP1,775,0.00309107030399568
AMS,2024-01-15 15:00:00,SETUP1,780,0.0017280510554659484
AMS,2024-01-15 15:30:00,SETUP1,380,0.22558661588266535
AMS,2024-01-15 15:30:00,SETUP1,385,0.3290539052070927
AMS,2024-01-15 15:30:00,SETUP1,390,0.3975188270068007
AMS,2024-01-15 15:30:00,SETUP1,395,0.5643714652994867
AMS,2024-01-15 15:30:00,SETUP1,400,0.7882391648248366
AMS,2024-01-15 15:30:00,SETUP1,405,1.1180474642269054
AMS,2024-01-15 15:30:00,SETUP1,410,1.4298706124245741
AMS,2024-01-15 15:30:00,SETUP1,415,1.6775829349208677
AMS,2024-01-15 15:30:00,SETUP1,420,2.220116763282136
AMS,2024-01-15 15:30:00,SETUP1,425,2.837040587839384
AMS,2024-01-15 15:30:00,SETUP1,430,4.036777894418655
AMS,2024-01-15 15:30:00,SETUP1,435,4.902056933907541
AMS,2024-01-15 15:30:00,SETUP1,440,5.873294267442879
AMS,2024-01-15 15:30:00,SETUP1,445,8.107975764277093
AMS,2024-01-15 15:30:00,SETUP1,450,9.808805764789753
AMS,2024-01-15 15:30:00,SETUP1,455,12.539847957045799
AMS,2024-01-15 15:30:00,SETUP1,460,13.009808725516018
AMS,2024-01-15 15:30:00,SETUP1,465,17.82360687089509
AMS,2024-01-15 15:30:00,SETUP1,470,21.524571382709077
AMS,2024-01-15 15:30:00,SETUP1,475,22.21121754544936
AMS,2024-01-15 15:30:00,SETUP1,480,25.823586035972
AMS,2024-01-15 15:30:00,SETUP1,485,27.96675611518465
AMS,2024-01-15 15:30:00,SETUP1,490,34.49415064017132
AMS,2024-01-15 15:30:00,SETUP1,495,39.74944514620513
AMS,2024-01-15 15:30:00,SETUP1,500,46.00291642570978
AMS,2024-01-15 15:30:00,SETUP1,505,51.223202010431834
AMS,2024-01-15 15:30:00,SETUP1,510,47.318833350300224
AMS,2024-01-15 15:30:00,SETUP1,515,57.62078846404545
AMS,2024-01-15 15:30:00,SETUP1,520,63.07483612962588
AMS,2024-01-15 15:30:00,SETUP1,525,62.88478387177382
AMS,2024-01-15 15:30:00,SETUP1,530,63.32554495482405
AMS,2024-01-15 15:30:00,SETUP1,535,70.25546800739421
AMS,2024-01-15 15:30:00,SETUP1,540,64.71787210541031
AMS,2024-01-15 15:30:00,SETUP1,545,66.16681811768217
AMS,2024-01-15 15:30:00,SETUP1,550,66.43844285510686
AMS,2024-01-15 15:30:00,SETUP1,555,71.44003683597792
AMS,2024-01-15 15:30:00,SETUP1,560,63.050514550780655
AMS,2024-01-15 15:30:00,SETUP1,565,71.28802772752849
AMS,2024-01-15 15:30:00,SETUP1,570,63.83326695081189
AMS,2024-01-15 15:30:00,SETUP1,575,61.81773420760252
AMS,2024-01-15 15:30:00,SETUP1,580,62.11372292697864
AMS,2024-01-15 15:30:00,SETUP1,585,57.72452089615544
AMS,2024-01-15 15:30:00,SETUP1,590,56.12099511449403
AMS,2024-01-15 15:30:00,SETUP1,595,51.73841870152181
AMS,2024-01-15 15:30:00,SETUP1,600,39.15776227813334
AMS,2024-01-15 15:30:00,SETUP1,605,40.00534948394884
AMS,2024-01-15 15:30:00,SETUP1,610,32.02133481512402
AMS,2024-01-15 15:30:00,SETUP1,615,28.474369405205735
AMS,2024-01-15 15:30:00,SETUP1,620,26.05701048945393
AMS,2024-01-15 15:30:00,SETUP1,625,21.465823257929674
AMS,2024-01-15 15:30:00,SETUP1,630,17.905317866031208
AMS,2024-01-15 15:30:00,SETUP1,635,16.194454290065078
AMS,2024-01-15 15:30:00,SETUP1,640,12.90830738530603
AMS,2024-01-15 15:30:00,SETUP1,645,10.966452810375625
AMS,2024-01-15 15:30:00,SETUP1,650,8.808813154711233
AMS,2024-01-15 15:30:00,SETUP1,655,7.993951014346874
AMS,2024-01-15 15:30:00,SETUP1,660,5.81758815580484
AMS,2024-01-15 15:30:00,SETUP1,665,4.839167687328553
AMS,2024-01-15 15:30:00,SETUP1,670,4.1297522121946
AMS,2024-01-15 15:30:00,SETUP1,675,3.1321451326752086
AMS,2024-01-15 15:30:00,SETUP1,680,2.3735186544775253
AMS,2024-01-15 15:30:00,SETUP1,685,1.9747486247813562
AMS,2024-01-15 15:30:00,SETUP1,690,1.3547296231867345
AMS,2024-01-15 15:30:00,SETUP1,695,1.009625757783482
AMS,2024-01-15 15:30:00,SETUP1,700,0.7549047733633353
AMS,2024-01-15 15:30:00,SETUP1,705,0.6360369706626672
AMS,2024-01-15 15:30:00,SETUP1,710,0.4618509887522071
AMS,2024-01-15 15:30:00,SETUP1,715,0.3234382913524172
AMS,2024-01-15 15:30:00,SETUP1,720,0.22867172564670155
AMS,2024-01-15 15:30:00,SETUP1,725,0.16804448653860485
AMS,2024-01-15 15:30:00,SETUP1,730,0.1153906399280818
AMS,2024-01-15 15:30:00,SETUP1,735,0.07554933644000575
AMS,2024-01-15 15:30:00,SETUP1,740,0.054303631646551304
AMS,2024-01-15 15:30:00,SETUP1,745,0.035865370698673064
AMS,2024-01-15 15:30:00,SETUP1,750,0.022142427259754262
AMS,2024-01-15 15:30:00,SETUP1,755,0.01546710419343243
AMS,2024-01-15 15:30:00,SETUP1,760,0.009972455289781385
AMS,2024-01-15 15:30:00,SETUP1,765,0.007393305547016584
AMS,2024-01-15 15:30:00,SETUP1,770,0.004437227568196795
AMS,2024-01-15 15:30:00,SETUP1,775,0.0030161090528472707
AMS,2024-01-15 15:30:00,SETUP1,780,0.0018797165564712584
AMS,2024-01-15 16:00:00,SETUP1,380,0.16791312513099724
AMS,2024-01-15 16:00:00,SETUP1,385,0.23292377446178086
AMS,2024-01-15 16:00:00,SETUP1,390,0.3269974836012218
AMS,2024-01-15 16:00:00,SETUP1,395,0.4238021801151238
AMS,2024-01-15 16:00:00,SETUP1,400,0.5192079252420138
AMS,2024-01-15 16:00:00,SETUP1,405,0.7413963052455541
AMS,2024-01-15 16:00:00,SETUP1,410,0.9567243326174408
AMS,2024-01-15 16:00:00,SETUP1,415,1.4070193605098482
AMS,2024-01-15 16:00:00,SETUP1,420,1.7225549686565222
AMS,2024-01-15 16:00:00,SETUP1,425,2.227851351473082
AMS,2024-01-15 16:00:00,SETUP1,430,2.6139496215600397
AMS,2024-01-15 16:00:00,SETUP1,435,3.738316040116339
AMS,2024-01-15 16:00:00,SETUP1,440,4.474040859661797
AMS,2024-01-15 16:00:00,SETUP1,445,5.560806961454985
AMS,2024-01-15 16:00:00,SETUP1,450,6.937229042582532
AMS,2024-01-15 16:00:00,SETUP1,455,8.164544132476474
AMS,2024-01-15 16:00:00,SETUP1,460,10.59220637783817
AMS,2024-01-15 16:00:00,SETUP1,465,10.929234482517131
AMS,2024-01-15 16:00:00,SETUP1,470,13.775295295529366
AMS,2024-01-15 16:00:00,SETUP1,475,15.641957140040857
AMS,2024-01-15 16:00:00,SETUP1,480,20.29595082450224
AMS,2024-01-15 16:00:00,SETUP1,485,20.07409779890266
AMS,2024-01-15 16:00:00,SETUP1,490,25.298009156300616
AMS,2024-01-15 16:00:00,SETUP1,495,27.7033317306808
AMS,2024-01-15 16:00:00,SETUP1,500,28.898472666283077
AMS,2024-01-15 16:00:00,SETUP1,505,35.94870469816142
AMS,2024-01-15 16:00:00,SETUP1,510,33.42151517693672
AMS,2024-01-15 16:00:00,SETUP1,515,40.132320125356195
AMS,2024-01-15 16:00:00,SETUP1,520,45.304179077424955
AMS,2024-01-15 16:00:00,SETUP1,525,44.580868281207884
AMS,2024-01-15 16:00:00,SETUP1,530,46.24930215138791
AMS,2024-01-15 16:00:00,SETUP1,535,46.055864682981245
AMS,2024-01-15 16:00:00,SETUP1,540,46.44355204235968
AMS,2024-01-15 16:00:00,SETUP1,545,51.44339358586452
AMS,2024-01-15 16:00:00,SETUP1,550,45.19861197987539
AMS,2024-01-15 16:00:00,SETUP1,555,51.80928948363662
AMS,2024-01-15 16:00:00,SETUP1,560,49.888393735880314
AMS,2024-01-15 16:00:00,SETUP1,565,45.089346259421546
AMS,2024-01-15 16:00:00,SETUP1,570,50.138943815305254
AMS,2024-01-15 16:00:00,SETUP1,575,43.845935395461495
AMS,2024-01-15 16:00:00,SETUP1,580,44.86538332844146
AMS,2024-01-15 16:00:00,SETUP1,585,41.673400907497545
AMS,2024-01-15 16:00:00,SETUP1,590,34.05116925193201
AMS,2024-01-15 16:00:00,SETUP1,595,33.28627987555311
AMS,2024-01-15 16:00:00,SETUP1,600,30.56512253277428
AMS,2024-01-15 16:00:00,SETUP1,605,28.826306857528614
AMS,2024-01-15 16:00:00,SETUP1,610,25.876664171648024
AMS,2024-01-15 16:00:00,SETUP1,615,19.61808391111011
AMS,2024-01-15 16:00:00,SETUP1,620,19.041684315846094
AMS,2024-01-15 16:00:00,SETUP1,625,15.621330025580011
AMS,2024-01-15 16:00:00,SETUP1,630,13.162848309297283
AMS,2024-01-15 16:00:00,SETUP1,635,12.68178514404158
AMS,2024-01-15 16:00:00,SETUP1,640,10.822959337099183
AMS,2024-01-15 16:00:00,SETUP1,645,7.416975805905993
AMS,2024-01-15 16:00:00,SETUP1,650,6.704812795966901
AMS,2024-01-15 16:00:00,SETUP1,655,5.70662624486729
AMS,2024-01-15 16:00:00,SETUP1,660,4.87498317648512
AMS,2024-01-15 16:00:00,SETUP1,665,3.4712920287661713
AMS,2024-01-15 16:00:00,SETUP1,670,3.046187724756898
AMS,2024-01-15 16:00:00,SETUP1,675,2.1137113428977177
AMS,2024-01-15 16:00:00,SETUP1,680,1.7699760719388784
AMS,2024-01-15 16:00:00,SETUP1,685,1.210700284010432
AMS,2024-01-15 16:00:00,SETUP1,690,1.0100042043384283
AMS,2024-01-15 16:00:00,SETUP1,695,0.6933984227723429
AMS,2024-01-15 16:00:00,SETUP1,700,0.5044475681704893
AMS,2024-01-15 16:00:00,SETUP1,705,0.3861647434735475
AMS,2024-01-15 16:00:00,SETUP1,710,0.32008003993365536
AMS,2024-01-15 16:00:00,SETUP1,715,0.2365495548518014
AMS,2024-01-15 16:00:00,SETUP1,720,0.1603866293759598
AMS,2024-01-15 16:00:00,SETUP1,725,0.10169994570032866
AMS,2024-01-15 16:00:00,SETUP1,730,0.08265416507339708
AMS,2024-01-15 16:00:00,SETUP1,735,0.0517350597156171
AMS,2024-01-15 16:00:00,SETUP1,740,0.03737674081862264
AMS,2024-01-15 16:00:00,SETUP1,745,0.025269069325072852
AMS,2024-01-15 16:00:00,SETUP1,750,0.01628359452667489
AMS,2024-01-15 16:00:00,SETUP1,755,0.011824061978746643
AMS,2024-01-15 16:00:00,SETUP1,760,0.008101849369877413
AMS,2024-01-15 16:00:00,SETUP1,765,0.004772135182625892
AMS,2024-01-15 16:00:00,SETUP1,770,0.003246922877972925
AMS,2024-01-15 16:00:00,SETUP1,775,0.0018421378469691285
AMS,2024-01-15 16:00:00,SETUP1,780,0.0013141555267492853
AMS,2024-01-15 16:30:00,SETUP1,380,0.1527545856199427
AMS,2024-01-15 16:30:00,SETUP1,385,0.23169498971552124
AMS,2024-01-15 16:30:00,SETUP1,390,0.31769599192211856
AMS,2024-01-15 16:30:00,SETUP1,395,0.37077028779119586
AMS,2024-01-15 16:30:00,SETUP1,400,0.604198988370093
AMS,2024-01-15 16:30:00,SETUP1,405,0.7240733969221684
AMS,2024-01-15 16:30:00,SETUP1,410,1.0102736189252435
AMS,2024-01-15 16:30:00,SETUP1,415,1.2338836465982526
AMS,2024-01-15 16:30:00,SETUP1,420,1.872049700921234
AMS,2024-01-15 16:30:00,SETUP1,425,2.010879516557177
AMS,2024-01-15 16:30:00,SETUP1,430,2.914046257270138
AMS,2024-01-15 16:30:00,SETUP1,435,3.5304945507715653
AMS,2024-01-15 16:30:00,SETUP1,440,4.807455136700044
AMS,2024-01-15 16:30:00,SETUP1,445,5.576883228231068
AMS,2024-01-15 16:30:00,SETUP1,450,6.263145065535738
AMS,2024-01-15 16:30:00,SETUP1,455,7.8406465623079376
AMS,2024-01-15 16:30:00,SETUP1,460,9.147846753430546
AMS,2024-01-15 16:30:00,SETUP1,465,11.557025592053417
AMS,2024-01-15 16:30:00,SETUP1,470,13.887786887191956
AMS,2024-01-15 16:30:00,SETUP1,475,17.749532198282385
AMS,2024-01-15 16:30:00,SETUP1,480,17.26999641286285
AMS,2024-01-15 16:30:00,SETUP1,485,20.003717042122044
AMS,2024-01-15 16:30:00,SETUP1,490,22.037967896820717
AMS,2024-01-15 16:30:00,SETUP1,495,28.417953290430606
AMS,2024-01-15 16:30:00,SETUP1,500,30.9439391230345
AMS,2024-01-15 16:30:00,SETUP1,505,32.81821850618434
AMS,2024-01-15 16:30:00,SETUP1,510,39.169568753417394
AMS,2024-01-15 16:30:00,SETUP1,515,39.02157263613376
AMS,2024-01-15 16:30:00,SETUP1,520,42.431159278657006
AMS,2024-01-15 16:30:00,SETUP1,525,45.15613709859981
AMS,2024-01-15 16:30:00,SETUP1,530,41.75508696967357
AMS,2024-01-15 16:30:00,SETUP1,535,43.69750560158477
AMS,2024-01-15 16:30:00,SETUP1,540,51.77778649032205
AMS,2024-01-15 16:30:00,SETUP1,545,50.11884606618202
AMS,2024-01-15 16:30:00,SETUP1,550,51.497468025493276
AMS,2024-01-15 16:30:00,SETUP1,555,45.77000435007025
AMS,2024-01-15 16:30:00,SETUP1,560,48.302799680571695
AMS,2024-01-15 16:30:00,SETUP1,565,48.07298769643954
AMS,2024-01-15 16:30:00,SETUP1,570,49.00838741414499
AMS,2024-01-15 16:30:00,SETUP1,575,40.25560388756275
AMS,2024-01-15 16:30:00,SETUP1,580,41.418065808610656
AMS,2024-01-15 16:30:00,SETUP1,585,41.545499933207054
AMS,2024-01-15 16:30:00,SETUP1,590,39.23173846087405
AMS,2024-01-15 16:30:00,SETUP1,595,36.01013033970931
AMS,2024-01-15 16:30:00,SETUP1,600,31.221201154431377
AMS,2024-01-15 16:30:00,SETUP1,605,29.763896211806482
AMS,2024-01-15 16:30:00,SETUP1,610,22.908876719126603
AMS,2024-01-15 16:30:00,SETUP1,615,19.37863510613125
AMS,2024-01-15 16:30:00,SETUP1,620,18.230249463585714
AMS,2024-01-15 16:30:00,SETUP1,625,17.30377274560888
AMS,2024-01-15 16:30:00,SETUP1,630,14.50318321369892
AMS,2024-01-15 16:30:00,SETUP1,635,12.200929560142706
AMS,2024-01-15 16:30:00,SETUP1,640,9.771230263993766
AMS,2024-01-15 16:30:00,SETUP1,645,8.456971606514648
AMS,2024-01-15 16:30:00,SETUP1,650,6.486655964200857
AMS,2024-01-15 16:30:00,SETUP1,655,5.028566038698472
AMS,2024-01-15 16:30:00,SETUP1,660,4.726807383363581
AMS,2024-01-15 16:30:00,SETUP1,665,3.7568978618859545
AMS,2024-01-15 16:30:00,SETUP1,670,2.7597111223970834
AMS,2024-01-15 16:30:00,SETUP1,675,2.2161598207230244
AMS,2024-01-15 16:30:00,SETUP1,680,1.7105492583415962
AMS,2024-01-15 16:30:00,SETUP1,685,1.2732212888407195
AMS,2024-01-15 16:30:00,SETUP1,690,1.018396811332488
AMS,2024-01-15 16:30:00,SETUP1,695,0.6728056913650551
AMS,2024-01-15 16:30:00,SETUP1,700,0.609151450815638
AMS,2024-01-15 16:30:00,SETUP1,705,0.41850567529198734
AMS,2024-01-15 16:30:00,SETUP1,710,0.2987993893851719
AMS,2024-01-15 16:30:00,SETUP1,715,0.22992039884725754
AMS,2024-01-15 16:30:00,SETUP1,720,0.16552933090960037
AMS,2024-01-15 16:30:00,SETUP1,725,0.11617864402037036
AMS,2024-01-15 16:30:00,SETUP1,730,0.07712281901105063
AMS,2024-01-15 16:30:00,SETUP1,735,0.04806049510353127
AMS,2024-01-15 16:30:00,SETUP1,740,0.0378978007164253
AMS,2024-01-15 16:30:00,SETUP1,745,0.025786422340152063
AMS,2024-01-15 16:30:00,SETUP1,750,0.01513843611092752
AMS,2024-01-15 16:30:00,SETUP1,755,0.010520127403335194
AMS,2024-01-15 16:30:00,SETUP1,760,0.007766368575941535
AMS,2024-01-15 16:30:00,SETUP1,765,0.005193712310635942
AMS,2024-01-15 16:30:00,SETUP1,770,0.0030447167086118778
AMS,2024-01-15 16:30:00,SETUP1,775,0.0021419018900554207
AMS,2024-01-15 16:30:00,SETUP1,780,0.001345310504906184
AMS,2024-01-15 17:00:00,SETUP1,380,0.0851617829980971
AMS,2024-01-15 17:00:00,SETUP1,385,0.10767013226970652
AMS,2024-01-15 17:00:00,SETUP1,390,0.15899014595247637
AMS,2024-01-15 17:00:00,SETUP1,395,0.21021037731782313
AMS,2024-01-15 17:00:00,SETUP1,400,0.2747479567964588
AMS,2024-01-15 17:00:00,SETUP1,405,0.40074642613285666
AMS,2024-01-15 17:00:00,SETUP1,410,0.5453590938969434
AMS,2024-01-15 17:00:00,SETUP1,415,0.734145374802917
AMS,2024-01-15 17:00:00,SETUP1,420,0.8739451518095345
AMS,2024-01-15 17:00:00,SETUP1,425,1.2167966685966376
AMS,2024-01-15 17:00:00,SETUP1,430,1.5255651666857801
AMS,2024-01-15 17:00:00,SETUP1,435,1.7311408206046999
AMS,2024-01-15 17:00:00,SETUP1,440,2.3096924562951333
AMS,2024-01-15 17:00:00,SETUP1,445,3.065594711392911
AMS,2024-01-15 17:00:00,SETUP1,450,3.1931260836408866
AMS,2024-01-15 17:00:00,SETUP1,455,4.092836540654961
AMS,2024-01-15 17:00:00,SETUP1,460,5.548862509205618
AMS,2024-01-15 17:00:00,SETUP1,465,6.589053476227804
AMS,2024-01-15 17:00:00,SETUP1,470,6.778416568970038
AMS,2024-01-15 17:00:00,SETUP1,475,7.991314399251171
AMS,2024-01-15 17:00:00,SETUP1,480,9.612819344399716
AMS,2024-01-15 17:00:00,SETUP1,485,10.603968193557016
AMS,2024-01-15 17:00:00,SETUP1,490,12.058717196457046
AMS,2024-01-15 17:00:00,SETUP1,495,13.171670727027898
AMS,2024-01-15 17:00:00,SETUP1,500,17.210100142565395
AMS,2024-01-15 17:00:00,SETUP1,505,18.643065754403093
AMS,2024-01-15 17:00:00,SETUP1,510,19.57555269062982
AMS,2024-01-15 17:00:00,SETUP1,515,20.07904981835837
AMS,2024-01-15 17:00:00,SETUP1,520,21.527925746426302
AMS,2024-01-15 17:00:00,SETUP1,525,22.553146464988398
AMS,2024-01-15 17:00:00,SETUP1,530,24.65663557394435
AMS,2024-01-15 17:00:00,SETUP1,535,26.39891134941498
AMS,2024-01-15 17:00:00,SETUP1,540,25.73173725215117
AMS,2024-01-15 17:00:00,SETUP1,545,25.951021318858018
AMS,2024-01-15 17:00:00,SETUP1,550,28.14767650447538
AMS,2024-01-15 17:00:00,SETUP1,555,26.69140701709597
AMS,2024-01-15 17:00:00,SETUP1,560,23.328582995295495
AMS,2024-01-15 17:00:00,SETUP1,565,23.355900154748433
AMS,2024-01-15 17:00:00,SETUP1,570,22.694358980520168
AMS,2024-01-15 17:00:00,SETUP1,575,22.209579361724817
AMS,2024-01-15 17:00:00,SETUP1,580,21.910454818979627
AMS,2024-01-15 17:00:00,SETUP1,585,21.839390003015975
AMS,2024-01-15 17:00:00,SETUP1,590,19.532781491758048
AMS,2024-01-15 17:00:00,SETUP1,595,17.400170222770317
AMS,2024-01-15 17:00:00,SETUP1,600,16.32908796303054
AMS,2024-01-15 17:00:00,SETUP1,605,13.450914565857591
AMS,2024-01-15 17:00:00,SETUP1,610,12.2037363996122
AMS,2024-01-15 17:00:00,SETUP1,615,10.255094385277022
AMS,2024-01-15 17:00:00,SETUP1,620,8.803468748439156
AMS,2024-01-15 17:00:00,SETUP1,625,8.96601452245846
AMS,2024-01-15 17:00:00,SETUP1,630,7.539915898972872
AMS,2024-01-15 17:00:00,SETUP1,635,6.476594335902059
AMS,2024-01-15 17:00:00,SETUP1,640,4.620280985922633
AMS,2024-01-15 17:00:00,SETUP1,645,3.926626530020782
AMS,2024-01-15 17:00:00,SETUP1,650,3.7483522606896464
AMS,2024-01-15 17:00:00,SETUP1,655,2.8977404025795837
AMS,2024-01-15 17:00:00,SETUP1,660,2.133952693545994
AMS,2024-01-15 17:00:00,SETUP1,665,1.8869974737556912
AMS,2024-01-15 17:00:00,SETUP1,670,1.5464131959788883
AMS,2024-01-15 17:00:00,SETUP1,675,1.1417657512988675
AMS,2024-01-15 17:00:00,SETUP1,680,0.9076768838600665
AMS,2024-01-15 17:00:00,SETUP1,685,0.7316705039101121
AMS,2024-01-15 17:00:00,SETUP1,690,0.5581753034098893
AMS,2024-01-15 17:00:00,SETUP1,695,0.3533954754193372
AMS,2024-01-15 17:00:00,SETUP1,700,0.3077716438570188
AMS,2024-01-15 17:00:00,SETUP1,705,0.21237956893354212
AMS,2024-01-15 17:00:00,SETUP1,710,0.15718086261176267
AMS,2024-01-15 17:00:00,SETUP1,715,0.11395147284231288
AMS,2024-01-15 17:00:00,SETUP1,720,0.08218748254094034
AMS,2024-01-15 17:00:00,SETUP1,725,0.0613467048123275
AMS,2024-01-15 17:00:00,SETUP1,730,0.03796972767680311
AMS,2024-01-15 17:00:00,SETUP1,735,0.02731891177040668
AMS,2024-01-15 17:00:00,SETUP1,740,0.01810562245849433
AMS,2024-01-15 17:00:00,SETUP1,745,0.01401462116895407
AMS,2024-01-15 17:00:00,SETUP1,750,0.008631055907968439
AMS,2024-01-15 17:00:00,SETUP1,755,0.005901651307955253
AMS,2024-01-15 17:00:00,SETUP1,760,0.003898755500515793
AMS,2024-01-15 17:00:00,SETUP1,765,0.002438938951016208
AMS,2024-01-15 17:00:00,SETUP1,770,0.0015286396868945346
AMS,2024-01-15 17:00:00,SETUP1,775,0.0010013267111880163
AMS,2024-01-15 17:00:00,SETUP1,780,0.0007021661642474338
AMS,2024-01-15 17:30:00,SETUP1,380,0.07276871850482053
AMS,2024-01-15 17:30:00,SETUP1,385,0.11726998667625002
AMS,2024-01-15 17:30:00,SETUP1,390,0.15554651374602865
AMS,2024-01-15 17:30:00,SETUP1,395,0.207671641197242
AMS,2024-01-15 17:30:00,SETUP1,400,0.28982853616443294
AMS,2024-01-15 17:30:00,SETUP1,405,0.38398733707457705
AMS,2024-01-15 17:30:00,SETUP1,410,0.47904540443016064
AMS,2024-01-15 17:30:00,SETUP1,415,0.642897054312137
AMS,2024-01-15 17:30:00,SETUP1,420,0.8056795402554866
AMS,2024-01-15 17:30:00,SETUP1,425,1.1670092441145627
AMS,2024-01-15 17:30:00,SETUP1,430,1.4556214904851796
AMS,2024-01-15 17:30:00,SETUP1,435,1.9177358260212576
AMS,2024-01-15 17:30:00,SETUP1,440,2.3099191324030257
AMS,2024-01-15 17:30:00,SETUP1,445,2.597222573020855
AMS,2024-01-15 17:30:00,SETUP1,450,3.574308614663841
AMS,2024-01-15 17:30:00,SETUP1,455,4.488486423113841
AMS,2024-01-15 17:30:00,SETUP1,460,4.915619256844857
AMS,2024-01-15 17:30:00,SETUP1,465,6.103239271060285
AMS,2024-01-15 17:30:00,SETUP1,470,7.8641972542062275
AMS,2024-01-15 17:30:00,SETUP1,475,8.773608752318877
AMS,2024-01-15 17:30:00,SETUP1,480,10.57714588328225
AMS,2024-01-15 17:30:00,SETUP1,485,12.19473846354713
AMS,2024-01-15 17:30:00,SETUP1,490,13.759551268693087
AMS,2024-01-15 17:30:00,SETUP1,495,14.275082983661884
AMS,2024-01-15 17:30:00,SETUP1,500,17.141251760764895
AMS,2024-01-15 17:30:00,SETUP1,505,16.96340179912825
AMS,2024-01-15 17:30:00,SETUP1,510,17.736829003819125
AMS,2024-01-15 17:30:00,SETUP1,515,19.7878839133127
AMS,2024-01-15 17:30:00,SETUP1,520,21.71085044659562
AMS,2024-01-15 17:30:00,SETUP1,525,23.406866137574017
AMS,2024-01-15 17:30:00,SETUP1,530,23.261756044290117
AMS,2024-01-15 17:30:00,SETUP1,535,25.290280004887016
AMS,2024-01-15 17:30:00,SETUP1,540,27.06490373866299
AMS,2024-01-15 17:30:00,SETUP1,545,27.875830475970474
AMS,2024-01-15 17:30:00,SETUP1,550,24.359711204651145
AMS,2024-01-15 17:30:00,SETUP1,555,27.889755600979647
AMS,2024-01-15 17:30:00,SETUP1,560,24.977791274543044
AMS,2024-01-15 17:30:00,SETUP1,565,26.72122593172327
AMS,2024-01-15 17:30:00,SETUP1,570,23.827994773568204
AMS,2024-01-15 17:30:00,SETUP1,575,22.12426424355194
AMS,2024-01-15 17:30:00,SETUP1,580,22.795527914098997
AMS,2024-01-15 17:30:00,SETUP1,585,19.321084630472466
AMS,2024-01-15 17:30:00,SETUP1,590,19.90737714473109
AMS,2024-01-15 17:30:00,SETUP1,595,18.755133100001796
AMS,2024-01-15 17:30:00,SETUP1,600,16.04547557819019
AMS,2024-01-15 17:30:00,SETUP1,605,14.76613367445717
AMS,2024-01-15 17:30:00,SETUP1,610,11.877856934956087
AMS,2024-01-15 17:30:00,SETUP1,615,11.780437443326383
AMS,2024-01-15 17:30:00,SETUP1,620,9.50424699607901
AMS,2024-01-15 17:30:00,SETUP1,625,7.8074935762235915
AMS,2024-01-15 17:30:00,SETUP1,630,7.1872750189844945
AMS,2024-01-15 17:30:00,SETUP1,635,5.921901922722844
AMS,2024-01-15 17:30:00,SETUP1,640,4.72068563596428
AMS,2024-01-15 17:30:00,SETUP1,645,4.583810160007864
AMS,2024-01-15 17:30:00,SETUP1,650,3.4796304591519007
AMS,2024-01-15 17:30:00,SETUP1,655,3.1095452867865796
AMS,2024-01-15 17:30:00,SETUP1,660,2.1314383117362166
AMS,2024-01-15 17:30:00,SETUP1,665,2.0143575427838325
AMS,2024-01-15 17:30:00,SETUP1,670,1.5380598102691851
AMS,2024-01-15 17:30:00,SETUP1,675,1.0835812939754803
AMS,2024-01-15 17:30:00,SETUP1,680,0.9631503827289
AMS,2024-01-15 17:30:00,SETUP1,685,0.7125621708298896
AMS,2024-01-15 17:30:00,SETUP1,690,0.4880768865234579
AMS,2024-01-15 17:30:00,SETUP1,695,0.35110961635546
AMS,2024-01-15 17:30:00,SETUP1,700,0.2947380588436009
AMS,2024-01-15 17:30:00,SETUP1,705,0.19513841938874257
AMS,2024-01-15 17:30:00,SETUP1,710,0.14204313621809958
AMS,2024-01-15 17:30:00,SETUP1,715,0.11405173913898214
AMS,2024-01-15 17:30:00,SETUP1,720,0.08676580503891083
AMS,2024-01-15 17:30:00,SETUP1,725,0.053131567402478874
AMS,2024-01-15 17:30:00,SETUP1,730,0.040721653703329516
AMS,2024-01-15 17:30:00,SETUP1,735,0.026128492609666154
AMS,2024-01-15 17:30:00,SETUP1,740,0.01753478441368594
AMS,2024-01-15 17:30:00,SETUP1,745,0.01318558217981645
AMS,2024-01-15 17:30:00,SETUP1,750,0.008269626684360147
AMS,2024-01-15 17:30:00,SETUP1,755,0.005323596952056818
AMS,2024-01-15 17:30:00,SETUP1,760,0.0041409522993944405
AMS,2024-01-15 17:30:00,SETUP1,765,0.0024290244263615725
AMS,2024-01-15 17:30:00,SETUP1,770,0.0016236120819354315
AMS,2024-01-15 17:30:00,SETUP1,775,0.0010318557650124025
AMS,2024-01-15 17:30:00,SETUP1,780,0.0007082698224156164
AMS,2024-01-16 08:00:00,SETUP1,380,0.15145928657832136
AMS,2024-01-16 08:00:00,SETUP1,385,0.21042763631854616
AMS,2024-01-16 08:00:00,SETUP1,390,0.3119540484837958
AMS,2024-01-16 08:00:00,SETUP1,395,0.40004239141957076
AMS,2024-01-16 08:00:00,SETUP1,400,0.5017945139481801
AMS,2024-01-16 08:00:00,SETUP1,405,0.7595375480315545
AMS,2024-01-16 08:00:00,SETUP1,410,1.0064472541537788
AMS,2024-01-16 08:00:00,SETUP1,415,1.239142755836633
AMS,2024-01-16 08:00:00,SETUP1,420,1.6235451107817422
AMS,2024-01-16 08:00:00,SETUP1,425,2.2966316816195596
AMS,2024-01-16 08:00:00,SETUP1,430,3.013077187678003
AMS,2024-01-16 08:00:00,SETUP1,435,3.8256749227236013
AMS,2024-01-16 08:00:00,SETUP1,440,4.621211796585135
AMS,2024-01-16 08:00:00,SETUP1,445,5.654082721277379
AMS,2024-01-16 08:00:00,SETUP1,450,6.098505632852193
AMS,2024-01-16 08:00:00,SETUP1,455,8.486345494697417
AMS,2024-01-16 08:00:00,SETUP1,460,9.360492656024695
AMS,2024-01-16 08:00:00,SETUP1,465,11.937610374602029
AMS,2024-01-16 08:00:00,SETUP1,470,13.267935477739622
AMS,2024-01-16 08:00:00,SETUP1,475,17.462382661511302
AMS,2024-01-16 08:00:00,SETUP1,480,17.937469301897274
AMS,2024-01-16 08:00:00,SETUP1,485,22.312826635590696
AMS,2024-01-16 08:00:00,SETUP1,490,25.075426502009062
AMS,2024-01-16 08:00:00,SETUP1,495,27.88049829343182
AMS,2024-01-16 08:00:00,SETUP1,500,32.571499131563336
AMS,2024-01-16 08:00:00,SETUP1,505,36.35175377064573
AMS,2024-01-16 08:00:00,SETUP1,510,34.891767472755774
AMS,2024-01-16 08:00:00,SETUP1,515,42.70382922612835
AMS,2024-01-16 08:00:00,SETUP1,520,41.82925690300783
AMS,2024-01-16 08:00:00,SETUP1,525,44.75770222360042
AMS,2024-01-16 08:00:00,SETUP1,530,42.68357522927205
AMS,2024-01-16 08:00:00,SETUP1,535,43.13100176141392
AMS,2024-01-16 08:00:00,SETUP1,540,47.859848123026545
AMS,2024-01-16 08:00:00,SETUP1,545,53.4722996252648
AMS,2024-01-16 08:00:00,SETUP1,550,46.01336213603073
AMS,2024-01-16 08:00:00,SETUP1,555,47.165732500018564
AMS,2024-01-16 08:00:00,SETUP1,560,49.14724757738099
AMS,2024-01-16 08:00:00,SETUP1,565,47.06398570857724
AMS,2024-01-16 08:00:00,SETUP1,570,42.401115467250186
AMS,2024-01-16 08:00:00,SETUP1,575,43.29151892313768
AMS,2024-01-16 08:00:00,SETUP1,580,41.94964429379821
AMS,2024-01-16 08:00:00,SETUP1,585,41.595915739026246
AMS,2024-01-16 08:00:00,SETUP1,590,32.76828474116284
AMS,2024-01-16 08:00:00,SETUP1,595,35.275616427749355
AMS,2024-01-16 08:00:00,SETUP1,600,28.219260287771448
AMS,2024-01-16 08:00:00,SETUP1,605,29.136804424096717
AMS,2024-01-16 08:00:00,SETUP1,610,22.83911356013761
AMS,2024-01-16 08:00:00,SETUP1,615,20.19572824589638
AMS,2024-01-16 08:00:00,SETUP1,620,18.440334875165973
AMS,2024-01-16 08:00:00,SETUP1,625,16.116187720856896
AMS,2024-01-16 08:00:00,SETUP1,630,14.173996448808404
AMS,2024-01-16 08:00:00,SETUP1,635,11.500512768999618
AMS,2024-01-16 08:00:00,SETUP1,640,10.862608818863267
AMS,2024-01-16 08:00:00,SETUP1,645,8.142424582145969
AMS,2024-01-16 08:00:00,SETUP1,650,6.6760898206677215
AMS,2024-01-16 08:00:00,SETUP1,655,5.257474942649804
AMS,2024-01-16 08:00:00,SETUP1,660,4.8557368754635295
AMS,2024-01-16 08:00:00,SETUP1,665,3.52313206304784
AMS,2024-01-16 08:00:00,SETUP1,670,2.574751586802743
AMS,2024-01-16 08:00:00,SETUP1,675,2.0870229453096556
AMS,2024-01-16 08:00:00,SETUP1,680,1.6559874081698152
AMS,2024-01-16 08:00:00,SETUP1,685,1.3313417924504685
AMS,2024-01-16 08:00:00,SETUP1,690,0.9834490574634077
AMS,2024-01-16 08:00:00,SETUP1,695,0.6909630237062994
AMS,2024-01-16 08:00:00,SETUP1,700,0.5711341138245207
AMS,2024-01-16 08:00:00,SETUP1,705,0.41409296029996
AMS,2024-01-16 08:00:00,SETUP1,710,0.32470485785951
AMS,2024-01-16 08:00:00,SETUP1,715,0.23728796360219473
AMS,2024-01-16 08:00:00,SETUP1,720,0.1653836055443402
AMS,2024-01-16 08:00:00,SETUP1,725,0.10669590867434886
AMS,2024-01-16 08:00:00,SETUP1,730,0.07031493697624455
AMS,2024-01-16 08:00:00,SETUP1,735,0.052295050028191015
AMS,2024-01-16 08:00:00,SETUP1,740,0.038167781392268764
AMS,2024-01-16 08:00:00,SETUP1,745,0.025792620184320925
AMS,2024-01-16 08:00:00,SETUP1,750,0.01627478422665625
AMS,2024-01-16 08:00:00,SETUP1,755,0.010694041843619252
AMS,2024-01-16 08:00:00,SETUP1,760,0.007602349689676755
AMS,2024-01-16 08:00:00,SETUP1,765,0.005172755886686445
AMS,2024-01-16 08:00:00,SETUP1,770,0.0028513660264676043
AMS,2024-01-16 08:00:00,SETUP1,775,0.0021478149962649417
AMS,2024-01-16 08:00:00,SETUP1,780,0.0013105346731830476
AMS,2024-01-16 08:30:00,SETUP1,380,0.15678873836940882
AMS,2024-01-16 08:30:00,SETUP1,385,0.2046546463930582
AMS,2024-01-16 08:30:00,SETUP1,390,0.27878273198808484
AMS,2024-01-16 08:30:00,SETUP1,395,0.42918240219402093
AMS,2024-01-16 08:30:00,SETUP1,400,0.5384822527316477
AMS,2024-01-16 08:30:00,SETUP1,405,0.8071914480704477
AMS,2024-01-16 08:30:00,SETUP1,410,0.899833202759426
AMS,2024-01-16 08:30:00,SETUP1,415,1.381592454966379
AMS,2024-01-16 08:30:00,SETUP1,420,1.7676823449661137
AMS,2024-01-16 08:30:00,SETUP1,425,2.0925530738342464
AMS,2024-01-16 08:30:00,SETUP1,430,2.99957685376593
AMS,2024-01-16 08:30:00,SETUP1,435,3.4395927734833536
AMS,2024-01-16 08:30:00,SETUP1,440,4.281644328293962
AMS,2024-01-16 08:30:00,SETUP1,445,6.016241112816222
AMS,2024-01-16 08:30:00,SETUP1,450,6.427469107835475
AMS,2024-01-16 08:30:00,SETUP1,455,8.797355282996934
AMS,2024-01-16 08:30:00,SETUP1,460,9.578387636961025
AMS,2024-01-16 08:30:00,SETUP1,465,11.850998169820855
AMS,2024-01-16 08:30:00,SETUP1,470,12.741076896577855
AMS,2024-01-16 08:30:00,SETUP1,475,17.54331654245651
AMS,2024-01-16 08:30:00,SETUP1,480,19.82504365383276
AMS,2024-01-16 08:30:00,SETUP1,485,20.489475854896494
AMS,2024-01-16 08:30:00,SETUP1,490,22.048874160831463
AMS,2024-01-16 08:30:00,SETUP1,495,29.362127084693938
AMS,2024-01-16 08:30:00,SETUP1,500,30.320652130983632
AMS,2024-01-16 08:30:00,SETUP1,505,33.190661680950804
AMS,2024-01-16 08:30:00,SETUP1,510,38.940248109185205
AMS,2024-01-16 08:30:00,SETUP1,515,39.01814676068013
AMS,2024-01-16 08:30:00,SETUP1,520,44.090002650063184
AMS,2024-01-16 08:30:00,SETUP1,525,44.60112346128177
AMS,2024-01-16 08:30:00,SETUP1,530,44.68130390878693
AMS,2024-01-16 08:30:00,SETUP1,535,45.98443728410712
AMS,2024-01-16 08:30:00,SETUP1,540,53.5420687131377
AMS,2024-01-16 08:30:00,SETUP1,545,53.95237372613184
AMS,2024-01-16 08:30:00,SETUP1,550,51.6997646946198
AMS,2024-01-16 08:30:00,SETUP1,555,52.05119863023573
AMS,2024-01-16 08:30:00,SETUP1,560,45.19906759125261
AMS,2024-01-16 08:30:00,SETUP1,565,48.09518048257751
AMS,2024-01-16 08:30:00,SETUP1,570,44.96590289258084
AMS,2024-01-16 08:30:00,SETUP1,575,41.307783109680166
AMS,2024-01-16 08:30:00,SETUP1,580,37.61282633240349
AMS,2024-01-16 08:30:00,SETUP1,585,40.14433344230127
AMS,2024-01-16 08:30:00,SETUP1,590,32.71570994509384
AMS,2024-01-16 08:30:00,SETUP1,595,33.54302384751013
AMS,2024-01-16 08:30:00,SETUP1,600,32.23439036903171
AMS,2024-01-16 08:30:00,SETUP1,605,29.32345375695003
AMS,2024-01-16 08:30:00,SETUP1,610,23.74722093192572
AMS,2024-01-16 08:30:00,SETUP1,615,22.90462173304048
AMS,2024-01-16 08:30:00,SETUP1,620,18.055468290781246
AMS,2024-01-16 08:30:00,SETUP1,625,16.53176688851349
AMS,2024-01-16 08:30:00,SETUP1,630,14.285387341050304
AMS,2024-01-16 08:30:00,SETUP1,635,12.108196738821732
AMS,2024-01-16 08:30:00,SETUP1,640,10.579432855479563
AMS,2024-01-16 08:30:00,SETUP1,645,7.619653279089108
AMS,2024-01-16 08:30:00,SETUP1,650,6.437251581012259
AMS,2024-01-16 08:30:00,SETUP1,655,5.336058426982241
AMS,2024-01-16 08:30:00,SETUP1,660,4.86890433539672
AMS,2024-01-16 08:30:00,SETUP1,665,3.3502587906177297
AMS,2024-01-16 08:30:00,SETUP1,670,2.9211609066456594
AMS,2024-01-16 08:30:00,SETUP1,675,2.3996111932866877
AMS,2024-01-16 08:30:00,SETUP1,680,1.6064685991457657
AMS,2024-01-16 08:30:00,SETUP1,685,1.3270626533805516
AMS,2024-01-16 08:30:00,SETUP1,690,1.027230391095335
AMS,2024-01-16 08:30:00,SETUP1,695,0.7276381660654986
AMS,2024-01-16 08:30:00,SETUP1,700,0.5019475312908783
AMS,2024-01-16 08:30:00,SETUP1,705,0.4492985030837682
AMS,2024-01-16 08:30:00,SETUP1,710,0.3072403312912073
AMS,2024-01-16 08:30:00,SETUP1,715,0.1991314159747386
AMS,2024-01-16 08:30:00,SETUP1,720,0.15750768780945826
AMS,2024-01-16 08:30:00,SETUP1,725,0.10566826202759935
AMS,2024-01-16 08:30:00,SETUP1,730,0.07077483953629006
AMS,2024-01-16 08:30:00,SETUP1,735,0.0571800635973176
AMS,2024-01-16 08:30:00,SETUP1,740,0.034844872585293556
AMS,2024-01-16 08:30:00,SETUP1,745,0.027271015843152377
AMS,2024-01-16 08:30:00,SETUP1,750,0.015464195387150203
AMS,2024-01-16 08:30:00,SETUP1,755,0.01093388770168232
AMS,2024-01-16 08:30:00,SETUP1,760,0.006726464922916634
AMS,2024-01-16 08:30:00,SETUP1,765,0.0049873260940644865
AMS,2024-01-16 08:30:00,SETUP1,770,0.00288885229437687
AMS,2024-01-16 08:30:00,SETUP1,775,0.001883787668945985
AMS,2024-01-16 08:30:00,SETUP1,780,0.0011893543548749058
AMS,2024-01-16 09:00:00,SETUP1,380,0.2312763333519374
AMS,2024-01-16 09:00:00,SETUP1,385,0.32106731005095673
AMS,2024-01-16 09:00:00,SETUP1,390,0.41525499979287395
AMS,2024-01-16 09:00:00,SETUP1,395,0.5357164987842612
AMS,2024-01-16 09:00:00,SETUP1,400,0.7371185858044895
AMS,2024-01-16 09:00:00,SETUP1,405,0.9512318424691366
AMS,2024-01-16 09:00:00,SETUP1,410,1.374227039091961
AMS,2024-01-16 09:00:00,SETUP1,415,1.8940545349101177
AMS,2024-01-16 09:00:00,SETUP1,420,2.1752755937867487
AMS,2024-01-16 09:00:00,SETUP1,425,3.366928836998539
AMS,2024-01-16 09:00:00,SETUP1,430,3.668871337645026
AMS,2024-01-16 09:00:00,SETUP1,435,5.505830869742478
AMS,2024-01-16 09:00:00,SETUP1,440,6.773460689847307
AMS,2024-01-16 09:00:00,SETUP1,445,7.80080943893687
AMS,2024-01-16 09:00:00,SETUP1,450,10.320948002883448
AMS,2024-01-16 09:00:00,SETUP1,455,10.850724373813682
AMS,2024-01-16 09:00:00,SETUP1,460,13.201198509451466
AMS,2024-01-16 09:00:00,SETUP1,465,18.232603766843972
AMS,2024-01-16 09:00:00,SETUP1,470,18.699578407389037
AMS,2024-01-16 09:00:00,SETUP1,475,20.87739829843796
AMS,2024-01-16 09:00:00,SETUP1,480,25.208470716813185
AMS,2024-01-16 09:00:00,SETUP1,485,30.623545659443256
AMS,2024-01-16 09:00:00,SETUP1,490,31.854929908535713
AMS,2024-01-16 09:00:00,SETUP1,495,36.68919949434261
AMS,2024-01-16 09:00:00,SETUP1,500,43.45571785905544
AMS,2024-01-16 09:00:00,SETUP1,505,48.48391758486343
AMS,2024-01-16 09:00:00,SETUP1,510,54.33280619382356
AMS,2024-01-16 09:00:00,SETUP1,515,53.53628982620369
AMS,2024-01-16 09:00:00,SETUP1,520,53.40076089733192
AMS,2024-01-16 09:00:00,SETUP1,525,67.14487172505359
AMS,2024-01-16 09:00:00,SETUP1,530,63.30125069107026
AMS,2024-01-16 09:00:00,SETUP1,535,61.81008583306528
AMS,2024-01-16 09:00:00,SETUP1,540,66.59584533057907
AMS,2024-01-16 09:00:00,SETUP1,545,71.50756038247324
AMS,2024-01-16 09:00:00,SETUP1,550,70.88352689923848
AMS,2024-01-16 09:00:00,SETUP1,555,70.56307899669899
AMS,2024-01-16 09:00:00,SETUP1,560,69.85445791833187
AMS,2024-01-16 09:00:00,SETUP1,565,69.83878558521546
AMS,2024-01-16 09:00:00,SETUP1,570,69.50295348375239
AMS,2024-01-16 09:00:00,SETUP1,575,65.3091933830496
AMS,2024-01-16 09:00:00,SETUP1,580,58.77137914815539
AMS,2024-01-16 09:00:00,SETUP1,585,56.541524235021875
AMS,2024-01-16 09:00:00,SETUP1,590,48.04604785783045
AMS,2024-01-16 09:00:00,SETUP1,595,47.08997490781222
AMS,2024-01-16 09:00:00,SETUP1,600,43.747095044285736
AMS,2024-01-16 09:00:00,SETUP1,605,34.87485271607015
AMS,2024-01-16 09:00:00,SETUP1,610,32.55602250946872
AMS,2024-01-16 09:00:00,SETUP1,615,29.157954261868557
AMS,2024-01-16 09:00:00,SETUP1,620,24.085814567058012
AMS,2024-01-16 09:00:00,SETUP1,625,21.119654932779888
AMS,2024-01-16 09:00:00,SETUP1,630,18.725559438843387
AMS,2024-01-16 09:00:00,SETUP1,635,15.223115705204956
AMS,2024-01-16 09:00:00,SETUP1,640,14.295085001980866
AMS,2024-01-16 09:00:00,SETUP1,645,11.194864852262768
AMS,2024-01-16 09:00:00,SETUP1,650,9.674496441583132
AMS,2024-01-16 09:00:00,SETUP1,655,7.024029830461999
AMS,2024-01-16 09:00:00,SETUP1,660,6.169123551878692
AMS,2024-01-16 09:00:00,SETUP1,665,5.130007675239208
AMS,2024-01-16 09:00:00,SETUP1,670,4.28519480227326
AMS,2024-01-16 09:00:00,SETUP1,675,3.21467267508682
AMS,2024-01-16 09:00:00,SETUP1,680,2.1859855557290735
AMS,2024-01-16 09:00:00,SETUP1,685,1.8416906139723275
AMS,2024-01-16 09:00:00,SETUP1,690,1.2677939824344189
AMS,2024-01-16 09:00:00,SETUP1,695,1.056540435375214
AMS,2024-01-16 09:00:00,SETUP1,700,0.8347459147822616
AMS,2024-01-16 09:00:00,SETUP1,705,0.5527683872717523
AMS,2024-01-16 09:00:00,SETUP1,710,0.4178390345847577
AMS,2024-01-16 09:00:00,SETUP1,715,0.2918316484005905
AMS,2024-01-16 09:00:00,SETUP1,720,0.23099502677607214
AMS,2024-01-16 09:00:00,SETUP1,725,0.1488311894069218
AMS,2024-01-16 09:00:00,SETUP1,730,0.11298270171741868
AMS,2024-01-16 09:00:00,SETUP1,735,0.07860472370349098
AMS,2024-01-16 09:00:00,SETUP1,740,0.04876055743508579
AMS,2024-01-16 09:00:00,SETUP1,745,0.034036734535727864
AMS,2024-01-16 09:00:00,SETUP1,750,0.025404542042230988
AMS,2024-01-16 09:00:00,SETUP1,755,0.017139044859344598
AMS,2024-01-16 09:00:00,SETUP1,760,0.010901682174347132
AMS,2024-01-16 09:00:00,SETUP1,765,0.006163386765348458
AMS,2024-01-16 09:00:00,SETUP1,770,0.004151037040521709
AMS,2024-01-16 09:00:00,SETUP1,775,0.002768403022442349
AMS,2024-01-16 09:00:00,SETUP1,780,0.0017070952062190608
AMS,2024-01-16 09:30:00,SETUP1,380,0.23209482737484793
AMS,2024-01-16 09:30:00,SETUP1,385,0.30934218580433165
AMS,2024-01-16 09:30:00,SETUP1,390,0.3854900697885425
AMS,2024-01-16 09:30:00,SETUP1,395,0.5291873824321626
AMS,2024-01-16 09:30:00,SETUP1,400,0.833894843694809
AMS,2024-01-16 09:30:00,SETUP1,405,1.1057078877895685
AMS,2024-01-16 09:30:00,SETUP1,410,1.4408919689821729
AMS,2024-01-16 09:30:00,SETUP1,415,1.847429046915775
AMS,2024-01-16 09:30:00,SETUP1,420,2.205606011547241
AMS,2024-01-16 09:30:00,SETUP1,425,2.8668706945796845
AMS,2024-01-16 09:30:00,SETUP1,430,4.07297666597392
AMS,2024-01-16 09:30:00,SETUP1,435,4.713825983317908
AMS,2024-01-16 09:30:00,SETUP1,440,6.231896142972806
AMS,2024-01-16 09:30:00,SETUP1,445,7.358623781950216
AMS,2024-01-16 09:30:00,SETUP1,450,9.370419811783858
AMS,2024-01-16 09:30:00,SETUP1,455,11.825382283266386
AMS,2024-01-16 09:30:00,SETUP1,460,13.644052252448574
AMS,2024-01-16 09:30:00,SETUP1,465,15.271760532759824
AMS,2024-01-16 09:30:00,SETUP1,470,19.409057080196668
AMS,2024-01-16 09:30:00,SETUP1,475,21.420609136208864
AMS,2024-01-16 09:30:00,SETUP1,480,27.681629400660515
AMS,2024-01-16 09:30:00,SETUP1,485,27.903786074856654
AMS,2024-01-16 09:30:00,SETUP1,490,33.889944857982094
AMS,2024-01-16 09:30:00,SETUP1,495,34.82398654687723
AMS,2024-01-16 09:30:00,SETUP1,500,39.798108739927116
AMS,2024-01-16 09:30:00,SETUP1,505,51.56926521974493
AMS,2024-01-16 09:30:00,SETUP1,510,56.43746190489505
AMS,2024-01-16 09:30:00,SETUP1,515,53.83517791949891
AMS,2024-01-16 09:30:00,SETUP1,520,55.577345921076265
AMS,2024-01-16 09:30:00,SETUP1,525,64.87161350563056
AMS,2024-01-16 09:30:00,SETUP1,530,71.01380422678224
AMS,2024-01-16 09:30:00,SETUP1,535,66.00473738955762
AMS,2024-01-16 09:30:00,SETUP1,540,62.725591881029025
AMS,2024-01-16 09:30:00,SETUP1,545,64.76384933810013
AMS,2024-01-16 09:30:00,SETUP1,550,75.0421479029222
AMS,2024-01-16 09:30:00,SETUP1,555,71.89383354943841
AMS,2024-01-16 09:30:00,SETUP1,560,65.86497916459007
AMS,2024-01-16 09:30:00,SETUP1,565,63.46597834000606
AMS,2024-01-16 09:30:00,SETUP1,570,59.11699372200846
AMS,2024-01-16 09:30:00,SETUP1,575,56.2669195698337
AMS,2024-01-16 09:30:00,SETUP1,580,62.067784892369076
AMS,2024-01-16 09:30:00,SETUP1,585,51.18261106045395
AMS,2024-01-16 09:30:00,SETUP1,590,55.649939629584736
AMS,2024-01-16 09:30:00,SETUP1,595,51.848497365006075
AMS,2024-01-16 09:30:00,SETUP1,600,41.57376338657191
AMS,2024-01-16 09:30:00,SETUP1,605,36.688864477519616
AMS,2024-01-16 09:30:00,SETUP1,610,35.270740419819674
AMS,2024-01-16 09:30:00,SETUP1,615,27.664342595363227
AMS,2024-01-16 09:30:00,SETUP1,620,24.966056186118628
AMS,2024-01-16 09:30:00,SETUP1,625,23.110329659363547
AMS,2024-01-16 09:30:00,SETUP1,630,17.720891196776673
AMS,2024-01-16 09:30:00,SETUP1,635,16.253332787371683
AMS,2024-01-16 09:30:00,SETUP1,640,12.940143707403555
AMS,2024-01-16 09:30:00,SETUP1,645,11.42741882288449
AMS,2024-01-16 09:30:00,SETUP1,650,10.202252028027086
AMS,2024-01-16 09:30:00,SETUP1,655,7.058614228774123
AMS,2024-01-16 09:30:00,SETUP1,660,6.9112759481842625
AMS,2024-01-16 09:30:00,SETUP1,665,4.814261688415525
AMS,2024-01-16 09:30:00,SETUP1,670,3.8023287970725073
AMS,2024-01-16 09:30:00,SETUP1,675,3.400775924807444
AMS,2024-01-16 09:30:00,SETUP1,680,2.2286839056688548
AMS,2024-01-16 09:30:00,SETUP1,685,1.959777228011091
AMS,2024-01-16 09:30:00,SETUP1,690,1.3189405309818125
AMS,2024-01-16 09:30:00,SETUP1,695,0.9508525962034142
AMS,2024-01-16 09:30:00,SETUP1,700,0.7644659660294052
AMS,2024-01-16 09:30:00,SETUP1,705,0.6268580897906009
AMS,2024-01-16 09:30:00,SETUP1,710,0.40653591983487103
AMS,2024-01-16 09:30:00,SETUP1,715,0.3355196637340021
AMS,2024-01-16 09:30:00,SETUP1,720,0.19761870592078826
AMS,2024-01-16 09:30:00,SETUP1,725,0.16094213155827114
AMS,2024-01-16 09:30:00,SETUP1,730,0.11098433254292768
AMS,2024-01-16 09:30:00,SETUP1,735,0.0735796610773309
AMS,2024-01-16 09:30:00,SETUP1,740,0.0483568969413205
AMS,2024-01-16 09:30:00,SETUP1,745,0.03533837886597534
AMS,2024-01-16 09:30:00,SETUP1,750,0.02278189575246055
AMS,2024-01-16 09:30:00,SETUP1,755,0.015923444703957457
AMS,2024-01-16 09:30:00,SETUP1,760,0.010627816640346758
AMS,2024-01-16 09:30:00,SETUP1,765,0.007460282204687321
AMS,2024-01-16 09:30:00,SETUP1,770,0.004679904586023094
AMS,2024-01-16 09:30:00,SETUP1,775,0.0027412134246213807
AMS,2024-01-16 09:30:00,SETUP1,780,0.0016941551490725641
AMS,2024-01-16 10:00:00,SETUP1,380,0.2523063195076946
AMS,2024-01-16 10:00:00,SETUP1,385,0.36119230390132434
AMS,2024-01-16 10:00:00,SETUP1,390,0.545344510772348
AMS,2024-01-16 10:00:00,SETUP1,395,0.6389438047367144
AMS,2024-01-16 10:00:00,SETUP1,400,1.0292494714271587
AMS,2024-01-16 10:00:00,SETUP1,405,1.3780680548108506
AMS,2024-01-16 10:00:00,SETUP1,410,1.7948943800240038
AMS,2024-01-16 10:00:00,SETUP1,415,2.484416870330819
AMS,2024-01-16 10:00:00,SETUP1,420,3.1216042275739193
AMS,2024-01-16 10:00:00,SETUP1,425,4.08424555877844
AMS,2024-01-16 10:00:00,SETUP1,430,5.127072680961834
AMS,2024-01-16 10:00:00,SETUP1,435,6.436346204156517
AMS,2024-01-16 10:00:00,SETUP1,440,7.470852907376319
AMS,2024-01-16 10:00:00,SETUP1,445,10.326600079790438
AMS,2024-01-16 10:00:00,SETUP1,450,11.021271477054064
AMS,2024-01-16 10:00:00,SETUP1,455,15.198103127644991
AMS,2024-01-16 10:00:00,SETUP1,460,15.977342375160184
AMS,2024-01-16 10:00:00,SETUP1,465,22.19495855011495
AMS,2024-01-16 10:00:00,SETUP1,470,23.661611467675023
AMS,2024-01-16 10:00:00,SETUP1,475,27.61865912849802
AMS,2024-01-16 10:00:00,SETUP1,480,30.2219234969906
AMS,2024-01-16 10:00:00,SETUP1,485,35.09789952613682
AMS,2024-01-16 10:00:00,SETUP1,490,41.66798741915197
AMS,2024-01-16 10:00:00,SETUP1,495,47.93621217054966
AMS,2024-01-16 10:00:00,SETUP1,500,48.43770956784855
AMS,2024-01-16 10:00:00,SETUP1,505,52.00211186433992
AMS,2024-01-16 10:00:00,SETUP1,510,61.31766202890358
AMS,2024-01-16 10:00:00,SETUP1,515,61.56029842348225
AMS,2024-01-16 10:00:00,SETUP1,520,71.52675532169754
AMS,2024-01-16 10:00:00,SETUP1,525,69.90634444943721
AMS,2024-01-16 10:00:00,SETUP1,530,86.29309033420958
AMS,2024-01-16 10:00:00,SETUP1,535,87.70925063102926
AMS,2024-01-16 10:00:00,SETUP1,540,77.54717266687604
AMS,2024-01-16 10:00:00,SETUP1,545,89.44689255858923
AMS,2024-01-16 10:00:00,SETUP1,550,81.65917056283277
AMS,2024-01-16 10:00:00,SETUP1,555,91.7673122294215
AMS,2024-01-16 10:00:00,SETUP1,560,92.98378724865097
AMS,2024-01-16 10:00:00,SETUP1,565,90.00499575401349
AMS,2024-01-16 10:00:00,SETUP1,570,78.54892065278045
AMS,2024-01-16 10:00:00,SETUP1,575,75.50122780003959
AMS,2024-01-16 10:00:00,SETUP1,580,67.76764531581352
AMS,2024-01-16 10:00:00,SETUP1,585,65.77070740737791
AMS,2024-01-16 10:00:00,SETUP1,590,67.53017738264123
AMS,2024-01-16 10:00:00,SETUP1,595,55.68431646079459
AMS,2024-01-16 10:00:00,SETUP1,600,51.7901037182196
AMS,2024-01-16 10:00:00,SETUP1,605,48.449970107279064
AMS,2024-01-16 10:00:00,SETUP1,610,44.72330004264422
AMS,2024-01-16 10:00:00,SETUP1,615,39.079688177895875
AMS,2024-01-16 10:00:00,SETUP1,620,32.43382258163862
AMS,2024-01-16 10:00:00,SETUP1,625,27.06970304406682
AMS,2024-01-16 10:00:00,SETUP1,630,23.681098275199957
AMS,2024-01-16 10:00:00,SETUP1,635,22.123895124705253
AMS,2024-01-16 10:00:00,SETUP1,640,17.8814095423096
AMS,2024-01-16 10:00:00,SETUP1,645,14.223155192105715
AMS,2024-01-16 10:00:00,SETUP1,650,11.674982676518662
AMS,2024-01-16 10:00:00,SETUP1,655,9.618471632489822
AMS,2024-01-16 10:00:00,SETUP1,660,8.448292527477538
AMS,2024-01-16 10:00:00,SETUP1,665,5.752967742168482
AMS,2024-01-16 10:00:00,SETUP1,670,4.950783561414157
AMS,2024-01-16 10:00:00,SETUP1,675,3.452703516805397
AMS,2024-01-16 10:00:00,SETUP1,680,3.1303585082149206
AMS,2024-01-16 10:00:00,SETUP1,685,2.1634322883237527
AMS,2024-01-16 10:00:00,SETUP1,690,1.7033803313413192
AMS,2024-01-16 10:00:00,SETUP1,695,1.2006744734643022
AMS,2024-01-16 10:00:00,SETUP1,700,0.9603404160888727
AMS,2024-01-16 10:00:00,SETUP1,705,0.7054294629340279
AMS,2024-01-16 10:00:00,SETUP1,710,0.5540317991593673
AMS,2024-01-16 10:00:00,SETUP1,715,0.381110928705799
AMS,2024-01-16 10:00:00,SETUP1,720,0.2912785010294387
AMS,2024-01-16 10:00:00,SETUP1,725,0.18752956275452595
AMS,2024-01-16 10:00:00,SETUP1,730,0.14188008749138326
AMS,2024-01-16 10:00:00,SETUP1,735,0.08305399560522327
AMS,2024-01-16 10:00:00,SETUP1,740,0.05792079344342319
AMS,2024-01-16 10:00:00,SETUP1,745,0.04583474996314796
AMS,2024-01-16 10:00:00,SETUP1,750,0.029660706083667734
AMS,2024-01-16 10:00:00,SETUP1,755,0.020972501966317336
AMS,2024-01-16 10:00:00,SETUP1,760,0.012517787446465013
AMS,2024-01-16 10:00:00,SETUP1,765,0.008565577603823975
AMS,2024-01-16 10:00:00,SETUP1,770,0.005747934252406871
AMS,2024-01-16 10:00:00,SETUP1,775,0.0036493747045248906
AMS,2024-01-16 10:00:00,SETUP1,780,0.00203453644775538
AMS,2024-01-16 10:30:00,SETUP1,380,0.24232995864499832
AMS,2024-01-16 10:30:00,SETUP1,385,0.3551883418129671
AMS,2024-01-16 10:30:00,SETUP1,390,0.47389215608543644
AMS,2024-01-16 10:30:00,SETUP1,395,0.6419983384151705
AMS,2024-01-16 10:30:00,SETUP1,400,1.017734478037459
AMS,2024-01-16 10:30:00,SETUP1,405,1.3334888373898792
AMS,2024-01-16 10:30:00,SETUP1,410,1.5914515802257536
AMS,2024-01-16 10:30:00,SETUP1,415,2.1460285673690667
AMS,2024-01-16 10:30:00,SETUP1,420,3.14321130367537
AMS,2024-01-16 10:30:00,SETUP1,425,3.6691447721806636
AMS,2024-01-16 10:30:00,SETUP1,430,4.5168947445744685
AMS,2024-01-16 10:30:00,SETUP1,435,6.536463013114834
AMS,2024-01-16 10:30:00,SETUP1,440,8.44379672762076
AMS,2024-01-16 10:30:00,SETUP1,445,10.408879806775944
AMS,2024-01-16 10:30:00,SETUP1,450,12.371494342798002
AMS,2024-01-16 10:30:00,SETUP1,455,12.935190611102113
AMS,2024-01-16 10:30:00,SETUP1,460,17.816580252280076
AMS,2024-01-16 10:30:00,SETUP1,465,20.071996117062717
AMS,2024-01-16 10:30:00,SETUP1,470,23.210381027492055
AMS,2024-01-16 10:30:00,SETUP1,475,28.28381356825209
AMS,2024-01-16 10:30:00,SETUP1,480,33.75764077527364
AMS,2024-01-16 10:30:00,SETUP1,485,38.269990345465125
AMS,2024-01-16 10:30:00,SETUP1,490,41.93906878464677
AMS,2024-01-16 10:30:00,SETUP1,495,45.78512203814117
AMS,2024-01-16 10:30:00,SETUP1,500,53.95491839590197
AMS,2024-01-16 10:30:00,SETUP1,505,57.26695494346838
AMS,2024-01-16 10:30:00,SETUP1,510,56.60362023415879
AMS,2024-01-16 10:30:00,SETUP1,515,63.40644509081669
AMS,2024-01-16 10:30:00,SETUP1,520,66.71340415350762
AMS,2024-01-16 10:30:00,SETUP1,525,78.75264581222713
AMS,2024-01-16 10:30:00,SETUP1,530,78.94226327526104
AMS,2024-01-16 10:30:00,SETUP1,535,82.98692806978278
AMS,2024-01-16 10:30:00,SETUP1,540,84.69414199772754
AMS,2024-01-16 10:30:00,SETUP1,545,90.41235365656632
AMS,2024-01-16 10:30:00,SETUP1,550,78.88830598279097
AMS,2024-01-16 10:30:00,SETUP1,555,90.01566331371163
AMS,2024-01-16 10:30:00,SETUP1,560,90.93032572039616
AMS,2024-01-16 10:30:00,SETUP1,565,88.9435594796873
AMS,2024-01-16 10:30:00,SETUP1,570,73.08025538408026
AMS,2024-01-16 10:30:00,SETUP1,575,71.90907969815993
AMS,2024-01-16 10:30:00,SETUP1,580,79.52092140998558
AMS,2024-01-16 10:30:00,SETUP1,585,73.59782166857231
AMS,2024-01-16 10:30:00,SETUP1,590,66.63539415432228
AMS,2024-01-16 10:30:00,SETUP1,595,59.98015960072446
AMS,2024-01-16 10:30:00,SETUP1,600,55.38983075925668
AMS,2024-01-16 10:30:00,SETUP1,605,50.40875852118916
AMS,2024-01-16 10:30:00,SETUP1,610,39.00670734534859
AMS,2024-01-16 10:30:00,SETUP1,615,39.7286079325628
AMS,2024-01-16 10:30:00,SETUP1,620,31.25813392631351
AMS,2024-01-16 10:30:00,SETUP1,625,27.442872398608156
AMS,2024-01-16 10:30:00,SETUP1,630,24.442099440179224
AMS,2024-01-16 10:30:00,SETUP1,635,21.602694829271552
AMS,2024-01-16 10:30:00,SETUP1,640,15.81245151657202
AMS,2024-01-16 10:30:00,SETUP1,645,14.356148874157112
AMS,2024-01-16 10:30:00,SETUP1,650,12.253651427788943
AMS,2024-01-16 10:30:00,SETUP1,655,9.897179725220656
AMS,2024-01-16 10:30:00,SETUP1,660,8.325799999013489
AMS,2024-01-16 10:30:00,SETUP1,665,6.538346476944303
AMS,2024-01-16 10:30:00,SETUP1,670,4.988460792454669
AMS,2024-01-16 10:30:00,SETUP1,675,3.4794023245846386
AMS,2024-01-16 10:30:00,SETUP1,680,2.9073136066846486
AMS,2024-01-16 10:30:00,SETUP1,685,2.396385492439352
AMS,2024-01-16 10:30:00,SETUP1,690,1.8156383735534023
AMS,2024-01-16 10:30:00,SETUP1,695,1.218224403280018
AMS,2024-01-16 10:30:00,SETUP1,700,0.8890450634695232
AMS,2024-01-16 10:30:00,SETUP1,705,0.6942410273718699
AMS,2024-01-16 10:30:00,SETUP1,710,0.5614263893799197
AMS,2024-01-16 10:30:00,SETUP1,715,0.39119938575329166
AMS,2024-01-16 10:30:00,SETUP1,720,0.24533877845322166
AMS,2024-01-16 10:30:00,SETUP1,725,0.19845040697555194
AMS,2024-01-16 10:30:00,SETUP1,730,0.12982881205226093
AMS,2024-01-16 10:30:00,SETUP1,735,0.08993228475503862
AMS,2024-01-16 10:30:00,SETUP1,740,0.06477615770746176
AMS,2024-01-16 10:30:00,SETUP1,745,0.042955834850384456
AMS,2024-01-16 10:30:00,SETUP1,750,0.030295555052405186
AMS,2024-01-16 10:30:00,SETUP1,755,0.01913035025813193
AMS,2024-01-16 10:30:00,SETUP1,760,0.013937588401018951
AMS,2024-01-16 10:30:00,SETUP1,765,0.007662731847856028
AMS,2024-01-16 10:30:00,SETUP1,770,0.005605226967493963
AMS,2024-01-16 10:30:00,SETUP1,775,0.003620261390726791
AMS,2024-01-16 10:30:00,SETUP1,780,0.0020762747207390348
AMS,2024-01-16 11:00:00,SETUP1,380,0.30473140281409966
AMS,2024-01-16 11:00:00,SETUP1,385,0.38551053716520794
AMS,2024-01-16 11:00:00,SETUP1,390,0.5791004176629106
AMS,2024-01-16 11:00:00,SETUP1,395,0.7489850696176201
AMS,2024-01-16 11:00:00,SETUP1,400,1.1296885182249494
AMS,2024-01-16 11:00:00,SETUP1,405,1.4137696681807776
AMS,2024-01-16 11:00:00,SETUP1,410,1.8637090263075007
AMS,2024-01-16 11:00:00,SETUP1,415,2.2805137178469197
AMS,2024-01-16 11:00:00,SETUP1,420,3.3761078873638777
AMS,2024-01-16 11:00:00,SETUP1,425,4.058933802444001
AMS,2024-01-16 11:00:00,SETUP1,430,5.733996601663924
AMS,2024-01-16 11:00:00,SETUP1,435,6.865357702042439
AMS,2024-01-16 11:00:00,SETUP1,440,7.867034310993919
AMS,2024-01-16 11:00:00,SETUP1,445,9.853534587769431
AMS,2024-01-16 11:00:00,SETUP1,450,13.840460540068682
AMS,2024-01-16 11:00:00,SETUP1,455,16.68968995598673
AMS,2024-01-16 11:00:00,SETUP1,460,17.791479356711392
AMS,2024-01-16 11:00:00,SETUP1,465,22.93674221137367
AMS,2024-01-16 11:00:00,SETUP1,470,26.839202584325186
AMS,2024-01-16 11:00:00,SETUP1,475,34.1945554985074
AMS,2024-01-16 11:00:00,SETUP1,480,36.592606680238596
AMS,2024-01-16 11:00:00,SETUP1,485,43.785421095734975
AMS,2024-01-16 11:00:00,SETUP1,490,49.30302517815662
AMS,2024-01-16 11:00:00,SETUP1,495,56.70339799893982
AMS,2024-01-16 11:00:00,SETUP1,500,57.947843084013535
AMS,2024-01-16 11:00:00,SETUP1,505,64.90553540765802
AMS,2024-01-16 11:00:00,SETUP1,510,67.8108874457778
AMS,2024-01-16 11:00:00,SETUP1,515,69.20881769368903
AMS,2024-01-16 11:00:00,SETUP1,520,81.86220531892384
AMS,2024-01-16 11:00:00,SETUP1,525,92.59487772512627
AMS,2024-01-16 11:00:00,SETUP1,530,87.59741843656133
AMS,2024-01-16 11:00:00,SETUP1,535,96.53286357193768
AMS,2024-01-16 11:00:00,SETUP1,540,88.73662649064671
AMS,2024-01-16 11:00:00,SETUP1,545,104.58033459190197
AMS,2024-01-16 11:00:00,SETUP1,550,89.43177212022404
AMS,2024-01-16 11:00:00,SETUP1,555,104.42841859524552
AMS,2024-01-16 11:00:00,SETUP1,560,87.6922852652517
AMS,2024-01-16 11:00:00,SETUP1,565,83.28817623603476
AMS,2024-01-16 11:00:00,SETUP1,570,97.42582120723506
AMS,2024-01-16 11:00:00,SETUP1,575,90.65156238291192
AMS,2024-01-16 11:00:00,SETUP1,580,75.59017950076361
AMS,2024-01-16 11:00:00,SETUP1,585,69.9019131756956
AMS,2024-01-16 11:00:00,SETUP1,590,64.9745055422193
AMS,2024-01-16 11:00:00,SETUP1,595,61.21373670877139
AMS,2024-01-16 11:00:00,SETUP1,600,52.98439996176288
AMS,2024-01-16 11:00:00,SETUP1,605,47.590708777694715
AMS,2024-01-16 11:00:00,SETUP1,610,49.644803475782716
AMS,2024-01-16 11:00:00,SETUP1,615,42.20513422904189
AMS,2024-01-16 11:00:00,SETUP1,620,38.182307094709785
AMS,2024-01-16 11:00:00,SETUP1,625,30.8639201185413
AMS,2024-01-16 11:00:00,SETUP1,630,25.893374336131156
AMS,2024-01-16 11:00:00,SETUP1,635,20.974286612775867
AMS,2024-01-16 11:00:00,SETUP1,640,18.988203399058406
AMS,2024-01-16 11:00:00,SETUP1,645,16.8207843574484
AMS,2024-01-16 11:00:00,SETUP1,650,13.694817052969206
AMS,2024-01-16 11:00:00,SETUP1,655,11.378848372981382
AMS,2024-01-16 11:00:00,SETUP1,660,8.371283723589096
AMS,2024-01-16 11:00:00,SETUP1,665,6.798945462147359
AMS,2024-01-16 11:00:00,SETUP1,670,5.2444856500988335
AMS,2024-01-16 11:00:00,SETUP1,675,4.540258542824644
AMS,2024-01-16 11:00:00,SETUP1,680,3.1179965968038417
AMS,2024-01-16 11:00:00,SETUP1,685,2.3702169560024586
AMS,2024-01-16 11:00:00,SETUP1,690,1.8074999431391743
AMS,2024-01-16 11:00:00,SETUP1,695,1.5745292305950014
AMS,2024-01-16 11:00:00,SETUP1,700,1.127741507478544
AMS,2024-01-16 11:00:00,SETUP1,705,0.7892592347031231
AMS,2024-01-16 11:00:00,SETUP1,710,0.5640617408437643
AMS,2024-01-16 11:00:00,SETUP1,715,0.40305147528678176
AMS,2024-01-16 11:00:00,SETUP1,720,0.3280055290045297
AMS,2024-01-16 11:00:00,SETUP1,725,0.1937138988747061
AMS,2024-01-16 11:00:00,SETUP1,730,0.14524274898031392
AMS,2024-01-16 11:00:00,SETUP1,735,0.1104304486140612
AMS,2024-01-16 11:00:00,SETUP1,740,0.07580107536694514
AMS,2024-01-16 11:00:00,SETUP1,745,0.0454964546111228
AMS,2024-01-16 11:00:00,SETUP1,750,0.03441551791353153
AMS,2024-01-16 11:00:00,SETUP1,755,0.02257028742660556
AMS,2024-01-16 11:00:00,SETUP1,760,0.015150465961985639
AMS,2024-01-16 11:00:00,SETUP1,765,0.01019705224937825
AMS,2024-01-16 11:00:00,SETUP1,770,0.005949956843022303
AMS,2024-01-16 11:00:00,SETUP1,775,0.003967920628241778
AMS,2024-01-16 11:00:00,SETUP1,780,0.0026058538107466118
AMS,2024-01-16 11:30:00,SETUP1,380,0.32686747945825023
AMS,2024-01-16 11:30:00,SETUP1,385,0.44138414035093493
AMS,2024-01-16 11:30:00,SETUP1,390,0.5993698225218176
AMS,2024-01-16 11:30:00,SETUP1,395,0.7434240559335887
AMS,2024-01-16 11:30:00,SETUP1,400,0.9780839350204744
AMS,2024-01-16 11:30:00,SETUP1,405,1.415698050758959
AMS,2024-01-16 11:30:00,SETUP1,410,2.0416903409198692
AMS,2024-01-16 11:30:00,SETUP1,415,2.496222810945371
AMS,2024-01-16 11:30:00,SETUP1,420,3.5863869578941845
AMS,2024-01-16 11:30:00,SETUP1,425,4.564085795382384
AMS,2024-01-16 11:30:00,SETUP1,430,5.536331122287472
AMS,2024-01-16 11:30:00,SETUP1,435,6.3709527147568386
AMS,2024-01-16 11:30:00,SETUP1,440,8.73233269017662
AMS,2024-01-16 11:30:00,SETUP1,445,10.028232325182469
AMS,2024-01-16 11:30:00,SETUP1,450,12.391629109679807
AMS,2024-01-16 11:30:00,SETUP1,455,15.046621890423266
AMS,2024-01-16 11:30:00,SETUP1,460,17.812746330529624
AMS,2024-01-16 11:30:00,SETUP1,465,20.55202521577744
AMS,2024-01-16 11:30:00,SETUP1,470,29.15209365731467
AMS,2024-01-16 11:30:00,SETUP1,475,29.51261769066856
AMS,2024-01-16 11:30:00,SETUP1,480,32.679280256858306
AMS,2024-01-16 11:30:00,SETUP1,485,42.43063154649932
AMS,2024-01-16 11:30:00,SETUP1,490,43.07602932184256
AMS,2024-01-16 11:30:00,SETUP1,495,54.3308187184534
AMS,2024-01-16 11:30:00,SETUP1,500,56.7501370332611
AMS,2024-01-16 11:30:00,SETUP1,505,67.55222095632236
AMS,2024-01-16 11:30:00,SETUP1,510,65.76313090477832
AMS,2024-01-16 11:30:00,SETUP1,515,83.12255426499726
AMS,2024-01-16 11:30:00,SETUP1,520,82.91401564210885
AMS,2024-01-16 11:30:00,SETUP1,525,87.47869596954816
AMS,2024-01-16 11:30:00,SETUP1,530,88.27939449370606
AMS,2024-01-16 11:30:00,SETUP1,535,87.68129071918531
AMS,2024-01-16 11:30:00,SETUP1,540,98.35129995912476
AMS,2024-01-16 11:30:00,SETUP1,545,103.10310732696942
AMS,2024-01-16 11:30:00,SETUP1,550,99.50253979787877
AMS,2024-01-16 11:30:00,SETUP1,555,89.4181516800019
AMS,2024-01-16 11:30:00,SETUP1,560,103.43138495928582
AMS,2024-01-16 11:30:00,SETUP1,565,98.68730352368709
AMS,2024-01-16 11:30:00,SETUP1,570,90.38272492709515
AMS,2024-01-16 11:30:00,SETUP1,575,84.72191553277129
AMS,2024-01-16 11:30:00,SETUP1,580,80.34978222523488
AMS,2024-01-16 11:30:00,SETUP1,585,76.19523033137078
AMS,2024-01-16 11:30:00,SETUP1,590,74.23661738957061
AMS,2024-01-16 11:30:00,SETUP1,595,66.39317382727587
AMS,2024-01-16 11:30:00,SETUP1,600,61.48132517762104
AMS,2024-01-16 11:30:00,SETUP1,605,54.65138794363251
AMS,2024-01-16 11:30:00,SETUP1,610,42.42039650335697
AMS,2024-01-16 11:30:00,SETUP1,615,42.16536588593948
AMS,2024-01-16 11:30:00,SETUP1,620,38.40383289603677
AMS,2024-01-16 11:30:00,SETUP1,625,32.759046085318694
AMS,2024-01-16 11:30:00,SETUP1,630,26.70020477149252
AMS,2024-01-16 11:30:00,SETUP1,635,22.910243031839574
AMS,2024-01-16 11:30:00,SETUP1,640,18.592995281545807
AMS,2024-01-16 11:30:00,SETUP1,645,16.06929121088746
AMS,2024-01-16 11:30:00,SETUP1,650,11.830449198968898
AMS,2024-01-16 11:30:00,SETUP1,655,10.816548533718331
AMS,2024-01-16 11:30:00,SETUP1,660,9.135469691503248
AMS,2024-01-16 11:30:00,SETUP1,665,6.796836545074269
AMS,2024-01-16 11:30:00,SETUP1,670,5.7279251633975665
AMS,2024-01-16 11:30:00,SETUP1,675,4.657409230844906
AMS,2024-01-16 11:30:00,SETUP1,680,2.9693607278510776
AMS,2024-01-16 11:30:00,SETUP1,685,2.66586247926681
AMS,2024-01-16 11:30:00,SETUP1,690,1.9381312731379243
AMS,2024-01-16 11:30:00,SETUP1,695,1.5601909951971589
AMS,2024-01-16 11:30:00,SETUP1,700,1.1758385707328887
AMS,2024-01-16 11:30:00,SETUP1,705,0.7523824397127631
AMS,2024-01-16 11:30:00,SETUP1,710,0.5916731369336002
AMS,2024-01-16 11:30:00,SETUP1,715,0.38085252789699336
AMS,2024-01-16 11:30:00,SETUP1,720,0.31418837628933854
AMS,2024-01-16 11:30:00,SETUP1,725,0.22297419015996628
AMS,2024-01-16 11:30:00,SETUP1,730,0.15096779164085034
AMS,2024-01-16 11:30:00,SETUP1,735,0.09927203793464968
AMS,2024-01-16 11:30:00,SETUP1,740,0.07418356060701414
AMS,2024-01-16 11:30:00,SETUP1,745,0.04400677268049496
AMS,2024-01-16 11:30:00,SETUP1,750,0.03512080350638244
AMS,2024-01-16 11:30:00,SETUP1,755,0.023612597016139034
AMS,2024-01-16 11:30:00,SETUP1,760,0.014116582134580448
AMS,2024-01-16 11:30:00,SETUP1,765,0.00922065884522904
AMS,2024-01-16 11:30:00,SETUP1,770,0.005800360946008343
AMS,2024-01-16 11:30:00,SETUP1,775,0.004128479663468395
AMS,2024-01-16 11:30:00,SETUP1,780,0.002682112286466248
AMS,2024-01-16 12:00:00,SETUP1,380,0.31587691555486497
AMS,2024-01-16 12:00:00,SETUP1,385,0.4076340712718073
AMS,2024-01-16 12:00:00,SETUP1,390,0.5843057452159901
AMS,2024-01-16 12:00:00,SETUP1,395,0.8166771274244645
AMS,2024-01-16 12:00:00,SETUP1,400,1.15889026781058
AMS,2024-01-16 12:00:00,SETUP1,405,1.5220274904349163
AMS,2024-01-16 12:00:00,SETUP1,410,2.113044374881812
AMS,2024-01-16 12:00:00,SETUP1,415,2.823947892874901
AMS,2024-01-16 12:00:00,SETUP1,420,3.1680713472619964
AMS,2024-01-16 12:00:00,SETUP1,425,4.358965495808726
AMS,2024-01-16 12:00:00,SETUP1,430,5.462169243050465
AMS,2024-01-16 12:00:00,SETUP1,435,6.972127548278759
AMS,2024-01-16 12:00:00,SETUP1,440,8.109262126805511
AMS,2024-01-16 12:00:00,SETUP1,445,11.42057362527852
AMS,2024-01-16 12:00:00,SETUP1,450,13.644733760936594
AMS,2024-01-16 12:00:00,SETUP1,455,17.719767157683396
AMS,2024-01-16 12:00:00,SETUP1,460,19.5679282280236
AMS,2024-01-16 12:00:00,SETUP1,465,22.72626728630346
AMS,2024-01-16 12:00:00,SETUP1,470,27.24833814366115
AMS,2024-01-16 12:00:00,SETUP1,475,34.509805050985605
AMS,2024-01-16 12:00:00,SETUP1,480,40.83803169066214
AMS,2024-01-16 12:00:00,SETUP1,485,44.746913140745995
AMS,2024-01-16 12:00:00,SETUP1,490,52.23470313080973
AMS,2024-01-16 12:00:00,SETUP1,495,53.94776803331021
AMS,2024-01-16 12:00:00,SETUP1,500,65.71019340970048
AMS,2024-01-16 12:00:00,SETUP1,505,71.59063875725406
AMS,2024-01-16 12:00:00,SETUP1,510,68.888534205614
AMS,2024-01-16 12:00:00,SETUP1,515,80.33186971665418
AMS,2024-01-16 12:00:00,SETUP1,520,83.83328377970025
AMS,2024-01-16 12:00:00,SETUP1,525,96.50775732424952
AMS,2024-01-16 12:00:00,SETUP1,530,88.45949334468568
AMS,2024-01-16 12:00:00,SETUP1,535,100.67966650980551
AMS,2024-01-16 12:00:00,SETUP1,540,92.6887357485364
AMS,2024-01-16 12:00:00,SETUP1,545,103.08921938795223
AMS,2024-01-16 12:00:00,SETUP1,550,106.4892601194365
AMS,2024-01-16 12:00:00,SETUP1,555,94.36342940838031
AMS,2024-01-16 12:00:00,SETUP1,560,101.82220822431827
AMS,2024-01-16 12:00:00,SETUP1,565,104.16633161813347
AMS,2024-01-16 12:00:00,SETUP1,570,100.97579716494775
AMS,2024-01-16 12:00:00,SETUP1,575,84.99948236961357
AMS,2024-01-16 12:00:00,SETUP1,580,89.36427762519293
AMS,2024-01-16 12:00:00,SETUP1,585,75.17218809805502
AMS,2024-01-16 12:00:00,SETUP1,590,77.98190881460394
AMS,2024-01-16 12:00:00,SETUP1,595,71.90644285770671
AMS,2024-01-16 12:00:00,SETUP1,600,66.44172447270512
AMS,2024-01-16 12:00:00,SETUP1,605,51.65032341765528
AMS,2024-01-16 12:00:00,SETUP1,610,51.44968073425356
AMS,2024-01-16 12:00:00,SETUP1,615,40.3928463018171
AMS,2024-01-16 12:00:00,SETUP1,620,37.059582306497084
AMS,2024-01-16 12:00:00,SETUP1,625,30.229887372784006
AMS,2024-01-16 12:00:00,SETUP1,630,29.447007015910113
AMS,2024-01-16 12:00:00,SETUP1,635,24.586662281532607
AMS,2024-01-16 12:00:00,SETUP1,640,18.921869582503113
AMS,2024-01-16 12:00:00,SETUP1,645,17.308371226517764
AMS,2024-01-16 12:00:00,SETUP1,650,14.251351908614735
AMS,2024-01-16 12:00:00,SETUP1,655,11.603622103698218
AMS,2024-01-16 12:00:00,SETUP1,660,9.318844088266165
AMS,2024-01-16 12:00:00,SETUP1,665,6.865528727388081
AMS,2024-01-16 12:00:00,SETUP1,670,5.979587237827083
AMS,2024-01-16 12:00:00,SETUP1,675,4.449359769444392
AMS,2024-01-16 12:00:00,SETUP1,680,3.726545297799207
AMS,2024-01-16 12:00:00,SETUP1,685,2.751373451329104
AMS,2024-01-16 12:00:00,SETUP1,690,1.8577116236364024
AMS,2024-01-16 12:00:00,SETUP1,695,1.5210589051242782
AMS,2024-01-16 12:00:00,SETUP1,700,1.1297278027242204
AMS,2024-01-16 12:00:00,SETUP1,705,0.7531511815713305
AMS,2024-01-16 12:00:00,SETUP1,710,0.6180342963110892
AMS,2024-01-16 12:00:00,SETUP1,715,0.4709252708471481
AMS,2024-01-16 12:00:00,SETUP1,720,0.3377929214672007
AMS,2024-01-16 12:00:00,SETUP1,725,0.20172099611976105
AMS,2024-01-16 12:00:00,SETUP1,730,0.15341484898287633
AMS,2024-01-16 12:00:00,SETUP1,735,0.11089760433565157
AMS,2024-01-16 12:00:00,SETUP1,740,0.07254755895785099
AMS,2024-01-16 12:00:00,SETUP1,745,0.05192547572346766
AMS,2024-01-16 12:00:00,SETUP1,750,0.03547192908636575
AMS,2024-01-16 12:00:00,SETUP1,755,0.02459973855038612
AMS,2024-01-16 12:00:00,SETUP1,760,0.01397963271548491
AMS,2024-01-16 12:00:00,SETUP1,765,0.008765857450343192
AMS,2024-01-16 12:00:00,SETUP1,770,0.006520788878818263
AMS,2024-01-16 12:00:00,SETUP1,775,0.004092801968556701
AMS,2024-01-16 12:00:00,SETUP1,780,0.002580872040075668
AMS,2024-01-16 12:30:00,SETUP1,380,0.2996712007635016
AMS,2024-01-16 12:30:00,SETUP1,385,0.4395840355106204
AMS,2024-01-16 12:30:00,SETUP1,390,0.6388518251635876
AMS,2024-01-16 12:30:00,SETUP1,395,0.7416153458107838
AMS,2024-01-16 12:30:00,SETUP1,400,1.2078165817277102
AMS,2024-01-16 12:30:00,SETUP1,405,1.5616079786445685
AMS,2024-01-16 12:30:00,SETUP1,410,2.1337353365514717
AMS,2024-01-16 12:30:00,SETUP1,415,2.7108231388366226
AMS,2024-01-16 12:30:00,SETUP1,420,3.146223135156803
AMS,2024-01-16 12:30:00,SETUP1,425,4.5509565091857445
AMS,2024-01-16 12:30:00,SETUP1,430,5.553777710577885
AMS,2024-01-16 12:30:00,SETUP1,435,6.465692357055039
AMS,2024-01-16 12:30:00,SETUP1,440,9.724847376999547
AMS,2024-01-16 12:30:00,SETUP1,445,10.564622560981238
AMS,2024-01-16 12:30:00,SETUP1,450,13.817753009792602
AMS,2024-01-16 12:30:00,SETUP1,455,15.264374654040964
AMS,2024-01-16 12:30:00,SETUP1,460,18.48274788567946
AMS,2024-01-16 12:30:00,SETUP1,465,24.451132141909973
AMS,2024-01-16 12:30:00,SETUP1,470,27.66816044928172
AMS,2024-01-16 12:30:00,SETUP1,475,35.29085145010727
AMS,2024-01-16 12:30:00,SETUP1,480,38.88256373096135
AMS,2024-01-16 12:30:00,SETUP1,485,46.642704448427125
AMS,2024-01-16 12:30:00,SETUP1,490,51.42973921608227
AMS,2024-01-16 12:30:00,SETUP1,495,52.30020344990084
AMS,2024-01-16 12:30:00,SETUP1,500,60.24652041504373
AMS,2024-01-16 12:30:00,SETUP1,505,60.706647495621596
AMS,2024-01-16 12:30:00,SETUP1,510,70.23274002818715
AMS,2024-01-16 12:30:00,SETUP1,515,77.8758804657072
AMS,2024-01-16 12:30:00,SETUP1,520,85.27763918416738
AMS,2024-01-16 12:30:00,SETUP1,525,84.75559832332047
AMS,2024-01-16 12:30:00,SETUP1,530,90.98557654925938
AMS,2024-01-16 12:30:00,SETUP1,535,103.26657217978024
AMS,2024-01-16 12:30:00,SETUP1,540,102.48318368482744
AMS,2024-01-16 12:30:00,SETUP1,545,91.66679810263504
AMS,2024-01-16 12:30:00,SETUP1,550,98.80950740692457
AMS,2024-01-16 12:30:00,SETUP1,555,92.04811157211023
AMS,2024-01-16 12:30:00,SETUP1,560,102.112640784287
AMS,2024-01-16 12:30:00,SETUP1,565,91.69979094410569
AMS,2024-01-16 12:30:00,SETUP1,570,90.66611365949306
AMS,2024-01-16 12:30:00,SETUP1,575,86.83333035462309
AMS,2024-01-16 12:30:00,SETUP1,580,82.01510834936776
AMS,2024-01-16 12:30:00,SETUP1,585,78.76385378090262
AMS,2024-01-16 12:30:00,SETUP1,590,77.81212337807061
AMS,2024-01-16 12:30:00,SETUP1,595,72.7943838418531
AMS,2024-01-16 12:30:00,SETUP1,600,54.69798429233698
AMS,2024-01-16 12:30:00,SETUP1,605,59.28274001769402
AMS,2024-01-16 12:30:00,SETUP1,610,50.30666261927761
AMS,2024-01-16 12:30:00,SETUP1,615,42.90362976122704
AMS,2024-01-16 12:30:00,SETUP1,620,39.395642459254006
AMS,2024-01-16 12:30:00,SETUP1,625,30.199728555293568
AMS,2024-01-16 12:30:00,SETUP1,630,27.73612849721595
AMS,2024-01-16 12:30:00,SETUP1,635,25.803658460526048
AMS,2024-01-16 12:30:00,SETUP1,640,19.841583587046394
AMS,2024-01-16 12:30:00,SETUP1,645,15.380052878184204
AMS,2024-01-16 12:30:00,SETUP1,650,12.831476845400713
AMS,2024-01-16 12:30:00,SETUP1,655,10.640457912160366
AMS,2024-01-16 12:30:00,SETUP1,660,9.445270874868587
AMS,2024-01-16 12:30:00,SETUP1,665,6.568767562225035
AMS,2024-01-16 12:30:00,SETUP1,670,5.3938352104985405
AMS,2024-01-16 12:30:00,SETUP1,675,4.792593885467449
AMS,2024-01-16 12:30:00,SETUP1,680,3.1706156062315785
AMS,2024-01-16 12:30:00,SETUP1,685,2.4491900133663096
AMS,2024-01-16 12:30:00,SETUP1,690,1.8852110354297646
AMS,2024-01-16 12:30:00,SETUP1,695,1.562631196425306
AMS,2024-01-16 12:30:00,SETUP1,700,1.1920044397399376
AMS,2024-01-16 12:30:00,SETUP1,705,0.7578545805999309
AMS,2024-01-16 12:30:00,SETUP1,710,0.6314218909785884
AMS,2024-01-16 12:30:00,SETUP1,715,0.4458620089709274
AMS,2024-01-16 12:30:00,SETUP1,720,0.308400026341761
AMS,2024-01-16 12:30:00,SETUP1,725,0.21631554232113698
AMS,2024-01-16 12:30:00,SETUP1,730,0.13806874637331093
AMS,2024-01-16 12:30:00,SETUP1,735,0.11179744102985516
AMS,2024-01-16 12:30:00,SETUP1,740,0.0794232512970194
AMS,2024-01-16 12:30:00,SETUP1,745,0.05175701210609072
AMS,2024-01-16 12:30:00,SETUP1,750,0.0359394020693955
AMS,2024-01-16 12:30:00,SETUP1,755,0.020674472117834165
AMS,2024-01-16 12:30:00,SETUP1,760,0.014641188870435761
AMS,2024-01-16 12:30:00,SETUP1,765,0.00978450124066508
AMS,2024-01-16 12:30:00,SETUP1,770,0.0062847065895188185
AMS,2024-01-16 12:30:00,SETUP1,775,0.00432794061510075
AMS,2024-01-16 12:30:00,SETUP1,780,0.0027567677714753535
AMS,2024-01-16 13:00:00,SETUP1,380,0.2829520580210139
AMS,2024-01-16 13:00:00,SETUP1,385,0.4296220496417841
AMS,2024-01-16 13:00:00,SETUP1,390,0.6052820466845893
AMS,2024-01-16 13:00:00,SETUP1,395,0.7806645788561738
AMS,2024-01-16 13:00:00,SETUP1,400,1.021227654498885
AMS,2024-01-16 13:00:00,SETUP1,405,1.3159023939809158
AMS,2024-01-16 13:00:00,SETUP1,410,1.9461678021647142
AMS,2024-01-16 13:00:00,SETUP1,415,2.341754158637321
AMS,2024-01-16 13:00:00,SETUP1,420,3.2203653665024876
AMS,2024-01-16 13:00:00,SETUP1,425,4.625129055698803
AMS,2024-01-16 13:00:00,SETUP1,430,5.241015713092048
AMS,2024-01-16 13:00:00,SETUP1,435,7.119021756588497
AMS,2024-01-16 13:00:00,SETUP1,440,8.98173660798876
AMS,2024-01-16 13:00:00,SETUP1,445,10.341850593455467
AMS,2024-01-16 13:00:00,SETUP1,450,11.995916280111153
AMS,2024-01-16 13:00:00,SETUP1,455,16.195623505946415
AMS,2024-01-16 13:00:00,SETUP1,460,17.64054042377172
AMS,2024-01-16 13:00:00,SETUP1,465,24.313792269737807
AMS,2024-01-16 13:00:00,SETUP1,470,27.36803402055409
AMS,2024-01-16 13:00:00,SETUP1,475,28.894202820255646
AMS,2024-01-16 13:00:00,SETUP1,480,36.588881532944924
AMS,2024-01-16 13:00:00,SETUP1,485,42.90519098978541
AMS,2024-01-16 13:00:00,SETUP1,490,47.15687380718181
AMS,2024-01-16 13:00:00,SETUP1,495,49.25143894328661
AMS,2024-01-16 13:00:00,SETUP1,500,64.32803796962541
AMS,2024-01-16 13:00:00,SETUP1,505,63.89618930909037
AMS,2024-01-16 13:00:00,SETUP1,510,71.4945089780232
AMS,2024-01-16 13:00:00,SETUP1,515,69.42325378285655
AMS,2024-01-16 13:00:00,SETUP1,520,78.55874283474402
AMS,2024-01-16 13:00:00,SETUP1,525,91.13469983111479
AMS,2024-01-16 13:00:00,SETUP1,530,84.68602926893568
AMS,2024-01-16 13:00:00,SETUP1,535,83.44106874556375
AMS,2024-01-16 13:00:00,SETUP1,540,98.4282186298088
AMS,2024-01-16 13:00:00,SETUP1,545,97.74687633697133
AMS,2024-01-16 13:00:00,SETUP1,550,91.62799016491842
AMS,2024-01-16 13:00:00,SETUP1,555,98.14666067057307
AMS,2024-01-16 13:00:00,SETUP1,560,86.71247099965304
AMS,2024-01-16 13:00:00,SETUP1,565,95.06511403407207
AMS,2024-01-16 13:00:00,SETUP1,570,95.48759798075486
AMS,2024-01-16 13:00:00,SETUP1,575,82.36732291797423
AMS,2024-01-16 13:00:00,SETUP1,580,80.05957866221787
AMS,2024-01-16 13:00:00,SETUP1,585,79.28764358490088
AMS,2024-01-16 13:00:00,SETUP1,590,71.45873445111944
AMS,2024-01-16 13:00:00,SETUP1,595,61.71837158211203
AMS,2024-01-16 13:00:00,SETUP1,600,53.40402874269047
AMS,2024-01-16 13:00:00,SETUP1,605,50.4631202823406
AMS,2024-01-16 13:00:00,SETUP1,610,45.002202793263265
AMS,2024-01-16 13:00:00,SETUP1,615,42.9823855071296
AMS,2024-01-16 13:00:00,SETUP1,620,35.049057183465166
AMS,2024-01-16 13:00:00,SETUP1,625,31.312267435405413
AMS,2024-01-16 13:00:00,SETUP1,630,28.203896911423666
AMS,2024-01-16 13:00:00,SETUP1,635,21.04748174383154
AMS,2024-01-16 13:00:00,SETUP1,640,19.110157561586046
AMS,2024-01-16 13:00:00,SETUP1,645,17.310125673354683
AMS,2024-01-16 13:00:00,SETUP1,650,13.46225914558643
AMS,2024-01-16 13:00:00,SETUP1,655,10.391473086100044
AMS,2024-01-16 13:00:00,SETUP1,660,8.548578923445097
AMS,2024-01-16 13:00:00,SETUP1,665,6.593577448244549
AMS,2024-01-16 13:00:00,SETUP1,670,5.413605377414059
AMS,2024-01-16 13:00:00,SETUP1,675,4.548379647305129
AMS,2024-01-16 13:00:00,SETUP1,680,3.3980003062014705
AMS,2024-01-16 13:00:00,SETUP1,685,2.3505882137838636
AMS,2024-01-16 13:00:00,SETUP1,690,2.1079015085504813
AMS,2024-01-16 13:00:00,SETUP1,695,1.3655327625106457
AMS,2024-01-16 13:00:00,SETUP1,700,1.1215980235076268
AMS,2024-01-16 13:00:00,SETUP1,705,0.7558181288369326
AMS,2024-01-16 13:00:00,SETUP1,710,0.6234337919231823
AMS,2024-01-16 13:00:00,SETUP1,715,0.4105239453792587
AMS,2024-01-16 13:00:00,SETUP1,720,0.3272020398616414
AMS,2024-01-16 13:00:00,SETUP1,725,0.2190138563835381
AMS,2024-01-16 13:00:00,SETUP1,730,0.14789514201315404
AMS,2024-01-16 13:00:00,SETUP1,735,0.10660999993904682
AMS,2024-01-16 13:00:00,SETUP1,740,0.07060401366058533
AMS,2024-01-16 13:00:00,SETUP1,745,0.052212261244666935
AMS,2024-01-16 13:00:00,SETUP1,750,0.03349525206500789
AMS,2024-01-16 13:00:00,SETUP1,755,0.022929737385654694
AMS,2024-01-16 13:00:00,SETUP1,760,0.014596612451467211
AMS,2024-01-16 13:00:00,SETUP1,765,0.009024956805011109
AMS,2024-01-16 13:00:00,SETUP1,770,0.005650903340576549
AMS,2024-01-16 13:00:00,SETUP1,775,0.0036641263750281255
AMS,2024-01-16 13:00:00,SETUP1,780,0.00245297536757497
AMS,2024-01-16 13:30:00,SETUP1,380,0.30851582511529807
AMS,2024-01-16 13:30:00,SETUP1,385,0.41354221644449257
AMS,2024-01-16 13:30:00,SETUP1,390,0.5663648024234824
AMS,2024-01-16 13:30:00,SETUP1,395,0.7287667382007739
AMS,2024-01-16 13:30:00,SETUP1,400,0.9932923666861024
AMS,2024-01-16 13:30:00,SETUP1,405,1.575008332937653
AMS,2024-01-16 13:30:00,SETUP1,410,2.0953362930777186
AMS,2024-01-16 13:30:00,SETUP1,415,2.5543960974842044
AMS,2024-01-16 13:30:00,SETUP1,420,3.579524930490955
AMS,2024-01-16 13:30:00,SETUP1,425,4.396661642722166
AMS,2024-01-16 13:30:00,SETUP1,430,5.896527424935467
AMS,2024-01-16 13:30:00,SETUP1,435,6.797472422314031
AMS,2024-01-16 13:30:00,SETUP1,440,7.864025025554084
AMS,2024-01-16 13:30:00,SETUP1,445,10.995263888437503
AMS,2024-01-16 13:30:00,SETUP1,450,12.694120494601222
AMS,2024-01-16 13:30:00,SETUP1,455,16.963772221495937
AMS,2024-01-16 13:30:00,SETUP1,460,19.314302782106708
AMS,2024-01-16 13:30:00,SETUP1,465,24.998515645882335
AMS,2024-01-16 13:30:00,SETUP1,470,24.825152170050423
AMS,2024-01-16 13:30:00,SETUP1,475,31.146216888463393
AMS,2024-01-16 13:30:00,SETUP1,480,38.65622871792655
AMS,2024-01-16 13:30:00,SETUP1,485,40.0523260389785
AMS,2024-01-16 13:30:00,SETUP1,490,49.35951421126748
AMS,2024-01-16 13:30:00,SETUP1,495,48.13742722156302
AMS,2024-01-16 13:30:00,SETUP1,500,53.59185890190559
AMS,2024-01-16 13:30:00,SETUP1,505,61.04337838203935
AMS,2024-01-16 13:30:00,SETUP1,510,75.3680744218064
AMS,2024-01-16 13:30:00,SETUP1,515,72.17420478536066
AMS,2024-01-16 13:30:00,SETUP1,520,81.83455762074347
AMS,2024-01-16 13:30:00,SETUP1,525,89.0092812882957
AMS,2024-01-16 13:30:00,SETUP1,530,90.09585709820695
AMS,2024-01-16 13:30:00,SETUP1,535,88.78031622598978
AMS,2024-01-16 13:30:00,SETUP1,540,93.5219085816999
AMS,2024-01-16 13:30:00,SETUP1,545,96.97482721998101
AMS,2024-01-16 13:30:00,SETUP1,550,104.42353268254543
AMS,2024-01-16 13:30:00,SETUP1,555,94.5203632556616
AMS,2024-01-16 13:30:00,SETUP1,560,95.85583998437772
AMS,2024-01-16 13:30:00,SETUP1,565,86.43087416503056
AMS,2024-01-16 13:30:00,SETUP1,570,95.59920167495656
AMS,2024-01-16 13:30:00,SETUP1,575,76.8626414348478
AMS,2024-01-16 13:30:00,SETUP1,580,75.64014849863807
AMS,2024-01-16 13:30:00,SETUP1,585,73.88515404522653
AMS,2024-01-16 13:30:00,SETUP1,590,69.85077048557818
AMS,2024-01-16 13:30:00,SETUP1,595,60.99195160592731
AMS,2024-01-16 13:30:00,SETUP1,600,62.3771697231078
AMS,2024-01-16 13:30:00,SETUP1,605,54.19756557723127
AMS,2024-01-16 13:30:00,SETUP1,610,44.149520966292194
AMS,2024-01-16 13:30:00,SETUP1,615,43.42685690599164
AMS,2024-01-16 13:30:00,SETUP1,620,35.53339286820783
AMS,2024-01-16 13:30:00,SETUP1,625,30.894925567656372
AMS,2024-01-16 13:30:00,SETUP1,630,25.054894746877604
AMS,2024-01-16 13:30:00,SETUP1,635,24.53541917265583
AMS,2024-01-16 13:30:00,SETUP1,640,19.79868260100868
AMS,2024-01-16 13:30:00,SETUP1,645,15.807484049858783
AMS,2024-01-16 13:30:00,SETUP1,650,13.486672208396982
AMS,2024-01-16 13:30:00,SETUP1,655,10.601860889956011
AMS,2024-01-16 13:30:00,SETUP1,660,9.272581535604985
AMS,2024-01-16 13:30:00,SETUP1,665,7.014550266919398
AMS,2024-01-16 13:30:00,SETUP1,670,5.50278584398094
AMS,2024-01-16 13:30:00,SETUP1,675,4.3265187304456525
AMS,2024-01-16 13:30:00,SETUP1,680,3.317543119468031
AMS,2024-01-16 13:30:00,SETUP1,685,2.432031090852694
AMS,2024-01-16 13:30:00,SETUP1,690,1.8304363715817442
AMS,2024-01-16 13:30:00,SETUP1,695,1.342557962505698
AMS,2024-01-16 13:30:00,SETUP1,700,1.16766379813155
AMS,2024-01-16 13:30:00,SETUP1,705,0.8016475362694478
AMS,2024-01-16 13:30:00,SETUP1,710,0.6063600471089311
AMS,2024-01-16 13:30:00,SETUP1,715,0.3818794607737795
AMS,2024-01-16 13:30:00,SETUP1,720,0.27369805790159485
AMS,2024-01-16 13:30:00,SETUP1,725,0.2219461696583153
AMS,2024-01-16 13:30:00,SETUP1,730,0.14896780439367996
AMS,2024-01-16 13:30:00,SETUP1,735,0.11073496555138071
AMS,2024-01-16 13:30:00,SETUP1,740,0.0710206805585338
AMS,2024-01-16 13:30:00,SETUP1,745,0.051569777022243316
AMS,2024-01-16 13:30:00,SETUP1,750,0.030255683364030245
AMS,2024-01-16 13:30:00,SETUP1,755,0.022309421065297083
AMS,2024-01-16 13:30:00,SETUP1,760,0.013385041998568877
AMS,2024-01-16 13:30:00,SETUP1,765,0.010050341689801798
AMS,2024-01-16 13:30:00,SETUP1,770,0.005905988647165803
AMS,2024-01-16 13:30:00,SETUP1,775,0.0036139214171253386
AMS,2024-01-16 13:30:00,SETUP1,780,0.0026462591035153306
AMS,2024-01-16 14:00:00,SETUP1,380,0.2729993415264769
AMS,2024-01-16 14:00:00,SETUP1,385,0.35845463964486235
AMS,2024-01-16 14:00:00,SETUP1,390,0.5298762304082066
AMS,2024-01-16 14:00:00,SETUP1,395,0.6782512220100978
AMS,2024-01-16 14:00:00,SETUP1,400,0.9285498680827539
AMS,2024-01-16 14:00:00,SETUP1,405,1.3944921723481918
AMS,2024-01-16 14:00:00,SETUP1,410,1.5643248172980029
AMS,2024-01-16 14:00:00,SETUP1,415,2.4769585489019788
AMS,2024-01-16 14:00:00,SETUP1,420,3.01079513513635
AMS,2024-01-16 14:00:00,SETUP1,425,3.6223356065425043
AMS,2024-01-16 14:00:00,SETUP1,430,4.469696532348251
AMS,2024-01-16 14:00:00,SETUP1,435,6.552983928372331
AMS,2024-01-16 14:00:00,SETUP1,440,7.446647231403824
AMS,2024-01-16 14:00:00,SETUP1,445,9.806868283588305
AMS,2024-01-16 14:00:00,SETUP1,450,12.39574817678758
AMS,2024-01-16 14:00:00,SETUP1,455,14.166012173794023
AMS,2024-01-16 14:00:00,SETUP1,460,16.09513045899094
AMS,2024-01-16 14:00:00,SETUP1,465,20.306253612758532
AMS,2024-01-16 14:00:00,SETUP1,470,25.398595939691415
AMS,2024-01-16 14:00:00,SETUP1,475,26.29714360562073
AMS,2024-01-16 14:00:00,SETUP1,480,35.32188126266752
AMS,2024-01-16 14:00:00,SETUP1,485,34.54825859793416
AMS,2024-01-16 14:00:00,SETUP1,490,39.63447189596011
AMS,2024-01-16 14:00:00,SETUP1,495,44.59726921049576
AMS,2024-01-16 14:00:00,SETUP1,500,54.620923530705326
AMS,2024-01-16 14:00:00,SETUP1,505,54.068797286402855
AMS,2024-01-16 14:00:00,SETUP1,510,67.49861975868451
AMS,2024-01-16 14:00:00,SETUP1,515,61.59021299502287
AMS,2024-01-16 14:00:00,SETUP1,520,73.56014943340847
AMS,2024-01-16 14:00:00,SETUP1,525,82.18794799018525
AMS,2024-01-16 14:00:00,SETUP1,530,86.38988690328078
AMS,2024-01-16 14:00:00,SETUP1,535,78.79499881663361
AMS,2024-01-16 14:00:00,SETUP1,540,79.75354885206366
AMS,2024-01-16 14:00:00,SETUP1,545,92.84642017846905
AMS,2024-01-16 14:00:00,SETUP1,550,83.20394128354737
AMS,2024-01-16 14:00:00,SETUP1,555,86.86293270739745
AMS,2024-01-16 14:00:00,SETUP1,560,80.2230506991084
AMS,2024-01-16 14:00:00,SETUP1,565,85.81195782612004
AMS,2024-01-16 14:00:00,SETUP1,570,76.24117433149803
AMS,2024-01-16 14:00:00,SETUP1,575,81.03818466247014
AMS,2024-01-16 14:00:00,SETUP1,580,71.2517748990316
AMS,2024-01-16 14:00:00,SETUP1,585,63.294197101536604
AMS,2024-01-16 14:00:00,SETUP1,590,68.45384035918903
AMS,2024-01-16 14:00:00,SETUP1,595,56.8475971845025
AMS,2024-01-16 14:00:00,SETUP1,600,49.11454199980278
AMS,2024-01-16 14:00:00,SETUP1,605,42.892529697730296
AMS,2024-01-16 14:00:00,SETUP1,610,44.68649778608807
AMS,2024-01-16 14:00:00,SETUP1,615,39.018873045953356
AMS,2024-01-16 14:00:00,SETUP1,620,34.22795574126273
AMS,2024-01-16 14:00:00,SETUP1,625,28.708814328644994
AMS,2024-01-16 14:00:00,SETUP1,630,24.719947550259498
AMS,2024-01-16 14:00:00,SETUP1,635,19.52034355986847
AMS,2024-01-16 14:00:00,SETUP1,640,17.60039395570152
AMS,2024-01-16 14:00:00,SETUP1,645,12.86862210532881
AMS,2024-01-16 14:00:00,SETUP1,650,11.616061975952796
AMS,2024-01-16 14:00:00,SETUP1,655,9.722588299244443
AMS,2024-01-16 14:00:00,SETUP1,660,7.9847725153088245
AMS,2024-01-16 14:00:00,SETUP1,665,6.6100761201366725
AMS,2024-01-16 14:00:00,SETUP1,670,5.108758719231186
AMS,2024-01-16 14:00:00,SETUP1,675,4.176461281696956
AMS,2024-01-16 14:00:00,SETUP1,680,2.6864535404035683
AMS,2024-01-16 14:00:00,SETUP1,685,2.418510259966294
AMS,2024-01-16 14:00:00,SETUP1,690,1.6996346391659567
AMS,2024-01-16 14:00:00,SETUP1,695,1.4055620379601872
AMS,2024-01-16 14:00:00,SETUP1,700,0.9055818424354966
AMS,2024-01-16 14:00:00,SETUP1,705,0.6830089267411191
AMS,2024-01-16 14:00:00,SETUP1,710,0.4682573335068399
AMS,2024-01-16 14:00:00,SETUP1,715,0.3909991566734965
AMS,2024-01-16 14:00:00,SETUP1,720,0.24628186887371653
AMS,2024-01-16 14:00:00,SETUP1,725,0.17998170739968938
AMS,2024-01-16 14:00:00,SETUP1,730,0.13985467585819034
AMS,2024-01-16 14:00:00,SETUP1,735,0.09265104365267984
AMS,2024-01-16 14:00:00,SETUP1,740,0.06466806230078508
AMS,2024-01-16 14:00:00,SETUP1,745,0.04545654539660572
AMS,2024-01-16 14:00:00,SETUP1,750,0.030803023814398502
AMS,2024-01-16 14:00:00,SETUP1,755,0.02083399375954873
AMS,2024-01-16 14:00:00,SETUP1,760,0.01287062476652769
AMS,2024-01-16 14:00:00,SETUP1,765,0.008886288553019674
AMS,2024-01-16 14:00:00,SETUP1,770,0.005290874413764681
AMS,2024-01-16 14:00:00,SETUP1,775,0.0033733306269007044
AMS,2024-01-16 14:00:00,SETUP1,780,0.0022888062427849484
AMS,2024-01-16 14:30:00,SETUP1,380,0.26323442473857633
AMS,2024-01-16 14:30:00,SETUP1,385,0.37168435485287926
AMS,2024-01-16 14:30:00,SETUP1,390,0.5339101074589236
AMS,2024-01-16 14:30:00,SETUP1,395,0.7293596620492233
AMS,2024-01-16 14:30:00,SETUP1,400,1.042091257748532
AMS,2024-01-16 14:30:00,SETUP1,405,1.365924604905467
AMS,2024-01-16 14:30:00,SETUP1,410,1.7035190882199385
AMS,2024-01-16 14:30:00,SETUP1,415,2.367699005754718
AMS,2024-01-16 14:30:00,SETUP1,420,3.0197465670007504
AMS,2024-01-16 14:30:00,SETUP1,425,3.7877219312239885
AMS,2024-01-16 14:30:00,SETUP1,430,4.98983506936839
AMS,2024-01-16 14:30:00,SETUP1,435,5.658187595285187
AMS,2024-01-16 14:30:00,SETUP1,440,7.566130834326058
AMS,2024-01-16 14:30:00,SETUP1,445,9.633311885793658
AMS,2024-01-16 14:30:00,SETUP1,450,11.465313957063248
AMS,2024-01-16 14:30:00,SETUP1,455,13.446605549707511
AMS,2024-01-16 14:30:00,SETUP1,460,18.609788047316997
AMS,2024-01-16 14:30:00,SETUP1,465,20.954536089889434
AMS,2024-01-16 14:30:00,SETUP1,470,21.759794870234177
AMS,2024-01-16 14:30:00,SETUP1,475,30.51474245102631
AMS,2024-01-16 14:30:00,SETUP1,480,32.11991023037212
AMS,2024-01-16 14:30:00,SETUP1,485,35.31054664169074
AMS,2024-01-16 14:30:00,SETUP1,490,40.71846254729584
AMS,2024-01-16 14:30:00,SETUP1,495,47.7547634262132
AMS,2024-01-16 14:30:00,SETUP1,500,54.33338193247767
AMS,2024-01-16 14:30:00,SETUP1,505,62.6392214357973
AMS,2024-01-16 14:30:00,SETUP1,510,62.12815495160857
AMS,2024-01-16 14:30:00,SETUP1,515,63.512504208789416
AMS,2024-01-16 14:30:00,SETUP1,520,69.6431940556832
AMS,2024-01-16 14:30:00,SETUP1,525,83.18708919176794
AMS,2024-01-16 14:30:00,SETUP1,530,81.1549027114532
AMS,2024-01-16 14:30:00,SETUP1,535,85.50417535890378
AMS,2024-01-16 14:30:00,SETUP1,540,92.23834247822339
AMS,2024-01-16 14:30:00,SETUP1,545,86.67385343383617
AMS,2024-01-16 14:30:00,SETUP1,550,89.22284662621735
AMS,2024-01-16 14:30:00,SETUP1,555,78.20157104968891
AMS,2024-01-16 14:30:00,SETUP1,560,92.34686964319349
AMS,2024-01-16 14:30:00,SETUP1,565,87.78832854789466
AMS,2024-01-16 14:30:00,SETUP1,570,84.75592705507802
AMS,2024-01-16 14:30:00,SETUP1,575,83.66263881481844
AMS,2024-01-16 14:30:00,SETUP1,580,72.39691434837412
AMS,2024-01-16 14:30:00,SETUP1,585,71.72157587480352
AMS,2024-01-16 14:30:00,SETUP1,590,59.747652590728535
AMS,2024-01-16 14:30:00,SETUP1,595,52.750812951889124
AMS,2024-01-16 14:30:00,SETUP1,600,49.05881259052902
AMS,2024-01-16 14:30:00,SETUP1,605,49.55024163611045
AMS,2024-01-16 14:30:00,SETUP1,610,41.46303803678149
AMS,2024-01-16 14:30:00,SETUP1,615,39.68066925479459
AMS,2024-01-16 14:30:00,SETUP1,620,30.948435305669943
AMS,2024-01-16 14:30:00,SETUP1,625,26.273100951537668
AMS,2024-01-16 14:30:00,SETUP1,630,25.585443321990702
AMS,2024-01-16 14:30:00,SETUP1,635,20.946752761658008
AMS,2024-01-16 14:30:00,SETUP1,640,16.587527672933955
AMS,2024-01-16 14:30:00,SETUP1,645,13.740371553347329
AMS,2024-01-16 14:30:00,SETUP1,650,11.783706280124747
AMS,2024-01-16 14:30:00,SETUP1,655,8.812512788879776
AMS,2024-01-16 14:30:00,SETUP1,660,6.964579026015021
AMS,2024-01-16 14:30:00,SETUP1,665,5.857457298620224
AMS,2024-01-16 14:30:00,SETUP1,670,4.838150540696617
AMS,2024-01-16 14:30:00,SETUP1,675,3.8866450959648047
AMS,2024-01-16 14:30:00,SETUP1,680,2.756830867028402
AMS,2024-01-16 14:30:00,SETUP1,685,2.4701041818879985
AMS,2024-01-16 14:30:00,SETUP1,690,1.7859655436372008
AMS,2024-01-16 14:30:00,SETUP1,695,1.1949129985935816
AMS,2024-01-16 14:30:00,SETUP1,700,1.0429379019751168
AMS,2024-01-16 14:30:00,SETUP1,705,0.7307481421873807
AMS,2024-01-16 14:30:00,SETUP1,710,0.5306336211579867
AMS,2024-01-16 14:30:00,SETUP1,715,0.35004865314072126
AMS,2024-01-16 14:30:00,SETUP1,720,0.2872891293690053
AMS,2024-01-16 14:30:00,SETUP1,725,0.20201254533902616
AMS,2024-01-16 14:30:00,SETUP1,730,0.12801036816041966
AMS,2024-01-16 14:30:00,SETUP1,735,0.08880558670106596
AMS,2024-01-16 14:30:00,SETUP1,740,0.05706028508570636
AMS,2024-01-16 14:30:00,SETUP1,745,0.04365767764811282
AMS,2024-01-16 14:30:00,SETUP1,750,0.028247676129961055
AMS,2024-01-16 14:30:00,SETUP1,755,0.018224186192130953
AMS,2024-01-16 14:30:00,SETUP1,760,0.013659811385639493
AMS,2024-01-16 14:30:00,SETUP1,765,0.00870041993640679
AMS,2024-01-16 14:30:00,SETUP1,770,0.005526235031853387
AMS,2024-01-16 14:30:00,SETUP1,775,0.0033313384841851513
AMS,2024-01-16 14:30:00,SETUP1,780,0.002067856832020206
AMS,2024-01-16 15:00:00,SETUP1,380,0.2173643175900409
AMS,2024-01-16 15:00:00,SETUP1,385,0.30216830356150587
AMS,2024-01-16 15:00:00,SETUP1,390,0.41415453233790595
AMS,2024-01-16 15:00:00,SETUP1,395,0.6142801170839471
AMS,2024-01-16 15:00:00,SETUP1,400,0.7494536084252093
AMS,2024-01-16 15:00:00,SETUP1,405,0.9850935422534982
AMS,2024-01-16 15:00:00,SETUP1,410,1.2683627244666333
AMS,2024-01-16 15:00:00,SETUP1,415,1.9535401076821202
AMS,2024-01-16 15:00:00,SETUP1,420,2.4294857250306126
AMS,2024-01-16 15:00:00,SETUP1,425,2.9038779112048587
AMS,2024-01-16 15:00:00,SETUP1,430,4.267557233920974
AMS,2024-01-16 15:00:00,SETUP1,435,4.973837264704895
AMS,2024-01-16 15:00:00,SETUP1,440,6.4163906795899335
AMS,2024-01-16 15:00:00,SETUP1,445,7.260391264881619
AMS,2024-01-16 15:00:00,SETUP1,450,8.992530631155416
AMS,2024-01-16 15:00:00,SETUP1,455,12.774606218319006
AMS,2024-01-16 15:00:00,SETUP1,460,12.639214039668941
AMS,2024-01-16 15:00:00,SETUP1,465,17.778953201297192
AMS,2024-01-16 15:00:00,SETUP1,470,21.524461647415738
AMS,2024-01-16 15:00:00,SETUP1,475,21.74973105740082
AMS,2024-01-16 15:00:00,SETUP1,480,24.915796047593286
AMS,2024-01-16 15:00:00,SETUP1,485,30.41530178810884
AMS,2024-01-16 15:00:00,SETUP1,490,32.93220143636362
AMS,2024-01-16 15:00:00,SETUP1,495,36.2160265195137
AMS,2024-01-16 15:00:00,SETUP1,500,46.69867122247038
AMS,2024-01-16 15:00:00,SETUP1,505,48.055603695134096
AMS,2024-01-16 15:00:00,SETUP1,510,55.40328018866949
AMS,2024-01-16 15:00:00,SETUP1,515,57.139518214269145
AMS,2024-01-16 15:00:00,SETUP1,520,54.13625875684384
AMS,2024-01-16 15:00:00,SETUP1,525,68.60260272504756
AMS,2024-01-16 15:00:00,SETUP1,530,63.54255325412127
AMS,2024-01-16 15:00:00,SETUP1,535,67.57420121933004
AMS,2024-01-16 15:00:00,SETUP1,540,72.76241661212563
AMS,2024-01-16 15:00:00,SETUP1,545,65.645976762787
AMS,2024-01-16 15:00:00,SETUP1,550,69.23229482667749
AMS,2024-01-16 15:00:00,SETUP1,555,64.23534315672607
AMS,2024-01-16 15:00:00,SETUP1,560,67.53048479240225
AMS,2024-01-16 15:00:00,SETUP1,565,72.10060680365078
AMS,2024-01-16 15:00:00,SETUP1,570,60.09956384820311
AMS,2024-01-16 15:00:00,SETUP1,575,62.19491293303318
AMS,2024-01-16 15:00:00,SETUP1,580,62.447097393382535
AMS,2024-01-16 15:00:00,SETUP1,585,56.86731063907152
AMS,2024-01-16 15:00:00,SETUP1,590,49.03032688590869
AMS,2024-01-16 15:00:00,SETUP1,595,49.535805672700846
AMS,2024-01-16 15:00:00,SETUP1,600,39.23780401560861
AMS,2024-01-16 15:00:00,SETUP1,605,35.91714852537484
AMS,2024-01-16 15:00:00,SETUP1,610,36.448132590740435
AMS,2024-01-16 15:00:00,SETUP1,615,31.124294206481913
AMS,2024-01-16 15:00:00,SETUP1,620,28.22613782740481
AMS,2024-01-16 15:00:00,SETUP1,625,21.23722034430398
AMS,2024-01-16 15:00:00,SETUP1,630,20.12250701254718
AMS,2024-01-16 15:00:00,SETUP1,635,16.49687192508247
AMS,2024-01-16 15:00:00,SETUP1,640,13.687575960700366
AMS,2024-01-16 15:00:00,SETUP1,645,11.045556849595624
AMS,2024-01-16 15:00:00,SETUP1,650,9.866608897513077
AMS,2024-01-16 15:00:00,SETUP1,655,7.658842931875158
AMS,2024-01-16 15:00:00,SETUP1,660,5.925409610677997
AMS,2024-01-16 15:00:00,SETUP1,665,5.097352554848675
AMS,2024-01-16 15:00:00,SETUP1,670,3.5774426955082816
AMS,2024-01-16 15:00:00,SETUP1,675,3.2976258717381457
AMS,2024-01-16 15:00:00,SETUP1,680,2.269312295385275
AMS,2024-01-16 15:00:00,SETUP1,685,1.7369773089750682
AMS,2024-01-16 15:00:00,SETUP1,690,1.4500564717360382
AMS,2024-01-16 15:00:00,SETUP1,695,1.0374949034172323
AMS,2024-01-16 15:00:00,SETUP1,700,0.8099945231453546
AMS,2024-01-16 15:00:00,SETUP1,705,0.5230367464116163
AMS,2024-01-16 15:00:00,SETUP1,710,0.4506545515942063
AMS,2024-01-16 15:00:00,SETUP1,715,0.2758733181057743
AMS,2024-01-16 15:00:00,SETUP1,720,0.21661721463893105
AMS,2024-01-16 15:00:00,SETUP1,725,0.14315057551245547
AMS,2024-01-16 15:00:00,SETUP1,730,0.09971658515154352
AMS,2024-01-16 15:00:00,SETUP1,735,0.07840104306812563
AMS,2024-01-16 15:00:00,SETUP1,740,0.04692923054719918
AMS,2024-01-16 15:00:00,SETUP1,745,0.03527187643890734
AMS,2024-01-16 15:00:00,SETUP1,750,0.022532544188554732
AMS,2024-01-16 15:00:00,SETUP1,755,0.017301104973414704
AMS,2024-01-16 15:00:00,SETUP1,760,0.010875316141103921
AMS,2024-01-16 15:00:00,SETUP1,765,0.00678066497445166
AMS,2024-01-16 15:00:00,SETUP1,770,0.004106990899717694
AMS,2024-01-16 15:00:00,SETUP1,775,0.002607256539647061
AMS,2024-01-16 15:00:00,SETUP1,780,0.0017718653394096153
AMS,2024-01-16 15:30:00,SETUP1,380,0.23689389393541818
AMS,2024-01-16 15:30:00,SETUP1,385,0.3228528253866895
AMS,2024-01-16 15:30:00,SETUP1,390,0.43785689152323914
AMS,2024-01-16 15:30:00,SETUP1,395,0.5600073345017947
AMS,2024-01-16 15:30:00,SETUP1,400,0.8214852522036542
AMS,2024-01-16 15:30:00,SETUP1,405,0.9766979405926541
AMS,2024-01-16 15:30:00,SETUP1,410,1.3032461277758072
AMS,2024-01-16 15:30:00,SETUP1,415,1.9428437191040142
AMS,2024-01-16 15:30:00,SETUP1,420,2.5720980427193543
AMS,2024-01-16 15:30:00,SETUP1,425,3.11504729042736
AMS,2024-01-16 15:30:00,SETUP1,430,3.700986481976086
AMS,2024-01-16 15:30:00,SETUP1,435,5.52218545690728
AMS,2024-01-16 15:30:00,SETUP1,440,6.281418597592121
AMS,2024-01-16 15:30:00,SETUP1,445,7.589629111312723
AMS,2024-01-16 15:30:00,SETUP1,450,9.768570748078307
AMS,2024-01-16 15:30:00,SETUP1,455,10.599622617524323
AMS,2024-01-16 15:30:00,SETUP1,460,14.743585387479742
AMS,2024-01-16 15:30:00,SETUP1,465,17.04088753127186
AMS,2024-01-16 15:30:00,SETUP1,470,19.96550022583593
AMS,2024-01-16 15:30:00,SETUP1,475,24.405588645187393
AMS,2024-01-16 15:30:00,SETUP1,480,28.462986063903074
AMS,2024-01-16 15:30:00,SETUP1,485,29.509904838668678
AMS,2024-01-16 15:30:00,SETUP1,490,37.787764579507595
AMS,2024-01-16 15:30:00,SETUP1,495,35.33657016292591
AMS,2024-01-16 15:30:00,SETUP1,500,38.84712676342617
AMS,2024-01-16 15:30:00,SETUP1,505,46.970628538507725
AMS,2024-01-16 15:30:00,SETUP1,510,51.64611438400604
AMS,2024-01-16 15:30:00,SETUP1,515,58.50083720094568
AMS,2024-01-16 15:30:00,SETUP1,520,61.18940712333427
AMS,2024-01-16 15:30:00,SETUP1,525,67.40530583229189
AMS,2024-01-16 15:30:00,SETUP1,530,63.85096307939677
AMS,2024-01-16 15:30:00,SETUP1,535,74.30698170682345
AMS,2024-01-16 15:30:00,SETUP1,540,66.16756316386599
AMS,2024-01-16 15:30:00,SETUP1,545,72.33599375843556
AMS,2024-01-16 15:30:00,SETUP1,550,65.66412298349033
AMS,2024-01-16 15:30:00,SETUP1,555,73.39845951152112
AMS,2024-01-16 15:30:00,SETUP1,560,71.99723867374952
AMS,2024-01-16 15:30:00,SETUP1,565,64.975445554356
AMS,2024-01-16 15:30:00,SETUP1,570,67.15560673987832
AMS,2024-01-16 15:30:00,SETUP1,575,56.458098393771635
AMS,2024-01-16 15:30:00,SETUP1,580,54.3935748805995
AMS,2024-01-16 15:30:00,SETUP1,585,53.12341975112427
AMS,2024-01-16 15:30:00,SETUP1,590,50.86676645554849
AMS,2024-01-16 15:30:00,SETUP1,595,46.88600837964226
AMS,2024-01-16 15:30:00,SETUP1,600,44.37296337671395
AMS,2024-01-16 15:30:00,SETUP1,605,39.98438982245239
AMS,2024-01-16 15:30:00,SETUP1,610,36.19168098922886
AMS,2024-01-16 15:30:00,SETUP1,615,30.108279657160427
AMS,2024-01-16 15:30:00,SETUP1,620,27.415041041776007
AMS,2024-01-16 15:30:00,SETUP1,625,21.940502527937763
AMS,2024-01-16 15:30:00,SETUP1,630,21.5625336054862
AMS,2024-01-16 15:30:00,SETUP1,635,15.811740339300906
AMS,2024-01-16 15:30:00,SETUP1,640,14.97435396481718
AMS,2024-01-16 15:30:00,SETUP1,645,11.499487573636285
AMS,2024-01-16 15:30:00,SETUP1,650,9.886163445396685
AMS,2024-01-16 15:30:00,SETUP1,655,8.295381575493863
AMS,2024-01-16 15:30:00,SETUP1,660,6.779226707900676
AMS,2024-01-16 15:30:00,SETUP1,665,5.019723112679581
AMS,2024-01-16 15:30:00,SETUP1,670,3.606876713723609
AMS,2024-01-16 15:30:00,SETUP1,675,2.9762573040459377
AMS,2024-01-16 15:30:00,SETUP1,680,2.3114057777315558
AMS,2024-01-16 15:30:00,SETUP1,685,1.7881589204124357
AMS,2024-01-16 15:30:00,SETUP1,690,1.509062472342542
AMS,2024-01-16 15:30:00,SETUP1,695,1.087769882234556
AMS,2024-01-16 15:30:00,SETUP1,700,0.8572880238903077
AMS,2024-01-16 15:30:00,SETUP1,705,0.535961095660802
AMS,2024-01-16 15:30:00,SETUP1,710,0.4128659341536466
AMS,2024-01-16 15:30:00,SETUP1,715,0.2939450309776649
AMS,2024-01-16 15:30:00,SETUP1,720,0.21273444399855637
AMS,2024-01-16 15:30:00,SETUP1,725,0.13932664961015964
AMS,2024-01-16 15:30:00,SETUP1,730,0.10979515369734624
AMS,2024-01-16 15:30:00,SETUP1,735,0.07838580993766513
AMS,2024-01-16 15:30:00,SETUP1,740,0.0558529718008228
AMS,2024-01-16 15:30:00,SETUP1,745,0.03614804280466798
AMS,2024-01-16 15:30:00,SETUP1,750,0.025245629794591558
AMS,2024-01-16 15:30:00,SETUP1,755,0.015979519896684884
AMS,2024-01-16 15:30:00,SETUP1,760,0.01025641396682633
AMS,2024-01-16 15:30:00,SETUP1,765,0.007141012749385578
AMS,2024-01-16 15:30:00,SETUP1,770,0.004375691192890374
AMS,2024-01-16 15:30:00,SETUP1,775,0.002827090788807142
AMS,2024-01-16 15:30:00,SETUP1,780,0.0018004982828555246
AMS,2024-01-16 16:00:00,SETUP1,380,0.16461235740651078
AMS,2024-01-16 16:00:00,SETUP1,385,0.20744626719752723
AMS,2024-01-16 16:00:00,SETUP1,390,0.2937525796162698
AMS,2024-01-16 16:00:00,SETUP1,395,0.438646101077502
AMS,2024-01-16 16:00:00,SETUP1,400,0.5383339341696085
AMS,2024-01-16 16:00:00,SETUP1,405,0.789212753165685
AMS,2024-01-16 16:00:00,SETUP1,410,0.9403727284416068
AMS,2024-01-16 16:00:00,SETUP1,415,1.322251497510435
AMS,2024-01-16 16:00:00,SETUP1,420,1.78129089415466
AMS,2024-01-16 16:00:00,SETUP1,425,2.3872528502553068
AMS,2024-01-16 16:00:00,SETUP1,430,2.635538103590686
AMS,2024-01-16 16:00:00,SETUP1,435,3.5781299993300864
AMS,2024-01-16 16:00:00,SETUP1,440,4.867562202700808
AMS,2024-01-16 16:00:00,SETUP1,445,5.676319143149182
AMS,2024-01-16 16:00:00,SETUP1,450,6.548854225834883
AMS,2024-01-16 16:00:00,SETUP1,455,8.1238812322432
AMS,2024-01-16 16:00:00,SETUP1,460,10.006728970466279
AMS,2024-01-16 16:00:00,SETUP1,465,12.500170022424031
AMS,2024-01-16 16:00:00,SETUP1,470,15.226614271335672
AMS,2024-01-16 16:00:00,SETUP1,475,16.392165919379988
AMS,2024-01-16 16:00:00,SETUP1,480,18.53291653889107
AMS,2024-01-16 16:00:00,SETUP1,485,21.308768503266943
AMS,2024-01-16 16:00:00,SETUP1,490,26.455141302667514
AMS,2024-01-16 16:00:00,SETUP1,495,25.014804881220496
AMS,2024-01-16 16:00:00,SETUP1,500,32.14490974887435
AMS,2024-01-16 16:00:00,SETUP1,505,30.41401624976472
AMS,2024-01-16 16:00:00,SETUP1,510,38.51885116549113
AMS,2024-01-16 16:00:00,SETUP1,515,35.62034044052585
AMS,2024-01-16 16:00:00,SETUP1,520,38.41491081115606
AMS,2024-01-16 16:00:00,SETUP1,525,47.32249834422885
AMS,2024-01-16 16:00:00,SETUP1,530,50.56547654602295
AMS,2024-01-16 16:00:00,SETUP1,535,44.407528372101794
AMS,2024-01-16 16:00:00,SETUP1,540,48.994227869511604
AMS,2024-01-16 16:00:00,SETUP1,545,53.8053328629146
AMS,2024-01-16 16:00:00,SETUP1,550,54.06168925165781
AMS,2024-01-16 16:00:00,SETUP1,555,48.91208347265479
AMS,2024-01-16 16:00:00,SETUP1,560,49.48562852694408
AMS,2024-01-16 16:00:00,SETUP1,565,52.309778299329935
AMS,2024-01-16 16:00:00,SETUP1,570,43.980065419030794
AMS,2024-01-16 16:00:00,SETUP1,575,47.810802684549216
AMS,2024-01-16 16:00:00,SETUP1,580,44.36634524211304
AMS,2024-01-16 16:00:00,SETUP1,585,41.451653255552536
AMS,2024-01-16 16:00:00,SETUP1,590,38.05398356705812
AMS,2024-01-16 16:00:00,SETUP1,595,32.28556246980566
AMS,2024-01-16 16:00:00,SETUP1,600,28.886987673111975
AMS,2024-01-16 16:00:00,SETUP1,605,28.161797230035695
AMS,2024-01-16 16:00:00,SETUP1,610,24.55214556785546
AMS,2024-01-16 16:00:00,SETUP1,615,22.583531283658843
AMS,2024-01-16 16:00:00,SETUP1,620,16.9639345021881
AMS,2024-01-16 16:00:00,SETUP1,625,17.190365910548703
AMS,2024-01-16 16:00:00,SETUP1,630,12.832435141283408
AMS,2024-01-16 16:00:00,SETUP1,635,12.670328467337159
AMS,2024-01-16 16:00:00,SETUP1,640,10.426507409427595
AMS,2024-01-16 16:00:00,SETUP1,645,8.203199079165218
AMS,2024-01-16 16:00:00,SETUP1,650,7.186894699979638
AMS,2024-01-16 16:00:00,SETUP1,655,6.002288560426197
AMS,2024-01-16 16:00:00,SETUP1,660,4.85498193843797
AMS,2024-01-16 16:00:00,SETUP1,665,3.6956823006454047
AMS,2024-01-16 16:00:00,SETUP1,670,3.0125184607399738
AMS,2024-01-16 16:00:00,SETUP1,675,2.2534392658192957
AMS,2024-01-16 16:00:00,SETUP1,680,1.5641856813877786
AMS,2024-01-16 16:00:00,SETUP1,685,1.408361345779414
AMS,2024-01-16 16:00:00,SETUP1,690,1.0364123242131404
AMS,2024-01-16 16:00:00,SETUP1,695,0.8005932163267216
AMS,2024-01-16 16:00:00,SETUP1,700,0.577687726397342
AMS,2024-01-16 16:00:00,SETUP1,705,0.38312450886977023
AMS,2024-01-16 16:00:00,SETUP1,710,0.2981010579119203
AMS,2024-01-16 16:00:00,SETUP1,715,0.20462629175204616
AMS,2024-01-16 16:00:00,SETUP1,720,0.167100771077749
AMS,2024-01-16 16:00:00,SETUP1,725,0.11844764071729212
AMS,2024-01-16 16:00:00,SETUP1,730,0.07321684564596462
AMS,2024-01-16 16:00:00,SETUP1,735,0.052299791561051814
AMS,2024-01-16 16:00:00,SETUP1,740,0.03438979377025112
AMS,2024-01-16 16:00:00,SETUP1,745,0.025967760155570924
AMS,2024-01-16 16:00:00,SETUP1,750,0.01605347171244987
AMS,2024-01-16 16:00:00,SETUP1,755,0.010629687560684867
AMS,2024-01-16 16:00:00,SETUP1,760,0.008025483587867161
AMS,2024-01-16 16:00:00,SETUP1,765,0.0045285977768242305
AMS,2024-01-16 16:00:00,SETUP1,770,0.003040145184965787
AMS,2024-01-16 16:00:00,SETUP1,775,0.0021931340258293007
AMS,2024-01-16 16:00:00,SETUP1,780,0.0013029494500888762
AMS,2024-01-16 16:30:00,SETUP1,380,0.14079352774747464
AMS,2024-01-16 16:30:00,SETUP1,385,0.23267815002821143
AMS,2024-01-16 16:30:00,SETUP1,390,0.26955566792835395
AMS,2024-01-16 16:30:00,SETUP1,395,0.42393644777423645
AMS,2024-01-16 16:30:00,SETUP1,400,0.5389611040084622
AMS,2024-01-16 16:30:00,SETUP1,405,0.6887474208530152
AMS,2024-01-16 16:30:00,SETUP1,410,1.0503187743093316
AMS,2024-01-16 16:30:00,SETUP1,415,1.3305625675936976
AMS,2024-01-16 16:30:00,SETUP1,420,1.6360632415811247
AMS,2024-01-16 16:30:00,SETUP1,425,2.284717344431643
AMS,2024-01-16 16:30:00,SETUP1,430,3.029213762658702
AMS,2024-01-16 16:30:00,SETUP1,435,3.7205363747743774
AMS,2024-01-16 16:30:00,SETUP1,440,4.5929833128634
AMS,2024-01-16 16:30:00,SETUP1,445,5.365797890460057
AMS,2024-01-16 16:30:00,SETUP1,450,6.171893842225238
AMS,2024-01-16 16:30:00,SETUP1,455,8.492676634846655
AMS,2024-01-16 16:30:00,SETUP1,460,10.465556018008419
AMS,2024-01-16 16:30:00,SETUP1,465,12.879543298354138
AMS,2024-01-16 16:30:00,SETUP1,470,12.54743986759469
AMS,2024-01-16 16:30:00,SETUP1,475,15.658108317120224
AMS,2024-01-16 16:30:00,SETUP1,480,18.811675960312982
AMS,2024-01-16 16:30:00,SETUP1,485,22.504586239153838
AMS,2024-01-16 16:30:00,SETUP1,490,25.765013015044655
AMS,2024-01-16 16:30:00,SETUP1,495,25.476258099267735
AMS,2024-01-16 16:30:00,SETUP1,500,31.169897508861464
AMS,2024-01-16 16:30:00,SETUP1,505,35.78091877832416
AMS,2024-01-16 16:30:00,SETUP1,510,33.52833546134608
AMS,2024-01-16 16:30:00,SETUP1,515,38.13358000739623
AMS,2024-01-16 16:30:00,SETUP1,520,43.378090602430305
AMS,2024-01-16 16:30:00,SETUP1,525,46.70075455692313
AMS,2024-01-16 16:30:00,SETUP1,530,49.16425617751244
AMS,2024-01-16 16:30:00,SETUP1,535,48.148770996072194
AMS,2024-01-16 16:30:00,SETUP1,540,44.996845933582414
AMS,2024-01-16 16:30:00,SETUP1,545,52.38985212602041
AMS,2024-01-16 16:30:00,SETUP1,550,49.893631746524775
AMS,2024-01-16 16:30:00,SETUP1,555,49.45668973756851
AMS,2024-01-16 16:30:00,SETUP1,560,45.514166181178986
AMS,2024-01-16 16:30:00,SETUP1,565,43.87209336810502
AMS,2024-01-16 16:30:00,SETUP1,570,44.23523587661175
AMS,2024-01-16 16:30:00,SETUP1,575,43.1437705068157
AMS,2024-01-16 16:30:00,SETUP1,580,43.877279678877365
AMS,2024-01-16 16:30:00,SETUP1,585,35.5416665120436
AMS,2024-01-16 16:30:00,SETUP1,590,38.58585866201581
AMS,2024-01-16 16:30:00,SETUP1,595,36.55673393072432
AMS,2024-01-16 16:30:00,SETUP1,600,31.45276121193952
AMS,2024-01-16 16:30:00,SETUP1,605,28.224193074757135
AMS,2024-01-16 16:30:00,SETUP1,610,24.53252033669867
AMS,2024-01-16 16:30:00,SETUP1,615,21.827683979014182
AMS,2024-01-16 16:30:00,SETUP1,620,17.58710365845875
AMS,2024-01-16 16:30:00,SETUP1,625,16.571947410255284
AMS,2024-01-16 16:30:00,SETUP1,630,14.947061107635182
AMS,2024-01-16 16:30:00,SETUP1,635,12.651882771071161
AMS,2024-01-16 16:30:00,SETUP1,640,9.68434501728888
AMS,2024-01-16 16:30:00,SETUP1,645,7.952809007742853
AMS,2024-01-16 16:30:00,SETUP1,650,7.42232937499024
AMS,2024-01-16 16:30:00,SETUP1,655,5.224674960657347
AMS,2024-01-16 16:30:00,SETUP1,660,4.843783019590977
AMS,2024-01-16 16:30:00,SETUP1,665,3.5520149348038066
AMS,2024-01-16 16:30:00,SETUP1,670,2.832173430914141
AMS,2024-01-16 16:30:00,SETUP1,675,2.112519416169782
AMS,2024-01-16 16:30:00,SETUP1,680,1.6842530710408836
AMS,2024-01-16 16:30:00,SETUP1,685,1.278855487974097
AMS,2024-01-16 16:30:00,SETUP1,690,0.9737707248179246
AMS,2024-01-16 16:30:00,SETUP1,695,0.810472875965627
AMS,2024-01-16 16:30:00,SETUP1,700,0.5318379501060783
AMS,2024-01-16 16:30:00,SETUP1,705,0.4498663879966224
AMS,2024-01-16 16:30:00,SETUP1,710,0.28137387562323035
AMS,2024-01-16 16:30:00,SETUP1,715,0.2278924559674542
AMS,2024-01-16 16:30:00,SETUP1,720,0.14357769648167842
AMS,2024-01-16 16:30:00,SETUP1,725,0.10913702625118715
AMS,2024-01-16 16:30:00,SETUP1,730,0.07919172509840024
AMS,2024-01-16 16:30:00,SETUP1,735,0.048872789361727675
AMS,2024-01-16 16:30:00,SETUP1,740,0.03401068155939983
AMS,2024-01-16 16:30:00,SETUP1,745,0.02512780410889411
AMS,2024-01-16 16:30:00,SETUP1,750,0.01668946470141763
AMS,2024-01-16 16:30:00,SETUP1,755,0.01099680644122361
AMS,2024-01-16 16:30:00,SETUP1,760,0.006961321574077747
AMS,2024-01-16 16:30:00,SETUP1,765,0.004763303008125346
AMS,2024-01-16 16:30:00,SETUP1,770,0.003271145963424729
AMS,2024-01-16 16:30:00,SETUP1,775,0.0018332548384004533
AMS,2024-01-16 16:30:00,SETUP1,780,0.001326060453673265
AMS,2024-01-16 17:00:00,SETUP1,380,0.07511109247825422
AMS,2024-01-16 17:00:00,SETUP1,385,0.10748610673445005
AMS,2024-01-16 17:00:00,SETUP1,390,0.15611630481079408
AMS,2024-01-16 17:00:00,SETUP1,395,0.2053948621225755
AMS,2024-01-16 17:00:00,SETUP1,400,0.28045020296912204
AMS,2024-01-16 17:00:00,SETUP1,405,0.39605378202309155
AMS,2024-01-16 17:00:00,SETUP1,410,0.47771366795161774
AMS,2024-01-16 17:00:00,SETUP1,415,0.6325162484538647
AMS,2024-01-16 17:00:00,SETUP1,420,0.8020188426272021
AMS,2024-01-16 17:00:00,SETUP1,425,1.1067116744434133
AMS,2024-01-16 17:00:00,SETUP1,430,1.468517754870922
AMS,2024-01-16 17:00:00,SETUP1,435,1.7818636857958405
AMS,2024-01-16 17:00:00,SETUP1,440,2.089586456938397
AMS,2024-01-16 17:00:00,SETUP1,445,3.068447120350859
AMS,2024-01-16 17:00:00,SETUP1,450,3.434880341796077
AMS,2024-01-16 17:00:00,SETUP1,455,4.370930864123319
AMS,2024-01-16 17:00:00,SETUP1,460,4.83470712551188
AMS,2024-01-16 17:00:00,SETUP1,465,5.656325376199271
AMS,2024-01-16 17:00:00,SETUP1,470,6.711098248221141
AMS,2024-01-16 17:00:00,SETUP1,475,7.812279295977531
AMS,2024-01-16 17:00:00,SETUP1,480,8.886524290410375
AMS,2024-01-16 17:00:00,SETUP1,485,11.331152429749736
AMS,2024-01-16 17:00:00,SETUP1,490,11.636409147040265
AMS,2024-01-16 17:00:00,SETUP1,495,13.368804908082103
AMS,2024-01-16 17:00:00,SETUP1,500,15.554835381332701
AMS,2024-01-16 17:00:00,SETUP1,505,18.412496719046725
AMS,2024-01-16 17:00:00,SETUP1,510,17.771543410474127
AMS,2024-01-16 17:00:00,SETUP1,515,20.220988843178052
AMS,2024-01-16 17:00:00,SETUP1,520,22.363816532311343
AMS,2024-01-16 17:00:00,SETUP1,525,20.589753775352346
AMS,2024-01-16 17:00:00,SETUP1,530,22.568536924604917
AMS,2024-01-16 17:00:00,SETUP1,535,25.76427353650108
AMS,2024-01-16 17:00:00,SETUP1,540,24.322662988575047
AMS,2024-01-16 17:00:00,SETUP1,545,25.61104879291091
AMS,2024-01-16 17:00:00,SETUP1,550,24.027479555216928
AMS,2024-01-16 17:00:00,SETUP1,555,23.916841460338876
AMS,2024-01-16 17:00:00,SETUP1,560,27.068706315904812
AMS,2024-01-16 17:00:00,SETUP1,565,25.40998279854643
AMS,2024-01-16 17:00:00,SETUP1,570,23.04871710588413
AMS,2024-01-16 17:00:00,SETUP1,575,23.508806581442318
AMS,2024-01-16 17:00:00,SETUP1,580,23.041372109216503
AMS,2024-01-16 17:00:00,SETUP1,585,19.235635904857208
AMS,2024-01-16 17:00:00,SETUP1,590,20.56057812934159
AMS,2024-01-16 17:00:00,SETUP1,595,16.792809195140034
AMS,2024-01-16 17:00:00,SETUP1,600,17.09955359834315
AMS,2024-01-16 17:00:00,SETUP1,605,14.475049004305834
AMS,2024-01-16 17:00:00,SETUP1,610,11.48881338850319
AMS,2024-01-16 17:00:00,SETUP1,615,10.948560502498049
AMS,2024-01-16 17:00:00,SETUP1,620,9.685697201170798
AMS,2024-01-16 17:00:00,SETUP1,625,8.936632076609673
AMS,2024-01-16 17:00:00,SETUP1,630,6.718461705785086
AMS,2024-01-16 17:00:00,SETUP1,635,6.006247114096162
AMS,2024-01-16 17:00:00,SETUP1,640,5.611433354728199
AMS,2024-01-16 17:00:00,SETUP1,645,4.180362303261759
AMS,2024-01-16 17:00:00,SETUP1,650,3.3110988406205357
AMS,2024-01-16 17:00:00,SETUP1,655,3.103952741608304
AMS,2024-01-16 17:00:00,SETUP1,660,2.1732736897557245
AMS,2024-01-16 17:00:00,SETUP1,665,1.6921345230296199
AMS,2024-01-16 17:00:00,SETUP1,670,1.4110336399503773
AMS,2024-01-16 17:00:00,SETUP1,675,1.0347961824943317
AMS,2024-01-16 17:00:00,SETUP1,680,0.8531410891168992
AMS,2024-01-16 17:00:00,SETUP1,685,0.6739471440658144
AMS,2024-01-16 17:00:00,SETUP1,690,0.5538859249431326
AMS,2024-01-16 17:00:00,SETUP1,695,0.3842972416540013
AMS,2024-01-16 17:00:00,SETUP1,700,0.31339084060633365
AMS,2024-01-16 17:00:00,SETUP1,705,0.21334278029645035
AMS,2024-01-16 17:00:00,SETUP1,710,0.1609103492698246
AMS,2024-01-16 17:00:00,SETUP1,715,0.10974013871832285
AMS,2024-01-16 17:00:00,SETUP1,720,0.07845607518592682
AMS,2024-01-16 17:00:00,SETUP1,725,0.056944448849041984
AMS,2024-01-16 17:00:00,SETUP1,730,0.03792714602671
AMS,2024-01-16 17:00:00,SETUP1,735,0.027324358903032153
AMS,2024-01-16 17:00:00,SETUP1,740,0.02057151508533817
AMS,2024-01-16 17:00:00,SETUP1,745,0.013024053539379965
AMS,2024-01-16 17:00:00,SETUP1,750,0.00907465684689834
AMS,2024-01-16 17:00:00,SETUP1,755,0.005929232864763258
AMS,2024-01-16 17:00:00,SETUP1,760,0.0037917578530490314
AMS,2024-01-16 17:00:00,SETUP1,765,0.002650841740118542
AMS,2024-01-16 17:00:00,SETUP1,770,0.0015748790692434113
AMS,2024-01-16 17:00:00,SETUP1,775,0.0010265402956788246
AMS,2024-01-16 17:00:00,SETUP1,780,0.0007042929641402551
AMS,2024-01-16 17:30:00,SETUP1,380,0.08149025715083379
AMS,2024-01-16 17:30:00,SETUP1,385,0.11424305912462591
AMS,2024-01-16 17:30:00,SETUP1,390,0.15340790059069762
AMS,2024-01-16 17:30:00,SETUP1,395,0.20092729382152127
AMS,2024-01-16 17:30:00,SETUP1,400,0.280548000212569
AMS,2024-01-16 17:30:00,SETUP1,405,0.4119906381754877
AMS,2024-01-16 17:30:00,SETUP1,410,0.5085158927963284
AMS,2024-01-16 17:30:00,SETUP1,415,0.6989666456793573
AMS,2024-01-16 17:30:00,SETUP1,420,0.9473034781286959
AMS,2024-01-16 17:30:00,SETUP1,425,1.0412852080509958
AMS,2024-01-16 17:30:00,SETUP1,430,1.4245971187871986
AMS,2024-01-16 17:30:00,SETUP1,435,1.704710258861874
AMS,2024-01-16 17:30:00,SETUP1,440,2.331316916800416
AMS,2024-01-16 17:30:00,SETUP1,445,2.8210419550234374
AMS,2024-01-16 17:30:00,SETUP1,450,3.568872320721674
AMS,2024-01-16 17:30:00,SETUP1,455,3.9911920244693286
AMS,2024-01-16 17:30:00,SETUP1,460,5.615689540370704
AMS,2024-01-16 17:30:00,SETUP1,465,5.667615134471233
AMS,2024-01-16 17:30:00,SETUP1,470,7.719650286505212
AMS,2024-01-16 17:30:00,SETUP1,475,7.987018237931873
AMS,2024-01-16 17:30:00,SETUP1,480,10.074116140109856
AMS,2024-01-16 17:30:00,SETUP1,485,11.158450898544288
AMS,2024-01-16 17:30:00,SETUP1,490,11.643734916262066
AMS,2024-01-16 17:30:00,SETUP1,495,15.3368676802497
AMS,2024-01-16 17:30:00,SETUP1,500,15.492495731721807
AMS,2024-01-16 17:30:00,SETUP1,505,17.768985692049743
AMS,2024-01-16 17:30:00,SETUP1,510,17.076886195862755
AMS,2024-01-16 17:30:00,SETUP1,515,20.307950902438687
AMS,2024-01-16 17:30:00,SETUP1,520,22.671241507998044
AMS,2024-01-16 17:30:00,SETUP1,525,21.9468555464485
AMS,2024-01-16 17:30:00,SETUP1,530,21.920502985813688
AMS,2024-01-16 17:30:00,SETUP1,535,25.44274093005196
AMS,2024-01-16 17:30:00,SETUP1,540,24.82367551085863
AMS,2024-01-16 17:30:00,SETUP1,545,27.543767535863015
AMS,2024-01-16 17:30:00,SETUP1,550,28.078744652809867
AMS,2024-01-16 17:30:00,SETUP1,555,23.63738271307778
AMS,2024-01-16 17:30:00,SETUP1,560,27.55160693906891
AMS,2024-01-16 17:30:00,SETUP1,565,22.457286227451892
AMS,2024-01-16 17:30:00,SETUP1,570,22.790096522345458
AMS,2024-01-16 17:30:00,SETUP1,575,21.235119917708282
AMS,2024-01-16 17:30:00,SETUP1,580,20.519185905053593
AMS,2024-01-16 17:30:00,SETUP1,585,19.566004817622236
AMS,2024-01-16 17:30:00,SETUP1,590,19.04081500123396
AMS,2024-01-16 17:30:00,SETUP1,595,16.377850885294436
AMS,2024-01-16 17:30:00,SETUP1,600,16.471799119027576
AMS,2024-01-16 17:30:00,SETUP1,605,15.36518643457413
AMS,2024-01-16 17:30:00,SETUP1,610,11.843408169719893
AMS,2024-01-16 17:30:00,SETUP1,615,10.29948651274162
AMS,2024-01-16 17:30:00,SETUP1,620,10.646495899682078
AMS,2024-01-16 17:30:00,SETUP1,625,9.101318990258061
AMS,2024-01-16 17:30:00,SETUP1,630,7.0730625137588925
AMS,2024-01-16 17:30:00,SETUP1,635,6.417950687156784
AMS,2024-01-16 17:30:00,SETUP1,640,5.227270316187364
AMS,2024-01-16 17:30:00,SETUP1,645,4.18569358338532
AMS,2024-01-16 17:30:00,SETUP1,650,3.768476751097853
AMS,2024-01-16 17:30:00,SETUP1,655,3.018944806591996
AMS,2024-01-16 17:30:00,SETUP1,660,2.4522946984572496
AMS,2024-01-16 17:30:00,SETUP1,665,1.905025440031395
AMS,2024-01-16 17:30:00,SETUP1,670,1.384816400141906
AMS,2024-01-16 17:30:00,SETUP1,675,1.2273046862991779
AMS,2024-01-16 17:30:00,SETUP1,680,0.8942033508895758
AMS,2024-01-16 17:30:00,SETUP1,685,0.7139106971664885
AMS,2024-01-16 17:30:00,SETUP1,690,0.5560342258558322
AMS,2024-01-16 17:30:00,SETUP1,695,0.37865495275523003
AMS,2024-01-16 17:30:00,SETUP1,700,0.3055634398517687
AMS,2024-01-16 17:30:00,SETUP1,705,0.2057389686939797
AMS,2024-01-16 17:30:00,SETUP1,710,0.14821679653003236
AMS,2024-01-16 17:30:00,SETUP1,715,0.11911840082609845
AMS,2024-01-16 17:30:00,SETUP1,720,0.07694281039619767
AMS,2024-01-16 17:30:00,SETUP1,725,0.06071837537459102
AMS,2024-01-16 17:30:00,SETUP1,730,0.04328058440870866
AMS,2024-01-16 17:30:00,SETUP1,735,0.02867899936680599
AMS,2024-01-16 17:30:00,SETUP1,740,0.017558896779928578
AMS,2024-01-16 17:30:00,SETUP1,745,0.012921272602293516
AMS,2024-01-16 17:30:00,SETUP1,750,0.00809168912366053
AMS,2024-01-16 17:30:00,SETUP1,755,0.005929459596916408
AMS,2024-01-16 17:30:00,SETUP1,760,0.003459195045409966
AMS,2024-01-16 17:30:00,SETUP1,765,0.0024908670576407896
AMS,2024-01-16 17:30:00,SETUP1,770,0.001692702128002695
AMS,2024-01-16 17:30:00,SETUP1,775,0.0009901708209662675
AMS,2024-01-16 17:30:00,SETUP1,780,0.0006331111209600084
