;;;;;;;;;;;;;;;;;;;;;;;;;;;;;;;;;;;;;;;;;;;;;;;;;;;;;;;;;;;;
;;;;;;;;;;;;;;;;;;;;;;;;;;;;;;;;;;;;;;;;;;;;;;;;;;;;;;;;;;;;
;;;;;;;;;;;;;;;;;;;;;;;;;;;;;;;;;;;;;;;;;;;;;;;;;;;;;;;;;;;;
Device number: 2016951;;;;;;;;;;;;;;;;;;;;;;;;;;;;;;;;;;;;;;;;;;;;;;;;;;;;;;;;;;;;
Name;#62;#63;#64;#65;#66;#67;#68;#69;#70;#71;#72;#73;#74;#75;#76;#77;#78;#79;#80;#81;#82;#83;#84;#85;#86;#87;#88;#89;#90;#91;#93;#94;#96;#97;#98;#99;#100;#101;#102;#103;#106;#107;#108;#109;#110;#111;#112;#113;#114;#115;#116;#117;#118;#119;#120;#121;#122;#123;#124;#125
Measuring mode;Irradiance;Irradiance;Irradiance;Irradiance;Irradiance;Irradiance;Irradiance;Irradiance;Irradiance;Irradiance;Irradiance;Irradiance;Irradiance;Irradiance;Irradiance;Irradiance;Irradiance;Irradiance;Irradiance;Irradiance;Irradiance;Irradiance;Irradiance;Irradiance;Irradiance;Irradiance;Irradiance;Irradiance;Irradiance;Irradiance;Irradiance;Irradiance;Irradiance;Irradiance;Irradiance;Irradiance;Irradiance;Irradiance;Irradiance;Irradiance;Irradiance;Irradiance;Irradiance;Irradiance;Irradiance;Irradiance;Irradiance;Irradiance;Irradiance;Irradiance;Irradiance;Irradiance;Irradiance;Irradiance;Irradiance;Irradiance;Irradiance;Irradiance;Irradiance;Irradiance
Correction;UV;UV;UV;UV;UV;UV;UV;UV;UV;UV;UV;UV;UV;UV;UV;UV;UV;UV;UV;UV;UV;UV;UV;UV;UV;UV;UV;UV;UV;UV;UV;UV;UV;UV;UV;UV;UV;UV;UV;UV;UV;UV;UV;UV;UV;UV;UV;UV;UV;UV;UV;UV;UV;UV;UV;UV;UV;UV;UV;UV
Date;27-02-2026;27-02-2026;27-02-2026;27-02-2026;27-02-2026;27-02-2026;27-02-2026;27-02-2026;27-02-2026;27-02-2026;27-02-2026;27-02-2026;27-02-2026;27-02-2026;27-02-2026;27-02-2026;27-02-2026;27-02-2026;27-02-2026;27-02-2026;27-02-2026;27-02-2026;27-02-2026;27-02-2026;27-02-2026;27-02-2026;27-02-2026;27-02-2026;27-02-2026;27-02-2026;27-02-2026;27-02-2026;27-02-2026;27-02-2026;27-02-2026;27-02-2026;27-02-2026;27-02-2026;27-02-2026;27-02-2026;27-02-2026;27-02-2026;27-02-2026;27-02-2026;27-02-2026;27-02-2026;27-02-2026;27-02-2026;27-02-2026;27-02-2026;27-02-2026;27-02-2026;27-02-2026;27-02-2026;27-02-2026;27-02-2026;27-02-2026;27-02-2026;27-02-2026;27-02-2026
Time;13:06:57;13:07:02;13:07:06;13:07:24;13:07:28;13:07:34;13:07:39;13:07:44;13:07:49;13:07:55;13:07:59;13:08:03;13:08:08;13:08:12;13:08:16;13:08:21;13:08:25;13:08:28;13:08:34;13:08:38;13:09:53;13:09:58;13:10:04;13:10:09;13:10:13;13:10:20;13:10:25;13:10:31;13:10:35;13:10:40;13:12:53;13:14:13;13:16:54;13:17:00;13:18:00;13:19:00;13:20:00;13:21:00;13:22:00;13:23:00;13:26:59;13:27:13;13:27:25;13:27:33;13:27:39;13:27:53;13:28:00;13:28:07;13:28:54;13:29:00;13:29:06;13:29:12;13:29:17;13:29:25;13:29:30;13:29:35;13:29:41;13:29:47;13:29:53;13:29:58
Sync. frequency [Hz];0,00;0,00;0,00;0,00;0,00;0,00;0,00;0,00;0,00;0,00;0,00;0,00;0,00;0,00;0,00;0,00;0,00;0,00;0,00;0,00;0,00;0,00;0,00;0,00;0,00;0,00;0,00;0,00;0,00;0,00;0,00;0,00;0,00;0,00;0,00;0,00;0,00;0,00;0,00;0,00;0,00;0,00;0,00;0,00;0,00;0,00;0,00;0,00;0,00;0,00;0,00;0,00;0,00;0,00;0,00;0,00;0,00;0,00;0,00;0,00
T_int [ms];355,96;100,00;50,00;33,75;25,00;20,77;17,44;14,96;12,50;12,50;10,52;9,58;8,82;4,52;4,52;4,52;4,52;4,52;4,52;4,52;28,56;18,12;12,50;10,33;8,63;4,52;4,52;4,52;4,52;4,52;4,52;4,52;4,52;4,52;4,52;4,52;4,52;4,52;4,52;4,52;631,99;276,05;177,27;132,05;100,00;89,05;75,95;67,04;59,77;50,00;50,00;50,00;42,85;40,52;37,31;35,68;34,32;33,62;32,89;32,48
Averages;1;1;1;1;1;1;1;1;1;1;1;1;1;1;1;1;1;1;1;1;1;1;1;1;1;1;1;1;1;1;1;1;1;1;1;1;1;1;1;1;1;1;1;1;1;1;1;1;1;1;1;1;1;1;1;1;1;1;1;1
;;;;;;;;;;;;;;;;;;;;;;;;;;;;;;;;;;;;;;;;;;;;;;;;;;;;;;;;;;;;
Ev [lx] (CIE1931 2°);1,631E+03;6,491E+03;1,190E+04;1,743E+04;2,302E+04;2,850E+04;3,412E+04;3,974E+04;4,527E+04;5,089E+04;5,659E+04;6,207E+04;6,763E+04;7,379E+04;7,914E+04;8,475E+04;9,040E+04;9,570E+04;1,012E+05;1,066E+05;2,098E+03;3,350E+03;4,634E+03;5,929E+03;7,205E+03;8,513E+03;9,746E+03;1,098E+04;1,215E+04;1,332E+04;1,417E+04;1,531E+04;1,614E+04;1,77201E+04;1,87582E+04;1,97964E+04;2,08346E+04;2,18727E+04;2,29109E+04;2,39491E+04;9,574E-01;2,471E+00;3,738E+00;5,300E+00;6,701E+00;7,529E+00;8,836E+00;1,173E+01;1,172E+01;1,464E+01;1,678E+01;1,738E+01;1,818E+01;1,906E+01;2,042E+01;2,429E+01;2,532E+01;2,450E+01;2,443E+01;2,513E+01
Ee [W/sqm] (230-1000nm);4,278E+00;1,709E+01;3,139E+01;4,610E+01;6,086E+01;7,537E+01;9,028E+01;1,052E+02;1,200E+02;1,348E+02;1,498E+02;1,646E+02;1,793E+02;1,962E+02;2,102E+02;2,257E+02;2,403E+02;2,546E+02;2,692E+02;2,838E+02;7,432E+00;1,195E+01;1,647E+01;2,124E+01;2,608E+01;3,081E+01;3,515E+01;3,997E+01;4,387E+01;4,808E+01;5,137E+01;5,573E+01;5,953E+01;6,47332E+01;6,85678E+01;7,24025E+01;7,62371E+01;8,00718E+01;8,39065E+01;8,77411E+01;6,867E-01;1,648E+00;2,587E+00;3,560E+00;4,491E+00;5,413E+00;6,323E+00;7,285E+00;8,140E+00;9,130E+00;1,008E+01;1,082E+01;1,170E+01;1,254E+01;1,349E+01;1,436E+01;1,498E+01;1,518E+01;1,555E+01;1,577E+01
CCT [K] (CIE1931 2°);5283;5255;5252;5258;5258;5258;5258;5262;5262;5268;5273;5277;5278;5274;5287;5281;5285;5287;5294;5295;0;0;0;0;0;0;0;0;0;0;0;0;0;0;0;0;0;0;0;0;0;0;0;0;0;0;0;0;0;0;0;0;0;0;0;0;0;0;0;0
;;;;;;;;;;;;;;;;;;;;;;;;;;;;;;;;;;;;;;;;;;;;;;;;;;;;;;;;;;;;
Chrom. Coord. (CIE1931 2°);;;;;;;;;;;;;;;;;;;;;;;;;;;;;;;;;;;;;;;;;;;;;;;;;;;;;;;;;;;;
x;0,3388;0,3395;0,3396;0,3394;0,3394;0,3394;0,3394;0,3392;0,3392;0,3390;0,3389;0,3388;0,3387;0,3389;0,3385;0,3386;0,3385;0,3385;0,3382;0,3382;0,6736;0,6736;0,6741;0,6743;0,6742;0,6738;0,6742;0,6740;0,6743;0,6744;0,6752;0,6752;0,6757;0,6754;0,6755;0,6757;0,6758;0,6760;0,6761;0,6762;0,7108;0,6213;0,6766;0,6352;0,6470;0,6740;0,7078;0,6673;0,6743;0,6735;0,6698;0,6714;0,6863;0,7066;0,6802;0,6751;0,6562;0,6785;0,6986;0,6673
y;0,3718;0,3708;0,3704;0,3698;0,3698;0,3693;0,3691;0,3688;0,3684;0,3682;0,3680;0,3677;0,3675;0,3674;0,3672;0,3672;0,3669;0,3668;0,3665;0,3662;0,3253;0,3253;0,3253;0,3253;0,3251;0,3251;0,3250;0,3248;0,3248;0,3246;0,3242;0,3240;0,3236;0,3237;0,3236;0,3234;0,3233;0,3231;0,3230;0,3228;0,2806;0,2539;0,2680;0,2560;0,2598;0,2567;0,2719;0,2844;0,2577;0,2820;0,2872;0,2771;0,2748;0,2801;0,2682;0,2841;0,2703;0,2724;0,2789;0,2684
;;;;;;;;;;;;;;;;;;;;;;;;;;;;;;;;;;;;;;;;;;;;;;;;;;;;;;;;;;;;
PAR;;;;;;;;;;;;;;;;;;;;;;;;;;;;;;;;;;;;;;;;;;;;;;;;;;;;;;;;;;;;
Begin [nm];400;400;400;400;400;400;400;400;400;400;400;400;400;400;400;400;400;400;400;400;400;400;400;400;400;400;400;400;400;400;400;400;400;400;400;400;400;400;400;400;400;400;400;400;400;400;400;400;400;400;400;400;400;400;400;400;400;400;400;400
End [nm];700;700;700;700;700;700;700;700;700;700;700;700;700;700;700;700;700;700;700;700;700;700;700;700;700;700;700;700;700;700;700;700;700;700;700;700;700;700;700;700;700;700;700;700;700;700;700;700;700;700;700;700;700;700;700;700;700;700;700;700
Ephot (Begin..End) [umol/s sqm];1,91362E+01;7,65855E+01;1,40557E+02;2,06163E+02;2,72278E+02;3,37346E+02;4,04048E+02;4,70863E+02;5,37002E+02;6,03880E+02;6,71364E+02;7,36965E+02;8,03298E+02;8,76187E+02;9,40302E+02;1,00701E+03;1,07461E+03;1,13790E+03;1,20398E+03;1,26870E+03;3,79762E+01;6,07085E+01;8,41413E+01;1,07836E+02;1,31298E+02;1,55374E+02;1,77973E+02;2,00867E+02;2,22554E+02;2,44553E+02;2,62376E+02;2,84387E+02;3,02346E+02;3,29490E+02;3,49093E+02;3,68697E+02;3,88301E+02;4,07905E+02;4,27509E+02;4,47112E+02;2,97587E-01;7,29576E-01;1,15895E+00;1,61604E+00;2,06624E+00;2,51248E+00;2,96757E+00;3,45516E+00;3,89577E+00;4,37907E+00;4,84657E+00;5,30088E+00;5,76415E+00;6,21692E+00;6,69929E+00;7,23265E+00;7,53624E+00;7,70466E+00;7,85235E+00;8,06582E+00
;;;;;;;;;;;;;;;;;;;;;;;;;;;;;;;;;;;;;;;;;;;;;;;;;;;;;;;;;;;;
;;;;;;;;;;;;;;;;;;;;;;;;;;;;;;;;;;;;;;;;;;;;;;;;;;;;;;;;;;;;
Wavelength [nm];Ee [W/(sqm*nm)];Ee [W/(sqm*nm)];Ee [W/(sqm*nm)];Ee [W/(sqm*nm)];Ee [W/(sqm*nm)];Ee [W/(sqm*nm)];Ee [W/(sqm*nm)];Ee [W/(sqm*nm)];Ee [W/(sqm*nm)];Ee [W/(sqm*nm)];Ee [W/(sqm*nm)];Ee [W/(sqm*nm)];Ee [W/(sqm*nm)];Ee [W/(sqm*nm)];Ee [W/(sqm*nm)];Ee [W/(sqm*nm)];Ee [W/(sqm*nm)];Ee [W/(sqm*nm)];Ee [W/(sqm*nm)];Ee [W/(sqm*nm)];Ee [W/(sqm*nm)];Ee [W/(sqm*nm)];Ee [W/(sqm*nm)];Ee [W/(sqm*nm)];Ee [W/(sqm*nm)];Ee [W/(sqm*nm)];Ee [W/(sqm*nm)];Ee [W/(sqm*nm)];Ee [W/(sqm*nm)];Ee [W/(sqm*nm)];Ee [W/(sqm*nm)];Ee [W/(sqm*nm)];Ee [W/(sqm*nm)];Ee [W/(sqm*nm)];Ee [W/(sqm*nm)];Ee [W/(sqm*nm)];Ee [W/(sqm*nm)];Ee [W/(sqm*nm)];Ee [W/(sqm*nm)];Ee [W/(sqm*nm)];Ee [W/(sqm*nm)];Ee [W/(sqm*nm)];Ee [W/(sqm*nm)];Ee [W/(sqm*nm)];Ee [W/(sqm*nm)];Ee [W/(sqm*nm)];Ee [W/(sqm*nm)];Ee [W/(sqm*nm)];Ee [W/(sqm*nm)];Ee [W/(sqm*nm)];Ee [W/(sqm*nm)];Ee [W/(sqm*nm)];Ee [W/(sqm*nm)];Ee [W/(sqm*nm)];Ee [W/(sqm*nm)];Ee [W/(sqm*nm)];Ee [W/(sqm*nm)];Ee [W/(sqm*nm)];Ee [W/(sqm*nm)];Ee [W/(sqm*nm)]
300;2,28430E-04;3,88077E-04;2,30766E-04;5,83271E-04;3,55024E-05;4,27328E-04;2,24801E-03;0,00000E+00;1,80693E-04;1,42010E-04;2,14702E-04;9,43076E-04;0,00000E+00;9,81163E-04;9,66675E-03;1,28430E-03;0,00000E+00;5,49311E-03;5,88698E-04;3,35354E-03;7,90850E-05;0,00000E+00;1,35545E-03;0,00000E+00;0,00000E+00;6,49186E-03;3,99499E-03;7,84930E-04;0,00000E+00;4,99374E-04;3,92465E-03;0,00000E+00;5,88698E-04;1,19178E-03;1,13055E-03;1,06933E-03;1,00811E-03;9,46887E-04;8,85665E-04;8,24443E-04;0,00000E+00;7,65660E-05;0,00000E+00;0,00000E+00;1,39560E-04;0,00000E+00;0,00000E+00;0,00000E+00;2,52443E-04;1,95263E-04;0,00000E+00;0,00000E+00;3,68977E-04;8,76170E-05;1,42733E-04;1,26607E-04;3,40832E-04;8,56621E-04;0,00000E+00;4,86782E-04
301;2,97221E-04;1,19160E-05;2,28752E-04;2,82453E-05;0,00000E+00;2,75339E-04;2,04977E-04;0,00000E+00;1,90656E-05;0,00000E+00;2,26539E-05;9,95071E-05;3,24194E-04;0,00000E+00;8,95740E-04;5,26906E-05;8,85066E-03;3,74055E-03;0,00000E+00;1,05381E-04;1,00953E-03;0,00000E+00;3,81311E-05;0,00000E+00;0,00000E+00;6,84977E-04;4,21525E-04;0,00000E+00;0,00000E+00;3,84583E-03;0,00000E+00;0,00000E+00;0,00000E+00;6,68490E-04;7,00422E-04;7,32353E-04;7,64285E-04;7,96216E-04;8,28148E-04;8,60079E-04;0,00000E+00;7,85510E-05;0,00000E+00;0,00000E+00;1,19160E-05;0,00000E+00;0,00000E+00;0,00000E+00;1,43520E-04;0,00000E+00;1,71564E-04;0,00000E+00;1,05662E-04;0,00000E+00;0,00000E+00;1,33587E-05;2,77762E-05;4,11088E-04;0,00000E+00;1,90011E-03
302;1,33752E-04;2,90952E-04;5,44148E-05;1,95778E-04;8,05822E-04;0,00000E+00;0,00000E+00;8,84029E-04;3,10942E-05;0,00000E+00;1,84732E-04;8,11434E-05;0,00000E+00;8,42593E-04;1,11713E-03;1,77112E-03;1,16958E-03;5,15601E-04;0,00000E+00;6,01534E-04;6,80457E-05;0,00000E+00;0,00000E+00;0,00000E+00;1,53245E-03;7,72172E-03;0,00000E+00;0,00000E+00;4,09355E-03;5,84792E-04;5,84792E-04;0,00000E+00;4,29667E-04;6,70342E-04;5,68002E-04;4,65661E-04;3,63320E-04;2,60980E-04;1,58639E-04;5,62985E-05;0,00000E+00;0,00000E+00;1,04446E-04;8,01216E-05;2,33206E-05;0,00000E+00;0,00000E+00;8,69653E-05;6,19545E-04;1,05801E-04;2,11601E-04;3,17402E-04;0,00000E+00;6,52768E-04;0,00000E+00;1,11197E-03;2,31208E-04;1,10143E-03;0,00000E+00;2,39333E-04
303;0,00000E+00;0,00000E+00;3,18644E-04;1,03276E-03;1,39365E-03;0,00000E+00;1,14072E-04;6,64912E-05;1,59346E-04;8,75343E-04;9,46687E-04;4,15831E-04;5,63893E-04;2,20082E-03;5,72491E-03;5,50179E-03;0,00000E+00;4,62157E-03;0,00000E+00;3,08265E-03;3,83538E-04;0,00000E+00;0,00000E+00;0,00000E+00;0,00000E+00;6,60567E-03;0,00000E+00;0,00000E+00;0,00000E+00;0,00000E+00;0,00000E+00;0,00000E+00;2,20189E-03;6,82027E-04;6,64389E-04;6,46750E-04;6,29111E-04;6,11473E-04;5,93834E-04;5,76196E-04;0,00000E+00;1,44134E-05;0,00000E+00;0,00000E+00;1,79192E-04;0,00000E+00;0,00000E+00;5,94041E-04;0,00000E+00;0,00000E+00;2,58624E-04;0,00000E+00;0,00000E+00;1,47291E-04;7,46497E-04;2,78786E-04;3,76783E-04;0,00000E+00;0,00000E+00;1,22650E-03
304;0,00000E+00;0,00000E+00;5,43027E-05;4,02243E-05;7,05936E-04;0,00000E+00;1,55684E-04;9,07466E-05;1,26422E-04;1,57393E-03;6,00867E-04;1,31965E-03;7,69597E-04;4,69447E-03;0,00000E+00;7,49428E-03;0,00000E+00;2,70133E-03;0,00000E+00;1,39755E-03;4,75339E-05;0,00000E+00;7,58534E-04;6,11919E-04;0,00000E+00;0,00000E+00;0,00000E+00;0,00000E+00;0,00000E+00;0,00000E+00;0,00000E+00;0,00000E+00;3,84326E-03;1,23459E-03;1,34765E-03;1,46072E-03;1,57378E-03;1,68684E-03;1,79991E-03;1,91297E-03;0,00000E+00;1,96713E-05;0,00000E+00;0,00000E+00;8,14541E-05;0,00000E+00;0,00000E+00;5,32512E-04;2,64393E-04;0,00000E+00;3,52968E-04;0,00000E+00;0,00000E+00;2,01022E-04;1,01881E-03;5,13355E-04;5,14231E-04;0,00000E+00;0,00000E+00;4,86539E-05
305;0,00000E+00;0,00000E+00;1,72045E-04;3,18602E-04;0,00000E+00;1,44959E-03;0,00000E+00;4,31263E-04;5,96217E-05;1,78865E-04;2,83373E-04;1,07133E-03;0,00000E+00;4,02510E-03;0,00000E+00;3,40370E-03;0,00000E+00;3,80379E-03;0,00000E+00;5,41383E-03;0,00000E+00;0,00000E+00;3,57730E-04;7,04958E-04;0,00000E+00;0,00000E+00;0,00000E+00;1,90189E-03;0,00000E+00;4,75473E-03;0,00000E+00;0,00000E+00;1,81251E-03;1,51744E-03;1,61419E-03;1,71095E-03;1,80770E-03;1,90446E-03;2,00122E-03;2,09797E-03;0,00000E+00;0,00000E+00;0,00000E+00;1,79146E-04;0,00000E+00;0,00000E+00;2,83155E-05;3,80187E-04;1,24690E-04;8,60226E-04;0,00000E+00;0,00000E+00;5,01882E-05;0,00000E+00;5,76405E-05;3,03758E-04;0,00000E+00;2,55867E-04;0,00000E+00;6,18854E-04
306;0,00000E+00;5,41751E-04;3,91288E-04;3,43374E-04;0,00000E+00;1,01627E-04;0,00000E+00;3,02347E-05;4,33401E-04;0,00000E+00;0,00000E+00;3,14760E-05;0,00000E+00;6,75441E-03;0,00000E+00;1,00002E-04;2,39554E-03;1,46444E-03;5,38996E-03;3,92665E-03;0,00000E+00;1,04643E-03;0,00000E+00;2,91908E-05;0,00000E+00;0,00000E+00;0,00000E+00;7,91884E-03;0,00000E+00;4,52554E-03;2,39554E-03;0,00000E+00;1,43732E-02;7,43927E-03;8,14994E-03;8,86061E-03;9,57128E-03;1,02820E-02;1,09926E-02;1,17033E-02;0,00000E+00;7,85005E-05;1,37524E-04;1,25594E-05;0,00000E+00;0,00000E+00;1,98513E-06;1,57427E-05;3,17238E-04;3,31184E-04;1,62525E-04;0,00000E+00;3,51856E-06;0,00000E+00;4,04101E-06;3,20575E-04;0,00000E+00;1,79382E-05;0,00000E+00;4,17775E-05
307;0,00000E+00;3,57679E-04;0,00000E+00;0,00000E+00;1,02417E-04;0,00000E+00;1,95751E-04;2,55030E-03;1,90762E-04;0,00000E+00;0,00000E+00;0,00000E+00;1,76728E-03;3,20210E-03;4,71742E-04;8,43522E-03;3,67384E-03;2,63600E-03;4,21761E-03;4,74481E-03;0,00000E+00;0,00000E+00;0,00000E+00;1,38501E-03;0,00000E+00;0,00000E+00;4,74481E-03;2,76924E-03;0,00000E+00;0,00000E+00;0,00000E+00;0,00000E+00;0,00000E+00;1,81049E-04;8,77046E-05;0,00000E+00;0,00000E+00;0,00000E+00;0,00000E+00;0,00000E+00;0,00000E+00;0,00000E+00;0,00000E+00;9,02889E-05;1,63659E-04;0,00000E+00;0,00000E+00;2,05929E-04;6,97128E-04;0,00000E+00;5,72287E-04;0,00000E+00;0,00000E+00;0,00000E+00;2,28753E-05;5,98007E-05;6,94793E-04;0,00000E+00;5,85349E-04;0,00000E+00
308;0,00000E+00;7,89291E-05;0,00000E+00;0,00000E+00;9,40990E-04;0,00000E+00;8,17948E-04;0,00000E+00;0,00000E+00;0,00000E+00;9,37846E-05;1,44182E-03;2,17256E-03;2,58355E-03;5,67943E-03;0,00000E+00;4,33659E-03;4,58079E-03;0,00000E+00;0,00000E+00;0,00000E+00;0,00000E+00;6,31433E-04;0,00000E+00;0,00000E+00;2,18133E-03;0,00000E+00;2,75965E-03;0,00000E+00;0,00000E+00;0,00000E+00;2,61759E-03;1,74506E-03;1,56163E-03;1,65950E-03;1,75738E-03;1,85525E-03;1,95313E-03;2,05101E-03;2,14888E-03;0,00000E+00;6,07587E-05;0,00000E+00;0,00000E+00;2,85300E-04;0,00000E+00;0,00000E+00;3,68997E-04;7,95349E-04;0,00000E+00;0,00000E+00;5,91969E-05;0,00000E+00;7,30465E-05;2,80690E-04;2,77529E-04;0,00000E+00;0,00000E+00;3,25289E-04;3,34137E-04
309;0,00000E+00;9,66164E-05;0,00000E+00;4,56406E-05;6,28006E-04;1,48327E-04;0,00000E+00;1,13263E-03;0,00000E+00;0,00000E+00;1,13976E-03;2,24728E-03;3,83809E-03;6,07578E-04;9,64770E-03;0,00000E+00;0,00000E+00;9,01294E-03;3,40564E-04;6,81128E-04;0,00000E+00;0,00000E+00;7,72931E-04;0,00000E+00;1,24943E-03;6,75691E-03;0,00000E+00;3,40564E-04;0,00000E+00;0,00000E+00;0,00000E+00;3,20417E-03;8,26627E-03;3,79230E-03;4,07777E-03;4,36324E-03;4,64871E-03;4,93419E-03;5,21966E-03;5,50513E-03;0,00000E+00;7,43741E-05;5,21365E-05;1,16651E-05;0,00000E+00;0,00000E+00;0,00000E+00;1,26103E-04;6,06176E-05;1,54037E-04;0,00000E+00;7,24623E-05;1,07844E-04;8,94154E-05;3,50444E-04;9,83629E-04;2,24413E-04;0,00000E+00;0,00000E+00;4,56439E-04
310;0,00000E+00;1,24473E-04;0,00000E+00;8,03775E-05;0,00000E+00;9,60391E-04;2,37907E-04;1,30130E-03;0,00000E+00;0,00000E+00;5,55187E-03;1,99851E-04;1,73677E-03;5,18643E-03;4,40982E-03;0,00000E+00;0,00000E+00;1,41099E-03;1,41099E-04;3,95153E-03;0,00000E+00;2,28979E-04;0,00000E+00;2,00828E-04;5,17652E-04;1,69319E-03;0,00000E+00;1,41099E-04;0,00000E+00;0,00000E+00;0,00000E+00;0,00000E+00;2,53978E-03;8,63446E-04;9,22978E-04;9,82510E-04;1,04204E-03;1,10157E-03;1,16111E-03;1,22064E-03;0,00000E+00;0,00000E+00;2,16007E-05;8,33846E-05;0,00000E+00;0,00000E+00;0,00000E+00;5,87954E-04;0,00000E+00;6,38191E-05;0,00000E+00;0,00000E+00;1,89924E-04;0,00000E+00;5,13153E-05;9,16793E-04;1,24147E-03;1,23412E-04;0,00000E+00;1,96488E-05
311;0,00000E+00;5,03662E-06;8,35741E-04;1,00847E-03;1,35808E-03;3,63742E-05;9,62656E-06;6,49306E-03;0,00000E+00;1,46255E-03;1,69702E-03;1,63571E-03;3,80697E-05;2,04152E-04;4,71219E-03;3,46455E-03;0,00000E+00;0,00000E+00;0,00000E+00;1,48474E-04;0,00000E+00;9,26530E-06;0,00000E+00;8,12620E-06;0,00000E+00;0,00000E+00;0,00000E+00;4,61939E-03;0,00000E+00;0,00000E+00;4,04197E-03;0,00000E+00;0,00000E+00;1,46841E-03;1,56953E-03;1,67065E-03;1,77178E-03;1,87290E-03;1,97402E-03;2,07514E-03;0,00000E+00;0,00000E+00;0,00000E+00;3,98739E-04;0,00000E+00;0,00000E+00;0,00000E+00;2,37907E-05;0,00000E+00;0,00000E+00;0,00000E+00;1,20138E-03;5,87703E-06;0,00000E+00;5,59998E-04;4,60360E-04;4,64723E-05;4,71089E-04;0,00000E+00;1,44737E-03
312;0,00000E+00;5,50622E-05;4,84992E-04;4,58296E-04;2,63464E-04;2,65104E-04;2,89413E-04;7,66797E-04;0,00000E+00;1,58079E-03;0,00000E+00;1,96377E-03;0,00000E+00;2,00714E-03;6,33223E-03;0,00000E+00;0,00000E+00;1,45625E-03;6,43368E-03;2,57218E-03;0,00000E+00;0,00000E+00;0,00000E+00;3,82572E-03;0,00000E+00;1,72462E-03;0,00000E+00;5,12254E-03;1,01448E-04;6,79582E-03;0,00000E+00;0,00000E+00;0,00000E+00;1,11066E-03;1,03832E-03;9,65987E-04;8,93651E-04;8,21315E-04;7,48979E-04;6,76642E-04;0,00000E+00;0,00000E+00;0,00000E+00;2,77986E-05;0,00000E+00;9,86204E-05;0,00000E+00;4,10666E-05;0,00000E+00;0,00000E+00;0,00000E+00;8,06188E-05;5,33794E-04;0,00000E+00;0,00000E+00;7,71611E-05;1,58408E-03;0,00000E+00;6,67539E-05;1,41953E-03
313;3,35177E-05;1,97354E-04;1,64462E-04;3,02565E-04;0,00000E+00;1,52462E-03;1,60741E-03;2,74835E-03;0,00000E+00;0,00000E+00;0,00000E+00;7,03854E-03;1,80362E-03;5,45417E-03;3,79644E-03;8,79281E-04;0,00000E+00;1,75856E-03;2,18167E-03;4,43937E-03;4,17751E-04;0,00000E+00;0,00000E+00;9,62485E-05;0,00000E+00;6,18140E-03;0,00000E+00;7,06068E-03;1,02307E-03;6,59461E-04;0,00000E+00;0,00000E+00;0,00000E+00;6,49126E-04;5,42633E-04;4,36140E-04;3,29647E-04;2,23154E-04;1,16661E-04;1,01682E-05;0,00000E+00;0,00000E+00;7,29126E-05;9,96359E-05;0,00000E+00;6,69902E-05;0,00000E+00;2,51006E-04;1,99615E-04;0,00000E+00;0,00000E+00;1,31569E-04;3,31994E-04;0,00000E+00;2,39834E-04;2,76561E-04;1,00741E-03;0,00000E+00;1,20918E-04;0,00000E+00
314;3,68752E-05;0,00000E+00;0,00000E+00;6,92909E-04;0,00000E+00;6,31974E-04;6,27203E-04;1,11334E-03;0,00000E+00;2,42263E-04;5,75720E-04;0,00000E+00;2,84265E-03;0,00000E+00;2,17656E-03;9,67360E-04;1,67383E-03;1,93472E-03;0,00000E+00;4,83680E-04;4,59598E-04;0,00000E+00;0,00000E+00;1,05890E-04;5,26353E-04;3,34765E-03;0,00000E+00;3,98025E-03;7,25520E-04;7,25520E-04;0,00000E+00;3,34765E-04;2,34336E-03;1,39125E-03;1,43469E-03;1,47813E-03;1,52157E-03;1,56501E-03;1,60844E-03;1,65188E-03;0,00000E+00;3,29102E-05;8,02163E-05;0,00000E+00;0,00000E+00;1,07707E-04;0,00000E+00;1,14214E-04;2,19610E-04;0,00000E+00;0,00000E+00;1,21131E-04;2,80800E-04;0,00000E+00;2,63859E-04;0,00000E+00;6,44662E-04;0,00000E+00;1,33030E-04;4,66177E-05
315;0,00000E+00;0,00000E+00;0,00000E+00;2,32854E-04;0,00000E+00;3,93064E-04;9,36232E-04;4,12753E-04;0,00000E+00;8,98150E-05;1,95953E-03;0,00000E+00;2,16946E-03;8,12243E-03;6,31744E-03;0,00000E+00;6,20544E-04;0,00000E+00;0,00000E+00;1,03787E-02;0,00000E+00;0,00000E+00;6,53115E-04;0,00000E+00;1,95137E-04;3,49732E-03;0,00000E+00;1,11698E-03;0,00000E+00;0,00000E+00;0,00000E+00;1,24109E-04;2,67374E-03;9,27030E-04;9,53205E-04;9,79380E-04;1,00555E-03;1,03173E-03;1,05790E-03;1,08408E-03;0,00000E+00;1,15710E-04;0,00000E+00;0,00000E+00;0,00000E+00;1,26074E-05;0,00000E+00;0,00000E+00;0,00000E+00;0,00000E+00;0,00000E+00;4,49075E-05;7,14464E-04;0,00000E+00;4,92331E-04;0,00000E+00;3,58326E-04;0,00000E+00;0,00000E+00;1,72827E-05
316;0,00000E+00;0,00000E+00;5,07388E-04;0,00000E+00;0,00000E+00;5,98020E-06;1,32345E-03;3,39163E-04;1,21773E-03;0,00000E+00;1,95580E-03;2,38335E-03;2,81652E-05;1,24537E-03;9,61155E-05;0,00000E+00;0,00000E+00;4,48718E-03;0,00000E+00;1,57904E-04;0,00000E+00;0,00000E+00;9,93670E-06;0,00000E+00;0,00000E+00;3,43270E-05;0,00000E+00;1,12180E-03;5,60898E-04;0,00000E+00;0,00000E+00;0,00000E+00;2,74616E-05;1,65858E-04;1,66804E-04;1,67751E-04;1,68697E-04;1,69643E-04;1,70589E-04;1,71535E-04;0,00000E+00;1,57483E-06;0,00000E+00;0,00000E+00;0,00000E+00;0,00000E+00;0,00000E+00;0,00000E+00;0,00000E+00;0,00000E+00;2,02955E-04;0,00000E+00;3,66101E-04;0,00000E+00;7,49048E-06;0,00000E+00;2,71435E-06;5,28215E-04;0,00000E+00;0,00000E+00
317;0,00000E+00;4,87444E-06;4,11814E-05;1,03716E-03;1,05323E-03;1,64281E-04;0,00000E+00;2,93248E-04;0,00000E+00;1,16987E-04;0,00000E+00;1,27820E-03;7,43238E-04;0,00000E+00;2,79091E-03;7,16309E-03;0,00000E+00;5,00769E-03;0,00000E+00;0,00000E+00;0,00000E+00;0,00000E+00;3,98699E-04;0,00000E+00;0,00000E+00;5,38850E-04;0,00000E+00;1,23380E-03;0,00000E+00;0,00000E+00;0,00000E+00;4,86270E-03;0,00000E+00;1,59405E-03;1,73594E-03;1,87784E-03;2,01974E-03;2,16164E-03;2,30354E-03;2,44543E-03;0,00000E+00;0,00000E+00;0,00000E+00;1,55931E-04;9,74888E-06;0,00000E+00;0,00000E+00;0,00000E+00;8,97086E-05;0,00000E+00;2,93647E-04;9,74888E-06;0,00000E+00;0,00000E+00;0,00000E+00;2,88547E-04;9,59940E-04;0,00000E+00;1,69186E-03;0,00000E+00
318;4,18932E-05;1,52378E-05;0,00000E+00;2,94564E-04;1,17405E-03;5,13551E-04;0,00000E+00;1,58125E-03;3,97661E-04;3,65707E-04;0,00000E+00;6,36234E-04;8,63821E-04;4,39599E-04;3,03206E-03;8,49631E-03;2,19799E-04;0,00000E+00;1,53860E-03;0,00000E+00;5,22139E-04;0,00000E+00;1,12908E-03;0,00000E+00;0,00000E+00;1,68448E-03;0,00000E+00;2,76908E-03;0,00000E+00;1,97819E-03;0,00000E+00;8,08550E-03;0,00000E+00;2,95882E-03;3,18721E-03;3,41560E-03;3,64399E-03;3,87238E-03;4,10077E-03;4,32915E-03;0,00000E+00;0,00000E+00;0,00000E+00;0,00000E+00;3,04756E-05;0,00000E+00;0,00000E+00;1,03805E-04;2,80435E-04;0,00000E+00;2,74280E-04;3,04756E-05;3,24811E-04;0,00000E+00;2,39812E-04;0,00000E+00;5,79343E-04;0,00000E+00;7,87603E-04;0,00000E+00
319;4,23074E-05;0,00000E+00;0,00000E+00;3,86034E-04;2,00797E-04;0,00000E+00;1,97083E-03;1,67005E-03;4,01593E-04;2,39105E-04;0,00000E+00;0,00000E+00;1,01660E-03;4,43946E-04;0,00000E+00;9,70542E-03;2,86519E-03;1,32161E-03;1,55381E-03;1,65201E-03;5,27302E-04;0,00000E+00;4,01593E-04;0,00000E+00;0,00000E+00;0,00000E+00;0,00000E+00;2,10618E-03;0,00000E+00;4,97137E-03;0,00000E+00;0,00000E+00;6,60803E-04;1,21816E-03;1,28924E-03;1,36032E-03;1,43140E-03;1,50247E-03;1,57355E-03;1,64463E-03;0,00000E+00;0,00000E+00;0,00000E+00;0,00000E+00;1,19553E-04;0,00000E+00;2,75467E-04;3,72326E-04;0,00000E+00;0,00000E+00;0,00000E+00;2,39105E-04;3,28022E-04;0,00000E+00;2,42183E-04;0,00000E+00;5,85072E-04;8,44549E-04;0,00000E+00;4,60101E-04
320;8,37680E-05;0,00000E+00;2,38544E-04;4,41496E-04;0,00000E+00;1,05280E-03;6,49787E-04;3,29350E-04;0,00000E+00;1,19204E-03;1,70065E-03;8,30008E-04;4,39205E-03;0,00000E+00;2,19751E-03;2,61441E-03;8,71471E-04;4,35735E-04;0,00000E+00;5,44669E-04;0,00000E+00;0,00000E+00;0,00000E+00;0,00000E+00;0,00000E+00;0,00000E+00;0,00000E+00;1,08934E-04;0,00000E+00;4,05692E-03;0,00000E+00;0,00000E+00;1,09687E-03;1,13345E-03;1,23082E-03;1,32819E-03;1,42556E-03;1,52292E-03;1,62029E-03;1,71766E-03;0,00000E+00;0,00000E+00;4,48552E-05;0,00000E+00;7,91740E-05;3,12523E-04;9,08217E-05;1,17845E-04;6,65173E-04;0,00000E+00;0,00000E+00;1,18591E-04;0,00000E+00;0,00000E+00;0,00000E+00;0,00000E+00;2,89608E-04;2,78449E-04;0,00000E+00;1,51696E-04
321;1,38371E-05;0,00000E+00;6,92237E-04;3,30351E-07;4,45974E-07;2,14720E-06;1,83574E-03;2,32257E-03;5,91053E-04;0,00000E+00;4,68198E-04;2,05888E-03;0,00000E+00;3,81142E-03;2,78160E-03;4,19056E-05;0,00000E+00;4,38302E-03;0,00000E+00;0,00000E+00;0,00000E+00;0,00000E+00;3,96711E-04;0,00000E+00;0,00000E+00;0,00000E+00;0,00000E+00;0,00000E+00;2,72244E-03;0,00000E+00;2,74709E-03;0,00000E+00;7,39511E-06;1,03634E-03;1,11102E-03;1,18570E-03;1,26038E-03;1,33505E-03;1,40973E-03;1,48441E-03;0,00000E+00;1,00972E-06;0,00000E+00;0,00000E+00;7,80455E-07;0,00000E+00;0,00000E+00;0,00000E+00;3,73075E-07;0,00000E+00;0,00000E+00;5,91053E-04;1,09329E-03;0,00000E+00;0,00000E+00;6,21202E-04;1,62432E-06;0,00000E+00;1,35596E-06;5,30759E-04
322;0,00000E+00;0,00000E+00;4,82902E-04;5,71242E-05;7,71176E-05;7,60239E-04;0,00000E+00;3,09295E-03;0,00000E+00;5,65488E-04;5,75931E-04;8,24121E-04;0,00000E+00;6,69776E-04;1,02301E-02;8,36259E-03;8,93035E-04;4,68878E-03;1,56281E-03;1,78607E-03;0,00000E+00;0,00000E+00;4,62706E-04;0,00000E+00;1,17010E-04;1,11629E-04;0,00000E+00;4,46518E-04;0,00000E+00;0,00000E+00;4,26253E-03;0,00000E+00;1,27876E-03;1,59584E-03;1,74280E-03;1,88976E-03;2,03672E-03;2,18368E-03;2,33064E-03;2,47760E-03;0,00000E+00;1,74601E-04;0,00000E+00;0,00000E+00;1,34956E-04;2,26794E-05;1,32956E-05;0,00000E+00;6,45120E-05;0,00000E+00;2,22156E-04;0,00000E+00;2,24964E-04;0,00000E+00;0,00000E+00;0,00000E+00;4,72127E-04;1,50178E-04;2,34471E-04;2,64264E-04
323;0,00000E+00;3,95735E-05;5,51505E-04;4,98333E-04;0,00000E+00;1,09458E-03;0,00000E+00;9,91982E-04;0,00000E+00;2,85776E-03;1,62080E-03;1,18656E-03;0,00000E+00;4,50972E-03;0,00000E+00;4,67265E-03;2,51321E-03;0,00000E+00;6,36672E-03;5,02641E-03;0,00000E+00;0,00000E+00;0,00000E+00;3,83093E-04;3,29294E-04;3,14151E-04;0,00000E+00;3,88142E-03;0,00000E+00;0,00000E+00;0,00000E+00;0,00000E+00;0,00000E+00;2,24519E-04;1,91570E-04;1,58621E-04;1,25672E-04;9,27223E-05;5,97731E-05;2,68238E-05;0,00000E+00;0,00000E+00;0,00000E+00;0,00000E+00;0,00000E+00;2,30474E-04;3,74168E-05;8,85445E-05;0,00000E+00;9,89337E-05;6,25198E-04;1,58294E-04;0,00000E+00;3,41824E-04;0,00000E+00;2,77281E-05;5,38221E-04;4,22636E-04;0,00000E+00;1,23106E-03
324;0,00000E+00;3,70101E-05;4,62626E-04;1,29223E-03;1,11534E-03;1,05986E-03;1,34638E-03;2,10491E-03;2,34809E-04;1,18432E-03;0,00000E+00;1,53189E-03;2,32945E-03;3,10372E-03;0,00000E+00;2,08089E-03;9,73394E-04;2,59572E-03;2,16556E-03;1,29786E-03;0,00000E+00;0,00000E+00;0,00000E+00;3,58278E-04;0,00000E+00;0,00000E+00;0,00000E+00;2,45479E-03;1,62232E-03;0,00000E+00;0,00000E+00;2,92018E-03;0,00000E+00;1,30021E-03;1,39408E-03;1,48796E-03;1,58183E-03;1,67571E-03;1,76958E-03;1,86346E-03;0,00000E+00;0,00000E+00;0,00000E+00;1,11136E-05;0,00000E+00;1,55854E-04;0,00000E+00;8,28090E-05;3,19194E-04;9,25253E-05;4,98968E-04;3,24147E-04;6,16475E-04;3,19683E-04;3,93341E-05;2,59320E-05;0,00000E+00;0,00000E+00;0,00000E+00;4,55789E-04
325;0,00000E+00;0,00000E+00;7,77865E-04;1,39913E-03;7,22025E-04;1,72095E-03;2,40920E-03;4,81552E-04;7,01248E-05;0,00000E+00;0,00000E+00;4,57495E-04;3,56196E-03;7,93289E-03;5,58934E-03;1,93801E-04;2,90701E-04;7,75203E-04;9,69003E-05;3,87601E-04;0,00000E+00;0,00000E+00;3,11146E-04;0,00000E+00;0,00000E+00;0,00000E+00;0,00000E+00;0,00000E+00;1,34440E-03;0,00000E+00;0,00000E+00;8,72103E-04;0,00000E+00;4,00699E-04;4,26105E-04;4,51511E-04;4,76917E-04;5,02323E-04;5,27729E-04;5,53135E-04;0,00000E+00;9,86244E-05;0,00000E+00;3,31905E-06;0,00000E+00;0,00000E+00;0,00000E+00;2,32060E-04;9,53261E-05;0,00000E+00;9,65773E-04;9,14869E-05;2,29491E-04;0,00000E+00;1,17470E-05;0,00000E+00;0,00000E+00;5,78424E-05;8,86894E-04;0,00000E+00
326;4,84815E-06;0,00000E+00;2,12400E-05;1,70444E-05;8,34003E-04;0,00000E+00;7,97021E-04;7,74290E-04;1,85334E-03;1,41600E-05;3,36501E-05;1,46480E-03;0,00000E+00;0,00000E+00;2,56099E-03;1,53660E-03;0,00000E+00;0,00000E+00;3,07319E-03;9,78331E-06;0,00000E+00;0,00000E+00;0,00000E+00;3,42691E-05;0,00000E+00;0,00000E+00;9,78331E-05;1,53660E-03;0,00000E+00;0,00000E+00;0,00000E+00;1,53660E-03;0,00000E+00;6,16137E-04;6,64410E-04;7,12684E-04;7,60957E-04;8,09230E-04;8,57503E-04;9,05776E-04;0,00000E+00;0,00000E+00;9,98475E-07;6,14037E-04;0,00000E+00;7,95057E-06;4,57539E-04;0,00000E+00;5,03878E-04;0,00000E+00;1,44607E-03;4,17001E-04;0,00000E+00;0,00000E+00;0,00000E+00;0,00000E+00;6,07520E-04;1,05994E-03;0,00000E+00;1,63485E-05
327;1,99069E-04;0,00000E+00;8,72132E-04;6,99859E-04;0,00000E+00;9,94487E-05;0,00000E+00;0,00000E+00;0,00000E+00;6,64044E-04;1,38171E-03;5,68980E-04;2,34189E-04;0,00000E+00;0,00000E+00;2,16922E-03;0,00000E+00;0,00000E+00;0,00000E+00;1,31507E-03;0,00000E+00;0,00000E+00;0,00000E+00;1,40712E-03;0,00000E+00;5,70846E-04;4,13129E-03;0,00000E+00;0,00000E+00;0,00000E+00;0,00000E+00;0,00000E+00;7,99185E-04;2,33317E-04;1,74642E-04;1,15967E-04;5,72921E-05;0,00000E+00;0,00000E+00;0,00000E+00;0,00000E+00;0,00000E+00;4,09983E-05;4,30160E-05;2,06555E-05;3,26458E-04;2,03971E-05;0,00000E+00;0,00000E+00;0,00000E+00;4,20383E-04;2,06555E-05;6,02552E-05;0,00000E+00;1,38405E-05;0,00000E+00;0,00000E+00;1,08087E-03;0,00000E+00;6,71284E-04
328;6,90004E-05;6,87719E-05;1,57193E-04;0,00000E+00;7,07368E-04;2,57258E-04;0,00000E+00;1,18210E-03;0,00000E+00;9,99694E-04;0,00000E+00;0,00000E+00;1,94249E-03;0,00000E+00;0,00000E+00;6,04585E-03;1,73771E-03;0,00000E+00;0,00000E+00;4,31762E-03;0,00000E+00;0,00000E+00;0,00000E+00;0,00000E+00;0,00000E+00;4,51768E-03;2,03304E-03;0,00000E+00;0,00000E+00;0,00000E+00;0,00000E+00;0,00000E+00;2,06737E-03;7,33344E-04;7,25894E-04;7,18444E-04;7,10994E-04;7,03543E-04;6,96093E-04;6,88643E-04;0,00000E+00;0,00000E+00;5,54214E-06;1,11276E-04;5,34326E-05;0,00000E+00;5,27642E-05;0,00000E+00;9,86236E-05;0,00000E+00;5,34326E-05;5,34326E-05;2,70510E-04;0,00000E+00;3,58031E-05;0,00000E+00;0,00000E+00;4,67558E-04;0,00000E+00;4,23472E-04
329;6,05427E-05;6,03421E-05;6,86635E-04;1,15518E-03;1,08273E-03;2,08566E-04;9,10763E-04;1,03720E-03;3,46554E-04;2,76895E-03;1,09808E-03;1,20582E-03;1,17283E-03;2,55401E-03;0,00000E+00;3,81176E-04;1,52471E-03;3,19251E-04;0,00000E+00;3,63080E-03;4,04474E-04;0,00000E+00;0,00000E+00;1,39784E-03;0,00000E+00;2,66824E-03;1,52471E-03;0,00000E+00;0,00000E+00;0,00000E+00;0,00000E+00;6,38503E-04;3,19251E-03;1,21840E-03;1,27219E-03;1,32598E-03;1,37977E-03;1,43357E-03;1,48736E-03;1,54115E-03;0,00000E+00;0,00000E+00;4,86281E-06;4,37402E-05;0,00000E+00;0,00000E+00;0,00000E+00;0,00000E+00;1,10694E-04;0,00000E+00;0,00000E+00;5,77589E-05;1,00587E-04;0,00000E+00;7,35339E-04;0,00000E+00;2,94517E-04;4,10247E-04;0,00000E+00;3,71565E-04
330;0,00000E+00;0,00000E+00;1,49313E-04;1,83275E-03;1,25737E-04;5,67544E-05;9,00818E-04;8,88105E-04;9,43031E-05;5,65818E-04;6,59644E-04;3,28125E-04;0,00000E+00;4,05207E-03;2,09817E-03;2,51781E-03;4,19635E-04;2,60468E-03;3,35708E-03;5,21242E-04;1,10064E-04;0,00000E+00;3,03681E-04;9,31589E-04;0,00000E+00;0,00000E+00;1,67854E-03;0,00000E+00;0,00000E+00;1,67854E-03;0,00000E+00;1,73747E-04;1,28837E-03;7,17450E-04;7,42281E-04;7,67112E-04;7,91943E-04;8,16774E-04;8,41605E-04;8,66436E-04;0,00000E+00;0,00000E+00;0,00000E+00;1,19024E-05;0,00000E+00;0,00000E+00;0,00000E+00;0,00000E+00;6,57402E-06;0,00000E+00;1,13880E-04;2,05518E-04;4,42942E-04;0,00000E+00;3,52712E-04;0,00000E+00;8,01429E-05;0,00000E+00;4,03954E-04;2,92181E-04
331;0,00000E+00;0,00000E+00;0,00000E+00;0,00000E+00;7,11874E-04;2,11699E-03;0,00000E+00;0,00000E+00;1,11656E-03;2,11055E-03;0,00000E+00;0,00000E+00;1,49557E-03;5,83284E-03;0,00000E+00;4,86070E-04;4,51320E-03;2,58431E-03;6,40035E-04;0,00000E+00;0,00000E+00;2,69023E-05;0,00000E+00;3,37070E-05;7,64250E-04;0,00000E+00;0,00000E+00;3,93475E-03;0,00000E+00;0,00000E+00;0,00000E+00;0,00000E+00;0,00000E+00;2,46564E-04;2,19260E-04;1,91956E-04;1,64652E-04;1,37348E-04;1,10044E-04;8,27399E-05;0,00000E+00;6,59833E-05;0,00000E+00;0,00000E+00;0,00000E+00;0,00000E+00;0,00000E+00;6,88669E-04;2,67975E-05;0,00000E+00;0,00000E+00;7,92850E-04;9,23521E-04;0,00000E+00;0,00000E+00;2,02417E-04;0,00000E+00;7,98918E-05;4,23464E-06;0,00000E+00
332;0,00000E+00;0,00000E+00;3,11977E-05;2,77313E-04;2,67992E-04;5,00685E-05;0,00000E+00;1,39027E-04;1,50771E-03;0,00000E+00;0,00000E+00;0,00000E+00;2,94763E-04;0,00000E+00;0,00000E+00;4,59838E-04;3,40919E-03;3,78799E-03;3,78799E-03;0,00000E+00;0,00000E+00;6,61873E-04;1,66388E-04;1,18163E-03;2,41002E-04;0,00000E+00;0,00000E+00;2,97575E-03;5,74797E-04;0,00000E+00;0,00000E+00;5,74797E-04;0,00000E+00;3,02568E-04;2,70324E-04;2,38079E-04;2,05834E-04;1,73590E-04;1,41345E-04;1,09100E-04;0,00000E+00;5,58586E-05;0,00000E+00;0,00000E+00;0,00000E+00;0,00000E+00;0,00000E+00;0,00000E+00;7,81086E-04;0,00000E+00;0,00000E+00;3,42661E-05;7,28067E-05;0,00000E+00;0,00000E+00;4,32168E-04;0,00000E+00;3,56726E-04;1,04184E-04;2,24121E-04
333;0,00000E+00;9,62351E-06;2,67509E-04;6,67011E-04;4,96524E-04;1,20428E-04;0,00000E+00;3,34397E-04;0,00000E+00;9,23857E-04;5,48869E-04;1,60727E-03;7,08983E-04;2,76599E-03;0,00000E+00;1,74434E-03;0,00000E+00;3,19152E-03;8,51073E-04;4,25537E-03;1,01087E-04;0,00000E+00;4,00207E-04;8,47485E-04;5,79673E-04;2,12768E-04;1,48938E-03;4,42413E-03;1,38254E-03;1,27661E-03;0,00000E+00;1,38254E-03;1,06384E-03;1,41567E-03;1,44963E-03;1,48359E-03;1,51755E-03;1,55152E-03;1,58548E-03;1,61944E-03;0,00000E+00;1,39446E-04;0,00000E+00;7,28778E-05;0,00000E+00;4,32274E-05;0,00000E+00;0,00000E+00;2,92940E-04;0,00000E+00;0,00000E+00;0,00000E+00;1,75120E-04;0,00000E+00;0,00000E+00;3,50632E-04;0,00000E+00;0,00000E+00;0,00000E+00;5,39071E-04
334;0,00000E+00;9,19292E-05;4,67406E-04;3,31653E-04;3,99196E-04;0,00000E+00;6,41817E-04;6,54688E-04;0,00000E+00;1,21377E-03;4,55106E-04;3,37740E-03;0,00000E+00;5,38691E-03;2,16541E-03;5,29264E-04;4,02147E-03;2,64632E-03;5,96453E-03;3,52842E-03;8,38186E-05;0,00000E+00;6,71597E-04;8,12678E-04;2,10766E-03;2,96051E-03;1,85364E-03;0,00000E+00;0,00000E+00;2,60525E-03;0,00000E+00;0,00000E+00;2,73817E-03;1,11081E-03;1,09013E-03;1,06945E-03;1,04876E-03;1,02808E-03;1,00740E-03;9,86714E-04;0,00000E+00;1,15624E-04;0,00000E+00;6,04281E-05;0,00000E+00;3,02948E-04;2,02643E-04;0,00000E+00;0,00000E+00;0,00000E+00;0,00000E+00;4,19748E-04;0,00000E+00;0,00000E+00;2,25006E-04;9,18160E-04;0,00000E+00;2,49702E-04;5,95569E-04;8,61552E-05
335;3,61244E-05;2,11992E-05;6,28824E-04;8,37498E-05;7,63057E-04;1,76888E-04;3,72736E-04;1,51604E-03;2,49829E-03;1,14177E-03;0,00000E+00;5,16333E-04;6,24823E-04;4,84258E-03;2,98366E-03;1,62457E-03;1,01551E-03;0,00000E+00;4,17097E-03;7,31055E-03;0,00000E+00;0,00000E+00;1,69593E-04;7,38708E-04;5,32231E-04;7,03046E-04;9,68516E-04;0,00000E+00;0,00000E+00;2,42129E-03;0,00000E+00;0,00000E+00;3,31169E-03;1,52169E-03;1,62836E-03;1,73502E-03;1,84169E-03;1,94836E-03;2,05503E-03;2,16170E-03;0,00000E+00;0,00000E+00;0,00000E+00;5,56449E-05;0,00000E+00;1,29336E-04;5,34906E-04;4,65821E-04;0,00000E+00;0,00000E+00;7,34791E-05;1,05996E-04;2,14350E-04;0,00000E+00;5,68190E-05;1,58439E-04;0,00000E+00;6,30552E-05;1,50394E-04;2,17561E-05
336;0,00000E+00;0,00000E+00;1,38422E-05;3,11531E-04;7,86782E-04;2,96234E-04;0,00000E+00;0,00000E+00;1,69611E-03;2,65287E-03;0,00000E+00;1,17398E-04;0,00000E+00;0,00000E+00;1,36033E-03;8,21938E-03;1,53248E-03;1,36033E-03;4,08100E-03;3,82549E-04;0,00000E+00;4,52744E-04;4,84475E-05;7,94164E-04;0,00000E+00;0,00000E+00;0,00000E+00;6,21994E-03;0,00000E+00;0,00000E+00;3,62755E-03;2,36286E-03;5,73824E-05;2,16375E-03;2,30822E-03;2,45269E-03;2,59716E-03;2,74163E-03;2,88610E-03;3,03057E-03;0,00000E+00;0,00000E+00;2,31390E-05;1,08257E-04;0,00000E+00;6,80061E-06;1,48081E-05;1,52963E-04;0,00000E+00;0,00000E+00;4,27488E-05;1,65805E-04;1,21973E-04;0,00000E+00;0,00000E+00;2,66717E-05;3,58554E-04;4,95746E-04;3,11786E-04;0,00000E+00
337;0,00000E+00;9,86038E-05;2,56711E-04;3,85474E-04;8,63976E-04;2,37371E-04;0,00000E+00;6,59116E-04;1,26349E-03;1,36141E-03;0,00000E+00;2,40237E-03;5,58978E-05;0,00000E+00;0,00000E+00;2,22234E-03;3,83296E-03;0,00000E+00;8,72021E-04;8,67513E-03;1,03575E-04;0,00000E+00;8,63976E-04;0,00000E+00;0,00000E+00;0,00000E+00;0,00000E+00;5,79877E-03;0,00000E+00;0,00000E+00;0,00000E+00;1,70552E-03;1,02331E-03;1,23841E-03;1,29559E-03;1,35276E-03;1,40994E-03;1,46712E-03;1,52429E-03;1,58147E-03;0,00000E+00;0,00000E+00;0,00000E+00;2,68722E-04;0,00000E+00;2,43078E-04;2,64076E-04;0,00000E+00;0,00000E+00;5,91623E-05;4,07167E-05;3,08563E-05;5,02582E-04;4,86692E-05;0,00000E+00;4,75643E-04;4,30961E-05;2,98978E-04;0,00000E+00;9,10749E-05
338;0,00000E+00;4,15497E-04;2,39075E-04;7,83202E-04;0,00000E+00;5,44267E-04;0,00000E+00;1,63187E-03;6,33048E-04;2,56682E-03;0,00000E+00;7,08002E-04;9,46256E-04;1,99412E-03;0,00000E+00;2,74925E-03;1,74953E-03;0,00000E+00;2,59770E-03;4,24885E-03;2,37488E-04;3,48432E-04;0,00000E+00;6,11190E-04;0,00000E+00;0,00000E+00;0,00000E+00;0,00000E+00;0,00000E+00;1,59530E-03;0,00000E+00;7,97650E-04;0,00000E+00;4,66491E-04;4,95237E-04;5,23984E-04;5,52731E-04;5,81477E-04;6,10224E-04;6,38971E-04;0,00000E+00;6,20790E-05;0,00000E+00;0,00000E+00;0,00000E+00;2,79279E-04;0,00000E+00;0,00000E+00;0,00000E+00;1,35653E-04;2,26089E-05;0,00000E+00;7,91442E-05;1,11594E-04;2,90091E-04;0,00000E+00;2,30217E-04;3,69866E-04;6,85575E-04;4,03210E-04
339;0,00000E+00;1,54341E-04;2,56623E-04;1,74212E-04;1,60465E-04;1,22325E-03;0,00000E+00;1,08150E-03;0,00000E+00;4,70374E-04;0,00000E+00;8,37501E-04;8,18241E-04;8,12917E-03;1,47823E-03;0,00000E+00;0,00000E+00;0,00000E+00;6,10477E-03;1,47823E-03;0,00000E+00;4,31519E-04;0,00000E+00;4,98036E-04;1,54949E-03;0,00000E+00;0,00000E+00;0,00000E+00;1,47823E-03;1,59560E-03;0,00000E+00;3,60644E-03;0,00000E+00;1,46925E-03;1,56971E-03;1,67017E-03;1,77063E-03;1,87109E-03;1,97155E-03;2,07201E-03;0,00000E+00;5,05858E-05;0,00000E+00;1,51898E-04;0,00000E+00;0,00000E+00;0,00000E+00;0,00000E+00;0,00000E+00;0,00000E+00;0,00000E+00;0,00000E+00;2,49654E-04;0,00000E+00;4,51428E-04;0,00000E+00;2,62926E-04;0,00000E+00;1,24982E-03;1,58396E-04
340;0,00000E+00;0,00000E+00;1,92992E-05;1,05336E-04;4,65209E-04;2,94242E-04;0,00000E+00;1,42471E-03;0,00000E+00;0,00000E+00;0,00000E+00;2,01453E-04;3,64686E-05;7,85254E-03;1,92758E-03;3,93001E-04;0,00000E+00;0,00000E+00;1,03902E-02;3,55574E-04;0,00000E+00;3,55025E-05;0,00000E+00;3,44152E-04;7,84660E-04;2,35801E-03;0,00000E+00;0,00000E+00;9,78760E-03;7,11149E-05;0,00000E+00;7,11149E-04;0,00000E+00;1,33742E-03;1,34627E-03;1,35512E-03;1,36398E-03;1,37283E-03;1,38168E-03;1,39053E-03;0,00000E+00;0,00000E+00;0,00000E+00;3,65376E-05;0,00000E+00;0,00000E+00;3,51062E-04;0,00000E+00;0,00000E+00;0,00000E+00;0,00000E+00;4,62161E-04;6,00518E-05;0,00000E+00;5,17265E-05;2,49095E-04;8,66180E-04;0,00000E+00;3,28389E-04;4,92546E-04
341;0,00000E+00;5,07423E-06;2,02969E-06;2,70625E-05;1,48517E-03;1,65684E-03;5,75218E-04;0,00000E+00;1,62375E-05;9,95529E-04;3,30975E-03;9,64850E-04;1,13739E-03;0,00000E+00;8,97497E-05;1,05167E-02;4,12694E-03;7,58592E-03;8,87182E-04;1,34625E-04;3,51254E-04;3,36041E-05;0,00000E+00;0,00000E+00;1,16243E-03;0,00000E+00;0,00000E+00;0,00000E+00;0,00000E+00;0,00000E+00;0,00000E+00;0,00000E+00;5,78216E-04;1,33901E-04;1,30283E-04;1,26665E-04;1,23047E-04;1,19428E-04;1,15810E-04;1,12192E-04;0,00000E+00;0,00000E+00;0,00000E+00;4,72956E-05;0,00000E+00;0,00000E+00;0,00000E+00;0,00000E+00;1,01875E-05;0,00000E+00;0,00000E+00;0,00000E+00;0,00000E+00;0,00000E+00;0,00000E+00;5,97302E-05;0,00000E+00;0,00000E+00;3,05011E-04;4,94178E-04
342;0,00000E+00;7,91357E-05;1,89447E-04;4,22057E-04;6,33086E-04;2,28606E-04;0,00000E+00;7,03174E-05;2,53234E-04;8,43092E-04;1,05314E-03;2,09233E-03;7,75245E-04;0,00000E+00;2,09744E-03;6,41072E-03;2,09956E-03;6,99852E-04;1,04660E-03;2,09956E-03;0,00000E+00;5,24078E-04;0,00000E+00;0,00000E+00;0,00000E+00;0,00000E+00;0,00000E+00;1,16289E-04;0,00000E+00;0,00000E+00;0,00000E+00;0,00000E+00;2,09956E-03;7,93887E-04;8,81954E-04;9,70020E-04;1,05809E-03;1,14615E-03;1,23422E-03;1,32229E-03;0,00000E+00;0,00000E+00;0,00000E+00;3,15467E-04;0,00000E+00;0,00000E+00;0,00000E+00;0,00000E+00;1,94080E-04;0,00000E+00;0,00000E+00;0,00000E+00;0,00000E+00;0,00000E+00;1,40974E-05;9,31531E-04;0,00000E+00;0,00000E+00;3,19838E-05;4,53426E-04
343;1,05455E-05;4,69223E-05;3,43208E-04;8,34174E-05;0,00000E+00;0,00000E+00;0,00000E+00;8,42978E-04;6,75681E-04;1,48293E-03;0,00000E+00;2,38837E-04;3,70780E-03;6,22449E-04;1,51761E-03;5,57047E-03;0,00000E+00;0,00000E+00;4,14377E-03;0,00000E+00;0,00000E+00;5,69697E-04;0,00000E+00;0,00000E+00;2,17484E-04;0,00000E+00;1,03741E-03;3,15770E-03;0,00000E+00;0,00000E+00;1,03741E-03;0,00000E+00;0,00000E+00;5,43541E-04;5,50689E-04;5,57837E-04;5,64984E-04;5,72132E-04;5,79280E-04;5,86428E-04;5,93962E-06;0,00000E+00;6,35265E-05;1,62374E-04;3,75378E-05;0,00000E+00;2,47122E-05;0,00000E+00;1,86469E-04;1,50151E-04;0,00000E+00;0,00000E+00;1,75206E-04;0,00000E+00;3,06627E-05;3,68224E-04;0,00000E+00;0,00000E+00;6,95669E-05;9,86230E-04
344;8,00573E-06;3,56215E-05;0,00000E+00;1,02836E-04;5,86712E-04;0,00000E+00;3,82293E-04;5,23845E-04;1,57970E-03;5,69944E-04;0,00000E+00;0,00000E+00;1,53471E-03;2,83104E-03;2,94813E-04;2,91189E-03;2,94813E-03;1,76888E-03;2,59686E-03;0,00000E+00;1,40067E-04;4,32490E-04;0,00000E+00;0,00000E+00;1,65105E-04;0,00000E+00;7,87563E-04;2,20518E-03;0,00000E+00;2,94813E-04;1,37719E-03;0,00000E+00;0,00000E+00;6,11889E-04;6,37578E-04;6,63266E-04;6,88954E-04;7,14642E-04;7,40331E-04;7,66019E-04;4,50912E-06;5,31346E-05;7,83150E-05;4,78640E-05;2,84972E-05;0,00000E+00;1,87605E-05;0,00000E+00;8,34366E-05;1,13989E-04;1,60012E-04;0,00000E+00;5,37553E-04;0,00000E+00;0,00000E+00;4,29029E-04;3,88531E-05;0,00000E+00;0,00000E+00;0,00000E+00
345;1,26342E-04;5,01617E-04;7,61074E-04;7,77606E-04;1,16917E-03;0,00000E+00;8,55791E-05;0,00000E+00;2,38800E-04;0,00000E+00;0,00000E+00;3,61109E-04;1,96113E-03;5,27968E-04;2,74298E-03;4,08825E-03;6,59960E-04;6,13237E-03;1,79369E-03;0,00000E+00;3,13550E-05;0,00000E+00;0,00000E+00;1,00467E-03;0,00000E+00;0,00000E+00;1,91213E-03;1,14728E-03;0,00000E+00;5,03754E-03;1,31992E-04;0,00000E+00;1,14728E-03;1,37471E-03;1,43878E-03;1,50285E-03;1,56691E-03;1,63098E-03;1,69505E-03;1,75912E-03;0,00000E+00;2,44265E-05;6,73549E-06;2,26051E-06;0,00000E+00;0,00000E+00;0,00000E+00;1,29006E-04;0,00000E+00;0,00000E+00;5,20140E-04;0,00000E+00;7,36428E-04;0,00000E+00;0,00000E+00;3,34641E-05;2,60696E-04;0,00000E+00;2,62954E-04;0,00000E+00
346;6,38272E-06;1,14161E-04;3,72776E-04;4,80845E-05;1,52214E-04;0,00000E+00;4,36394E-04;1,91500E-03;3,46208E-05;6,08858E-04;8,16010E-04;1,07210E-03;0,00000E+00;1,91360E-04;4,78400E-05;4,06640E-04;3,34880E-04;5,04801E-03;2,15280E-04;0,00000E+00;0,00000E+00;1,36506E-03;7,78969E-05;0,00000E+00;0,00000E+00;1,26200E-03;0,00000E+00;0,00000E+00;0,00000E+00;0,00000E+00;0,00000E+00;2,15280E-04;0,00000E+00;2,96771E-05;1,30726E-05;0,00000E+00;0,00000E+00;0,00000E+00;0,00000E+00;0,00000E+00;0,00000E+00;5,48691E-06;8,54438E-06;1,80249E-05;4,32760E-06;2,13664E-04;1,25259E-04;7,11145E-04;0,00000E+00;0,00000E+00;0,00000E+00;0,00000E+00;1,77613E-04;0,00000E+00;3,56976E-04;2,13305E-04;2,24910E-04;0,00000E+00;6,57891E-05;5,27220E-04
347;1,29525E-04;0,00000E+00;4,48232E-04;6,62934E-04;2,03893E-05;4,90835E-04;8,76833E-05;9,97060E-05;4,77312E-04;3,26229E-04;1,27608E-03;2,57972E-03;0,00000E+00;4,66681E-03;1,78654E-03;6,50787E-03;6,19471E-03;1,35237E-03;4,20771E-03;0,00000E+00;0,00000E+00;1,40655E-04;1,07395E-03;3,94759E-04;1,18130E-03;0,00000E+00;0,00000E+00;0,00000E+00;4,50791E-04;0,00000E+00;0,00000E+00;3,64422E-03;5,63489E-04;1,13701E-03;1,20726E-03;1,27751E-03;1,34776E-03;1,41801E-03;1,48826E-03;1,55851E-03;0,00000E+00;1,07038E-04;1,23551E-04;2,48506E-04;5,96640E-05;6,29652E-05;1,27517E-04;2,22494E-05;0,00000E+00;0,00000E+00;0,00000E+00;0,00000E+00;0,00000E+00;0,00000E+00;0,00000E+00;0,00000E+00;1,17723E-04;0,00000E+00;9,07024E-04;0,00000E+00
348;8,87363E-05;0,00000E+00;6,53515E-05;3,50988E-04;4,35677E-05;1,04881E-03;1,87361E-04;0,00000E+00;1,16636E-03;2,44662E-03;0,00000E+00;4,80043E-03;2,06625E-04;7,15510E-03;6,63885E-03;1,92649E-03;4,17722E-03;2,88974E-03;7,88697E-03;0,00000E+00;0,00000E+00;3,00550E-04;0,00000E+00;1,10815E-03;4,53036E-03;0,00000E+00;0,00000E+00;2,41756E-03;9,63247E-04;6,04390E-04;6,04390E-04;1,44487E-03;2,61430E-03;1,57447E-03;1,61544E-03;1,65641E-03;1,69738E-03;1,73835E-03;1,77932E-03;1,82029E-03;0,00000E+00;6,70758E-05;1,22885E-05;0,00000E+00;0,00000E+00;1,34544E-04;2,72477E-04;0,00000E+00;0,00000E+00;0,00000E+00;0,00000E+00;0,00000E+00;0,00000E+00;2,92345E-04;0,00000E+00;7,66159E-05;3,97638E-04;0,00000E+00;2,77050E-04;0,00000E+00
349;3,65826E-06;0,00000E+00;5,20878E-05;2,62722E-04;5,20878E-05;0,00000E+00;0,00000E+00;8,70451E-04;8,73046E-04;1,30957E-03;1,11404E-03;1,21035E-03;1,54664E-04;4,70234E-03;3,16679E-03;2,30324E-03;2,61853E-03;0,00000E+00;4,20870E-03;5,75810E-04;0,00000E+00;3,59325E-04;0,00000E+00;1,98083E-04;1,50165E-03;0,00000E+00;0,00000E+00;1,80960E-03;0,00000E+00;4,52399E-04;4,52399E-04;0,00000E+00;1,63141E-03;8,24096E-04;8,64900E-04;9,05704E-04;9,46508E-04;9,87312E-04;1,02812E-03;1,06892E-03;0,00000E+00;4,24552E-05;1,17533E-04;0,00000E+00;0,00000E+00;1,02362E-04;0,00000E+00;0,00000E+00;0,00000E+00;0,00000E+00;0,00000E+00;0,00000E+00;0,00000E+00;2,18827E-04;0,00000E+00;5,31803E-04;2,16807E-04;0,00000E+00;2,07378E-04;5,61291E-04
350;1,98290E-05;1,69389E-05;1,12945E-04;3,51325E-04;7,56623E-04;8,97100E-04;0,00000E+00;1,89034E-04;9,48577E-04;1,62613E-03;1,69108E-03;0,00000E+00;0,00000E+00;4,30777E-03;0,00000E+00;5,00191E-04;2,31019E-03;7,49011E-04;6,25239E-05;1,25048E-04;1,18620E-04;7,80340E-05;8,13066E-04;0,00000E+00;0,00000E+00;0,00000E+00;0,00000E+00;3,37055E-03;0,00000E+00;0,00000E+00;0,00000E+00;0,00000E+00;1,25048E-04;1,69888E-04;1,36916E-04;1,03945E-04;7,09730E-05;3,80014E-05;5,02980E-06;0,00000E+00;0,00000E+00;5,83092E-05;2,55245E-05;0,00000E+00;0,00000E+00;2,22298E-05;0,00000E+00;0,00000E+00;0,00000E+00;0,00000E+00;6,77555E-05;0,00000E+00;0,00000E+00;0,00000E+00;0,00000E+00;1,03036E-04;8,23996E-06;0,00000E+00;1,03003E-04;1,21895E-04
351;0,00000E+00;1,12567E-06;0,00000E+00;9,67241E-05;1,18918E-03;1,63061E-03;1,92260E-03;6,16319E-04;2,95044E-04;1,80107E-05;2,10345E-03;4,55475E-04;0,00000E+00;2,98652E-04;3,48427E-04;1,03939E-03;2,28738E-03;0,00000E+00;3,26160E-03;4,89240E-03;4,51967E-04;2,48492E-05;4,50267E-05;0,00000E+00;2,99147E-03;6,56576E-04;0,00000E+00;0,00000E+00;0,00000E+00;0,00000E+00;0,00000E+00;2,13805E-03;0,00000E+00;4,60313E-04;4,49939E-04;4,39565E-04;4,29191E-04;4,18817E-04;4,08443E-04;3,98069E-04;0,00000E+00;0,00000E+00;0,00000E+00;1,53611E-04;0,00000E+00;1,03539E-04;2,87258E-05;0,00000E+00;0,00000E+00;0,00000E+00;0,00000E+00;0,00000E+00;3,44276E-04;0,00000E+00;2,47122E-04;3,47039E-05;0,00000E+00;1,00446E-05;3,36399E-04;5,45625E-04
352;3,78426E-05;3,92899E-05;1,99563E-05;1,23257E-03;1,74625E-04;4,62424E-04;4,75609E-04;0,00000E+00;0,00000E+00;6,68551E-04;0,00000E+00;8,98407E-04;0,00000E+00;5,57064E-03;5,54311E-03;2,85433E-03;5,15695E-03;5,51521E-04;1,65456E-03;0,00000E+00;0,00000E+00;3,16657E-04;5,73783E-04;2,41484E-04;2,89053E-04;3,17147E-03;0,00000E+00;0,00000E+00;3,30913E-04;0,00000E+00;0,00000E+00;1,26859E-03;0,00000E+00;2,39034E-04;1,95171E-04;1,51307E-04;1,07443E-04;6,35796E-05;1,97159E-05;0,00000E+00;3,15768E-06;1,80730E-06;0,00000E+00;0,00000E+00;0,00000E+00;0,00000E+00;5,66606E-05;0,00000E+00;0,00000E+00;0,00000E+00;0,00000E+00;0,00000E+00;6,98585E-05;0,00000E+00;0,00000E+00;4,42237E-04;1,30832E-04;2,91236E-04;1,97196E-04;4,41643E-04
353;7,92374E-05;5,22321E-05;9,48567E-05;5,24159E-05;1,25357E-04;1,00591E-04;4,79194E-04;5,32130E-04;6,36853E-04;2,12223E-03;0,00000E+00;9,23296E-04;2,00571E-04;3,69540E-03;4,46078E-03;0,00000E+00;4,15732E-03;1,15481E-03;3,46443E-03;1,36892E-03;0,00000E+00;0,00000E+00;0,00000E+00;1,36190E-03;1,01521E-03;0,00000E+00;0,00000E+00;0,00000E+00;6,92887E-04;2,15116E-03;0,00000E+00;0,00000E+00;0,00000E+00;2,31509E-04;1,95366E-04;1,59224E-04;1,23081E-04;8,69383E-05;5,07957E-05;1,46530E-05;6,61176E-06;4,86430E-05;0,00000E+00;1,47364E-04;0,00000E+00;0,00000E+00;0,00000E+00;0,00000E+00;0,00000E+00;0,00000E+00;0,00000E+00;0,00000E+00;1,46274E-04;0,00000E+00;0,00000E+00;5,20596E-04;2,73945E-04;5,78576E-04;4,12902E-04;0,00000E+00
354;0,00000E+00;1,39187E-04;2,16454E-04;6,01194E-04;7,59203E-04;1,82764E-04;0,00000E+00;1,32451E-03;2,49622E-03;2,71303E-03;0,00000E+00;6,83830E-04;1,48551E-04;0,00000E+00;4,67055E-03;0,00000E+00;0,00000E+00;6,71415E-03;5,31537E-03;4,37095E-03;0,00000E+00;6,28479E-04;0,00000E+00;6,34181E-04;3,03643E-04;0,00000E+00;0,00000E+00;0,00000E+00;0,00000E+00;1,59323E-03;0,00000E+00;3,35708E-03;0,00000E+00;1,27224E-03;1,38179E-03;1,49133E-03;1,60088E-03;1,71043E-03;1,81998E-03;1,92952E-03;0,00000E+00;5,15591E-05;0,00000E+00;1,09143E-04;0,00000E+00;0,00000E+00;0,00000E+00;0,00000E+00;0,00000E+00;0,00000E+00;2,53068E-04;2,53068E-05;8,85884E-05;4,05957E-04;2,71313E-04;3,85574E-04;0,00000E+00;1,75371E-04;0,00000E+00;0,00000E+00
355;0,00000E+00;2,44288E-04;1,36883E-04;1,20209E-04;1,35048E-03;1,23089E-03;1,13551E-03;2,07419E-03;4,32752E-04;3,89477E-04;9,41223E-04;1,72263E-04;5,05187E-03;2,91891E-03;6,57787E-04;0,00000E+00;3,64864E-03;1,43517E-03;1,13618E-03;1,44731E-03;0,00000E+00;1,34339E-04;0,00000E+00;0,00000E+00;0,00000E+00;0,00000E+00;0,00000E+00;0,00000E+00;0,00000E+00;0,00000E+00;4,01350E-03;4,36622E-03;0,00000E+00;2,52039E-03;2,78180E-03;3,04322E-03;3,30463E-03;3,56604E-03;3,82746E-03;4,08887E-03;0,00000E+00;3,91915E-06;0,00000E+00;3,74921E-04;0,00000E+00;0,00000E+00;0,00000E+00;0,00000E+00;0,00000E+00;0,00000E+00;5,40940E-05;5,40940E-06;1,89361E-05;8,67747E-05;5,79941E-05;0,00000E+00;0,00000E+00;0,00000E+00;0,00000E+00;1,01618E-04
356;0,00000E+00;0,00000E+00;2,51608E-05;5,42186E-05;1,69372E-03;1,13308E-03;2,38745E-03;2,46607E-03;1,73838E-04;7,24124E-04;2,50700E-03;4,49564E-04;1,29668E-05;1,65155E-03;8,55388E-04;2,25408E-03;1,20074E-03;5,32962E-03;1,20074E-03;3,28215E-03;1,78830E-04;0,00000E+00;1,00643E-04;8,76239E-04;0,00000E+00;0,00000E+00;0,00000E+00;1,60098E-03;2,40147E-03;0,00000E+00;0,00000E+00;5,05714E-04;0,00000E+00;4,70283E-04;4,66067E-04;4,61852E-04;4,57637E-04;4,53421E-04;4,49206E-04;4,44991E-04;0,00000E+00;9,83686E-05;5,80643E-06;8,66091E-07;0,00000E+00;1,66960E-05;0,00000E+00;0,00000E+00;0,00000E+00;5,06887E-04;2,51608E-05;0,00000E+00;3,80228E-04;1,12900E-05;0,00000E+00;0,00000E+00;9,99714E-06;0,00000E+00;6,95454E-06;3,34417E-04
357;0,00000E+00;9,94387E-06;3,11995E-04;6,72313E-04;1,46675E-03;3,11195E-04;0,00000E+00;8,01425E-04;2,67268E-03;0,00000E+00;1,30778E-03;1,14770E-03;1,60789E-04;8,46939E-04;6,41327E-03;3,13544E-03;0,00000E+00;2,44713E-03;5,49628E-04;5,95734E-03;6,45521E-04;0,00000E+00;1,40708E-03;4,81310E-05;0,00000E+00;0,00000E+00;0,00000E+00;0,00000E+00;7,69479E-04;0,00000E+00;0,00000E+00;6,27088E-03;1,64888E-03;2,50411E-03;2,73926E-03;2,97440E-03;3,20955E-03;3,44469E-03;3,67984E-03;3,91499E-03;0,00000E+00;0,00000E+00;7,20000E-05;1,07396E-05;0,00000E+00;2,07031E-04;0,00000E+00;0,00000E+00;0,00000E+00;0,00000E+00;3,11995E-04;0,00000E+00;1,16031E-05;1,39996E-04;0,00000E+00;1,53283E-04;2,68835E-04;0,00000E+00;8,62365E-05;0,00000E+00
358;2,45242E-05;2,05223E-05;1,04756E-04;0,00000E+00;5,21328E-04;8,52399E-04;0,00000E+00;4,80134E-04;1,97504E-03;1,60625E-03;1,95079E-04;5,35551E-04;0,00000E+00;4,12083E-03;1,58806E-03;0,00000E+00;0,00000E+00;2,58695E-03;4,41542E-03;0,00000E+00;0,00000E+00;0,00000E+00;4,68031E-04;6,06379E-04;0,00000E+00;0,00000E+00;0,00000E+00;2,12306E-03;1,58806E-03;0,00000E+00;0,00000E+00;0,00000E+00;4,17501E-03;1,77436E-03;1,91702E-03;2,05969E-03;2,20236E-03;2,34502E-03;2,48769E-03;2,63036E-03;2,76259E-06;0,00000E+00;0,00000E+00;3,96651E-05;0,00000E+00;0,00000E+00;0,00000E+00;0,00000E+00;0,00000E+00;0,00000E+00;0,00000E+00;0,00000E+00;2,39467E-05;1,72352E-04;0,00000E+00;3,16347E-04;2,98985E-04;0,00000E+00;2,38877E-04;0,00000E+00
359;1,81851E-05;0,00000E+00;5,54540E-04;0,00000E+00;1,00551E-03;1,55830E-04;0,00000E+00;1,09049E-03;6,73209E-04;3,60047E-03;1,78931E-03;1,44091E-03;8,53674E-04;2,71922E-03;0,00000E+00;4,16173E-03;5,54898E-04;5,56655E-03;3,82023E-03;0,00000E+00;0,00000E+00;1,10808E-03;1,03571E-04;9,83389E-04;0,00000E+00;0,00000E+00;0,00000E+00;1,57428E-03;0,00000E+00;5,54898E-03;0,00000E+00;0,00000E+00;5,72466E-04;1,17811E-03;1,23455E-03;1,29099E-03;1,34743E-03;1,40387E-03;1,46031E-03;1,51675E-03;2,04850E-06;4,09133E-05;0,00000E+00;2,94123E-05;0,00000E+00;0,00000E+00;0,00000E+00;0,00000E+00;0,00000E+00;0,00000E+00;0,00000E+00;2,50980E-05;0,00000E+00;1,27802E-04;0,00000E+00;0,00000E+00;0,00000E+00;0,00000E+00;1,77131E-04;3,86361E-05
360;4,56061E-06;1,62339E-05;2,63042E-04;5,77207E-04;2,01406E-04;0,00000E+00;9,30845E-04;2,83466E-03;7,79229E-04;2,71663E-03;2,38396E-03;1,82940E-03;3,30927E-03;3,23028E-03;0,00000E+00;3,03239E-03;4,78314E-03;3,20816E-03;2,92956E-04;1,43568E-03;0,00000E+00;6,81959E-04;0,00000E+00;1,22834E-03;3,19788E-03;0,00000E+00;0,00000E+00;0,00000E+00;0,00000E+00;1,17182E-03;0,00000E+00;0,00000E+00;0,00000E+00;0,00000E+00;0,00000E+00;0,00000E+00;0,00000E+00;0,00000E+00;0,00000E+00;0,00000E+00;0,00000E+00;3,21632E-05;0,00000E+00;0,00000E+00;0,00000E+00;1,82301E-04;2,13745E-05;0,00000E+00;0,00000E+00;3,24679E-04;5,51954E-04;7,02359E-05;7,57710E-05;0,00000E+00;0,00000E+00;7,73478E-04;0,00000E+00;5,79439E-04;0,00000E+00;8,15911E-06
361;5,37821E-06;2,94646E-04;0,00000E+00;6,09589E-04;9,00906E-06;8,56135E-05;1,17322E-03;2,10774E-04;5,40544E-05;1,84932E-03;1,85933E-03;3,65599E-03;1,27679E-04;7,20109E-03;1,99183E-04;6,58908E-03;5,22856E-04;5,70320E-03;4,42940E-04;3,73469E-04;5,80070E-04;0,00000E+00;1,78292E-04;3,54089E-03;3,62636E-04;2,98775E-04;4,97958E-05;4,97958E-05;4,97958E-05;1,74285E-04;9,95917E-05;2,11511E-03;0,00000E+00;2,68137E-04;2,14495E-04;1,60854E-04;1,07213E-04;5,35712E-05;0,00000E+00;0,00000E+00;0,00000E+00;0,00000E+00;9,02788E-05;0,00000E+00;0,00000E+00;2,52921E-05;0,00000E+00;0,00000E+00;0,00000E+00;0,00000E+00;0,00000E+00;0,00000E+00;3,31984E-04;0,00000E+00;0,00000E+00;1,24924E-04;2,95315E-05;1,67480E-05;0,00000E+00;1,04015E-05
362;8,26887E-05;2,22176E-04;6,80654E-05;5,71867E-04;3,83319E-04;0,00000E+00;6,36797E-04;3,15075E-03;1,13308E-03;7,38996E-04;0,00000E+00;2,45673E-03;2,78664E-03;1,53462E-03;3,31532E-03;5,18796E-03;8,59522E-03;2,56288E-03;1,15130E-03;5,46379E-03;2,43035E-04;0,00000E+00;4,44230E-04;1,30361E-03;2,21199E-03;3,68309E-03;6,13848E-04;6,13848E-04;6,13848E-04;2,14847E-03;1,22770E-03;3,02394E-03;0,00000E+00;1,37280E-03;1,36220E-03;1,35161E-03;1,34102E-03;1,33043E-03;1,31984E-03;1,30924E-03;0,00000E+00;0,00000E+00;0,00000E+00;1,47272E-05;2,43091E-05;3,11784E-04;1,28027E-05;0,00000E+00;0,00000E+00;0,00000E+00;9,72363E-06;0,00000E+00;0,00000E+00;0,00000E+00;2,86679E-04;3,93016E-04;3,64043E-04;2,93224E-04;0,00000E+00;1,73128E-04
363;3,64271E-05;2,87499E-04;1,41282E-04;6,21678E-04;8,04998E-04;4,53703E-04;0,00000E+00;1,20404E-03;2,13387E-03;3,11020E-03;4,88597E-04;2,95329E-03;2,51718E-03;0,00000E+00;2,16375E-03;3,12364E-03;6,54579E-03;7,91329E-04;2,63082E-03;6,33063E-03;0,00000E+00;0,00000E+00;0,00000E+00;1,95384E-04;5,84681E-04;0,00000E+00;0,00000E+00;2,46225E-03;0,00000E+00;1,70464E-03;0,00000E+00;2,45429E-03;2,08344E-03;2,00134E-03;2,17067E-03;2,33999E-03;2,50932E-03;2,67865E-03;2,84797E-03;3,01730E-03;0,00000E+00;4,96533E-05;6,28237E-05;8,89565E-05;5,04580E-05;0,00000E+00;2,65743E-05;0,00000E+00;0,00000E+00;0,00000E+00;2,01832E-05;1,02801E-04;0,00000E+00;0,00000E+00;9,62431E-04;1,69702E-04;5,24189E-04;2,56543E-04;0,00000E+00;4,88842E-04
364;1,18556E-04;6,33105E-05;3,66778E-04;1,50069E-04;1,77269E-04;1,27711E-03;0,00000E+00;4,23198E-05;1,35006E-03;1,84956E-03;3,49892E-03;2,13531E-03;9,70311E-04;0,00000E+00;2,79949E-04;1,89214E-03;4,51308E-03;1,77145E-03;1,66041E-03;4,44061E-03;0,00000E+00;0,00000E+00;9,78073E-04;0,00000E+00;1,55834E-03;0,00000E+00;0,00000E+00;1,81967E-03;0,00000E+00;3,69252E-03;0,00000E+00;0,00000E+00;1,53972E-03;1,09115E-03;1,12377E-03;1,15640E-03;1,18902E-03;1,22165E-03;1,25427E-03;1,28690E-03;0,00000E+00;1,65133E-04;4,64284E-05;4,31499E-05;0,00000E+00;0,00000E+00;0,00000E+00;0,00000E+00;0,00000E+00;0,00000E+00;0,00000E+00;1,98232E-04;1,42659E-04;0,00000E+00;2,71500E-04;0,00000E+00;3,87389E-04;5,64936E-05;4,46066E-04;3,67665E-04
365;3,81687E-05;1,42091E-04;2,67544E-04;2,80674E-04;5,68364E-04;1,41673E-03;4,52634E-04;1,05534E-04;1,04120E-04;1,45767E-04;2,46897E-03;3,07332E-03;2,06586E-04;1,74529E-03;3,83964E-03;4,02850E-04;7,26515E-03;2,87750E-04;1,15100E-04;5,11701E-03;0,00000E+00;8,71296E-05;2,08239E-04;0,00000E+00;3,31783E-04;0,00000E+00;0,00000E+00;1,04717E-03;0,00000E+00;5,17950E-04;0,00000E+00;0,00000E+00;0,00000E+00;1,13584E-04;1,02020E-04;9,04565E-05;7,88927E-05;6,73290E-05;5,57652E-05;4,42014E-05;8,49362E-05;2,73453E-05;0,00000E+00;8,36920E-05;0,00000E+00;0,00000E+00;0,00000E+00;0,00000E+00;0,00000E+00;0,00000E+00;6,31516E-05;2,60299E-05;3,03733E-05;0,00000E+00;2,11577E-04;5,75231E-04;1,84008E-04;6,57437E-04;6,70996E-04;1,60283E-05
366;0,00000E+00;1,27700E-05;0,00000E+00;0,00000E+00;1,38193E-04;8,31686E-04;9,90488E-05;7,11342E-05;1,27700E-04;0,00000E+00;9,95331E-04;4,76593E-03;3,16506E-04;9,05002E-04;3,26162E-03;6,27537E-03;4,31873E-03;3,29062E-03;0,00000E+00;5,34684E-03;1,27553E-04;1,04865E-03;0,00000E+00;3,34446E-03;1,10979E-04;1,88223E-04;0,00000E+00;0,00000E+00;1,52767E-03;7,05838E-05;0,00000E+00;7,63834E-04;4,52501E-04;2,09430E-04;1,53287E-04;9,71452E-05;4,10030E-05;0,00000E+00;0,00000E+00;0,00000E+00;0,00000E+00;5,12173E-05;0,00000E+00;0,00000E+00;0,00000E+00;0,00000E+00;9,09763E-05;0,00000E+00;0,00000E+00;4,83675E-04;6,38895E-04;1,94025E-04;0,00000E+00;0,00000E+00;3,70391E-04;7,15808E-05;1,24029E-05;1,02761E-04;3,20844E-04;6,91390E-04
367;0,00000E+00;1,62966E-04;0,00000E+00;0,00000E+00;2,26101E-04;0,00000E+00;0,00000E+00;9,07786E-04;1,70502E-03;0,00000E+00;2,18644E-04;1,63151E-03;1,53974E-03;2,84296E-03;8,86022E-03;2,10178E-03;2,54271E-03;3,52326E-03;0,00000E+00;2,08288E-03;8,55912E-04;0,00000E+00;0,00000E+00;0,00000E+00;1,63460E-03;4,06834E-03;1,04144E-03;0,00000E+00;0,00000E+00;9,00761E-04;0,00000E+00;0,00000E+00;9,00761E-04;3,22105E-04;2,54500E-04;1,86895E-04;1,19291E-04;5,16860E-05;0,00000E+00;0,00000E+00;0,00000E+00;1,64651E-05;0,00000E+00;0,00000E+00;0,00000E+00;0,00000E+00;0,00000E+00;0,00000E+00;0,00000E+00;0,00000E+00;2,92655E-04;2,71610E-04;0,00000E+00;0,00000E+00;0,00000E+00;9,13485E-04;1,58281E-04;0,00000E+00;7,43231E-04;0,00000E+00
368;0,00000E+00;7,42641E-05;1,98038E-04;0,00000E+00;9,98772E-04;4,37011E-04;0,00000E+00;5,51575E-04;1,14708E-03;7,92150E-04;1,67672E-03;1,50289E-03;0,00000E+00;2,16795E-03;3,00078E-03;0,00000E+00;2,71526E-03;2,72590E-03;1,27705E-03;4,33591E-03;0,00000E+00;6,37538E-04;0,00000E+00;0,00000E+00;1,60187E-03;5,84039E-03;2,16795E-03;0,00000E+00;0,00000E+00;0,00000E+00;0,00000E+00;0,00000E+00;0,00000E+00;0,00000E+00;0,00000E+00;0,00000E+00;0,00000E+00;0,00000E+00;0,00000E+00;0,00000E+00;0,00000E+00;1,55088E-05;0,00000E+00;1,24976E-05;1,32025E-04;0,00000E+00;0,00000E+00;0,00000E+00;0,00000E+00;0,00000E+00;1,56891E-04;1,15522E-04;0,00000E+00;0,00000E+00;2,21162E-04;2,31266E-05;0,00000E+00;0,00000E+00;7,52651E-05;0,00000E+00
369;9,85759E-05;2,77347E-04;2,40548E-04;9,35709E-04;4,38725E-04;6,05905E-04;0,00000E+00;1,19120E-03;1,57702E-03;1,80433E-03;1,88433E-03;8,60400E-04;0,00000E+00;6,20634E-03;3,93996E-04;2,06878E-03;1,44058E-03;3,80456E-03;4,30955E-03;0,00000E+00;0,00000E+00;6,66809E-04;0,00000E+00;0,00000E+00;1,39367E-03;1,76018E-03;0,00000E+00;0,00000E+00;5,17195E-04;0,00000E+00;5,17195E-04;2,58597E-04;0,00000E+00;1,55524E-04;1,18550E-04;8,15759E-05;4,46019E-05;7,62795E-06;0,00000E+00;0,00000E+00;0,00000E+00;8,87384E-06;0,00000E+00;8,89931E-05;9,79849E-05;0,00000E+00;0,00000E+00;0,00000E+00;1,95690E-05;0,00000E+00;0,00000E+00;3,19664E-04;0,00000E+00;0,00000E+00;1,64140E-04;1,71638E-05;2,04482E-04;1,73949E-04;5,58594E-05;1,08033E-04
370;1,17867E-04;4,79204E-05;2,01770E-05;1,26503E-03;7,87594E-04;2,04693E-04;2,57202E-03;1,68591E-04;4,20826E-04;1,93693E-03;1,16273E-03;3,43555E-03;1,69524E-04;1,33829E-03;5,67558E-03;4,46098E-04;2,20652E-03;5,57623E-04;1,38607E-03;0,00000E+00;0,00000E+00;4,17571E-05;0,00000E+00;0,00000E+00;1,16900E-04;0,00000E+00;0,00000E+00;0,00000E+00;1,11525E-04;1,98347E-03;1,11525E-04;7,16918E-04;0,00000E+00;6,18695E-04;6,69577E-04;7,20460E-04;7,71342E-04;8,22225E-04;8,73107E-04;9,23990E-04;2,36587E-06;0,00000E+00;0,00000E+00;1,71898E-05;0,00000E+00;0,00000E+00;0,00000E+00;0,00000E+00;4,21972E-06;0,00000E+00;0,00000E+00;7,98044E-04;1,04682E-04;0,00000E+00;3,20601E-04;0,00000E+00;4,40931E-05;3,48825E-04;0,00000E+00;6,93301E-05
371;0,00000E+00;1,62928E-05;3,91026E-04;9,25057E-04;3,78744E-06;1,70564E-04;1,59360E-03;1,89878E-04;2,44463E-03;1,73232E-03;3,81753E-04;2,76744E-04;8,58829E-05;8,15512E-03;6,48396E-03;3,34949E-04;2,01044E-03;4,02089E-04;1,56649E-03;0,00000E+00;0,00000E+00;2,69748E-04;9,12394E-04;4,73168E-04;2,19434E-05;0,00000E+00;1,04672E-04;0,00000E+00;0,00000E+00;0,00000E+00;1,25606E-04;1,46540E-04;0,00000E+00;0,00000E+00;0,00000E+00;0,00000E+00;0,00000E+00;0,00000E+00;0,00000E+00;0,00000E+00;0,00000E+00;5,14504E-06;0,00000E+00;0,00000E+00;0,00000E+00;0,00000E+00;0,00000E+00;0,00000E+00;0,00000E+00;0,00000E+00;7,49467E-04;2,81515E-04;0,00000E+00;0,00000E+00;0,00000E+00;4,83173E-04;1,00464E-04;3,39231E-04;0,00000E+00;4,08129E-05
372;2,06484E-05;4,32353E-06;1,21059E-04;8,54504E-04;8,53496E-05;3,08195E-04;1,71929E-04;3,35407E-03;1,83862E-03;9,22672E-04;9,65045E-04;4,56656E-03;1,88635E-03;3,18190E-03;0,00000E+00;4,48918E-03;2,99692E-03;1,03910E-03;2,35257E-03;0,00000E+00;0,00000E+00;1,90884E-04;0,00000E+00;0,00000E+00;2,94098E-04;7,64718E-04;2,35877E-03;0,00000E+00;0,00000E+00;0,00000E+00;1,68344E-03;1,96402E-03;0,00000E+00;1,12918E-03;1,20156E-03;1,27394E-03;1,34631E-03;1,41869E-03;1,49107E-03;1,56345E-03;0,00000E+00;6,89568E-05;0,00000E+00;6,54832E-06;6,91764E-05;0,00000E+00;0,00000E+00;0,00000E+00;0,00000E+00;6,05294E-05;1,12412E-04;2,79188E-04;0,00000E+00;0,00000E+00;0,00000E+00;3,55671E-04;3,63700E-04;2,31480E-04;0,00000E+00;5,46998E-04
373;1,26448E-04;2,36043E-04;3,15987E-04;9,33450E-04;2,24272E-04;2,63576E-04;2,09269E-04;2,71895E-03;2,00257E-03;2,14666E-03;0,00000E+00;2,67810E-03;1,63748E-03;1,70682E-03;6,68932E-04;3,17743E-03;1,57409E-03;1,34310E-03;2,91719E-03;2,34126E-03;0,00000E+00;5,28062E-04;0,00000E+00;0,00000E+00;1,31471E-03;4,28955E-03;2,01727E-03;0,00000E+00;0,00000E+00;1,67233E-03;0,00000E+00;0,00000E+00;2,17403E-03;9,79341E-04;9,69947E-04;9,60553E-04;9,51159E-04;9,41765E-04;9,32372E-04;9,22978E-04;0,00000E+00;0,00000E+00;6,40036E-05;9,40125E-05;1,45986E-04;0,00000E+00;0,00000E+00;0,00000E+00;0,00000E+00;1,27738E-04;2,97739E-04;6,05116E-05;1,76522E-04;0,00000E+00;0,00000E+00;3,17991E-04;8,09821E-04;4,88502E-04;0,00000E+00;0,00000E+00
374;8,05634E-05;1,71181E-04;3,02602E-04;6,04461E-04;1,14121E-04;3,09285E-04;9,82239E-04;7,62838E-04;6,84723E-04;1,47252E-03;5,08860E-04;9,90455E-04;6,46942E-05;1,37211E-03;1,21475E-03;6,42104E-03;4,90717E-03;2,52312E-04;2,55566E-03;1,76618E-03;2,62412E-04;3,89901E-04;0,00000E+00;4,14575E-04;2,72862E-03;2,01849E-03;0,00000E+00;0,00000E+00;0,00000E+00;2,91853E-03;0,00000E+00;0,00000E+00;2,11345E-03;1,01841E-03;1,03204E-03;1,04567E-03;1,05931E-03;1,07294E-03;1,08657E-03;1,10020E-03;0,00000E+00;3,10275E-05;1,26797E-04;2,22652E-04;0,00000E+00;0,00000E+00;0,00000E+00;0,00000E+00;0,00000E+00;4,28256E-05;4,56482E-05;4,56482E-05;2,83078E-04;0,00000E+00;8,60874E-05;4,19924E-04;1,49634E-04;0,00000E+00;0,00000E+00;3,29631E-04
375;1,33058E-04;2,78220E-05;5,82898E-05;1,38046E-04;8,34659E-04;4,72019E-04;2,22821E-04;0,00000E+00;2,67091E-03;2,00847E-03;6,44369E-04;1,09252E-03;6,30883E-04;9,76380E-04;3,23670E-03;1,83554E-03;9,12860E-04;0,00000E+00;7,70365E-03;2,15293E-03;4,97899E-04;4,50875E-04;0,00000E+00;9,40462E-05;1,03878E-03;2,15293E-03;0,00000E+00;0,00000E+00;0,00000E+00;3,75883E-04;2,46049E-03;2,15293E-03;1,07395E-04;1,35079E-03;1,43831E-03;1,52583E-03;1,61334E-03;1,70086E-03;1,78838E-03;1,87590E-03;0,00000E+00;1,71172E-05;1,78111E-05;3,67852E-05;0,00000E+00;4,68646E-05;7,32639E-05;0,00000E+00;0,00000E+00;9,71497E-06;2,78220E-05;0,00000E+00;3,40081E-05;0,00000E+00;2,05953E-04;4,08421E-05;0,00000E+00;0,00000E+00;0,00000E+00;5,03070E-04
376;7,61834E-05;2,27237E-04;2,24786E-05;0,00000E+00;1,33312E-03;7,22146E-04;3,57261E-04;1,44523E-03;1,62130E-03;1,13010E-03;0,00000E+00;1,94896E-03;4,12220E-03;1,05072E-02;5,42996E-03;1,04030E-03;1,43079E-03;6,84300E-03;1,24246E-04;3,01441E-03;1,40548E-05;1,25907E-03;3,63578E-04;8,79909E-04;4,65126E-05;0,00000E+00;0,00000E+00;5,35896E-03;5,02402E-03;2,67948E-03;0,00000E+00;0,00000E+00;0,00000E+00;1,35375E-03;1,36104E-03;1,36832E-03;1,37560E-03;1,38288E-03;1,39016E-03;1,39744E-03;2,15949E-06;0,00000E+00;0,00000E+00;1,03250E-04;2,40842E-06;5,40915E-06;0,00000E+00;0,00000E+00;2,45572E-04;0,00000E+00;7,27157E-04;5,98144E-04;2,99765E-05;0,00000E+00;0,00000E+00;4,24582E-04;8,38674E-04;0,00000E+00;1,10544E-03;9,32826E-05
377;6,62103E-05;1,05689E-04;3,30157E-04;1,85571E-04;0,00000E+00;1,30434E-03;1,80139E-03;2,33647E-03;3,01627E-03;2,35827E-03;1,48836E-04;4,83405E-03;2,21904E-04;2,17106E-03;1,73514E-03;5,21394E-04;7,12217E-03;7,38500E-03;3,55576E-03;2,59633E-04;2,06431E-04;1,49589E-03;0,00000E+00;0,00000E+00;7,73875E-04;0,00000E+00;6,05809E-04;0,00000E+00;4,32721E-04;0,00000E+00;0,00000E+00;0,00000E+00;0,00000E+00;1,71096E-05;0,00000E+00;0,00000E+00;0,00000E+00;0,00000E+00;0,00000E+00;0,00000E+00;3,85308E-05;0,00000E+00;0,00000E+00;0,00000E+00;3,53740E-05;7,94475E-05;0,00000E+00;0,00000E+00;2,56462E-04;0,00000E+00;1,56576E-05;3,30157E-04;4,40283E-04;0,00000E+00;0,00000E+00;1,86504E-04;0,00000E+00;0,00000E+00;1,90424E-04;0,00000E+00
378;9,99528E-05;2,52512E-04;0,00000E+00;5,51133E-04;1,11434E-04;8,77566E-04;1,11575E-03;1,20760E-03;2,18249E-03;9,47192E-04;1,71646E-03;5,81334E-03;1,27595E-03;1,68255E-03;2,28721E-03;2,00178E-03;4,51433E-03;7,58650E-04;6,10299E-03;2,10882E-03;0,00000E+00;4,26081E-04;0,00000E+00;0,00000E+00;1,98805E-04;0,00000E+00;1,32764E-03;1,53983E-04;2,79611E-03;0,00000E+00;1,38585E-03;0,00000E+00;0,00000E+00;7,70882E-04;8,06251E-04;8,41620E-04;8,76989E-04;9,12358E-04;9,47727E-04;9,83096E-04;1,49311E-05;0,00000E+00;0,00000E+00;0,00000E+00;4,87525E-05;7,82105E-06;1,00870E-04;0,00000E+00;0,00000E+00;0,00000E+00;3,43137E-05;0,00000E+00;0,00000E+00;0,00000E+00;0,00000E+00;4,08726E-04;4,05865E-05;0,00000E+00;4,17315E-04;2,78757E-04
379;1,04242E-04;2,58680E-05;2,15763E-04;5,75979E-04;5,17181E-04;7,16948E-04;7,20993E-04;1,78928E-04;7,28079E-04;1,74805E-03;1,34835E-03;2,12306E-03;1,71892E-03;1,36067E-03;8,08645E-04;3,92388E-03;4,61416E-03;1,95150E-03;1,77543E-03;2,70146E-03;0,00000E+00;0,00000E+00;0,00000E+00;2,84822E-04;1,36372E-03;0,00000E+00;0,00000E+00;2,06987E-03;3,15502E-03;0,00000E+00;1,06526E-03;0,00000E+00;0,00000E+00;7,22713E-04;7,22863E-04;7,23014E-04;7,23165E-04;7,23315E-04;7,23466E-04;7,23616E-04;0,00000E+00;0,00000E+00;0,00000E+00;0,00000E+00;2,92467E-04;6,01182E-06;7,75362E-05;0,00000E+00;0,00000E+00;0,00000E+00;1,17689E-04;1,96148E-05;1,37326E-04;0,00000E+00;1,31431E-04;2,47384E-04;6,02724E-04;0,00000E+00;0,00000E+00;2,14273E-04
380;1,04081E-05;3,32121E-04;5,09421E-05;1,09774E-04;1,11667E-03;4,50295E-04;1,35597E-03;0,00000E+00;0,00000E+00;1,15412E-03;1,75412E-03;1,45024E-04;3,71418E-03;1,55584E-03;2,57526E-03;5,63145E-04;6,14340E-04;4,60755E-04;4,76767E-03;8,21100E-03;0,00000E+00;0,00000E+00;0,00000E+00;1,17241E-03;1,20389E-03;3,36541E-03;0,00000E+00;4,60755E-04;4,09560E-04;0,00000E+00;0,00000E+00;1,12180E-03;0,00000E+00;1,53618E-04;7,19418E-05;0,00000E+00;0,00000E+00;0,00000E+00;0,00000E+00;0,00000E+00;0,00000E+00;0,00000E+00;0,00000E+00;0,00000E+00;9,82587E-05;1,70935E-04;0,00000E+00;1,89213E-05;0,00000E+00;0,00000E+00;5,35179E-04;4,63110E-06;3,24231E-05;0,00000E+00;3,10312E-05;5,84079E-05;1,34939E-04;0,00000E+00;0,00000E+00;0,00000E+00
381;7,99750E-05;0,00000E+00;4,23639E-04;2,54307E-05;1,05635E-05;9,05023E-04;1,26756E-03;8,93571E-04;2,01504E-03;9,26818E-04;1,91308E-03;7,58082E-05;0,00000E+00;2,31969E-03;4,09112E-03;2,18954E-04;3,73906E-03;2,18954E-04;8,48358E-04;7,88214E-03;5,48227E-04;3,92769E-04;0,00000E+00;0,00000E+00;0,00000E+00;1,89760E-04;0,00000E+00;0,00000E+00;0,00000E+00;0,00000E+00;0,00000E+00;1,27340E-03;0,00000E+00;4,09079E-04;4,50115E-04;4,91152E-04;5,32189E-04;5,73225E-04;6,14262E-04;6,55298E-04;0,00000E+00;2,15250E-06;0,00000E+00;0,00000E+00;1,48942E-05;0,00000E+00;0,00000E+00;0,00000E+00;1,90516E-04;0,00000E+00;7,80629E-05;1,70807E-04;0,00000E+00;0,00000E+00;0,00000E+00;1,19680E-04;6,22113E-04;0,00000E+00;0,00000E+00;1,39602E-04
382;3,67376E-05;6,71528E-05;5,03298E-04;6,54571E-04;1,76199E-04;1,54871E-03;2,75255E-03;2,51551E-03;1,34977E-03;3,20848E-04;7,50798E-04;1,44894E-03;0,00000E+00;1,94781E-03;0,00000E+00;4,90242E-03;6,65774E-03;4,98056E-03;3,80843E-03;1,72817E-03;0,00000E+00;0,00000E+00;0,00000E+00;0,00000E+00;1,63817E-04;3,16520E-03;0,00000E+00;7,81418E-05;0,00000E+00;1,01584E-03;0,00000E+00;7,12328E-04;0,00000E+00;3,36974E-04;3,17668E-04;2,98362E-04;2,79057E-04;2,59751E-04;2,40446E-04;2,21140E-04;0,00000E+00;3,59037E-05;0,00000E+00;0,00000E+00;6,40278E-05;0,00000E+00;0,00000E+00;0,00000E+00;0,00000E+00;0,00000E+00;4,79635E-04;0,00000E+00;2,47446E-05;0,00000E+00;6,63106E-05;0,00000E+00;1,85368E-04;0,00000E+00;0,00000E+00;1,35621E-04
383;9,89350E-05;2,65285E-04;4,06187E-04;8,56988E-04;4,79695E-04;6,88231E-04;2,01718E-03;2,00161E-03;1,07375E-03;6,32667E-04;9,86466E-04;1,86611E-03;1,21656E-03;1,95368E-03;2,23278E-03;4,21938E-03;6,40295E-03;3,27948E-03;2,44621E-03;5,30705E-03;0,00000E+00;0,00000E+00;0,00000E+00;5,49913E-04;3,70002E-04;0,00000E+00;0,00000E+00;1,76493E-04;2,09323E-03;2,29441E-03;0,00000E+00;1,05896E-03;4,18646E-04;1,09132E-03;1,15947E-03;1,22762E-03;1,29577E-03;1,36391E-03;1,43206E-03;1,50021E-03;0,00000E+00;0,00000E+00;0,00000E+00;0,00000E+00;2,83848E-04;0,00000E+00;0,00000E+00;0,00000E+00;0,00000E+00;0,00000E+00;2,87380E-04;0,00000E+00;1,58998E-04;0,00000E+00;3,18942E-04;1,76900E-04;4,18678E-04;2,44060E-04;0,00000E+00;1,36030E-04
384;1,04230E-04;9,14532E-05;3,53462E-04;6,99339E-04;4,58422E-04;8,97184E-04;1,28864E-03;1,59643E-03;1,10206E-03;1,34619E-03;2,57676E-04;2,48724E-03;1,69641E-03;1,57263E-03;1,79730E-03;1,12331E-03;1,46030E-03;2,24662E-04;4,48182E-03;3,77017E-03;0,00000E+00;0,00000E+00;0,00000E+00;4,42658E-04;4,18811E-04;9,98878E-04;3,99551E-04;0,00000E+00;5,08115E-03;0,00000E+00;0,00000E+00;5,99327E-04;3,33363E-03;1,99217E-03;2,13595E-03;2,27973E-03;2,42351E-03;2,56730E-03;2,71108E-03;2,85486E-03;0,00000E+00;0,00000E+00;0,00000E+00;0,00000E+00;3,21852E-04;4,05878E-05;0,00000E+00;0,00000E+00;0,00000E+00;0,00000E+00;0,00000E+00;1,44574E-04;8,29991E-05;0,00000E+00;2,08831E-04;1,42397E-04;0,00000E+00;1,96459E-04;1,64838E-04;1,09499E-04
385;3,89296E-05;0,00000E+00;1,84107E-04;3,46919E-04;4,82513E-04;4,97032E-04;6,17578E-04;3,67452E-04;1,64477E-04;2,32543E-04;5,05423E-04;3,26763E-04;1,23103E-03;1,79769E-03;2,82494E-03;3,85219E-03;0,00000E+00;2,31131E-03;7,11242E-03;4,65280E-03;0,00000E+00;0,00000E+00;0,00000E+00;0,00000E+00;1,04581E-03;1,01762E-03;9,88721E-05;0,00000E+00;5,46304E-03;7,70437E-04;3,59537E-03;1,48308E-04;7,41541E-04;2,04989E-03;2,18054E-03;2,31118E-03;2,44183E-03;2,57248E-03;2,70312E-03;2,83377E-03;0,00000E+00;0,00000E+00;0,00000E+00;0,00000E+00;4,69558E-05;1,00438E-05;0,00000E+00;0,00000E+00;0,00000E+00;0,00000E+00;1,16156E-04;3,57759E-05;0,00000E+00;0,00000E+00;2,98174E-04;0,00000E+00;6,43056E-04;0,00000E+00;4,07904E-05;0,00000E+00
386;1,14191E-06;1,32192E-05;7,11327E-06;9,26453E-04;8,13297E-05;9,30007E-05;2,27343E-04;2,33814E-03;1,40324E-03;1,16735E-03;2,89786E-05;1,97955E-03;1,43530E-03;8,66666E-03;1,77606E-03;2,33812E-03;8,76795E-04;4,88968E-03;5,01344E-03;3,55212E-03;0,00000E+00;1,51515E-04;0,00000E+00;0,00000E+00;3,53250E-05;0,00000E+00;1,12335E-05;0,00000E+00;2,22559E-03;1,75359E-03;0,00000E+00;0,00000E+00;0,00000E+00;5,89144E-04;6,22317E-04;6,55491E-04;6,88664E-04;7,21838E-04;7,55011E-04;7,88185E-04;0,00000E+00;0,00000E+00;0,00000E+00;0,00000E+00;0,00000E+00;0,00000E+00;0,00000E+00;0,00000E+00;0,00000E+00;0,00000E+00;6,23324E-04;0,00000E+00;4,31898E-04;0,00000E+00;0,00000E+00;1,42402E-05;2,96090E-06;0,00000E+00;2,41152E-04;4,06994E-05
387;2,31271E-05;0,00000E+00;3,08807E-04;5,55879E-04;7,15658E-04;5,94534E-04;1,73394E-03;3,01624E-03;1,08316E-03;3,86461E-04;1,21932E-03;1,23130E-03;2,28886E-03;3,86771E-03;4,55025E-04;1,68106E-03;4,90310E-04;4,32274E-03;1,89067E-03;1,82063E-03;0,00000E+00;1,13580E-04;0,00000E+00;3,98696E-04;7,15439E-04;6,30399E-04;1,06804E-03;0,00000E+00;3,64020E-03;0,00000E+00;0,00000E+00;0,00000E+00;9,10576E-04;7,20056E-04;7,27586E-04;7,35117E-04;7,42648E-04;7,50178E-04;7,57709E-04;7,65239E-04;9,52451E-06;0,00000E+00;0,00000E+00;0,00000E+00;0,00000E+00;0,00000E+00;0,00000E+00;8,97881E-05;0,00000E+00;0,00000E+00;3,08712E-04;1,14052E-04;2,95739E-05;0,00000E+00;0,00000E+00;3,68321E-04;1,70740E-04;0,00000E+00;0,00000E+00;4,87701E-05
388;5,79943E-05;1,94968E-04;5,84265E-04;3,77570E-04;3,29405E-04;0,00000E+00;1,19557E-03;1,64078E-03;1,93183E-03;1,59032E-03;2,53012E-03;2,30119E-03;3,41872E-03;0,00000E+00;6,33910E-04;3,97249E-03;2,68003E-03;1,52138E-03;2,95119E-03;3,54637E-03;0,00000E+00;0,00000E+00;0,00000E+00;9,42152E-04;0,00000E+00;3,13785E-03;1,98624E-03;0,00000E+00;0,00000E+00;6,33910E-04;0,00000E+00;5,07128E-04;2,15176E-03;9,56092E-04;9,71740E-04;9,87388E-04;1,00304E-03;1,01868E-03;1,03433E-03;1,04998E-03;2,25072E-05;0,00000E+00;0,00000E+00;0,00000E+00;3,44061E-05;0,00000E+00;0,00000E+00;2,12177E-04;1,91880E-05;0,00000E+00;4,58748E-05;2,69513E-04;6,98855E-05;0,00000E+00;0,00000E+00;1,88841E-04;5,79226E-04;0,00000E+00;0,00000E+00;1,15248E-04
389;4,87448E-05;1,63872E-04;3,79111E-04;4,88060E-04;6,62272E-04;0,00000E+00;6,07999E-04;5,79919E-04;1,21298E-03;2,65319E-03;9,49183E-04;3,48262E-03;1,80332E-03;1,28120E-03;1,44795E-03;2,56241E-03;2,74297E-03;1,27874E-03;1,26492E-03;1,17218E-03;2,31888E-04;0,00000E+00;1,98682E-04;0,00000E+00;0,00000E+00;3,58165E-03;0,00000E+00;2,37938E-03;0,00000E+00;5,32807E-04;2,19635E-03;4,26246E-04;0,00000E+00;9,10309E-04;9,19745E-04;9,29182E-04;9,38618E-04;9,48054E-04;9,57490E-04;9,66927E-04;0,00000E+00;0,00000E+00;0,00000E+00;0,00000E+00;3,71970E-05;0,00000E+00;0,00000E+00;0,00000E+00;1,61277E-05;6,62272E-05;3,85582E-05;1,49011E-04;1,73875E-04;0,00000E+00;0,00000E+00;0,00000E+00;2,90950E-04;3,20105E-04;0,00000E+00;0,00000E+00
390;0,00000E+00;2,87694E-04;3,54982E-04;6,45392E-05;7,70954E-04;1,12863E-03;4,27679E-04;6,41029E-04;1,69120E-03;1,52825E-03;1,74257E-03;4,21610E-03;1,32890E-03;4,10640E-03;2,40791E-04;4,44351E-03;3,85266E-04;2,12023E-03;4,43309E-03;6,83185E-03;6,10140E-05;0,00000E+00;6,48975E-04;0,00000E+00;0,00000E+00;3,40487E-03;0,00000E+00;6,26058E-04;7,06743E-04;0,00000E+00;5,77899E-04;0,00000E+00;0,00000E+00;1,14288E-04;5,06743E-05;0,00000E+00;0,00000E+00;0,00000E+00;0,00000E+00;0,00000E+00;0,00000E+00;0,00000E+00;0,00000E+00;1,12968E-04;1,28335E-05;0,00000E+00;0,00000E+00;1,58940E-05;0,00000E+00;1,74256E-05;3,62281E-04;3,92076E-05;4,57498E-05;0,00000E+00;5,71178E-05;0,00000E+00;6,34673E-06;5,59626E-04;0,00000E+00;7,21727E-04
391;1,57879E-04;6,89625E-05;8,48665E-04;6,07824E-04;0,00000E+00;1,98873E-04;1,22168E-03;8,16651E-04;7,50038E-04;1,61535E-03;6,52133E-04;1,44765E-03;1,56021E-03;1,48513E-03;6,90627E-04;4,92532E-03;7,91609E-05;3,81321E-03;2,27963E-03;4,05166E-03;0,00000E+00;0,00000E+00;0,00000E+00;3,54804E-04;0,00000E+00;1,39013E-03;6,33287E-05;5,54126E-05;0,00000E+00;0,00000E+00;0,00000E+00;0,00000E+00;0,00000E+00;0,00000E+00;0,00000E+00;0,00000E+00;0,00000E+00;0,00000E+00;0,00000E+00;0,00000E+00;0,00000E+00;0,00000E+00;0,00000E+00;0,00000E+00;0,00000E+00;0,00000E+00;0,00000E+00;0,00000E+00;0,00000E+00;0,00000E+00;0,00000E+00;1,57540E-05;0,00000E+00;0,00000E+00;0,00000E+00;0,00000E+00;5,22897E-05;1,91279E-04;1,85064E-05;0,00000E+00
392;2,07717E-05;2,78914E-04;5,36430E-04;8,77500E-04;3,29881E-04;9,77109E-04;1,29128E-03;4,94244E-04;2,10420E-03;1,55675E-03;2,07244E-03;1,69059E-03;1,63514E-03;4,59074E-03;4,26538E-03;2,34527E-03;2,52291E-03;1,80138E-03;4,97897E-03;6,91617E-04;1,39402E-04;0,00000E+00;9,10017E-05;5,50591E-05;1,15334E-03;1,07283E-03;1,71653E-03;1,50196E-03;1,06886E-03;0,00000E+00;0,00000E+00;0,00000E+00;5,65868E-04;3,84968E-04;3,44551E-04;3,04135E-04;2,63719E-04;2,23302E-04;1,82886E-04;1,42470E-04;0,00000E+00;0,00000E+00;0,00000E+00;0,00000E+00;4,83446E-05;2,23544E-05;0,00000E+00;0,00000E+00;1,90316E-05;3,41256E-05;0,00000E+00;4,27013E-04;0,00000E+00;0,00000E+00;0,00000E+00;0,00000E+00;4,69012E-04;2,59796E-04;5,10264E-04;0,00000E+00
393;6,02062E-05;2,71178E-04;4,28355E-04;7,12608E-04;1,35773E-03;1,56643E-03;2,17424E-03;2,19722E-03;9,96778E-04;1,26795E-03;1,07614E-03;1,99040E-03;3,07085E-03;2,68053E-03;4,67130E-04;3,28153E-03;3,57839E-03;4,06008E-03;4,35988E-03;3,78213E-03;6,36535E-04;0,00000E+00;2,25368E-04;2,37028E-04;3,33829E-03;0,00000E+00;0,00000E+00;5,74811E-04;3,56677E-03;1,49451E-03;0,00000E+00;0,00000E+00;1,74628E-03;1,11019E-03;1,12410E-03;1,13800E-03;1,15191E-03;1,16581E-03;1,17972E-03;1,19363E-03;1,15186E-05;2,82544E-05;0,00000E+00;0,00000E+00;1,97723E-04;1,60466E-04;5,47702E-05;0,00000E+00;4,71324E-05;8,45131E-05;0,00000E+00;0,00000E+00;7,28085E-05;0,00000E+00;0,00000E+00;0,00000E+00;1,31946E-04;0,00000E+00;2,14131E-05;0,00000E+00
394;7,65563E-06;2,15360E-04;8,78331E-04;1,11472E-03;8,32294E-04;7,12965E-04;1,90044E-03;2,05310E-03;8,41571E-04;2,14281E-03;2,21580E-03;3,52908E-03;4,09305E-03;2,45656E-03;4,97380E-04;5,48529E-03;5,62544E-03;7,30901E-03;3,64745E-03;7,11288E-03;2,54444E-04;0,00000E+00;0,00000E+00;8,79348E-05;4,21027E-04;1,65793E-03;0,00000E+00;5,02082E-04;2,79285E-03;1,30541E-03;0,00000E+00;0,00000E+00;3,01249E-04;6,60013E-04;6,62603E-04;6,65193E-04;6,67783E-04;6,70373E-04;6,72963E-04;6,75553E-04;1,00612E-05;2,46794E-05;0,00000E+00;0,00000E+00;6,81274E-05;3,10750E-04;4,78402E-05;0,00000E+00;0,00000E+00;0,00000E+00;4,49930E-05;0,00000E+00;6,35962E-05;0,00000E+00;0,00000E+00;0,00000E+00;7,94026E-05;0,00000E+00;0,00000E+00;2,77051E-04
395;1,03528E-04;1,30852E-04;1,73600E-04;6,03013E-04;1,01620E-04;2,74231E-04;4,46023E-04;1,44167E-03;2,12588E-03;2,40670E-03;1,54896E-03;2,82017E-03;5,19024E-03;6,61204E-03;5,07191E-03;4,76838E-03;4,58115E-03;3,13913E-03;4,88918E-03;9,21668E-03;1,69781E-04;0,00000E+00;0,00000E+00;0,00000E+00;0,00000E+00;1,11131E-03;0,00000E+00;0,00000E+00;5,61683E-04;6,43238E-04;0,00000E+00;0,00000E+00;0,00000E+00;1,60863E-04;1,53475E-04;1,46086E-04;1,38698E-04;1,31309E-04;1,23921E-04;1,16533E-04;0,00000E+00;0,00000E+00;0,00000E+00;0,00000E+00;0,00000E+00;6,18125E-05;0,00000E+00;0,00000E+00;0,00000E+00;2,32749E-04;1,27025E-05;0,00000E+00;0,00000E+00;0,00000E+00;0,00000E+00;0,00000E+00;7,34688E-04;0,00000E+00;8,84574E-05;1,67791E-04
396;2,73348E-06;1,10548E-04;7,06030E-05;6,05166E-04;8,59620E-04;3,75063E-04;1,16478E-03;2,96681E-03;2,33574E-03;9,85601E-04;2,58108E-03;2,13429E-03;1,72185E-03;9,77841E-06;5,69914E-03;2,11553E-03;6,54318E-03;3,18551E-03;7,25522E-03;1,35460E-03;0,00000E+00;1,09837E-05;0,00000E+00;0,00000E+00;6,68947E-04;1,27637E-03;0,00000E+00;1,02109E-03;2,93352E-05;0,00000E+00;0,00000E+00;2,80801E-03;0,00000E+00;9,19199E-04;9,77408E-04;1,03562E-03;1,09383E-03;1,15203E-03;1,21024E-03;1,26845E-03;0,00000E+00;1,68227E-06;0,00000E+00;0,00000E+00;2,30921E-05;0,00000E+00;0,00000E+00;0,00000E+00;1,35222E-04;0,00000E+00;0,00000E+00;0,00000E+00;6,00834E-05;0,00000E+00;6,26036E-04;0,00000E+00;0,00000E+00;1,31552E-06;6,72358E-07;2,13289E-04
397;1,39004E-04;3,78363E-04;1,54132E-04;1,20758E-03;1,31584E-03;2,11675E-03;1,87744E-03;1,48861E-03;1,62339E-03;3,32816E-03;2,60277E-03;4,13988E-03;1,35737E-03;1,22799E-03;3,67044E-03;3,32637E-03;7,52794E-03;5,76492E-03;4,94497E-03;4,13372E-03;0,00000E+00;4,48541E-04;0,00000E+00;1,20944E-04;0,00000E+00;0,00000E+00;0,00000E+00;5,52444E-05;2,08187E-03;0,00000E+00;0,00000E+00;0,00000E+00;0,00000E+00;2,53801E-04;2,61014E-04;2,68227E-04;2,75439E-04;2,82652E-04;2,89865E-04;2,97078E-04;0,00000E+00;6,86988E-05;0,00000E+00;0,00000E+00;0,00000E+00;0,00000E+00;0,00000E+00;0,00000E+00;0,00000E+00;0,00000E+00;0,00000E+00;0,00000E+00;2,52900E-04;0,00000E+00;2,90452E-04;0,00000E+00;0,00000E+00;5,37217E-05;2,74571E-05;0,00000E+00
398;1,14943E-04;4,35998E-04;6,01273E-04;1,12114E-03;5,43674E-04;1,81775E-03;1,46727E-03;1,34968E-03;3,69376E-03;3,02263E-03;2,12138E-03;1,99972E-03;2,79346E-03;4,01286E-03;2,52886E-03;3,20281E-03;4,09944E-03;3,86446E-03;4,63729E-03;4,30966E-03;0,00000E+00;0,00000E+00;1,14099E-04;3,24885E-04;1,65265E-04;0,00000E+00;0,00000E+00;3,58619E-04;2,37439E-03;0,00000E+00;0,00000E+00;0,00000E+00;0,00000E+00;2,58849E-04;2,52228E-04;2,45608E-04;2,38987E-04;2,32366E-04;2,25746E-04;2,19125E-04;0,00000E+00;0,00000E+00;5,36370E-06;0,00000E+00;9,50823E-06;3,73709E-05;0,00000E+00;0,00000E+00;0,00000E+00;0,00000E+00;0,00000E+00;0,00000E+00;3,32843E-05;0,00000E+00;0,00000E+00;2,53162E-04;0,00000E+00;0,00000E+00;0,00000E+00;1,02459E-04
399;7,98435E-05;3,05204E-04;9,53731E-04;1,07569E-03;5,82112E-04;1,91981E-03;1,72872E-03;1,94182E-03;5,00093E-03;2,10228E-03;2,59302E-03;2,20332E-03;2,84180E-03;4,60376E-03;1,66417E-03;5,09322E-03;1,46839E-03;1,66417E-03;6,49522E-03;5,99619E-03;2,45020E-05;0,00000E+00;1,06264E-04;8,12905E-04;1,53917E-04;0,00000E+00;1,08301E-03;2,20708E-03;0,00000E+00;0,00000E+00;0,00000E+00;0,00000E+00;0,00000E+00;7,46853E-05;2,68253E-05;0,00000E+00;0,00000E+00;0,00000E+00;0,00000E+00;0,00000E+00;0,00000E+00;0,00000E+00;4,99540E-06;0,00000E+00;8,85535E-06;3,48048E-05;0,00000E+00;1,35696E-04;0,00000E+00;0,00000E+00;0,00000E+00;2,37924E-04;1,12653E-04;0,00000E+00;0,00000E+00;2,35779E-04;3,67015E-04;0,00000E+00;0,00000E+00;9,54240E-05
400;6,91087E-05;4,90040E-04;6,35545E-04;1,41511E-03;1,35189E-03;2,67960E-03;1,47189E-03;2,30208E-03;4,03406E-03;1,92912E-03;1,62306E-03;2,60646E-03;3,07571E-03;5,54630E-03;5,05155E-03;3,32362E-03;2,82887E-03;3,03093E-03;5,53347E-03;8,59889E-03;7,49225E-06;0,00000E+00;2,92457E-04;1,31025E-03;0,00000E+00;1,21237E-03;3,31163E-04;1,01914E-03;0,00000E+00;1,21237E-03;6,06186E-04;2,02062E-04;4,04124E-04;4,52290E-04;4,30466E-04;4,08643E-04;3,86819E-04;3,64996E-04;3,43173E-04;3,21349E-04;0,00000E+00;0,00000E+00;0,00000E+00;0,00000E+00;4,56963E-05;0,00000E+00;0,00000E+00;4,14935E-05;0,00000E+00;0,00000E+00;2,01064E-04;7,27527E-05;2,49683E-05;0,00000E+00;0,00000E+00;0,00000E+00;1,12227E-04;1,90288E-04;0,00000E+00;3,93934E-04
401;2,31719E-05;5,23780E-04;4,15045E-06;9,62609E-04;1,74677E-03;2,57699E-03;2,56297E-03;2,17528E-03;2,50736E-03;4,91508E-03;2,56665E-03;3,62862E-03;4,43651E-03;4,42744E-03;8,89278E-03;1,03573E-02;4,68881E-03;6,41469E-03;4,70277E-03;9,12622E-03;0,00000E+00;0,00000E+00;0,00000E+00;0,00000E+00;0,00000E+00;3,19039E-03;0,00000E+00;7,36244E-04;2,99228E-05;3,94658E-03;0,00000E+00;7,50208E-04;0,00000E+00;9,31572E-04;9,53112E-04;9,74652E-04;9,96192E-04;1,01773E-03;1,03927E-03;1,06081E-03;2,45892E-05;5,55646E-07;0,00000E+00;5,46624E-07;1,20024E-05;0,00000E+00;0,00000E+00;0,00000E+00;0,00000E+00;2,16545E-06;0,00000E+00;6,66006E-05;0,00000E+00;0,00000E+00;0,00000E+00;0,00000E+00;5,53511E-04;0,00000E+00;0,00000E+00;5,55586E-07
402;1,52336E-04;2,73394E-04;6,06141E-04;1,11167E-03;1,85443E-03;1,43100E-03;2,21676E-03;3,07491E-03;2,81091E-03;3,65151E-03;3,97904E-03;4,89706E-03;4,31289E-03;1,83191E-03;5,64857E-03;5,97983E-03;4,39957E-03;5,07773E-03;5,51065E-03;6,39782E-03;0,00000E+00;0,00000E+00;0,00000E+00;0,00000E+00;0,00000E+00;0,00000E+00;6,05659E-04;0,00000E+00;2,97214E-03;1,94778E-03;0,00000E+00;1,61581E-03;0,00000E+00;1,26144E-03;1,35245E-03;1,44346E-03;1,53446E-03;1,62547E-03;1,71648E-03;1,80748E-03;0,00000E+00;6,25232E-05;0,00000E+00;5,33726E-05;9,26638E-05;0,00000E+00;1,50285E-05;0,00000E+00;0,00000E+00;2,16001E-04;3,65253E-05;0,00000E+00;0,00000E+00;0,00000E+00;0,00000E+00;0,00000E+00;4,25891E-04;0,00000E+00;1,24934E-04;1,17503E-04
403;9,56217E-05;4,15924E-04;8,86980E-04;1,21753E-03;2,01448E-03;1,39658E-03;2,79822E-03;3,53782E-03;3,47853E-03;3,44921E-03;3,82907E-03;5,56688E-03;5,05010E-03;5,40325E-03;1,66609E-03;5,63765E-03;8,59500E-03;8,10922E-03;8,65461E-03;8,64188E-03;0,00000E+00;0,00000E+00;0,00000E+00;8,58237E-05;0,00000E+00;3,92022E-04;3,40474E-03;0,00000E+00;1,44887E-04;0,00000E+00;0,00000E+00;7,24435E-04;0,00000E+00;3,30180E-04;3,15046E-04;2,99912E-04;2,84778E-04;2,69644E-04;2,54510E-04;2,39376E-04;0,00000E+00;2,37393E-05;0,00000E+00;0,00000E+00;1,31065E-05;1,99115E-05;4,31418E-05;0,00000E+00;0,00000E+00;1,31065E-05;1,04852E-04;4,43279E-05;0,00000E+00;0,00000E+00;0,00000E+00;0,00000E+00;1,90945E-04;0,00000E+00;3,58645E-04;1,81586E-04
404;1,27710E-04;4,89025E-04;8,13072E-04;1,32052E-03;2,72230E-03;2,04202E-03;2,57926E-03;3,19665E-03;4,07101E-03;3,66844E-03;3,96534E-03;4,28819E-03;4,63489E-03;6,05325E-03;3,65167E-03;1,19301E-02;6,05186E-03;6,58246E-03;1,05744E-02;8,41176E-03;0,00000E+00;2,16348E-04;0,00000E+00;1,47178E-04;0,00000E+00;3,83365E-04;2,35158E-03;1,44455E-04;0,00000E+00;2,88911E-04;0,00000E+00;0,00000E+00;0,00000E+00;1,02160E-04;7,25422E-05;4,29243E-05;1,33064E-05;0,00000E+00;0,00000E+00;0,00000E+00;0,00000E+00;0,00000E+00;0,00000E+00;0,00000E+00;2,61349E-05;6,34945E-05;0,00000E+00;2,92380E-05;0,00000E+00;0,00000E+00;0,00000E+00;1,21754E-04;1,67727E-04;0,00000E+00;7,00479E-05;0,00000E+00;0,00000E+00;3,88680E-05;0,00000E+00;0,00000E+00
405;4,54768E-05;5,13896E-04;5,46678E-04;1,49720E-03;2,38367E-03;1,77154E-03;3,56169E-03;2,87546E-03;5,26353E-03;2,18671E-03;7,02638E-03;5,31840E-03;5,60719E-03;8,26842E-03;8,26552E-03;1,24621E-02;7,03338E-03;7,27256E-03;9,98618E-03;7,84659E-03;0,00000E+00;7,16436E-05;0,00000E+00;3,53528E-04;6,96671E-04;1,51916E-03;2,39181E-04;4,78363E-05;7,59581E-04;4,75463E-04;0,00000E+00;0,00000E+00;1,89895E-04;1,37305E-04;9,98598E-05;6,24144E-05;2,49690E-05;0,00000E+00;0,00000E+00;0,00000E+00;0,00000E+00;0,00000E+00;0,00000E+00;3,90260E-05;8,65454E-06;8,20938E-05;0,00000E+00;9,68214E-06;0,00000E+00;0,00000E+00;0,00000E+00;2,59636E-05;4,16339E-04;0,00000E+00;2,31963E-05;0,00000E+00;0,00000E+00;1,28711E-05;0,00000E+00;1,85107E-04
406;1,13972E-04;5,46076E-04;1,15407E-03;1,58627E-03;2,44085E-03;3,39637E-03;3,01192E-03;2,36381E-03;4,79976E-03;4,87237E-03;3,37588E-03;6,70297E-03;7,03728E-03;8,52527E-03;7,58336E-03;8,53472E-03;8,04830E-03;1,25305E-02;9,70737E-03;1,25305E-02;0,00000E+00;0,00000E+00;0,00000E+00;1,50480E-06;1,36318E-03;9,50498E-04;0,00000E+00;0,00000E+00;3,43678E-06;1,88897E-03;1,88725E-03;0,00000E+00;8,59194E-07;7,35771E-04;7,62768E-04;7,89765E-04;8,16763E-04;8,43760E-04;8,70757E-04;8,97754E-04;0,00000E+00;0,00000E+00;0,00000E+00;1,76576E-07;0,00000E+00;3,05480E-07;4,21463E-05;0,00000E+00;0,00000E+00;0,00000E+00;0,00000E+00;0,00000E+00;3,00443E-04;0,00000E+00;0,00000E+00;3,58857E-04;0,00000E+00;6,66480E-04;3,56857E-04;8,37529E-07
407;9,93064E-05;5,42103E-04;1,18644E-03;2,17959E-03;2,83390E-03;2,85087E-03;3,41146E-03;4,85689E-03;5,92564E-03;5,17218E-03;7,50721E-03;7,25942E-03;5,92484E-03;7,34952E-03;7,01162E-03;1,06032E-02;1,32255E-02;1,11817E-02;1,04691E-02;1,25711E-02;0,00000E+00;0,00000E+00;0,00000E+00;0,00000E+00;4,77991E-04;1,13729E-03;5,92813E-04;0,00000E+00;2,27458E-03;0,00000E+00;0,00000E+00;0,00000E+00;0,00000E+00;2,47001E-04;2,23141E-04;1,99281E-04;1,75421E-04;1,51560E-04;1,27700E-04;1,03840E-04;0,00000E+00;4,53701E-05;5,31991E-05;0,00000E+00;2,47504E-05;9,62749E-05;0,00000E+00;0,00000E+00;0,00000E+00;0,00000E+00;1,66048E-04;0,00000E+00;0,00000E+00;3,59688E-04;0,00000E+00;3,36395E-04;4,24667E-04;1,22697E-05;0,00000E+00;5,01516E-04
408;1,79722E-04;6,35624E-04;1,32241E-03;2,18244E-03;2,27175E-03;2,84258E-03;3,90392E-03;4,52081E-03;5,84169E-03;7,54868E-03;6,65429E-03;6,57719E-03;8,31039E-03;8,48721E-03;1,19107E-02;1,01237E-02;7,94147E-03;1,50032E-02;1,38713E-02;1,69118E-02;2,44876E-04;0,00000E+00;0,00000E+00;0,00000E+00;1,48221E-03;0,00000E+00;1,83826E-03;7,27643E-04;0,00000E+00;0,00000E+00;0,00000E+00;0,00000E+00;0,00000E+00;3,00350E-06;0,00000E+00;0,00000E+00;0,00000E+00;0,00000E+00;0,00000E+00;0,00000E+00;0,00000E+00;3,47530E-05;0,00000E+00;0,00000E+00;1,13774E-04;9,23956E-06;0,00000E+00;0,00000E+00;2,75316E-05;0,00000E+00;8,95401E-05;1,64557E-05;6,72051E-05;0,00000E+00;3,30789E-05;5,76501E-05;0,00000E+00;1,35939E-04;0,00000E+00;6,33299E-05
409;2,53548E-04;7,93765E-04;1,61211E-03;2,54327E-03;2,50309E-03;4,26830E-03;4,40714E-03;6,78782E-03;7,05228E-03;7,69505E-03;6,19621E-03;7,39013E-03;1,07598E-02;1,49579E-02;1,19304E-02;1,61525E-02;1,20790E-02;2,12692E-02;1,55935E-02;1,66650E-02;5,35063E-04;0,00000E+00;0,00000E+00;0,00000E+00;0,00000E+00;0,00000E+00;0,00000E+00;7,58710E-04;4,07617E-04;0,00000E+00;0,00000E+00;0,00000E+00;6,79362E-04;3,64419E-04;3,93648E-04;4,22877E-04;4,52106E-04;4,81334E-04;5,10563E-04;5,39792E-04;0,00000E+00;0,00000E+00;0,00000E+00;0,00000E+00;7,54790E-05;1,06251E-04;0,00000E+00;7,33354E-05;2,87071E-05;0,00000E+00;0,00000E+00;1,71582E-05;7,00745E-05;0,00000E+00;5,09627E-05;6,01115E-05;1,79065E-05;1,02072E-04;1,30795E-04;6,60338E-05
410;3,29260E-04;9,40109E-04;1,95386E-03;3,16498E-03;2,97082E-03;4,58604E-03;5,92291E-03;7,60240E-03;6,68927E-03;9,22338E-03;8,65101E-03;1,04054E-02;1,33473E-02;1,76107E-02;1,57569E-02;1,80819E-02;1,69624E-02;1,68721E-02;1,96148E-02;2,31652E-02;2,13710E-04;0,00000E+00;5,18666E-04;0,00000E+00;4,69534E-04;0,00000E+00;8,95883E-04;0,00000E+00;1,46017E-04;0,00000E+00;0,00000E+00;0,00000E+00;1,49760E-03;4,82319E-04;5,06344E-04;5,30368E-04;5,54393E-04;5,78418E-04;6,02442E-04;6,26467E-04;0,00000E+00;8,80727E-06;0,00000E+00;4,29603E-05;1,91500E-04;3,46102E-05;0,00000E+00;2,62704E-05;0,00000E+00;1,94500E-04;0,00000E+00;0,00000E+00;2,64780E-04;0,00000E+00;5,90045E-06;1,81708E-04;6,41450E-06;3,37472E-04;4,68537E-05;4,99025E-05
411;1,68798E-04;9,77797E-04;2,69868E-03;2,81394E-03;3,65544E-03;5,62311E-03;5,50304E-03;8,76597E-03;8,68468E-03;1,01783E-02;1,20610E-02;1,39855E-02;1,51125E-02;1,60231E-02;1,75526E-02;1,69133E-02;2,11240E-02;1,62010E-02;2,40452E-02;2,21199E-02;2,31090E-06;0,00000E+00;1,05599E-05;0,00000E+00;9,55959E-06;0,00000E+00;1,82399E-05;0,00000E+00;0,00000E+00;8,86476E-04;0,00000E+00;0,00000E+00;1,57687E-03;7,43757E-04;8,20508E-04;8,97260E-04;9,74011E-04;1,05076E-03;1,12751E-03;1,20427E-03;0,00000E+00;2,55975E-05;0,00000E+00;8,74660E-07;3,62997E-06;0,00000E+00;0,00000E+00;0,00000E+00;0,00000E+00;3,95996E-06;0,00000E+00;0,00000E+00;5,39085E-06;0,00000E+00;2,68663E-04;3,69952E-06;0,00000E+00;3,05022E-04;0,00000E+00;2,78770E-04
412;3,02815E-04;1,18099E-03;2,12809E-03;3,79624E-03;4,58435E-03;6,21771E-03;6,79783E-03;7,57429E-03;9,84453E-03;1,04134E-02;1,19511E-02;1,56219E-02;1,62181E-02;2,13721E-02;1,94007E-02;2,34503E-02;2,38392E-02;2,08195E-02;2,48106E-02;2,57054E-02;0,00000E+00;0,00000E+00;0,00000E+00;3,20830E-04;0,00000E+00;0,00000E+00;0,00000E+00;2,58102E-03;0,00000E+00;0,00000E+00;9,15923E-04;8,10744E-05;1,09911E-03;8,50409E-04;9,09281E-04;9,68154E-04;1,02703E-03;1,08590E-03;1,14477E-03;1,20364E-03;0,00000E+00;0,00000E+00;0,00000E+00;3,05467E-05;1,83350E-06;2,05895E-05;0,00000E+00;0,00000E+00;6,44193E-05;1,83350E-05;0,00000E+00;0,00000E+00;1,35351E-04;1,84030E-04;3,33105E-04;6,19176E-04;0,00000E+00;3,81751E-05;0,00000E+00;4,24444E-05
413;3,59234E-04;1,41926E-03;2,86540E-03;4,61822E-03;5,70090E-03;7,42933E-03;8,73208E-03;9,95667E-03;1,25466E-02;1,16237E-02;1,57909E-02;1,70085E-02;1,74677E-02;2,37857E-02;2,33767E-02;2,46440E-02;2,14489E-02;2,99148E-02;3,09634E-02;3,08439E-02;0,00000E+00;6,24030E-05;0,00000E+00;0,00000E+00;0,00000E+00;7,49995E-04;8,33328E-05;3,14645E-03;0,00000E+00;0,00000E+00;0,00000E+00;2,73605E-04;0,00000E+00;3,18732E-04;3,08633E-04;2,98534E-04;2,88435E-04;2,78336E-04;2,68236E-04;2,58137E-04;0,00000E+00;0,00000E+00;6,37865E-06;1,03087E-04;6,18757E-06;6,94842E-05;0,00000E+00;0,00000E+00;2,17398E-04;6,94139E-05;0,00000E+00;0,00000E+00;1,23146E-04;0,00000E+00;0,00000E+00;1,99918E-04;0,00000E+00;1,28831E-04;0,00000E+00;1,26778E-04
414;4,13213E-04;1,65605E-03;3,13041E-03;5,06144E-03;7,21286E-03;8,07958E-03;9,74586E-03;1,24006E-02;1,23232E-02;1,59336E-02;1,75163E-02;1,87642E-02;2,07254E-02;2,08138E-02;2,91087E-02;2,68974E-02;2,94353E-02;3,16448E-02;3,94959E-02;3,75267E-02;0,00000E+00;6,83403E-05;0,00000E+00;0,00000E+00;0,00000E+00;8,21353E-04;9,12614E-05;0,00000E+00;3,71754E-04;0,00000E+00;0,00000E+00;0,00000E+00;0,00000E+00;3,21648E-05;1,95898E-05;7,01471E-06;0,00000E+00;0,00000E+00;0,00000E+00;0,00000E+00;0,00000E+00;0,00000E+00;5,44116E-05;0,00000E+00;0,00000E+00;0,00000E+00;0,00000E+00;0,00000E+00;5,62638E-05;4,18844E-05;0,00000E+00;0,00000E+00;1,34862E-04;0,00000E+00;0,00000E+00;1,61963E-04;0,00000E+00;0,00000E+00;0,00000E+00;7,62516E-05
415;5,51279E-04;1,86082E-03;4,16616E-03;5,19864E-03;7,58643E-03;9,46700E-03;1,18988E-02;1,41159E-02;1,50523E-02;1,89155E-02;2,04193E-02;2,15599E-02;2,38639E-02;2,90552E-02;3,36034E-02;3,47957E-02;3,55651E-02;4,07488E-02;4,17878E-02;4,45933E-02;0,00000E+00;0,00000E+00;0,00000E+00;0,00000E+00;0,00000E+00;0,00000E+00;1,15071E-03;0,00000E+00;1,44671E-04;3,28774E-04;0,00000E+00;3,28774E-04;0,00000E+00;2,15219E-04;2,20820E-04;2,26421E-04;2,32022E-04;2,37623E-04;2,43224E-04;2,48825E-04;0,00000E+00;0,00000E+00;1,84562E-05;0,00000E+00;0,00000E+00;0,00000E+00;0,00000E+00;0,00000E+00;1,21413E-04;1,30869E-05;0,00000E+00;0,00000E+00;2,08221E-04;0,00000E+00;0,00000E+00;0,00000E+00;0,00000E+00;0,00000E+00;0,00000E+00;1,37350E-04
416;5,79730E-04;2,70845E-03;4,58266E-03;6,63901E-03;9,57331E-03;1,19034E-02;1,45680E-02;1,74735E-02;1,67944E-02;2,15715E-02;2,32851E-02;2,79553E-02;3,23785E-02;3,57907E-02;3,87432E-02;3,98561E-02;4,41319E-02;4,00309E-02;4,38903E-02;5,40650E-02;2,59848E-04;0,00000E+00;0,00000E+00;0,00000E+00;0,00000E+00;0,00000E+00;4,37062E-05;4,10195E-04;8,20390E-04;1,24875E-05;0,00000E+00;1,24875E-05;0,00000E+00;1,43296E-04;1,47040E-04;1,50783E-04;1,54526E-04;1,58269E-04;1,62012E-04;1,65755E-04;0,00000E+00;0,00000E+00;0,00000E+00;0,00000E+00;0,00000E+00;0,00000E+00;0,00000E+00;0,00000E+00;3,77989E-06;0,00000E+00;0,00000E+00;0,00000E+00;9,45043E-05;0,00000E+00;0,00000E+00;0,00000E+00;4,59503E-04;1,65554E-04;0,00000E+00;5,21684E-06
417;6,20539E-04;2,92973E-03;5,64218E-03;7,37467E-03;1,12076E-02;1,43178E-02;1,51936E-02;1,94456E-02;2,14756E-02;2,64358E-02;2,76555E-02;3,25042E-02;3,45950E-02;3,83399E-02;4,26922E-02;5,17432E-02;5,09464E-02;5,10204E-02;5,32575E-02;5,63173E-02;2,75376E-05;0,00000E+00;0,00000E+00;0,00000E+00;5,29112E-04;0,00000E+00;0,00000E+00;0,00000E+00;1,05107E-04;0,00000E+00;1,56495E-03;0,00000E+00;2,60825E-03;1,38135E-03;1,52172E-03;1,66209E-03;1,80246E-03;1,94283E-03;2,08321E-03;2,22358E-03;0,00000E+00;3,41884E-05;0,00000E+00;5,95589E-05;1,02476E-04;1,60157E-05;4,14207E-05;0,00000E+00;0,00000E+00;0,00000E+00;0,00000E+00;0,00000E+00;0,00000E+00;0,00000E+00;8,49456E-06;5,77371E-05;1,19197E-04;1,41403E-05;0,00000E+00;0,00000E+00
418;8,25840E-04;3,41058E-03;6,50299E-03;9,24468E-03;1,22016E-02;1,60960E-02;1,93113E-02;2,17878E-02;2,73572E-02;2,97782E-02;3,40785E-02;3,75185E-02;4,29356E-02;4,37248E-02;4,87603E-02;5,32761E-02;5,78651E-02;6,01705E-02;6,91833E-02;7,17851E-02;0,00000E+00;0,00000E+00;0,00000E+00;0,00000E+00;2,74999E-04;0,00000E+00;1,35672E-03;5,27612E-04;3,93530E-04;0,00000E+00;0,00000E+00;1,05522E-03;7,53732E-04;7,33467E-04;7,83552E-04;8,33637E-04;8,83723E-04;9,33808E-04;9,83893E-04;1,03398E-03;0,00000E+00;0,00000E+00;0,00000E+00;0,00000E+00;2,10709E-04;5,99641E-05;0,00000E+00;0,00000E+00;0,00000E+00;7,50008E-05;0,00000E+00;0,00000E+00;0,00000E+00;0,00000E+00;3,18044E-05;2,16173E-04;1,72876E-05;5,29427E-05;0,00000E+00;9,44647E-05
419;8,89050E-04;4,18277E-03;7,32557E-03;1,10441E-02;1,44570E-02;1,80268E-02;2,07845E-02;2,67753E-02;3,00924E-02;3,47285E-02;4,09142E-02;4,39166E-02;4,75906E-02;5,28259E-02;5,78686E-02;6,11081E-02;6,75550E-02;7,34988E-02;7,82625E-02;8,39565E-02;1,81795E-05;2,57883E-04;1,24609E-04;0,00000E+00;0,00000E+00;0,00000E+00;1,83925E-03;6,25982E-04;0,00000E+00;1,14792E-04;0,00000E+00;1,71113E-03;1,69781E-03;1,28899E-03;1,39798E-03;1,50697E-03;1,61596E-03;1,72495E-03;1,83394E-03;1,94293E-03;0,00000E+00;7,52335E-06;0,00000E+00;5,11145E-05;1,09208E-04;6,99659E-05;0,00000E+00;8,51918E-05;1,91108E-04;1,92825E-04;0,00000E+00;0,00000E+00;2,42336E-05;0,00000E+00;9,74119E-05;0,00000E+00;0,00000E+00;0,00000E+00;0,00000E+00;1,92004E-04
420;1,17068E-03;4,75605E-03;8,40731E-03;1,25869E-02;1,65388E-02;2,18159E-02;2,44980E-02;3,25935E-02;3,74685E-02;4,18149E-02;4,57852E-02;5,19018E-02;5,94389E-02;6,47837E-02;7,10389E-02;7,19835E-02;8,08159E-02;8,92281E-02;8,85475E-02;9,59185E-02;5,59514E-05;1,84726E-04;5,24779E-05;0,00000E+00;0,00000E+00;0,00000E+00;1,01155E-03;3,04956E-04;1,52478E-03;4,83435E-05;0,00000E+00;1,93374E-04;3,38405E-04;4,34238E-04;4,51842E-04;4,69447E-04;4,87051E-04;5,04655E-04;5,22260E-04;5,39864E-04;0,00000E+00;3,16838E-06;0,00000E+00;2,15263E-05;0,00000E+00;2,94654E-05;0,00000E+00;3,58776E-05;8,04830E-05;1,95456E-04;0,00000E+00;0,00000E+00;1,02057E-05;0,00000E+00;1,51931E-04;0,00000E+00;0,00000E+00;0,00000E+00;0,00000E+00;3,36604E-05
421;1,21697E-03;5,24968E-03;1,01635E-02;1,44742E-02;1,98305E-02;2,55835E-02;3,05041E-02;3,67068E-02;4,16228E-02;4,58485E-02;5,26368E-02;6,12287E-02;6,80586E-02;6,95695E-02;8,44924E-02;8,73145E-02;9,83800E-02;9,37808E-02;1,09480E-01;1,11362E-01;2,74080E-06;8,10024E-04;0,00000E+00;0,00000E+00;5,97070E-04;0,00000E+00;1,00127E-03;2,07177E-04;8,65324E-05;0,00000E+00;0,00000E+00;0,00000E+00;5,69613E-04;2,25782E-04;2,26078E-04;2,26374E-04;2,26671E-04;2,26967E-04;2,27264E-04;2,27560E-04;0,00000E+00;0,00000E+00;5,32896E-05;0,00000E+00;8,58786E-06;0,00000E+00;0,00000E+00;0,00000E+00;0,00000E+00;8,61050E-06;0,00000E+00;0,00000E+00;0,00000E+00;0,00000E+00;7,53468E-05;0,00000E+00;5,00458E-05;0,00000E+00;0,00000E+00;2,90845E-04
422;1,59436E-03;6,09091E-03;1,14597E-02;1,71575E-02;2,47628E-02;2,83258E-02;3,48154E-02;4,15397E-02;4,98083E-02;5,58128E-02;6,44907E-02;6,60559E-02;7,87367E-02;8,18586E-02;8,90710E-02;9,85328E-02;1,09151E-01;1,16123E-01;1,23892E-01;1,32264E-01;2,46047E-04;9,79173E-05;0,00000E+00;2,18083E-04;0,00000E+00;1,66025E-04;0,00000E+00;4,98076E-04;2,40900E-04;0,00000E+00;0,00000E+00;2,26250E-04;1,66025E-04;1,74841E-04;1,80353E-04;1,85865E-04;1,91377E-04;1,96889E-04;2,02401E-04;2,07913E-04;0,00000E+00;3,94707E-06;7,20136E-05;0,00000E+00;1,57696E-04;0,00000E+00;1,27613E-04;4,06320E-05;0,00000E+00;0,00000E+00;0,00000E+00;0,00000E+00;0,00000E+00;0,00000E+00;1,24214E-04;0,00000E+00;0,00000E+00;1,34015E-04;2,05485E-04;6,93595E-05
423;1,81692E-03;7,15141E-03;1,36069E-02;2,00281E-02;2,66383E-02;3,53640E-02;4,13672E-02;4,93479E-02;5,78864E-02;6,48599E-02;7,08058E-02;8,07851E-02;9,03018E-02;1,01480E-01;1,08812E-01;1,14248E-01;1,29746E-01;1,35838E-01;1,46771E-01;1,57698E-01;2,59918E-04;6,30264E-05;0,00000E+00;8,95377E-05;0,00000E+00;0,00000E+00;0,00000E+00;0,00000E+00;1,35081E-03;0,00000E+00;0,00000E+00;2,52496E-04;4,08987E-04;3,95382E-04;4,25752E-04;4,56122E-04;4,86492E-04;5,16862E-04;5,47232E-04;5,77602E-04;0,00000E+00;2,77168E-05;1,56528E-05;1,40087E-05;0,00000E+00;5,53951E-05;3,75918E-05;1,70352E-04;0,00000E+00;6,16617E-05;2,46647E-05;0,00000E+00;1,43901E-05;0,00000E+00;5,00750E-04;0,00000E+00;0,00000E+00;1,83408E-05;0,00000E+00;0,00000E+00
424;1,99982E-03;8,54561E-03;1,59733E-02;2,37469E-02;3,13793E-02;3,94782E-02;4,97229E-02;5,77016E-02;6,62992E-02;7,53377E-02;8,46699E-02;9,19409E-02;1,05328E-01;1,16519E-01;1,27253E-01;1,33382E-01;1,43209E-01;1,55421E-01;1,67744E-01;1,78889E-01;8,33728E-05;7,88452E-05;0,00000E+00;1,14219E-04;0,00000E+00;2,10579E-04;0,00000E+00;5,26448E-04;4,34772E-04;0,00000E+00;0,00000E+00;2,10579E-04;5,21726E-04;3,41044E-04;3,64466E-04;3,87887E-04;4,11308E-04;4,34729E-04;4,58150E-04;4,81572E-04;0,00000E+00;1,42472E-05;1,99676E-05;1,78703E-05;1,28581E-04;1,82970E-04;0,00000E+00;0,00000E+00;1,27482E-04;7,86589E-05;3,14636E-05;0,00000E+00;2,94706E-05;0,00000E+00;1,89743E-04;0,00000E+00;1,38760E-04;2,33965E-05;0,00000E+00;1,75945E-04
425;2,28560E-03;9,78612E-03;1,82000E-02;2,78073E-02;3,63559E-02;4,55929E-02;5,61393E-02;6,62090E-02;7,60533E-02;8,74948E-02;9,92625E-02;1,09568E-01;1,20183E-01;1,38147E-01;1,45128E-01;1,59866E-01;1,67884E-01;1,80680E-01;1,96392E-01;2,05635E-01;3,84925E-05;3,64022E-05;0,00000E+00;0,00000E+00;0,00000E+00;9,72226E-05;0,00000E+00;1,80312E-03;0,00000E+00;9,92765E-04;0,00000E+00;9,72226E-05;0,00000E+00;3,44053E-04;3,54786E-04;3,65519E-04;3,76252E-04;3,86985E-04;3,97718E-04;4,08451E-04;0,00000E+00;3,02086E-05;0,00000E+00;0,00000E+00;1,49170E-04;5,18501E-05;0,00000E+00;0,00000E+00;8,03219E-05;2,05270E-04;0,00000E+00;1,28294E-05;2,01012E-05;0,00000E+00;1,71929E-05;7,19134E-05;6,40644E-05;0,00000E+00;0,00000E+00;3,57727E-04
426;2,73356E-03;1,09746E-02;2,08656E-02;3,21910E-02;4,18279E-02;5,20023E-02;6,41733E-02;7,62564E-02;8,43508E-02;1,02680E-01;1,15177E-01;1,27088E-01;1,40776E-01;1,54665E-01;1,66929E-01;1,85448E-01;1,99939E-01;2,07307E-01;2,29248E-01;2,35649E-01;0,00000E+00;0,00000E+00;0,00000E+00;0,00000E+00;0,00000E+00;0,00000E+00;0,00000E+00;1,21269E-04;0,00000E+00;7,90271E-04;7,13100E-04;0,00000E+00;0,00000E+00;3,44790E-04;3,74088E-04;4,03386E-04;4,32684E-04;4,61982E-04;4,91280E-04;5,20579E-04;0,00000E+00;2,86371E-05;1,36459E-05;2,44252E-05;8,76147E-05;1,62988E-04;0,00000E+00;0,00000E+00;1,66851E-06;1,59563E-05;0,00000E+00;9,97269E-07;1,16367E-06;0,00000E+00;1,33646E-06;2,31582E-04;0,00000E+00;0,00000E+00;7,35486E-05;7,11442E-05
427;3,17231E-03;1,30075E-02;2,39388E-02;3,50905E-02;4,91248E-02;6,16352E-02;7,33729E-02;8,86858E-02;1,00294E-01;1,17045E-01;1,28842E-01;1,42070E-01;1,58975E-01;1,81217E-01;1,94353E-01;2,04304E-01;2,29684E-01;2,38049E-01;2,53662E-01;2,77932E-01;5,12504E-05;4,03894E-05;0,00000E+00;3,54238E-04;0,00000E+00;0,00000E+00;0,00000E+00;1,61808E-04;0,00000E+00;0,00000E+00;0,00000E+00;0,00000E+00;1,31515E-03;4,61609E-04;5,05481E-04;5,49353E-04;5,93225E-04;6,37096E-04;6,80968E-04;7,24840E-04;0,00000E+00;0,00000E+00;4,54133E-05;3,75343E-05;4,62698E-05;0,00000E+00;1,24209E-05;0,00000E+00;1,31089E-04;5,85485E-05;1,17921E-05;0,00000E+00;0,00000E+00;0,00000E+00;0,00000E+00;3,30495E-05;1,71796E-05;0,00000E+00;0,00000E+00;6,89807E-05
428;3,65175E-03;1,49795E-02;2,76924E-02;4,10227E-02;5,55774E-02;7,05787E-02;8,50128E-02;1,01417E-01;1,17669E-01;1,30540E-01;1,48083E-01;1,65708E-01;1,80543E-01;2,04541E-01;2,15226E-01;2,37395E-01;2,58264E-01;2,75236E-01;3,00226E-01;3,14263E-01;0,00000E+00;0,00000E+00;6,75267E-05;0,00000E+00;0,00000E+00;5,59861E-04;0,00000E+00;1,86620E-04;4,35447E-04;0,00000E+00;0,00000E+00;0,00000E+00;8,61487E-04;3,68323E-04;3,94548E-04;4,20772E-04;4,46997E-04;4,73221E-04;4,99446E-04;5,25670E-04;0,00000E+00;2,34425E-05;0,00000E+00;4,63694E-05;6,17779E-05;0,00000E+00;5,86326E-05;0,00000E+00;2,42445E-04;1,68817E-05;5,56643E-05;0,00000E+00;0,00000E+00;0,00000E+00;0,00000E+00;1,56010E-04;8,10961E-05;2,42697E-04;0,00000E+00;3,25623E-04
429;4,18295E-03;1,69002E-02;3,19663E-02;4,78706E-02;6,31877E-02;7,86719E-02;9,81684E-02;1,15522E-01;1,35584E-01;1,51907E-01;1,69554E-01;1,91178E-01;2,08162E-01;2,28750E-01;2,49638E-01;2,74617E-01;2,84997E-01;3,11440E-01;3,38565E-01;3,53648E-01;0,00000E+00;0,00000E+00;9,30443E-05;0,00000E+00;0,00000E+00;1,55316E-03;0,00000E+00;3,54859E-04;6,97715E-04;0,00000E+00;0,00000E+00;9,77167E-04;0,00000E+00;3,84044E-04;3,91457E-04;3,98870E-04;4,06282E-04;4,13695E-04;4,21108E-04;4,28521E-04;0,00000E+00;3,23012E-05;4,98644E-05;1,00410E-05;9,18818E-05;0,00000E+00;0,00000E+00;0,00000E+00;3,89176E-05;2,32611E-05;0,00000E+00;0,00000E+00;8,25153E-05;0,00000E+00;2,36919E-05;0,00000E+00;0,00000E+00;4,39579E-04;0,00000E+00;0,00000E+00
430;4,81912E-03;1,98601E-02;3,61823E-02;5,42193E-02;7,36681E-02;9,29710E-02;1,12833E-01;1,32585E-01;1,51908E-01;1,73044E-01;1,92448E-01;2,18140E-01;2,39515E-01;2,60743E-01;2,87340E-01;3,05515E-01;3,30721E-01;3,51240E-01;3,80497E-01;3,99872E-01;8,42338E-05;0,00000E+00;4,81144E-05;0,00000E+00;0,00000E+00;2,52166E-03;1,32971E-04;4,92648E-05;4,92648E-05;0,00000E+00;0,00000E+00;1,42345E-03;0,00000E+00;4,13580E-04;4,17967E-04;4,22354E-04;4,26741E-04;4,31128E-04;4,35516E-04;4,39903E-04;0,00000E+00;0,00000E+00;2,51396E-05;2,78351E-05;1,11412E-05;4,72769E-05;0,00000E+00;0,00000E+00;0,00000E+00;2,16515E-04;0,00000E+00;1,44343E-04;5,56366E-05;0,00000E+00;2,37622E-04;1,17993E-04;0,00000E+00;5,30219E-05;0,00000E+00;0,00000E+00
431;5,35484E-03;2,22634E-02;4,15183E-02;6,18172E-02;8,26684E-02;1,05980E-01;1,29615E-01;1,53108E-01;1,71022E-01;1,99469E-01;2,19541E-01;2,44465E-01;2,71715E-01;2,99802E-01;3,09558E-01;3,45048E-01;3,63450E-01;3,98306E-01;4,29857E-01;4,47434E-01;2,74381E-04;0,00000E+00;4,81376E-06;0,00000E+00;0,00000E+00;1,22046E-03;1,33036E-05;6,71734E-04;0,00000E+00;0,00000E+00;0,00000E+00;1,43659E-03;0,00000E+00;4,91579E-04;5,19423E-04;5,47267E-04;5,75111E-04;6,02955E-04;6,30800E-04;6,58644E-04;0,00000E+00;2,20123E-05;0,00000E+00;2,27838E-06;0,00000E+00;3,03189E-05;0,00000E+00;0,00000E+00;7,62486E-05;5,20445E-05;0,00000E+00;1,44413E-05;1,40425E-06;0,00000E+00;1,44728E-04;3,30933E-05;2,87713E-04;0,00000E+00;4,61881E-05;0,00000E+00
432;6,07423E-03;2,53533E-02;4,71585E-02;7,04690E-02;9,35078E-02;1,19147E-01;1,44126E-01;1,67079E-01;1,96407E-01;2,20917E-01;2,50507E-01;2,79311E-01;3,07628E-01;3,30157E-01;3,63617E-01;3,93776E-01;4,21173E-01;4,41642E-01;4,87771E-01;5,15338E-01;1,75238E-04;0,00000E+00;0,00000E+00;0,00000E+00;0,00000E+00;0,00000E+00;0,00000E+00;0,00000E+00;0,00000E+00;1,57644E-03;1,71439E-03;1,58075E-04;3,16149E-04;9,18810E-04;1,00451E-03;1,09021E-03;1,17591E-03;1,26161E-03;1,34731E-03;1,43301E-03;0,00000E+00;4,02394E-05;1,37498E-05;0,00000E+00;8,05985E-06;9,63465E-05;0,00000E+00;0,00000E+00;0,00000E+00;0,00000E+00;1,61197E-05;0,00000E+00;0,00000E+00;0,00000E+00;3,12008E-04;0,00000E+00;2,08325E-04;9,04793E-05;0,00000E+00;2,48148E-05
433;6,96841E-03;2,85013E-02;5,27444E-02;7,96113E-02;1,07783E-01;1,32853E-01;1,62604E-01;1,92279E-01;2,22826E-01;2,53866E-01;2,86090E-01;3,14761E-01;3,51330E-01;3,78392E-01;4,12546E-01;4,47153E-01;4,72652E-01;5,08798E-01;5,49995E-01;5,78697E-01;0,00000E+00;5,77666E-05;0,00000E+00;0,00000E+00;0,00000E+00;0,00000E+00;0,00000E+00;0,00000E+00;5,20704E-04;1,71802E-03;7,36295E-04;0,00000E+00;4,04992E-04;7,22724E-04;7,84480E-04;8,46236E-04;9,07992E-04;9,69748E-04;1,03150E-03;1,09326E-03;0,00000E+00;3,61920E-05;3,13107E-05;1,98169E-06;1,01974E-04;0,00000E+00;0,00000E+00;0,00000E+00;0,00000E+00;0,00000E+00;1,51611E-04;0,00000E+00;0,00000E+00;9,68716E-05;2,97531E-05;0,00000E+00;0,00000E+00;2,95284E-04;0,00000E+00;1,36710E-04
434;7,90621E-03;3,27110E-02;5,98175E-02;8,98110E-02;1,19872E-01;1,51680E-01;1,81266E-01;2,15325E-01;2,49616E-01;2,87164E-01;3,22000E-01;3,54520E-01;3,88411E-01;4,22525E-01;4,66617E-01;5,06313E-01;5,39888E-01;5,79578E-01;6,14124E-01;6,46159E-01;0,00000E+00;8,64232E-05;0,00000E+00;0,00000E+00;3,40294E-04;0,00000E+00;0,00000E+00;0,00000E+00;1,24279E-03;0,00000E+00;2,78267E-04;1,02031E-03;6,98654E-04;8,02284E-04;8,73160E-04;9,44036E-04;1,01491E-03;1,08579E-03;1,15666E-03;1,22754E-03;0,00000E+00;0,00000E+00;1,41998E-05;6,33294E-05;9,45200E-05;0,00000E+00;0,00000E+00;0,00000E+00;0,00000E+00;0,00000E+00;1,19131E-04;5,03441E-05;0,00000E+00;2,38111E-04;0,00000E+00;0,00000E+00;0,00000E+00;8,40152E-05;0,00000E+00;3,87501E-05
435;8,91546E-03;3,67114E-02;6,76813E-02;1,00576E-01;1,34809E-01;1,71390E-01;2,05688E-01;2,40703E-01;2,78925E-01;3,19414E-01;3,58513E-01;3,92896E-01;4,31300E-01;4,76422E-01;5,21896E-01;5,66222E-01;5,95817E-01;6,47915E-01;6,85282E-01;7,27391E-01;0,00000E+00;9,54208E-05;0,00000E+00;0,00000E+00;1,87117E-04;2,54849E-04;0,00000E+00;0,00000E+00;2,55017E-04;1,27425E-04;1,53010E-04;6,88463E-04;1,07040E-03;7,01710E-04;7,69041E-04;8,36372E-04;9,03704E-04;9,71035E-04;1,03837E-03;1,10570E-03;0,00000E+00;1,04391E-05;7,80805E-06;3,31926E-05;4,61377E-06;0,00000E+00;0,00000E+00;0,00000E+00;0,00000E+00;0,00000E+00;3,68950E-05;2,76826E-05;2,69004E-05;5,12389E-05;0,00000E+00;0,00000E+00;0,00000E+00;2,05850E-05;0,00000E+00;1,45519E-04
436;9,93920E-03;4,11141E-02;7,54521E-02;1,13865E-01;1,49446E-01;1,90731E-01;2,26807E-01;2,68319E-01;3,18077E-01;3,53329E-01;3,95205E-01;4,43998E-01;4,83495E-01;5,31674E-01;5,78118E-01;6,14862E-01;6,80533E-01;7,18013E-01;7,66996E-01;8,15256E-01;0,00000E+00;1,18460E-05;0,00000E+00;0,00000E+00;0,00000E+00;6,79358E-04;0,00000E+00;1,13351E-03;0,00000E+00;8,25469E-04;2,10509E-03;1,58191E-05;1,26553E-04;8,50151E-04;9,10501E-04;9,70850E-04;1,03120E-03;1,09155E-03;1,15190E-03;1,21225E-03;0,00000E+00;1,29595E-06;0,00000E+00;0,00000E+00;1,83102E-04;7,40223E-05;0,00000E+00;0,00000E+00;0,00000E+00;0,00000E+00;2,86199E-06;0,00000E+00;2,25541E-04;0,00000E+00;0,00000E+00;0,00000E+00;0,00000E+00;0,00000E+00;0,00000E+00;8,30689E-05
437;1,12080E-02;4,48762E-02;8,34543E-02;1,26713E-01;1,67886E-01;2,16135E-01;2,55627E-01;3,00425E-01;3,48849E-01;3,93067E-01;4,47736E-01;4,90588E-01;5,41681E-01;5,96818E-01;6,42114E-01;6,92439E-01;7,51038E-01;7,93268E-01;8,34947E-01;9,07804E-01;0,00000E+00;0,00000E+00;2,06854E-05;6,67487E-05;8,96134E-04;0,00000E+00;0,00000E+00;0,00000E+00;0,00000E+00;2,17758E-03;3,15291E-04;0,00000E+00;0,00000E+00;3,95542E-04;4,07360E-04;4,19178E-04;4,30996E-04;4,42814E-04;4,54631E-04;4,66449E-04;0,00000E+00;0,00000E+00;4,02229E-06;0,00000E+00;0,00000E+00;0,00000E+00;1,87763E-05;0,00000E+00;0,00000E+00;0,00000E+00;0,00000E+00;5,70425E-05;0,00000E+00;0,00000E+00;1,14666E-04;0,00000E+00;2,13923E-04;1,06043E-04;0,00000E+00;0,00000E+00
438;1,23634E-02;5,13974E-02;9,50415E-02;1,43082E-01;1,89034E-01;2,40193E-01;2,86092E-01;3,41851E-01;3,89892E-01;4,49087E-01;5,01376E-01;5,50321E-01;6,13854E-01;6,74115E-01;7,14628E-01;7,82552E-01;8,41778E-01;9,06032E-01;9,58523E-01;1,01123E+00;9,37893E-05;1,07510E-04;1,33382E-04;4,30404E-04;4,50790E-04;0,00000E+00;0,00000E+00;4,84546E-04;1,07677E-04;1,84311E-03;0,00000E+00;6,46061E-04;0,00000E+00;4,79371E-04;4,95277E-04;5,11184E-04;5,27091E-04;5,42998E-04;5,58905E-04;5,74812E-04;0,00000E+00;1,41140E-05;5,49469E-06;0,00000E+00;3,40916E-05;0,00000E+00;3,84744E-05;2,90586E-05;0,00000E+00;0,00000E+00;4,87022E-06;0,00000E+00;3,97801E-05;3,60579E-05;0,00000E+00;6,82486E-06;3,07676E-04;0,00000E+00;0,00000E+00;1,12459E-04
439;1,40503E-02;5,74700E-02;1,07810E-01;1,60295E-01;2,12941E-01;2,67006E-01;3,22471E-01;3,86739E-01;4,40371E-01;5,03242E-01;5,62402E-01;6,20011E-01;6,88384E-01;7,51648E-01;8,09133E-01;8,81894E-01;9,42346E-01;1,01024E+00;1,07534E+00;1,13819E+00;1,53119E-04;3,74152E-04;0,00000E+00;0,00000E+00;0,00000E+00;0,00000E+00;0,00000E+00;7,91061E-04;5,29462E-04;9,72594E-04;0,00000E+00;1,05475E-03;0,00000E+00;6,42012E-04;6,92205E-04;7,42398E-04;7,92590E-04;8,42783E-04;8,92976E-04;9,43169E-04;0,00000E+00;3,17345E-05;8,97054E-06;4,54274E-05;5,56573E-05;1,79635E-05;6,28127E-05;8,91976E-05;0,00000E+00;0,00000E+00;1,35923E-04;8,79808E-05;1,58273E-04;5,88675E-05;2,46529E-04;1,11421E-05;0,00000E+00;4,75803E-05;7,29546E-05;2,69787E-04
440;1,58648E-02;6,45409E-02;1,21758E-01;1,80843E-01;2,41634E-01;3,03747E-01;3,69367E-01;4,32959E-01;4,98300E-01;5,69231E-01;6,38742E-01;7,02761E-01;7,73654E-01;8,48844E-01;9,16164E-01;9,89838E-01;1,06253E+00;1,12692E+00;1,20801E+00;1,27710E+00;0,00000E+00;3,32735E-04;0,00000E+00;5,36017E-05;0,00000E+00;0,00000E+00;0,00000E+00;6,12100E-04;2,11583E-04;8,26693E-04;0,00000E+00;0,00000E+00;1,22420E-04;2,59251E-04;2,73107E-04;2,86964E-04;3,00820E-04;3,14676E-04;3,28533E-04;3,42389E-04;0,00000E+00;5,20009E-06;0,00000E+00;2,71769E-05;0,00000E+00;7,91437E-05;0,00000E+00;2,49811E-05;0,00000E+00;2,10408E-04;7,65592E-05;5,26345E-05;5,58337E-05;0,00000E+00;2,21689E-04;1,24149E-04;3,22672E-05;2,84649E-05;4,36450E-05;5,15620E-05
441;1,80573E-02;7,40746E-02;1,39050E-01;2,07214E-01;2,74828E-01;3,47911E-01;4,19618E-01;4,98840E-01;5,69149E-01;6,44074E-01;7,19946E-01;7,96058E-01;8,71159E-01;9,62725E-01;1,04092E+00;1,13078E+00;1,19631E+00;1,29568E+00;1,37398E+00;1,45322E+00;0,00000E+00;1,10500E-04;0,00000E+00;2,82936E-04;0,00000E+00;0,00000E+00;0,00000E+00;9,19915E-05;0,00000E+00;1,93745E-04;0,00000E+00;0,00000E+00;1,83983E-05;1,41484E-05;8,31812E-06;2,48787E-06;0,00000E+00;0,00000E+00;0,00000E+00;0,00000E+00;0,00000E+00;1,02862E-05;1,20135E-05;4,30067E-05;4,96916E-05;1,02793E-05;0,00000E+00;8,47112E-05;0,00000E+00;3,16219E-05;0,00000E+00;0,00000E+00;0,00000E+00;0,00000E+00;1,11519E-05;1,86582E-05;6,69018E-05;0,00000E+00;0,00000E+00;8,74236E-05
442;2,07920E-02;8,41693E-02;1,57739E-01;2,35162E-01;3,12187E-01;3,93775E-01;4,73902E-01;5,62171E-01;6,42239E-01;7,33778E-01;8,18999E-01;9,10950E-01;9,99801E-01;1,09970E+00;1,19322E+00;1,28972E+00;1,36924E+00;1,45523E+00;1,54025E+00;1,64532E+00;7,49826E-05;3,15158E-04;0,00000E+00;0,00000E+00;3,30862E-04;0,00000E+00;0,00000E+00;4,78905E-05;2,55416E-04;4,78905E-05;0,00000E+00;9,48751E-04;0,00000E+00;3,28938E-04;3,55796E-04;3,82654E-04;4,09513E-04;4,36371E-04;4,63229E-04;4,90087E-04;0,00000E+00;1,10468E-04;0,00000E+00;7,10820E-06;1,14213E-04;1,05406E-05;5,63924E-05;0,00000E+00;0,00000E+00;0,00000E+00;0,00000E+00;9,99367E-05;0,00000E+00;0,00000E+00;0,00000E+00;0,00000E+00;1,87194E-04;4,29524E-06;0,00000E+00;4,64306E-05
443;2,38338E-02;9,60923E-02;1,81461E-01;2,70513E-01;3,59334E-01;4,51960E-01;5,47080E-01;6,40236E-01;7,35849E-01;8,38137E-01;9,36751E-01;1,03720E+00;1,14411E+00;1,26070E+00;1,35625E+00;1,43998E+00;1,55600E+00;1,66650E+00;1,76817E+00;1,87559E+00;0,00000E+00;3,74102E-05;0,00000E+00;0,00000E+00;0,00000E+00;0,00000E+00;3,99660E-04;9,68873E-04;2,56953E-03;3,69383E-04;5,49533E-04;1,23128E-03;1,49873E-04;1,08387E-03;1,16069E-03;1,23751E-03;1,31432E-03;1,39114E-03;1,46796E-03;1,54478E-03;0,00000E+00;4,00258E-05;0,00000E+00;5,48261E-05;0,00000E+00;8,63751E-05;0,00000E+00;0,00000E+00;3,78045E-05;0,00000E+00;0,00000E+00;0,00000E+00;2,63661E-05;0,00000E+00;0,00000E+00;6,33290E-06;2,63354E-05;3,31295E-05;0,00000E+00;1,95564E-04
444;2,72492E-02;1,11297E-01;2,06657E-01;3,07902E-01;4,15155E-01;5,14501E-01;6,25680E-01;7,32687E-01;8,41819E-01;9,55159E-01;1,07329E+00;1,18511E+00;1,29043E+00;1,43019E+00;1,53475E+00;1,65168E+00;1,76275E+00;1,88657E+00;2,00605E+00;2,10015E+00;0,00000E+00;2,75429E-04;0,00000E+00;0,00000E+00;0,00000E+00;1,67432E-04;1,96577E-03;1,06505E-03;1,39992E-03;0,00000E+00;9,76297E-04;0,00000E+00;2,66263E-04;6,79624E-04;7,01720E-04;7,23817E-04;7,45913E-04;7,68010E-04;7,90106E-04;8,12202E-04;0,00000E+00;1,01795E-05;0,00000E+00;0,00000E+00;0,00000E+00;9,01596E-06;0,00000E+00;0,00000E+00;6,71634E-05;0,00000E+00;3,02918E-05;0,00000E+00;9,98614E-05;0,00000E+00;0,00000E+00;1,12510E-05;1,68149E-04;5,63128E-05;6,90752E-05;1,23595E-05
445;3,11347E-02;1,27367E-01;2,35084E-01;3,50159E-01;4,73135E-01;5,85030E-01;7,07203E-01;8,27717E-01;9,51202E-01;1,08147E+00;1,20919E+00;1,33031E+00;1,45844E+00;1,60889E+00;1,71876E+00;1,85614E+00;1,97302E+00;2,11596E+00;2,23201E+00;2,34376E+00;7,41047E-05;1,36059E-04;4,23286E-05;0,00000E+00;0,00000E+00;8,10905E-04;8,17617E-04;0,00000E+00;3,35013E-04;0,00000E+00;0,00000E+00;1,63774E-03;0,00000E+00;5,72252E-04;6,08079E-04;6,43905E-04;6,79732E-04;7,15559E-04;7,51385E-04;7,87212E-04;0,00000E+00;1,53337E-05;0,00000E+00;4,00687E-06;0,00000E+00;0,00000E+00;0,00000E+00;0,00000E+00;0,00000E+00;0,00000E+00;1,97231E-05;0,00000E+00;3,45212E-05;0,00000E+00;0,00000E+00;0,00000E+00;3,87357E-04;1,15355E-04;4,49751E-05;0,00000E+00
446;3,52277E-02;1,43516E-01;2,67933E-01;3,95731E-01;5,30508E-01;6,55770E-01;7,90067E-01;9,31849E-01;1,07298E+00;1,19567E+00;1,35405E+00;1,49032E+00;1,61856E+00;1,78230E+00;1,93704E+00;2,05825E+00;2,21016E+00;2,35459E+00;2,47065E+00;2,62273E+00;4,16692E-04;2,24523E-04;7,47410E-06;0,00000E+00;0,00000E+00;1,92290E-03;0,00000E+00;0,00000E+00;3,20483E-04;0,00000E+00;0,00000E+00;2,89181E-04;0,00000E+00;9,21245E-05;7,14939E-05;5,08632E-05;3,02325E-05;9,60189E-06;0,00000E+00;0,00000E+00;0,00000E+00;1,49890E-05;0,00000E+00;2,63819E-05;0,00000E+00;1,06601E-04;0,00000E+00;0,00000E+00;0,00000E+00;0,00000E+00;0,00000E+00;0,00000E+00;1,74064E-04;0,00000E+00;0,00000E+00;3,80078E-05;5,44442E-05;1,38944E-05;0,00000E+00;0,00000E+00
447;3,95680E-02;1,61689E-01;2,98804E-01;4,39625E-01;5,86737E-01;7,33992E-01;8,83369E-01;1,02595E+00;1,18513E+00;1,33305E+00;1,48936E+00;1,63407E+00;1,80958E+00;1,93640E+00;2,10931E+00;2,25479E+00;2,42272E+00;2,55763E+00;2,73703E+00;2,85014E+00;1,05628E-04;3,92149E-04;2,27384E-04;2,25169E-05;1,48208E-03;0,00000E+00;1,02852E-04;1,49106E-03;0,00000E+00;7,71389E-05;0,00000E+00;0,00000E+00;0,00000E+00;0,00000E+00;0,00000E+00;0,00000E+00;0,00000E+00;0,00000E+00;0,00000E+00;0,00000E+00;0,00000E+00;9,82873E-06;0,00000E+00;1,00286E-04;0,00000E+00;7,97950E-06;5,61349E-05;0,00000E+00;2,02104E-04;5,68459E-05;1,42115E-05;3,65639E-05;0,00000E+00;0,00000E+00;0,00000E+00;0,00000E+00;6,34352E-05;0,00000E+00;0,00000E+00;0,00000E+00
448;4,34897E-02;1,74721E-01;3,24455E-01;4,79345E-01;6,31095E-01;7,93080E-01;9,48519E-01;1,11087E+00;1,27261E+00;1,43598E+00;1,59726E+00;1,75469E+00;1,91799E+00;2,11831E+00;2,24394E+00;2,40662E+00;2,58234E+00;2,71371E+00;2,91078E+00;3,05322E+00;7,97577E-05;7,98967E-05;0,00000E+00;2,13930E-04;0,00000E+00;0,00000E+00;1,16009E-03;7,32888E-04;2,28630E-04;7,32888E-04;0,00000E+00;0,00000E+00;5,94437E-04;4,43951E-04;4,60445E-04;4,76940E-04;4,93434E-04;5,09929E-04;5,26423E-04;5,42918E-04;0,00000E+00;3,12517E-05;7,00011E-06;8,52429E-05;0,00000E+00;0,00000E+00;0,00000E+00;6,78700E-05;0,00000E+00;0,00000E+00;0,00000E+00;8,56192E-05;0,00000E+00;0,00000E+00;0,00000E+00;0,00000E+00;2,09271E-04;0,00000E+00;0,00000E+00;0,00000E+00
449;4,67227E-02;1,86466E-01;3,45453E-01;5,12082E-01;6,72836E-01;8,37594E-01;1,00396E+00;1,17677E+00;1,34472E+00;1,50968E+00;1,67727E+00;1,84627E+00;2,01866E+00;2,21346E+00;2,36110E+00;2,53679E+00;2,69827E+00;2,85675E+00;3,04686E+00;3,19957E+00;4,20678E-05;1,54713E-04;0,00000E+00;0,00000E+00;0,00000E+00;7,82422E-05;6,67146E-04;0,00000E+00;1,77284E-03;7,04180E-04;5,47696E-04;4,69453E-04;1,22932E-03;1,12849E-03;1,22234E-03;1,31618E-03;1,41003E-03;1,50388E-03;1,59772E-03;1,69157E-03;0,00000E+00;2,17616E-05;1,35551E-05;8,34318E-05;3,53890E-05;7,94811E-06;0,00000E+00;1,57818E-04;0,00000E+00;0,00000E+00;0,00000E+00;1,60194E-05;0,00000E+00;0,00000E+00;0,00000E+00;0,00000E+00;0,00000E+00;1,47366E-04;0,00000E+00;3,26868E-05
450;4,87977E-02;1,94357E-01;3,59085E-01;5,27996E-01;6,97678E-01;8,63577E-01;1,03919E+00;1,21484E+00;1,38551E+00;1,55704E+00;1,72802E+00;1,89531E+00;2,07099E+00;2,25686E+00;2,41794E+00;2,58420E+00;2,75588E+00;2,90011E+00;3,07337E+00;3,25266E+00;0,00000E+00;3,02935E-04;3,99213E-04;0,00000E+00;6,93881E-04;5,53684E-05;2,21474E-04;0,00000E+00;2,92718E-03;6,08644E-04;3,87579E-04;3,32210E-04;5,53684E-05;6,01848E-04;6,14542E-04;6,27237E-04;6,39932E-04;6,52626E-04;6,65321E-04;6,78016E-04;0,00000E+00;5,42311E-05;0,00000E+00;9,09056E-05;2,50431E-05;2,24358E-05;0,00000E+00;1,86777E-05;2,50468E-05;0,00000E+00;0,00000E+00;1,99607E-05;0,00000E+00;0,00000E+00;1,20374E-04;0,00000E+00;0,00000E+00;1,78498E-04;0,00000E+00;1,76769E-04
451;4,94531E-02;1,97632E-01;3,60315E-01;5,31342E-01;7,00490E-01;8,67058E-01;1,04969E+00;1,21049E+00;1,37632E+00;1,54703E+00;1,72710E+00;1,89797E+00;2,06134E+00;2,23825E+00;2,41026E+00;2,56696E+00;2,75911E+00;2,89018E+00;3,03893E+00;3,22899E+00;0,00000E+00;6,18661E-05;5,42071E-04;4,95368E-04;1,41706E-04;0,00000E+00;0,00000E+00;0,00000E+00;4,05568E-04;1,43673E-03;0,00000E+00;0,00000E+00;0,00000E+00;1,43179E-04;1,23632E-04;1,04085E-04;8,45376E-05;6,49906E-05;4,54436E-05;2,58966E-05;0,00000E+00;1,10752E-05;0,00000E+00;1,17897E-05;0,00000E+00;3,43325E-06;0,00000E+00;0,00000E+00;5,11512E-06;0,00000E+00;0,00000E+00;5,52479E-05;2,53768E-04;0,00000E+00;2,45830E-05;0,00000E+00;1,86376E-05;1,51562E-05;0,00000E+00;3,13763E-05
452;4,94872E-02;1,93987E-01;3,55065E-01;5,23611E-01;6,87390E-01;8,50100E-01;1,01239E+00;1,18160E+00;1,33178E+00;1,50217E+00;1,66487E+00;1,82956E+00;1,98778E+00;2,17210E+00;2,32399E+00;2,47813E+00;2,66285E+00;2,79337E+00;2,93934E+00;3,09163E+00;1,21333E-04;1,55729E-04;5,89392E-05;0,00000E+00;0,00000E+00;1,22583E-03;6,76096E-05;1,22583E-03;1,37906E-03;0,00000E+00;0,00000E+00;0,00000E+00;3,06458E-04;3,50118E-04;3,44545E-04;3,38971E-04;3,33398E-04;3,27824E-04;3,22251E-04;3,16678E-04;0,00000E+00;1,56967E-05;0,00000E+00;1,27330E-04;7,45478E-05;0,00000E+00;0,00000E+00;0,00000E+00;1,28280E-04;6,85500E-05;0,00000E+00;2,61732E-04;1,45566E-04;0,00000E+00;3,94929E-05;0,00000E+00;2,62521E-04;0,00000E+00;1,68575E-04;0,00000E+00
453;4,69335E-02;1,85703E-01;3,42079E-01;4,95873E-01;6,54184E-01;8,02163E-01;9,56719E-01;1,11491E+00;1,27196E+00;1,41421E+00;1,57581E+00;1,71669E+00;1,87698E+00;2,03209E+00;2,18296E+00;2,34478E+00;2,49239E+00;2,61968E+00;2,76765E+00;2,89733E+00;2,61904E-05;5,30469E-04;4,34734E-05;0,00000E+00;0,00000E+00;0,00000E+00;8,41017E-04;8,26882E-05;0,00000E+00;0,00000E+00;0,00000E+00;0,00000E+00;2,89409E-04;1,30802E-04;1,33265E-04;1,35727E-04;1,38190E-04;1,40652E-04;1,43115E-04;1,45578E-04;0,00000E+00;7,87419E-06;1,05488E-05;8,23048E-05;6,52101E-05;4,19987E-06;0,00000E+00;0,00000E+00;9,09180E-06;1,63025E-04;5,23598E-05;1,52157E-04;0,00000E+00;0,00000E+00;7,42382E-05;3,14461E-05;0,00000E+00;0,00000E+00;0,00000E+00;0,00000E+00
454;4,38425E-02;1,73396E-01;3,16277E-01;4,59701E-01;6,02422E-01;7,39287E-01;8,83482E-01;1,02320E+00;1,15921E+00;1,30666E+00;1,44907E+00;1,58406E+00;1,71337E+00;1,87263E+00;2,00443E+00;2,13134E+00;2,27609E+00;2,39934E+00;2,54219E+00;2,66501E+00;5,55637E-05;2,24916E-04;7,87685E-05;0,00000E+00;0,00000E+00;1,45126E-04;0,00000E+00;6,83366E-04;5,07940E-04;0,00000E+00;2,17689E-04;0,00000E+00;1,12193E-03;5,80171E-04;6,29186E-04;6,78200E-04;7,27214E-04;7,76229E-04;8,25243E-04;8,74257E-04;0,00000E+00;0,00000E+00;2,23797E-05;3,97670E-05;0,00000E+00;8,91016E-06;2,16065E-05;4,89562E-06;0,00000E+00;0,00000E+00;1,11083E-04;0,00000E+00;0,00000E+00;0,00000E+00;9,56989E-05;6,67139E-05;0,00000E+00;0,00000E+00;0,00000E+00;0,00000E+00
455;3,96502E-02;1,56179E-01;2,84377E-01;4,12792E-01;5,39972E-01;6,64998E-01;7,95154E-01;9,26597E-01;1,04423E+00;1,17375E+00;1,30274E+00;1,42885E+00;1,54466E+00;1,68644E+00;1,80249E+00;1,91802E+00;2,04396E+00;2,16115E+00;2,27067E+00;2,41553E+00;3,42524E-04;2,15883E-04;6,03434E-05;0,00000E+00;0,00000E+00;1,11179E-04;0,00000E+00;9,04085E-04;3,89125E-04;0,00000E+00;1,66768E-04;6,17952E-04;4,92117E-04;5,37077E-04;5,79864E-04;6,22652E-04;6,65440E-04;7,08227E-04;7,51015E-04;7,93802E-04;0,00000E+00;0,00000E+00;0,00000E+00;3,39926E-05;0,00000E+00;0,00000E+00;2,88192E-05;3,75046E-06;0,00000E+00;0,00000E+00;0,00000E+00;0,00000E+00;0,00000E+00;0,00000E+00;0,00000E+00;3,91676E-05;0,00000E+00;0,00000E+00;0,00000E+00;0,00000E+00
456;3,53712E-02;1,37965E-01;2,51565E-01;3,66305E-01;4,79372E-01;5,88661E-01;7,02063E-01;8,13145E-01;9,29287E-01;1,03658E+00;1,15310E+00;1,25597E+00;1,36168E+00;1,48967E+00;1,59388E+00;1,69685E+00;1,79952E+00;1,90866E+00;2,00991E+00;2,11930E+00;8,01635E-05;1,80500E-05;0,00000E+00;0,00000E+00;0,00000E+00;0,00000E+00;5,30391E-04;6,50910E-04;0,00000E+00;0,00000E+00;0,00000E+00;1,73580E-03;2,41040E-05;6,37436E-04;6,92444E-04;7,47452E-04;8,02460E-04;8,57468E-04;9,12476E-04;9,67484E-04;0,00000E+00;0,00000E+00;0,00000E+00;1,64329E-04;0,00000E+00;3,36743E-05;2,87090E-06;0,00000E+00;0,00000E+00;0,00000E+00;0,00000E+00;0,00000E+00;1,53959E-04;0,00000E+00;1,60745E-05;9,16667E-06;1,92224E-04;0,00000E+00;0,00000E+00;3,69297E-04
457;3,15241E-02;1,23975E-01;2,20303E-01;3,26091E-01;4,20274E-01;5,17033E-01;6,19297E-01;7,14494E-01;8,18230E-01;9,10596E-01;1,01911E+00;1,11207E+00;1,20633E+00;1,29993E+00;1,39932E+00;1,50049E+00;1,61036E+00;1,68763E+00;1,79121E+00;1,88056E+00;0,00000E+00;4,22321E-04;5,92870E-04;0,00000E+00;2,44948E-05;1,33533E-05;4,46860E-04;1,34058E-03;0,00000E+00;2,68116E-03;0,00000E+00;1,69858E-03;7,98180E-04;1,33577E-03;1,43168E-03;1,52759E-03;1,62350E-03;1,71941E-03;1,81532E-03;1,91123E-03;0,00000E+00;7,65766E-07;2,05357E-05;6,86071E-07;1,34743E-05;0,00000E+00;0,00000E+00;3,15319E-06;2,36708E-04;0,00000E+00;0,00000E+00;7,24765E-06;0,00000E+00;0,00000E+00;2,80571E-04;2,69428E-04;7,48595E-04;0,00000E+00;0,00000E+00;4,14849E-05
458;2,75921E-02;1,08344E-01;1,96275E-01;2,84896E-01;3,71999E-01;4,60765E-01;5,50364E-01;6,36123E-01;7,23028E-01;8,17322E-01;8,98753E-01;9,79908E-01;1,06429E+00;1,14788E+00;1,25014E+00;1,32792E+00;1,41307E+00;1,48428E+00;1,58510E+00;1,66673E+00;2,33982E-05;2,98589E-04;0,00000E+00;0,00000E+00;5,46146E-04;5,29903E-04;0,00000E+00;0,00000E+00;0,00000E+00;4,06300E-04;0,00000E+00;1,05486E-03;1,04846E-03;7,55817E-04;8,19714E-04;8,83610E-04;9,47506E-04;1,01140E-03;1,07530E-03;1,13919E-03;0,00000E+00;1,88895E-05;2,69144E-05;2,21649E-05;0,00000E+00;0,00000E+00;0,00000E+00;5,53530E-05;3,35412E-05;0,00000E+00;0,00000E+00;1,27230E-04;0,00000E+00;0,00000E+00;1,70503E-04;1,31287E-04;9,01497E-05;0,00000E+00;0,00000E+00;7,71535E-05
459;2,44999E-02;9,61642E-02;1,75260E-01;2,54267E-01;3,34108E-01;4,13808E-01;4,92413E-01;5,68517E-01;6,48840E-01;7,28051E-01;8,11787E-01;8,81956E-01;9,64870E-01;1,04315E+00;1,11239E+00;1,18631E+00;1,27736E+00;1,34872E+00;1,42525E+00;1,50394E+00;1,07502E-04;1,50694E-04;1,20794E-04;0,00000E+00;2,71205E-04;6,89954E-04;0,00000E+00;0,00000E+00;0,00000E+00;9,48687E-04;0,00000E+00;0,00000E+00;2,58733E-04;2,09503E-04;2,09708E-04;2,09913E-04;2,10118E-04;2,10323E-04;2,10528E-04;2,10733E-04;0,00000E+00;1,27178E-05;0,00000E+00;3,04931E-05;0,00000E+00;0,00000E+00;0,00000E+00;9,00907E-05;1,18736E-04;0,00000E+00;0,00000E+00;0,00000E+00;0,00000E+00;0,00000E+00;1,61878E-05;9,83953E-05;1,99084E-04;1,97610E-04;2,01996E-04;2,63827E-04
460;2,19668E-02;8,68453E-02;1,56387E-01;2,28570E-01;2,99313E-01;3,70811E-01;4,45343E-01;5,08559E-01;5,86098E-01;6,57129E-01;7,28412E-01;7,97349E-01;8,72317E-01;9,57335E-01;1,00946E+00;1,07907E+00;1,16014E+00;1,22690E+00;1,28751E+00;1,37223E+00;4,38549E-05;0,00000E+00;1,00200E-04;4,18402E-05;0,00000E+00;1,91116E-04;0,00000E+00;0,00000E+00;0,00000E+00;7,64465E-04;0,00000E+00;0,00000E+00;3,82232E-04;2,51516E-04;2,68905E-04;2,86295E-04;3,03684E-04;3,21074E-04;3,38463E-04;3,55853E-04;0,00000E+00;9,39415E-06;0,00000E+00;5,69100E-06;2,59325E-05;4,85356E-05;0,00000E+00;8,11782E-05;6,96844E-05;1,21019E-04;0,00000E+00;6,91535E-05;0,00000E+00;0,00000E+00;5,97651E-05;0,00000E+00;8,02881E-05;2,92477E-04;1,67558E-04;6,94116E-05
461;2,01432E-02;7,98060E-02;1,44898E-01;2,09613E-01;2,76909E-01;3,43980E-01;4,07391E-01;4,74710E-01;5,38633E-01;6,06120E-01;6,70500E-01;7,36843E-01;8,02753E-01;8,78553E-01;9,29867E-01;9,89905E-01;1,07279E+00;1,13142E+00;1,19481E+00;1,27011E+00;0,00000E+00;0,00000E+00;2,25133E-04;6,56596E-05;0,00000E+00;5,10418E-05;9,95503E-04;1,61769E-03;0,00000E+00;2,04167E-04;0,00000E+00;0,00000E+00;1,02084E-04;1,80170E-04;1,62881E-04;1,45591E-04;1,28302E-04;1,11013E-04;9,37232E-05;7,64339E-05;0,00000E+00;1,27033E-05;0,00000E+00;0,00000E+00;6,92586E-06;1,29625E-05;0,00000E+00;2,69082E-05;9,65627E-06;1,56144E-04;0,00000E+00;1,87319E-04;0,00000E+00;0,00000E+00;1,23753E-05;3,62812E-04;0,00000E+00;1,18039E-04;0,00000E+00;1,38629E-04
462;1,89199E-02;7,37624E-02;1,34451E-01;1,95449E-01;2,60204E-01;3,21205E-01;3,81446E-01;4,42712E-01;5,00965E-01;5,66374E-01;6,31061E-01;6,87674E-01;7,50074E-01;8,19988E-01;8,77021E-01;9,31381E-01;9,96447E-01;1,04399E+00;1,12603E+00;1,19211E+00;0,00000E+00;9,86487E-07;0,00000E+00;0,00000E+00;3,81757E-04;3,95206E-06;0,00000E+00;1,44890E-03;1,48842E-03;3,16165E-05;1,97603E-05;0,00000E+00;2,89780E-04;3,93220E-04;4,02156E-04;4,11092E-04;4,20027E-04;4,28963E-04;4,37899E-04;4,46835E-04;0,00000E+00;4,53273E-07;0,00000E+00;2,57196E-06;3,96778E-05;0,00000E+00;0,00000E+00;0,00000E+00;0,00000E+00;0,00000E+00;5,60021E-05;1,07251E-06;0,00000E+00;0,00000E+00;0,00000E+00;1,46937E-04;2,08335E-06;0,00000E+00;0,00000E+00;1,21060E-04
463;1,75901E-02;6,96808E-02;1,27262E-01;1,87032E-01;2,43100E-01;3,01362E-01;3,57650E-01;4,18065E-01;4,73507E-01;5,34483E-01;5,89333E-01;6,56967E-01;7,08560E-01;7,73978E-01;8,27088E-01;8,82809E-01;9,43278E-01;1,00573E+00;1,05688E+00;1,12333E+00;2,08725E-05;2,86081E-05;7,15343E-05;0,00000E+00;6,00671E-05;1,47559E-04;0,00000E+00;0,00000E+00;1,14610E-03;9,16877E-04;5,73048E-04;0,00000E+00;1,97696E-04;5,18933E-04;5,54006E-04;5,89078E-04;6,24151E-04;6,59224E-04;6,94296E-04;7,29369E-04;0,00000E+00;1,31449E-05;0,00000E+00;7,45869E-05;1,03676E-05;1,67355E-05;0,00000E+00;4,44600E-06;3,74008E-05;0,00000E+00;1,03676E-04;3,11027E-05;0,00000E+00;1,10338E-05;0,00000E+00;0,00000E+00;6,04171E-05;0,00000E+00;0,00000E+00;2,29418E-05
464;1,65681E-02;6,57784E-02;1,19566E-01;1,75610E-01;2,30874E-01;2,84636E-01;3,38557E-01;3,98237E-01;4,51949E-01;5,06028E-01;5,59511E-01;6,18691E-01;6,72688E-01;7,28901E-01;7,80856E-01;8,27075E-01;8,90270E-01;9,44219E-01;1,00072E+00;1,05537E+00;5,37649E-05;1,07409E-04;1,84263E-04;0,00000E+00;6,44348E-05;7,61061E-04;0,00000E+00;0,00000E+00;0,00000E+00;6,14716E-05;0,00000E+00;0,00000E+00;5,70711E-04;1,72123E-04;1,75520E-04;1,78918E-04;1,82315E-04;1,85712E-04;1,89110E-04;1,92507E-04;0,00000E+00;3,42446E-05;2,03896E-05;0,00000E+00;0,00000E+00;9,30645E-05;0,00000E+00;3,63362E-05;1,84723E-04;7,22894E-05;0,00000E+00;1,11214E-04;0,00000E+00;2,84216E-05;0,00000E+00;3,11700E-05;2,43039E-05;0,00000E+00;0,00000E+00;2,55980E-04
465;1,57289E-02;6,23758E-02;1,12682E-01;1,64657E-01;2,17320E-01;2,68210E-01;3,19232E-01;3,73717E-01;4,24801E-01;4,76140E-01;5,26251E-01;5,83545E-01;6,26031E-01;6,80690E-01;7,35415E-01;7,91042E-01;8,30953E-01;8,87684E-01;9,44526E-01;9,92375E-01;0,00000E+00;1,19252E-04;0,00000E+00;0,00000E+00;2,45410E-04;1,59288E-03;0,00000E+00;7,14540E-04;0,00000E+00;5,54896E-05;0,00000E+00;0,00000E+00;5,54896E-05;3,44622E-05;3,58760E-06;0,00000E+00;0,00000E+00;0,00000E+00;0,00000E+00;0,00000E+00;0,00000E+00;6,01810E-05;1,84054E-05;0,00000E+00;0,00000E+00;4,50946E-05;2,65953E-05;5,25924E-05;7,97826E-05;6,52546E-05;0,00000E+00;1,97348E-04;0,00000E+00;0,00000E+00;0,00000E+00;1,07393E-04;5,72520E-05;3,60485E-05;0,00000E+00;3,02105E-04
466;1,49149E-02;5,85159E-02;1,06574E-01;1,55587E-01;2,04606E-01;2,55470E-01;2,99901E-01;3,49366E-01;3,96539E-01;4,46164E-01;4,89472E-01;5,47086E-01;5,89889E-01;6,37731E-01;6,91848E-01;7,40503E-01;7,77066E-01;8,31305E-01;8,72593E-01;9,14783E-01;0,00000E+00;9,41007E-05;0,00000E+00;1,02233E-04;3,00828E-04;2,94276E-04;8,17210E-04;1,03123E-03;0,00000E+00;0,00000E+00;0,00000E+00;0,00000E+00;0,00000E+00;6,29099E-05;3,78589E-05;1,28080E-05;0,00000E+00;0,00000E+00;0,00000E+00;0,00000E+00;0,00000E+00;5,65871E-05;0,00000E+00;7,19774E-05;0,00000E+00;0,00000E+00;7,96584E-06;9,02454E-06;4,41722E-05;0,00000E+00;1,05607E-05;2,90402E-05;0,00000E+00;0,00000E+00;1,41526E-05;2,37390E-05;1,95204E-04;1,07972E-05;4,01364E-04;3,72540E-05
467;1,41926E-02;5,53256E-02;1,00647E-01;1,44866E-01;1,92100E-01;2,34928E-01;2,81032E-01;3,27181E-01;3,70892E-01;4,17156E-01;4,57165E-01;5,06252E-01;5,52495E-01;5,91732E-01;6,40172E-01;6,80467E-01;7,19511E-01;7,68113E-01;8,15157E-01;8,51239E-01;0,00000E+00;0,00000E+00;0,00000E+00;0,00000E+00;0,00000E+00;0,00000E+00;0,00000E+00;1,27046E-03;0,00000E+00;0,00000E+00;1,17997E-05;1,41458E-03;0,00000E+00;5,60561E-04;6,07444E-04;6,54327E-04;7,01210E-04;7,48093E-04;7,94976E-04;8,41859E-04;0,00000E+00;2,36366E-05;5,76277E-05;0,00000E+00;1,91544E-05;5,01893E-05;3,51351E-07;0,00000E+00;1,08720E-04;5,33702E-07;1,49044E-05;1,40465E-04;0,00000E+00;0,00000E+00;1,07284E-06;2,80463E-06;2,72138E-06;2,27893E-04;0,00000E+00;0,00000E+00
468;1,28434E-02;5,10087E-02;9,20732E-02;1,34118E-01;1,78362E-01;2,16717E-01;2,61051E-01;2,99755E-01;3,41785E-01;3,82450E-01;4,19125E-01;4,61975E-01;4,97435E-01;5,44456E-01;5,88676E-01;6,21485E-01;6,67988E-01;7,12395E-01;7,43275E-01;7,91235E-01;7,43885E-05;0,00000E+00;3,18680E-05;0,00000E+00;0,00000E+00;2,34859E-04;0,00000E+00;0,00000E+00;2,05502E-04;0,00000E+00;8,99049E-04;2,54120E-04;0,00000E+00;3,45358E-04;3,74730E-04;4,04102E-04;4,33474E-04;4,62846E-04;4,92218E-04;5,21591E-04;0,00000E+00;3,86680E-05;0,00000E+00;0,00000E+00;2,52289E-05;0,00000E+00;2,67702E-05;0,00000E+00;1,49016E-04;4,06640E-05;1,62656E-04;0,00000E+00;0,00000E+00;0,00000E+00;8,88600E-05;2,13691E-04;2,38300E-04;3,15963E-05;0,00000E+00;4,08816E-06
469;1,16711E-02;4,61946E-02;8,46795E-02;1,22884E-01;1,60093E-01;1,97483E-01;2,34184E-01;2,71864E-01;3,13766E-01;3,47538E-01;3,88201E-01;4,21118E-01;4,57777E-01;4,88179E-01;5,33856E-01;5,67797E-01;5,95140E-01;6,41310E-01;6,69280E-01;7,08826E-01;2,11281E-04;2,82069E-05;9,05129E-05;0,00000E+00;0,00000E+00;6,67057E-04;0,00000E+00;0,00000E+00;5,83675E-04;6,21512E-04;0,00000E+00;8,33821E-05;0,00000E+00;1,81018E-04;1,80276E-04;1,79533E-04;1,78791E-04;1,78048E-04;1,77306E-04;1,76563E-04;0,00000E+00;4,62877E-06;0,00000E+00;0,00000E+00;7,16561E-05;0,00000E+00;0,00000E+00;7,24274E-05;5,53759E-05;0,00000E+00;1,02222E-05;2,55554E-05;0,00000E+00;0,00000E+00;2,02164E-05;0,00000E+00;1,69819E-04;8,97412E-05;0,00000E+00;1,16114E-05
470;1,05643E-02;4,17300E-02;7,65479E-02;1,11347E-01;1,44218E-01;1,79065E-01;2,09635E-01;2,47244E-01;2,80982E-01;3,15596E-01;3,48837E-01;3,83709E-01;4,14865E-01;4,45772E-01;4,84351E-01;5,13400E-01;5,46004E-01;5,84149E-01;6,05728E-01;6,50100E-01;3,98375E-05;5,92936E-04;0,00000E+00;0,00000E+00;0,00000E+00;0,00000E+00;0,00000E+00;0,00000E+00;5,03099E-04;6,13059E-04;0,00000E+00;0,00000E+00;0,00000E+00;1,71853E-04;1,82316E-04;1,92779E-04;2,03241E-04;2,13704E-04;2,24166E-04;2,34629E-04;0,00000E+00;4,56582E-06;0,00000E+00;0,00000E+00;5,30954E-05;8,51776E-06;0,00000E+00;1,22356E-04;4,21748E-05;0,00000E+00;1,00831E-05;7,07182E-05;0,00000E+00;0,00000E+00;1,52474E-04;0,00000E+00;2,90754E-04;0,00000E+00;0,00000E+00;0,00000E+00
471;9,75259E-03;3,80182E-02;6,89838E-02;9,95802E-02;1,31880E-01;1,60256E-01;1,93169E-01;2,22176E-01;2,53079E-01;2,84631E-01;3,13458E-01;3,44419E-01;3,71828E-01;4,08334E-01;4,36749E-01;4,63649E-01;4,91842E-01;5,25630E-01;5,47984E-01;5,81675E-01;1,33590E-05;6,04209E-04;4,00771E-04;0,00000E+00;0,00000E+00;0,00000E+00;0,00000E+00;3,32278E-04;1,68708E-04;0,00000E+00;0,00000E+00;1,32911E-03;0,00000E+00;4,10381E-04;4,41236E-04;4,72092E-04;5,02948E-04;5,33804E-04;5,64659E-04;5,95515E-04;0,00000E+00;0,00000E+00;0,00000E+00;2,27625E-05;1,12988E-04;1,04118E-04;0,00000E+00;1,70734E-05;1,59249E-04;0,00000E+00;5,00964E-05;1,52613E-05;1,16911E-05;0,00000E+00;6,45573E-05;0,00000E+00;7,04073E-05;2,98016E-05;0,00000E+00;0,00000E+00
472;8,62602E-03;3,42942E-02;6,12183E-02;9,06410E-02;1,16821E-01;1,46318E-01;1,71597E-01;2,00308E-01;2,32329E-01;2,55642E-01;2,83301E-01;3,11286E-01;3,36048E-01;3,68574E-01;3,88428E-01;4,22625E-01;4,52250E-01;4,77115E-01;5,04117E-01;5,23712E-01;0,00000E+00;2,92719E-06;2,82884E-06;0,00000E+00;0,00000E+00;0,00000E+00;0,00000E+00;2,77969E-04;0,00000E+00;6,89060E-04;0,00000E+00;9,74065E-04;0,00000E+00;4,58500E-04;5,00386E-04;5,42273E-04;5,84159E-04;6,26045E-04;6,67931E-04;7,09817E-04;0,00000E+00;0,00000E+00;0,00000E+00;1,79534E-04;4,43045E-05;1,61708E-04;0,00000E+00;0,00000E+00;1,12406E-06;0,00000E+00;2,12284E-04;3,98927E-04;8,25215E-08;0,00000E+00;9,47748E-08;0,00000E+00;0,00000E+00;2,78314E-04;0,00000E+00;1,91910E-04
473;7,81321E-03;3,08010E-02;5,62174E-02;8,13100E-02;1,05940E-01;1,30095E-01;1,54579E-01;1,81408E-01;2,07459E-01;2,31336E-01;2,52713E-01;2,77877E-01;3,00469E-01;3,24581E-01;3,54325E-01;3,78394E-01;4,02976E-01;4,20964E-01;4,52112E-01;4,81086E-01;8,83291E-05;0,00000E+00;4,03628E-05;0,00000E+00;8,18482E-04;0,00000E+00;0,00000E+00;5,57744E-04;0,00000E+00;1,00394E-03;7,80842E-04;0,00000E+00;0,00000E+00;3,70116E-04;3,81872E-04;3,93627E-04;4,05383E-04;4,17138E-04;4,28894E-04;4,40649E-04;0,00000E+00;1,65830E-05;2,56153E-05;0,00000E+00;1,37143E-04;5,09918E-05;0,00000E+00;9,52385E-05;2,79371E-05;0,00000E+00;2,38543E-06;0,00000E+00;1,17745E-05;0,00000E+00;0,00000E+00;0,00000E+00;3,20773E-05;0,00000E+00;1,53401E-05;1,86405E-04
474;7,01334E-03;2,74131E-02;5,06376E-02;7,30335E-02;9,64400E-02;1,17726E-01;1,42991E-01;1,63861E-01;1,85550E-01;2,08360E-01;2,31530E-01;2,52516E-01;2,77030E-01;2,99975E-01;3,22442E-01;3,40920E-01;3,65228E-01;3,81906E-01;4,20298E-01;4,36136E-01;0,00000E+00;0,00000E+00;0,00000E+00;0,00000E+00;5,58798E-05;1,06620E-04;0,00000E+00;0,00000E+00;0,00000E+00;0,00000E+00;0,00000E+00;0,00000E+00;3,73171E-04;1,33271E-04;1,45843E-04;1,58415E-04;1,70987E-04;1,83559E-04;1,96131E-04;2,08702E-04;0,00000E+00;1,79067E-05;1,63223E-05;7,30394E-06;3,10681E-05;5,68619E-05;0,00000E+00;5,04930E-05;8,90644E-05;0,00000E+00;7,60482E-06;0,00000E+00;3,37626E-05;0,00000E+00;0,00000E+00;6,75789E-05;5,53964E-05;0,00000E+00;0,00000E+00;0,00000E+00
475;6,41757E-03;2,54473E-02;4,61605E-02;6,76668E-02;8,77196E-02;1,07449E-01;1,29120E-01;1,50135E-01;1,70929E-01;1,91681E-01;2,13302E-01;2,30837E-01;2,55791E-01;2,74048E-01;2,98594E-01;3,11198E-01;3,37595E-01;3,52867E-01;3,78858E-01;3,97820E-01;2,02850E-04;0,00000E+00;5,79340E-05;0,00000E+00;3,53246E-04;1,13619E-04;0,00000E+00;0,00000E+00;0,00000E+00;0,00000E+00;3,20219E-04;0,00000E+00;3,97667E-04;1,99485E-04;2,12345E-04;2,25205E-04;2,38065E-04;2,50926E-04;2,63786E-04;2,76646E-04;0,00000E+00;2,62335E-06;1,73938E-05;7,78341E-06;1,28475E-05;6,05946E-05;0,00000E+00;1,14984E-05;0,00000E+00;7,24175E-06;0,00000E+00;0,00000E+00;1,28930E-04;0,00000E+00;0,00000E+00;1,83645E-04;0,00000E+00;0,00000E+00;0,00000E+00;0,00000E+00
476;5,93665E-03;2,34523E-02;4,24350E-02;6,21745E-02;8,17439E-02;1,00331E-01;1,18723E-01;1,39068E-01;1,58829E-01;1,80230E-01;1,96994E-01;2,17643E-01;2,33154E-01;2,52120E-01;2,72184E-01;2,92460E-01;3,15489E-01;3,24031E-01;3,51389E-01;3,69908E-01;7,52670E-05;0,00000E+00;2,14962E-05;0,00000E+00;1,08976E-04;8,51438E-04;0,00000E+00;0,00000E+00;0,00000E+00;0,00000E+00;1,18816E-04;0,00000E+00;7,45008E-04;2,81642E-04;2,98565E-04;3,15488E-04;3,32412E-04;3,49335E-04;3,66258E-04;3,83181E-04;0,00000E+00;6,20485E-06;1,90087E-05;3,64545E-05;2,40691E-05;0,00000E+00;0,00000E+00;0,00000E+00;1,28862E-04;2,68703E-06;0,00000E+00;4,81382E-05;3,44893E-05;0,00000E+00;0,00000E+00;4,14200E-05;1,26236E-04;0,00000E+00;0,00000E+00;0,00000E+00
477;5,51084E-03;2,19280E-02;4,03417E-02;5,73772E-02;7,68459E-02;9,26881E-02;1,11709E-01;1,30026E-01;1,50281E-01;1,68714E-01;1,84144E-01;2,07665E-01;2,20881E-01;2,36829E-01;2,58483E-01;2,79282E-01;2,99139E-01;3,13761E-01;3,28585E-01;3,45855E-01;0,00000E+00;3,31592E-05;0,00000E+00;0,00000E+00;0,00000E+00;2,31290E-05;0,00000E+00;0,00000E+00;0,00000E+00;3,98527E-04;0,00000E+00;0,00000E+00;2,02379E-05;7,73059E-05;8,28258E-05;8,83456E-05;9,38655E-05;9,93854E-05;1,04905E-04;1,10425E-04;5,70432E-06;1,10250E-05;5,16365E-07;9,90274E-07;6,53828E-07;8,77146E-05;0,00000E+00;2,33025E-04;3,50050E-06;0,00000E+00;1,20169E-05;1,30766E-06;0,00000E+00;0,00000E+00;0,00000E+00;0,00000E+00;1,96008E-04;0,00000E+00;0,00000E+00;3,69979E-05
478;5,34832E-03;2,05940E-02;3,78907E-02;5,58417E-02;7,29911E-02;8,90541E-02;1,08251E-01;1,24091E-01;1,44205E-01;1,59310E-01;1,79051E-01;1,93933E-01;2,06806E-01;2,30361E-01;2,43258E-01;2,70930E-01;2,83814E-01;2,97735E-01;3,14820E-01;3,34991E-01;3,55143E-05;6,55842E-05;4,05715E-05;0,00000E+00;2,75408E-04;0,00000E+00;0,00000E+00;1,47224E-03;0,00000E+00;0,00000E+00;7,16572E-05;0,00000E+00;1,35281E-03;6,13069E-04;6,60787E-04;7,08504E-04;7,56221E-04;8,03938E-04;8,51655E-04;8,99373E-04;0,00000E+00;0,00000E+00;1,14434E-05;2,49297E-05;0,00000E+00;0,00000E+00;0,00000E+00;7,56480E-06;0,00000E+00;0,00000E+00;3,88926E-05;0,00000E+00;0,00000E+00;0,00000E+00;1,73736E-05;1,28849E-04;1,88873E-05;1,60671E-05;7,81013E-05;3,74737E-04
479;5,02625E-03;1,99718E-02;3,68983E-02;5,28501E-02;6,94917E-02;8,66208E-02;1,01862E-01;1,20239E-01;1,38221E-01;1,54266E-01;1,70545E-01;1,86696E-01;2,02238E-01;2,21303E-01;2,35093E-01;2,47920E-01;2,71200E-01;2,89877E-01;2,98258E-01;3,18308E-01;0,00000E+00;2,33336E-04;0,00000E+00;0,00000E+00;9,79847E-04;0,00000E+00;0,00000E+00;8,49806E-04;0,00000E+00;0,00000E+00;2,54942E-04;0,00000E+00;1,23222E-03;5,27232E-04;5,60782E-04;5,94333E-04;6,27883E-04;6,61433E-04;6,94984E-04;7,28534E-04;0,00000E+00;2,48018E-06;0,00000E+00;5,83973E-05;0,00000E+00;0,00000E+00;0,00000E+00;4,08504E-05;0,00000E+00;0,00000E+00;1,38372E-04;4,56436E-05;3,19558E-05;0,00000E+00;6,18120E-05;5,38631E-05;6,71971E-05;5,71635E-05;5,84323E-05;0,00000E+00
480;4,89658E-03;1,93628E-02;3,48726E-02;5,11123E-02;6,80599E-02;8,27245E-02;9,96440E-02;1,16571E-01;1,33825E-01;1,48880E-01;1,61275E-01;1,77602E-01;1,98427E-01;2,11337E-01;2,30288E-01;2,46400E-01;2,60852E-01;2,79302E-01;2,96995E-01;3,10191E-01;2,06617E-04;0,00000E+00;0,00000E+00;6,72054E-05;0,00000E+00;0,00000E+00;0,00000E+00;0,00000E+00;0,00000E+00;9,97680E-04;0,00000E+00;0,00000E+00;2,53985E-03;1,11723E-03;1,23459E-03;1,35195E-03;1,46931E-03;1,58667E-03;1,70404E-03;1,82140E-03;0,00000E+00;2,85160E-06;3,13299E-05;6,73739E-05;3,47116E-06;0,00000E+00;4,57032E-06;4,69680E-05;0,00000E+00;0,00000E+00;3,47116E-05;5,24789E-05;3,67414E-05;0,00000E+00;0,00000E+00;0,00000E+00;2,02282E-05;5,16234E-05;0,00000E+00;1,06871E-04
481;4,72096E-03;1,88829E-02;3,46970E-02;5,03454E-02;6,67230E-02;8,12662E-02;9,86016E-02;1,12697E-01;1,31367E-01;1,44897E-01;1,59470E-01;1,74747E-01;1,95232E-01;2,05399E-01;2,23512E-01;2,39891E-01;2,52939E-01;2,71937E-01;2,85651E-01;3,04031E-01;8,45433E-05;0,00000E+00;0,00000E+00;2,74991E-05;0,00000E+00;0,00000E+00;1,03065E-04;0,00000E+00;0,00000E+00;4,08230E-04;0,00000E+00;3,09194E-04;1,89622E-03;8,80710E-04;9,74542E-04;1,06837E-03;1,16221E-03;1,25604E-03;1,34987E-03;1,44370E-03;0,00000E+00;0,00000E+00;1,28196E-05;3,43917E-05;5,73597E-05;0,00000E+00;1,87008E-06;1,04302E-04;1,01390E-04;0,00000E+00;6,08194E-05;1,49172E-04;0,00000E+00;0,00000E+00;6,24714E-05;0,00000E+00;7,61909E-05;1,32048E-04;0,00000E+00;1,44195E-04
482;4,68432E-03;1,84872E-02;3,38945E-02;4,94023E-02;6,50078E-02;7,95332E-02;9,58797E-02;1,09680E-01;1,27682E-01;1,43880E-01;1,57041E-01;1,73168E-01;1,92190E-01;2,06088E-01;2,20064E-01;2,34486E-01;2,47686E-01;2,64657E-01;2,80107E-01;2,95459E-01;1,02647E-04;0,00000E+00;0,00000E+00;0,00000E+00;0,00000E+00;0,00000E+00;1,34548E-04;0,00000E+00;0,00000E+00;0,00000E+00;0,00000E+00;1,44382E-04;5,77527E-04;2,66513E-04;2,94556E-04;3,22599E-04;3,50641E-04;3,78684E-04;4,06727E-04;4,34770E-04;0,00000E+00;0,00000E+00;9,92250E-06;1,17890E-06;2,66870E-06;0,00000E+00;0,00000E+00;3,99593E-05;3,42659E-05;0,00000E+00;9,60352E-05;1,88430E-05;0,00000E+00;0,00000E+00;2,98032E-06;0,00000E+00;2,03239E-05;1,09930E-04;0,00000E+00;4,79293E-06
483;4,67376E-03;1,81999E-02;3,29646E-02;4,83410E-02;6,31667E-02;7,74744E-02;9,34269E-02;1,06923E-01;1,24162E-01;1,42592E-01;1,53788E-01;1,70682E-01;1,88743E-01;2,05957E-01;2,18300E-01;2,30731E-01;2,44478E-01;2,57112E-01;2,75934E-01;2,88178E-01;2,68397E-04;0,00000E+00;6,25129E-05;0,00000E+00;7,92276E-05;1,46880E-03;0,00000E+00;0,00000E+00;0,00000E+00;0,00000E+00;1,29573E-04;0,00000E+00;1,72764E-04;5,26395E-05;3,46146E-05;1,65896E-05;0,00000E+00;0,00000E+00;0,00000E+00;0,00000E+00;0,00000E+00;0,00000E+00;8,07174E-05;2,81083E-05;0,00000E+00;1,20656E-05;0,00000E+00;0,00000E+00;0,00000E+00;1,95353E-06;1,22647E-04;0,00000E+00;0,00000E+00;0,00000E+00;0,00000E+00;1,09503E-05;0,00000E+00;0,00000E+00;0,00000E+00;3,30800E-05
484;4,56058E-03;1,81780E-02;3,28535E-02;4,73390E-02;6,26251E-02;7,71716E-02;9,33820E-02;1,06825E-01;1,24091E-01;1,36864E-01;1,52059E-01;1,66570E-01;1,84328E-01;1,97243E-01;2,16424E-01;2,23977E-01;2,42852E-01;2,54513E-01;2,70547E-01;2,85415E-01;0,00000E+00;0,00000E+00;2,49495E-04;0,00000E+00;3,66475E-04;0,00000E+00;0,00000E+00;1,43871E-04;0,00000E+00;5,75486E-04;5,17139E-04;0,00000E+00;6,89519E-04;4,44320E-04;4,76016E-04;5,07713E-04;5,39409E-04;5,71105E-04;6,02802E-04;6,34498E-04;0,00000E+00;1,17865E-05;4,89446E-06;1,23682E-04;2,16910E-05;4,81550E-05;0,00000E+00;0,00000E+00;0,00000E+00;7,79673E-06;3,47056E-05;0,00000E+00;0,00000E+00;0,00000E+00;0,00000E+00;4,37037E-05;0,00000E+00;0,00000E+00;0,00000E+00;1,32026E-04
485;4,54889E-03;1,78136E-02;3,23332E-02;4,76585E-02;6,24643E-02;7,63922E-02;9,05708E-02;1,05897E-01;1,19816E-01;1,34343E-01;1,52184E-01;1,64515E-01;1,78460E-01;1,94955E-01;2,09058E-01;2,21713E-01;2,38497E-01;2,51183E-01;2,67385E-01;2,78851E-01;1,40758E-04;0,00000E+00;8,04010E-05;0,00000E+00;6,23632E-05;5,18468E-04;0,00000E+00;1,06729E-03;7,40668E-05;1,08428E-03;0,00000E+00;1,11100E-03;0,00000E+00;6,14453E-04;6,51766E-04;6,89078E-04;7,26390E-04;7,63703E-04;8,01015E-04;8,38328E-04;0,00000E+00;1,46222E-05;3,25292E-05;1,42649E-05;4,36599E-05;0,00000E+00;0,00000E+00;0,00000E+00;0,00000E+00;6,70008E-06;7,65560E-05;0,00000E+00;2,34542E-05;0,00000E+00;0,00000E+00;0,00000E+00;6,83283E-05;0,00000E+00;0,00000E+00;8,25133E-05
486;4,48458E-03;1,75129E-02;3,15803E-02;4,74468E-02;6,20956E-02;7,49222E-02;9,11343E-02;1,03114E-01;1,18842E-01;1,33125E-01;1,46311E-01;1,64866E-01;1,76012E-01;1,90061E-01;2,11374E-01;2,21362E-01;2,35285E-01;2,49715E-01;2,63082E-01;2,76477E-01;6,29157E-05;0,00000E+00;3,59374E-05;0,00000E+00;5,77575E-04;2,31743E-04;0,00000E+00;1,59949E-03;3,31062E-05;6,66453E-04;9,01659E-04;1,09770E-03;1,00184E-03;1,17223E-03;1,26344E-03;1,35464E-03;1,44584E-03;1,53705E-03;1,62825E-03;1,71945E-03;0,00000E+00;0,00000E+00;1,18258E-05;0,00000E+00;4,82690E-05;9,15936E-05;0,00000E+00;0,00000E+00;0,00000E+00;4,83082E-05;1,87165E-04;0,00000E+00;1,04835E-05;0,00000E+00;0,00000E+00;5,07997E-05;3,05412E-05;1,21303E-04;0,00000E+00;3,68816E-05
487;4,45078E-03;1,75443E-02;3,15571E-02;4,61952E-02;6,10678E-02;7,44936E-02;8,93134E-02;1,04263E-01;1,19614E-01;1,31398E-01;1,50040E-01;1,64307E-01;1,77327E-01;1,88868E-01;2,03990E-01;2,18812E-01;2,29060E-01;2,52387E-01;2,58281E-01;2,75354E-01;3,19607E-04;0,00000E+00;0,00000E+00;0,00000E+00;8,32581E-04;0,00000E+00;0,00000E+00;8,18112E-05;0,00000E+00;3,40880E-05;6,13584E-05;4,09056E-05;6,81760E-05;9,06147E-06;0,00000E+00;0,00000E+00;0,00000E+00;0,00000E+00;0,00000E+00;0,00000E+00;0,00000E+00;1,65332E-05;6,43649E-06;0,00000E+00;2,77524E-06;1,21550E-04;0,00000E+00;0,00000E+00;0,00000E+00;3,08360E-06;1,82867E-04;0,00000E+00;0,00000E+00;0,00000E+00;6,11630E-05;9,93927E-05;6,64916E-05;8,25473E-06;0,00000E+00;0,00000E+00
488;4,41396E-03;1,75263E-02;3,21110E-02;4,69730E-02;6,06892E-02;7,58734E-02;9,03178E-02;1,05322E-01;1,16517E-01;1,33845E-01;1,44632E-01;1,61183E-01;1,78058E-01;1,90240E-01;2,00176E-01;2,26997E-01;2,36861E-01;2,52611E-01;2,64705E-01;2,80516E-01;1,78910E-05;2,81991E-05;3,27019E-04;0,00000E+00;3,55249E-04;1,80753E-03;0,00000E+00;0,00000E+00;0,00000E+00;0,00000E+00;0,00000E+00;0,00000E+00;7,90796E-04;1,76426E-04;1,58319E-04;1,40212E-04;1,22105E-04;1,03998E-04;8,58910E-05;6,77841E-05;0,00000E+00;6,63703E-06;0,00000E+00;0,00000E+00;0,00000E+00;0,00000E+00;1,83795E-05;3,81091E-05;1,31372E-05;0,00000E+00;2,75922E-04;5,10967E-05;0,00000E+00;0,00000E+00;0,00000E+00;0,00000E+00;4,83002E-05;8,11816E-05;2,91791E-05;0,00000E+00
489;4,50751E-03;1,75798E-02;3,21981E-02;4,75445E-02;6,15163E-02;7,57041E-02;9,20961E-02;1,06535E-01;1,21383E-01;1,35607E-01;1,50317E-01;1,66509E-01;1,80444E-01;1,91266E-01;2,15048E-01;2,26533E-01;2,44253E-01;2,57234E-01;2,70109E-01;2,88474E-01;1,00495E-04;2,26280E-05;0,00000E+00;0,00000E+00;1,90043E-04;0,00000E+00;0,00000E+00;0,00000E+00;0,00000E+00;0,00000E+00;0,00000E+00;1,81304E-04;6,79889E-04;2,99537E-04;3,29857E-04;3,60177E-04;3,90497E-04;4,20817E-04;4,51137E-04;4,81457E-04;0,00000E+00;2,98740E-05;0,00000E+00;0,00000E+00;0,00000E+00;0,00000E+00;8,27282E-05;0,00000E+00;5,91317E-05;0,00000E+00;0,00000E+00;2,46011E-05;9,56870E-06;0,00000E+00;0,00000E+00;0,00000E+00;2,47271E-04;2,33611E-05;1,43804E-04;0,00000E+00
490;4,58524E-03;1,80333E-02;3,25950E-02;4,78277E-02;6,28227E-02;7,74371E-02;9,39495E-02;1,09349E-01;1,24225E-01;1,39814E-01;1,53992E-01;1,68712E-01;1,84095E-01;1,98487E-01;2,20357E-01;2,30682E-01;2,43022E-01;2,58751E-01;2,73206E-01;2,89472E-01;2,24023E-04;3,01823E-05;1,54186E-04;0,00000E+00;2,53489E-04;0,00000E+00;0,00000E+00;1,06529E-03;0,00000E+00;7,10195E-05;3,55097E-04;2,41832E-04;9,06871E-04;5,66067E-04;6,09025E-04;6,51984E-04;6,94943E-04;7,37902E-04;7,80860E-04;8,23819E-04;0,00000E+00;1,86181E-05;1,44964E-05;0,00000E+00;0,00000E+00;7,21440E-06;0,00000E+00;7,18722E-05;0,00000E+00;3,21221E-05;0,00000E+00;3,28142E-05;5,02452E-05;1,98187E-04;8,60951E-05;0,00000E+00;3,98385E-05;0,00000E+00;1,66283E-05;5,93389E-05
491;4,75594E-03;1,85622E-02;3,42283E-02;5,01503E-02;6,60387E-02;7,97547E-02;9,68218E-02;1,11121E-01;1,28398E-01;1,44938E-01;1,60048E-01;1,77049E-01;1,93883E-01;2,07146E-01;2,26899E-01;2,39464E-01;2,49449E-01;2,67137E-01;2,88172E-01;3,06316E-01;7,41164E-05;0,00000E+00;7,46267E-05;0,00000E+00;0,00000E+00;0,00000E+00;0,00000E+00;1,28765E-03;0,00000E+00;3,43737E-05;1,52294E-03;0,00000E+00;0,00000E+00;5,11975E-04;5,48625E-04;5,85276E-04;6,21926E-04;6,58576E-04;6,95227E-04;7,31877E-04;0,00000E+00;4,53791E-05;8,58102E-05;0,00000E+00;0,00000E+00;3,78035E-05;0,00000E+00;5,43193E-05;0,00000E+00;1,55472E-05;0,00000E+00;6,11091E-05;1,81415E-05;1,92874E-04;2,17157E-04;0,00000E+00;0,00000E+00;1,16848E-04;0,00000E+00;4,21591E-05
492;4,99580E-03;1,92292E-02;3,54115E-02;5,21724E-02;6,93861E-02;8,41296E-02;1,01337E-01;1,17050E-01;1,33252E-01;1,49351E-01;1,67683E-01;1,81206E-01;2,01676E-01;2,13946E-01;2,33506E-01;2,46599E-01;2,63903E-01;2,81677E-01;2,97281E-01;3,11607E-01;1,37433E-04;0,00000E+00;8,79573E-05;0,00000E+00;0,00000E+00;8,50792E-04;7,29250E-04;6,80543E-05;0,00000E+00;0,00000E+00;1,19095E-04;0,00000E+00;0,00000E+00;2,53828E-05;4,08635E-06;0,00000E+00;0,00000E+00;0,00000E+00;0,00000E+00;0,00000E+00;0,00000E+00;3,20577E-06;6,94555E-06;0,00000E+00;0,00000E+00;2,77178E-05;0,00000E+00;1,72179E-06;0,00000E+00;0,00000E+00;0,00000E+00;5,38667E-06;0,00000E+00;8,54605E-06;1,54689E-05;4,62220E-05;2,56286E-04;1,03000E-05;0,00000E+00;2,38139E-04
493;5,20898E-03;2,05106E-02;3,72484E-02;5,48770E-02;7,14356E-02;8,84939E-02;1,07449E-01;1,23762E-01;1,41503E-01;1,58307E-01;1,76955E-01;1,95507E-01;2,09311E-01;2,27797E-01;2,44262E-01;2,65638E-01;2,82493E-01;2,94159E-01;3,14386E-01;3,33152E-01;0,00000E+00;6,83890E-05;2,47842E-05;1,97483E-04;4,72769E-04;1,88361E-04;0,00000E+00;0,00000E+00;4,89479E-04;6,76541E-04;0,00000E+00;1,01481E-03;0,00000E+00;4,45142E-04;4,69903E-04;4,94664E-04;5,19425E-04;5,44187E-04;5,68948E-04;5,93709E-04;4,68045E-05;0,00000E+00;2,01387E-05;1,33461E-05;0,00000E+00;0,00000E+00;0,00000E+00;3,50507E-05;0,00000E+00;2,16862E-05;2,27498E-04;0,00000E+00;2,49941E-04;0,00000E+00;0,00000E+00;0,00000E+00;0,00000E+00;0,00000E+00;0,00000E+00;0,00000E+00
494;5,52513E-03;2,16469E-02;4,00164E-02;5,80560E-02;7,68754E-02;9,43918E-02;1,13807E-01;1,30855E-01;1,49818E-01;1,68606E-01;1,89048E-01;2,07367E-01;2,25123E-01;2,42421E-01;2,65383E-01;2,78500E-01;2,97928E-01;3,14019E-01;3,40535E-01;3,53821E-01;0,00000E+00;4,42859E-04;1,25782E-04;0,00000E+00;0,00000E+00;1,63810E-03;0,00000E+00;7,24787E-04;2,38087E-03;0,00000E+00;0,00000E+00;0,00000E+00;0,00000E+00;3,01784E-04;2,80839E-04;2,59895E-04;2,38950E-04;2,18005E-04;1,97060E-04;1,76116E-04;0,00000E+00;0,00000E+00;1,74049E-05;2,20729E-05;7,71344E-06;0,00000E+00;0,00000E+00;2,34527E-05;2,58104E-05;1,10059E-04;1,57227E-05;0,00000E+00;0,00000E+00;0,00000E+00;0,00000E+00;0,00000E+00;0,00000E+00;0,00000E+00;6,44936E-05;0,00000E+00
495;5,88193E-03;2,31890E-02;4,24383E-02;6,21300E-02;8,24508E-02;1,02325E-01;1,20187E-01;1,40234E-01;1,62227E-01;1,81505E-01;2,00712E-01;2,20499E-01;2,39001E-01;2,58853E-01;2,85687E-01;3,03713E-01;3,23081E-01;3,34520E-01;3,62890E-01;3,80876E-01;1,71880E-04;1,37081E-04;0,00000E+00;0,00000E+00;0,00000E+00;1,17981E-03;0,00000E+00;1,24083E-03;6,71212E-04;0,00000E+00;0,00000E+00;0,00000E+00;0,00000E+00;1,56016E-04;1,37426E-04;1,18836E-04;1,00246E-04;8,16559E-05;6,30657E-05;4,44756E-05;0,00000E+00;3,33425E-06;3,35639E-05;6,52786E-05;1,10396E-05;0,00000E+00;0,00000E+00;0,00000E+00;3,69403E-05;0,00000E+00;0,00000E+00;5,52251E-05;0,00000E+00;0,00000E+00;0,00000E+00;0,00000E+00;3,57583E-05;0,00000E+00;9,23045E-05;0,00000E+00
496;6,22622E-03;2,48187E-02;4,57994E-02;6,67277E-02;8,67489E-02;1,07427E-01;1,31360E-01;1,51490E-01;1,73018E-01;1,97349E-01;2,15710E-01;2,36714E-01;2,58566E-01;2,78897E-01;3,04604E-01;3,23007E-01;3,45326E-01;3,60967E-01;3,88496E-01;4,08545E-01;8,98916E-05;0,00000E+00;0,00000E+00;1,22104E-04;9,74376E-05;1,06427E-04;1,58026E-03;1,06427E-04;0,00000E+00;9,29567E-05;0,00000E+00;4,64783E-04;0,00000E+00;1,95880E-04;1,90263E-04;1,84645E-04;1,79027E-04;1,73409E-04;1,67792E-04;1,62174E-04;0,00000E+00;1,74378E-06;4,52576E-06;2,43024E-05;0,00000E+00;0,00000E+00;0,00000E+00;0,00000E+00;0,00000E+00;0,00000E+00;1,09315E-04;2,88822E-05;1,56992E-04;1,66019E-04;0,00000E+00;5,89186E-05;1,53459E-04;0,00000E+00;0,00000E+00;0,00000E+00
497;6,71532E-03;2,67599E-02;4,85124E-02;7,13837E-02;9,39597E-02;1,14618E-01;1,38739E-01;1,63278E-01;1,87342E-01;2,06545E-01;2,32929E-01;2,55281E-01;2,76987E-01;2,95515E-01;3,14982E-01;3,47200E-01;3,69701E-01;3,86845E-01;4,15478E-01;4,38392E-01;5,57518E-04;0,00000E+00;0,00000E+00;1,31942E-05;7,20303E-05;0,00000E+00;1,70759E-04;0,00000E+00;0,00000E+00;1,53555E-03;1,17346E-04;5,02233E-05;1,17346E-04;3,61159E-04;3,86784E-04;4,12410E-04;4,38036E-04;4,63661E-04;4,89287E-04;5,14913E-04;0,00000E+00;0,00000E+00;0,00000E+00;0,00000E+00;0,00000E+00;0,00000E+00;0,00000E+00;1,50424E-04;1,77600E-05;0,00000E+00;1,39194E-04;1,48612E-04;1,69641E-05;1,22729E-04;1,42256E-05;6,36660E-06;1,45615E-05;1,73657E-04;0,00000E+00;6,53642E-05
498;7,30929E-03;2,88434E-02;5,31363E-02;7,71281E-02;1,01651E-01;1,25804E-01;1,49868E-01;1,74409E-01;2,02511E-01;2,26846E-01;2,49863E-01;2,74225E-01;2,98119E-01;3,18596E-01;3,45948E-01;3,67699E-01;4,01240E-01;4,19888E-01;4,42126E-01;4,71142E-01;0,00000E+00;6,38161E-05;6,52997E-05;0,00000E+00;0,00000E+00;7,51940E-05;4,51164E-05;5,59056E-04;1,56536E-03;0,00000E+00;8,81410E-04;0,00000E+00;1,11811E-04;5,14637E-04;5,46499E-04;5,78361E-04;6,10222E-04;6,42084E-04;6,73945E-04;7,05807E-04;0,00000E+00;0,00000E+00;2,68598E-06;0,00000E+00;0,00000E+00;0,00000E+00;0,00000E+00;0,00000E+00;0,00000E+00;1,33025E-04;1,03274E-04;0,00000E+00;2,22237E-05;0,00000E+00;0,00000E+00;0,00000E+00;0,00000E+00;2,84044E-04;1,53762E-04;3,11405E-05
499;7,75560E-03;3,07911E-02;5,65375E-02;8,23173E-02;1,10382E-01;1,35165E-01;1,61595E-01;1,91317E-01;2,16860E-01;2,45432E-01;2,68700E-01;2,94307E-01;3,20466E-01;3,40523E-01;3,72862E-01;4,03928E-01;4,24484E-01;4,50463E-01;4,76011E-01;4,90669E-01;6,97091E-05;3,67559E-04;3,76104E-04;1,05125E-04;0,00000E+00;8,73263E-04;2,59855E-04;0,00000E+00;1,20047E-04;0,00000E+00;1,21266E-03;0,00000E+00;0,00000E+00;2,60976E-04;2,59944E-04;2,58913E-04;2,57881E-04;2,56850E-04;2,55819E-04;2,54787E-04;0,00000E+00;1,24572E-05;1,54703E-05;0,00000E+00;0,00000E+00;0,00000E+00;0,00000E+00;2,42976E-05;0,00000E+00;1,25368E-04;7,05194E-05;7,23961E-05;1,28001E-04;0,00000E+00;0,00000E+00;0,00000E+00;0,00000E+00;2,27743E-04;5,50290E-06;0,00000E+00
500;8,39056E-03;3,30497E-02;6,09129E-02;8,88824E-02;1,17906E-01;1,46992E-01;1,72559E-01;2,02055E-01;2,31561E-01;2,62837E-01;2,87821E-01;3,17169E-01;3,46066E-01;3,67473E-01;3,97047E-01;4,34631E-01;4,64772E-01;4,88486E-01;5,15511E-01;5,35809E-01;1,98626E-04;0,00000E+00;0,00000E+00;1,60742E-04;1,35371E-04;6,73047E-04;3,22863E-04;0,00000E+00;1,83558E-04;1,93718E-04;0,00000E+00;4,52009E-04;0,00000E+00;1,69849E-04;1,66430E-04;1,63012E-04;1,59593E-04;1,56175E-04;1,52756E-04;1,49338E-04;0,00000E+00;3,91499E-05;0,00000E+00;0,00000E+00;0,00000E+00;0,00000E+00;0,00000E+00;3,71525E-05;0,00000E+00;0,00000E+00;8,17774E-05;1,10698E-04;0,00000E+00;2,88314E-05;0,00000E+00;1,63712E-05;0,00000E+00;9,87786E-05;8,41425E-06;0,00000E+00
501;8,90442E-03;3,56523E-02;6,44163E-02;9,54520E-02;1,25580E-01;1,58240E-01;1,87399E-01;2,16784E-01;2,46162E-01;2,80895E-01;3,08855E-01;3,37286E-01;3,70284E-01;3,95192E-01;4,30189E-01;4,63273E-01;4,92809E-01;5,31927E-01;5,52165E-01;5,76298E-01;5,15554E-05;6,66281E-05;0,00000E+00;0,00000E+00;7,58297E-05;1,77950E-04;1,80856E-04;1,42360E-03;0,00000E+00;2,86464E-04;0,00000E+00;2,53199E-04;2,66925E-04;3,38558E-04;3,52873E-04;3,67189E-04;3,81504E-04;3,95819E-04;4,10134E-04;4,24449E-04;0,00000E+00;5,20796E-05;1,13509E-05;4,57138E-05;0,00000E+00;0,00000E+00;0,00000E+00;0,00000E+00;0,00000E+00;1,85119E-04;1,34344E-04;0,00000E+00;0,00000E+00;1,61503E-05;1,29435E-04;9,17054E-06;7,03555E-05;7,18204E-05;0,00000E+00;3,71706E-05
502;9,49977E-03;3,85944E-02;6,93417E-02;1,01872E-01;1,33501E-01;1,67093E-01;1,99801E-01;2,35990E-01;2,63320E-01;2,98913E-01;3,30228E-01;3,66651E-01;3,95233E-01;4,40236E-01;4,55241E-01;4,81760E-01;5,28647E-01;5,61156E-01;5,99402E-01;6,11868E-01;8,98637E-05;8,55863E-06;3,28513E-04;1,49071E-04;0,00000E+00;2,28583E-05;0,00000E+00;1,82867E-04;0,00000E+00;1,61168E-03;0,00000E+00;6,80921E-04;3,74748E-04;5,85097E-04;6,26792E-04;6,68487E-04;7,10182E-04;7,51877E-04;7,93571E-04;8,35266E-04;1,38074E-05;2,19784E-05;2,46228E-05;2,53080E-05;0,00000E+00;0,00000E+00;0,00000E+00;0,00000E+00;6,01156E-05;2,37793E-05;7,29689E-05;1,84788E-04;0,00000E+00;0,00000E+00;1,66264E-05;2,01407E-04;1,58601E-04;9,22560E-06;0,00000E+00;4,77470E-06
503;1,01973E-02;4,08208E-02;7,45796E-02;1,08772E-01;1,44212E-01;1,78537E-01;2,12619E-01;2,47952E-01;2,86390E-01;3,16605E-01;3,55058E-01;3,88041E-01;4,22695E-01;4,63643E-01;4,94898E-01;5,31251E-01;5,59839E-01;5,89393E-01;6,28326E-01;6,57709E-01;2,43370E-04;3,29122E-06;2,81430E-04;0,00000E+00;0,00000E+00;0,00000E+00;1,55555E-03;2,63705E-05;1,11111E-04;5,55554E-04;1,33333E-03;6,55407E-04;9,99996E-04;1,06311E-03;1,14657E-03;1,23002E-03;1,31347E-03;1,39692E-03;1,48038E-03;1,56383E-03;3,39709E-06;4,58528E-05;0,00000E+00;0,00000E+00;0,00000E+00;0,00000E+00;1,25721E-04;5,83215E-05;5,04488E-05;1,60308E-04;1,55056E-05;0,00000E+00;0,00000E+00;0,00000E+00;0,00000E+00;0,00000E+00;0,00000E+00;0,00000E+00;0,00000E+00;0,00000E+00
504;1,08752E-02;4,33311E-02;7,93418E-02;1,16417E-01;1,55493E-01;1,91747E-01;2,27879E-01;2,65471E-01;3,01302E-01;3,37636E-01;3,76381E-01;4,09976E-01;4,48585E-01;4,90057E-01;5,25662E-01;5,64679E-01;5,95723E-01;6,37085E-01;6,70294E-01;7,03905E-01;1,19430E-04;6,84699E-05;0,00000E+00;0,00000E+00;1,37991E-04;0,00000E+00;0,00000E+00;1,72479E-04;7,52256E-05;5,26579E-04;0,00000E+00;1,37983E-03;0,00000E+00;5,53597E-04;6,04914E-04;6,56231E-04;7,07548E-04;7,58865E-04;8,10181E-04;8,61498E-04;2,22190E-05;1,90603E-05;0,00000E+00;0,00000E+00;5,10368E-06;0,00000E+00;2,01594E-05;8,72748E-05;1,70777E-05;7,94219E-05;1,01416E-04;0,00000E+00;0,00000E+00;0,00000E+00;0,00000E+00;0,00000E+00;0,00000E+00;0,00000E+00;0,00000E+00;5,23777E-06
505;1,15632E-02;4,64486E-02;8,47918E-02;1,24142E-01;1,64262E-01;2,03608E-01;2,43469E-01;2,80307E-01;3,18582E-01;3,60787E-01;4,01141E-01;4,39384E-01;4,75978E-01;5,18873E-01;5,58801E-01;5,96781E-01;6,37818E-01;6,75628E-01;7,13772E-01;7,49493E-01;1,56532E-04;7,67902E-05;0,00000E+00;0,00000E+00;2,25726E-04;0,00000E+00;8,04151E-04;4,94862E-04;1,23055E-04;1,17067E-03;3,71146E-04;0,00000E+00;0,00000E+00;3,68892E-04;3,80625E-04;3,92357E-04;4,04090E-04;4,15823E-04;4,27555E-04;4,39288E-04;0,00000E+00;3,03623E-05;0,00000E+00;0,00000E+00;8,34863E-06;0,00000E+00;4,77119E-05;3,75603E-05;5,60218E-05;2,78288E-05;2,23826E-05;0,00000E+00;3,91761E-05;0,00000E+00;0,00000E+00;0,00000E+00;0,00000E+00;0,00000E+00;0,00000E+00;8,56797E-06
506;1,22562E-02;4,91090E-02;8,96179E-02;1,30112E-01;1,72063E-01;2,13999E-01;2,56919E-01;2,97614E-01;3,37064E-01;3,84042E-01;4,21961E-01;4,61796E-01;5,06986E-01;5,49519E-01;5,97577E-01;6,30821E-01;6,73699E-01;7,09370E-01;7,55979E-01;7,93628E-01;7,03087E-05;0,00000E+00;9,32732E-05;0,00000E+00;2,25167E-04;0,00000E+00;1,42613E-03;2,95971E-04;6,01475E-04;1,84982E-04;3,93828E-04;0,00000E+00;1,71850E-04;3,12603E-04;3,13224E-04;3,13845E-04;3,14466E-04;3,15088E-04;3,15709E-04;3,16330E-04;0,00000E+00;4,00851E-05;0,00000E+00;0,00000E+00;2,72047E-05;0,00000E+00;8,81289E-06;2,24644E-05;1,67979E-05;7,77277E-06;6,00234E-05;8,55005E-05;2,34308E-05;0,00000E+00;0,00000E+00;0,00000E+00;1,13240E-04;1,15597E-04;0,00000E+00;0,00000E+00
507;1,30348E-02;5,16312E-02;9,48111E-02;1,37328E-01;1,80153E-01;2,23744E-01;2,70557E-01;3,11413E-01;3,55771E-01;4,09204E-01;4,48372E-01;4,92960E-01;5,33890E-01;5,79967E-01;6,19481E-01;6,66065E-01;7,10512E-01;7,56867E-01;7,95739E-01;8,43447E-01;0,00000E+00;0,00000E+00;1,37421E-05;0,00000E+00;3,31742E-05;2,19890E-04;1,39254E-04;0,00000E+00;8,86161E-05;0,00000E+00;2,53189E-05;0,00000E+00;2,53189E-05;2,21978E-05;1,81283E-05;1,40589E-05;9,98944E-06;5,92000E-06;1,85056E-06;0,00000E+00;0,00000E+00;1,65509E-05;0,00000E+00;0,00000E+00;4,00810E-06;0,00000E+00;6,54749E-06;0,00000E+00;0,00000E+00;1,14517E-06;6,87104E-06;1,25969E-05;0,00000E+00;0,00000E+00;0,00000E+00;9,75608E-05;7,46420E-05;1,70311E-05;4,53586E-05;0,00000E+00
508;1,36694E-02;5,45967E-02;9,92840E-02;1,47001E-01;1,91427E-01;2,38779E-01;2,84364E-01;3,32489E-01;3,81255E-01;4,20360E-01;4,74027E-01;5,19392E-01;5,69822E-01;6,08985E-01;6,54830E-01;7,02257E-01;7,39234E-01;7,98191E-01;8,34292E-01;8,90771E-01;0,00000E+00;0,00000E+00;0,00000E+00;1,45411E-04;1,16036E-04;0,00000E+00;2,21400E-04;0,00000E+00;7,74901E-04;0,00000E+00;0,00000E+00;1,84865E-04;0,00000E+00;1,38785E-04;1,39921E-04;1,41056E-04;1,42192E-04;1,43327E-04;1,44463E-04;1,45598E-04;4,23058E-06;0,00000E+00;3,24279E-06;3,03338E-05;7,00976E-05;0,00000E+00;0,00000E+00;1,12029E-04;0,00000E+00;1,80251E-04;3,13554E-06;1,30181E-04;0,00000E+00;7,73826E-06;0,00000E+00;0,00000E+00;4,56810E-06;0,00000E+00;4,56701E-05;3,08311E-05
509;1,43163E-02;5,68719E-02;1,03827E-01;1,53250E-01;2,03703E-01;2,51395E-01;2,97005E-01;3,50831E-01;3,99407E-01;4,45621E-01;4,97597E-01;5,37907E-01;5,93747E-01;6,48243E-01;6,95457E-01;7,48017E-01;7,89453E-01;8,28299E-01;8,83408E-01;9,41260E-01;0,00000E+00;0,00000E+00;0,00000E+00;0,00000E+00;0,00000E+00;0,00000E+00;0,00000E+00;0,00000E+00;0,00000E+00;5,68470E-04;0,00000E+00;1,69603E-03;8,52706E-04;9,69200E-04;1,07115E-03;1,17309E-03;1,27504E-03;1,37698E-03;1,47893E-03;1,58088E-03;1,96991E-05;0,00000E+00;2,41415E-05;0,00000E+00;0,00000E+00;5,41380E-06;1,48110E-05;0,00000E+00;6,18385E-05;1,92839E-05;2,33431E-05;0,00000E+00;0,00000E+00;5,76089E-05;4,30714E-06;7,65665E-05;3,40080E-05;4,77988E-06;0,00000E+00;0,00000E+00
510;1,50581E-02;6,01450E-02;1,09325E-01;1,59895E-01;2,14124E-01;2,64001E-01;3,14751E-01;3,65656E-01;4,18711E-01;4,66176E-01;5,17406E-01;5,72038E-01;6,14267E-01;6,77327E-01;7,37045E-01;7,77254E-01;8,26596E-01;8,74471E-01;9,24486E-01;9,93370E-01;0,00000E+00;1,48188E-05;0,00000E+00;0,00000E+00;3,73373E-04;0,00000E+00;5,93671E-05;2,37468E-04;5,93671E-04;1,28486E-03;0,00000E+00;5,55762E-04;1,48203E-03;1,02971E-03;1,12079E-03;1,21187E-03;1,30296E-03;1,39404E-03;1,48513E-03;1,57621E-03;2,97413E-06;1,36180E-05;0,00000E+00;4,06690E-06;0,00000E+00;9,40937E-06;2,57421E-05;0,00000E+00;1,07478E-04;3,35162E-05;1,18148E-04;0,00000E+00;3,75987E-05;0,00000E+00;7,48597E-06;1,33075E-04;0,00000E+00;8,30760E-06;1,22462E-04;8,26716E-06
511;1,58382E-02;6,29605E-02;1,14518E-01;1,68242E-01;2,22722E-01;2,75258E-01;3,29106E-01;3,82851E-01;4,37855E-01;4,91040E-01;5,43804E-01;6,00419E-01;6,53003E-01;7,09055E-01;7,69757E-01;8,17054E-01;8,70403E-01;9,24625E-01;9,75214E-01;1,02910E+00;2,10550E-04;9,40409E-06;0,00000E+00;1,09148E-04;2,36944E-04;0,00000E+00;3,76746E-05;1,50698E-04;1,04149E-03;9,36215E-04;1,66187E-04;0,00000E+00;0,00000E+00;3,25643E-04;3,37856E-04;3,50068E-04;3,62280E-04;3,74493E-04;3,86705E-04;3,98918E-04;1,88739E-06;3,99557E-05;0,00000E+00;9,65033E-05;0,00000E+00;0,00000E+00;0,00000E+00;0,00000E+00;0,00000E+00;0,00000E+00;7,49769E-05;0,00000E+00;2,38603E-05;0,00000E+00;0,00000E+00;0,00000E+00;0,00000E+00;1,11788E-05;7,77145E-05;3,99599E-05
512;1,66515E-02;6,59990E-02;1,21141E-01;1,76255E-01;2,32911E-01;2,91280E-01;3,46392E-01;4,02803E-01;4,53248E-01;5,12322E-01;5,73386E-01;6,30500E-01;6,82618E-01;7,38975E-01;8,03964E-01;8,54298E-01;9,07474E-01;9,60780E-01;1,02063E+00;1,07763E+00;1,19133E-04;2,65992E-05;0,00000E+00;1,80160E-05;5,58491E-05;1,06562E-04;0,00000E+00;0,00000E+00;6,42531E-04;1,23439E-04;1,19961E-03;0,00000E+00;0,00000E+00;4,24790E-04;4,58934E-04;4,93079E-04;5,27223E-04;5,61367E-04;5,95512E-04;6,29656E-04;0,00000E+00;5,16864E-06;0,00000E+00;1,55029E-05;0,00000E+00;0,00000E+00;0,00000E+00;0,00000E+00;0,00000E+00;8,67560E-05;1,54233E-04;0,00000E+00;0,00000E+00;7,13689E-05;7,75092E-05;0,00000E+00;0,00000E+00;7,35254E-05;0,00000E+00;7,99259E-05
513;1,71115E-02;6,92156E-02;1,25716E-01;1,84936E-01;2,42673E-01;3,00854E-01;3,60120E-01;4,17294E-01;4,75208E-01;5,36982E-01;5,94486E-01;6,58744E-01;7,12638E-01;7,75235E-01;8,37417E-01;8,84021E-01;9,51660E-01;9,96515E-01;1,05665E+00;1,11325E+00;2,23241E-05;3,29149E-04;0,00000E+00;0,00000E+00;0,00000E+00;2,01376E-05;7,99410E-04;0,00000E+00;6,04128E-05;1,10757E-04;2,01376E-05;1,00688E-05;2,19772E-04;1,40128E-04;1,44192E-04;1,48255E-04;1,52319E-04;1,56383E-04;1,60446E-04;1,64510E-04;0,00000E+00;0,00000E+00;0,00000E+00;0,00000E+00;1,82165E-06;0,00000E+00;0,00000E+00;4,85582E-05;0,00000E+00;5,46494E-06;0,00000E+00;1,88866E-04;0,00000E+00;0,00000E+00;0,00000E+00;8,35788E-05;0,00000E+00;3,10450E-04;1,05780E-04;5,85258E-05
514;1,79277E-02;7,07309E-02;1,30424E-01;1,90548E-01;2,51156E-01;3,11897E-01;3,72561E-01;4,30660E-01;4,95090E-01;5,55492E-01;6,20451E-01;6,79050E-01;7,37537E-01;8,02431E-01;8,57828E-01;9,19326E-01;9,82667E-01;1,04304E+00;1,10232E+00;1,15452E+00;1,90166E-04;0,00000E+00;0,00000E+00;0,00000E+00;3,53028E-05;3,39937E-04;4,59386E-04;0,00000E+00;6,49338E-04;9,43471E-04;1,71540E-04;8,57701E-05;0,00000E+00;3,26758E-04;3,39050E-04;3,51342E-04;3,63633E-04;3,75925E-04;3,88217E-04;4,00509E-04;0,00000E+00;2,20730E-06;0,00000E+00;0,00000E+00;1,55175E-05;0,00000E+00;0,00000E+00;8,92539E-05;0,00000E+00;4,65526E-05;0,00000E+00;0,00000E+00;1,77750E-05;5,63912E-05;4,49115E-05;0,00000E+00;0,00000E+00;0,00000E+00;0,00000E+00;1,07495E-04
515;1,84380E-02;7,35925E-02;1,34692E-01;1,96314E-01;2,61357E-01;3,23606E-01;3,84789E-01;4,48528E-01;5,14042E-01;5,75676E-01;6,38132E-01;6,99491E-01;7,61140E-01;8,23877E-01;8,84569E-01;9,46669E-01;1,01975E+00;1,07101E+00;1,13821E+00;1,19350E+00;0,00000E+00;0,00000E+00;0,00000E+00;0,00000E+00;6,47669E-05;4,23020E-04;5,98886E-04;0,00000E+00;2,47154E-04;2,28155E-04;0,00000E+00;0,00000E+00;8,55582E-04;3,94572E-04;4,20555E-04;4,46538E-04;4,72521E-04;4,98504E-04;5,24487E-04;5,50470E-04;4,08213E-06;4,04954E-06;0,00000E+00;0,00000E+00;0,00000E+00;0,00000E+00;0,00000E+00;1,30835E-04;4,31632E-06;6,19168E-05;0,00000E+00;3,09584E-05;6,87343E-05;2,24427E-04;1,65371E-04;0,00000E+00;0,00000E+00;0,00000E+00;0,00000E+00;3,17717E-05
516;1,91231E-02;7,55219E-02;1,38728E-01;2,02676E-01;2,68669E-01;3,31372E-01;3,98707E-01;4,65789E-01;5,28845E-01;5,94631E-01;6,62874E-01;7,26444E-01;7,85138E-01;8,46737E-01;9,19656E-01;9,73364E-01;1,05296E+00;1,11158E+00;1,16813E+00;1,23123E+00;0,00000E+00;0,00000E+00;0,00000E+00;0,00000E+00;0,00000E+00;7,61752E-05;1,52350E-04;8,02405E-05;0,00000E+00;3,93072E-04;1,60481E-04;1,60481E-04;8,12036E-04;4,77899E-04;5,24143E-04;5,70386E-04;6,16630E-04;6,62874E-04;7,09118E-04;7,55362E-04;2,72584E-06;0,00000E+00;0,00000E+00;0,00000E+00;0,00000E+00;0,00000E+00;0,00000E+00;2,59709E-05;2,88222E-06;4,13449E-05;2,90342E-05;2,06724E-05;2,41219E-05;8,07783E-05;7,48619E-05;7,12022E-05;0,00000E+00;0,00000E+00;1,87588E-04;2,12156E-05
517;1,97991E-02;7,80299E-02;1,43105E-01;2,09764E-01;2,75681E-01;3,41083E-01;4,10087E-01;4,79853E-01;5,41300E-01;6,09533E-01;6,80856E-01;7,42677E-01;8,12880E-01;8,86123E-01;9,45244E-01;1,01368E+00;1,08044E+00;1,14803E+00;1,22215E+00;1,27217E+00;0,00000E+00;1,03214E-04;0,00000E+00;3,62097E-04;0,00000E+00;0,00000E+00;0,00000E+00;1,45967E-05;0,00000E+00;4,37901E-05;8,56179E-04;5,46060E-04;4,37901E-05;3,94346E-04;4,27741E-04;4,61137E-04;4,94533E-04;5,27929E-04;5,61325E-04;5,94720E-04;0,00000E+00;0,00000E+00;0,00000E+00;0,00000E+00;0,00000E+00;0,00000E+00;0,00000E+00;8,46764E-05;0,00000E+00;1,40267E-04;5,28167E-06;5,61069E-05;1,09115E-05;0,00000E+00;1,16324E-04;1,43994E-04;8,17408E-05;0,00000E+00;3,41245E-05;0,00000E+00
518;2,02519E-02;8,07302E-02;1,48666E-01;2,14860E-01;2,84369E-01;3,49093E-01;4,20594E-01;4,94445E-01;5,67600E-01;6,23442E-01;6,94533E-01;7,64513E-01;8,31660E-01;9,08883E-01;9,74176E-01;1,04118E+00;1,10700E+00;1,18260E+00;1,24016E+00;1,31707E+00;0,00000E+00;0,00000E+00;0,00000E+00;4,08788E-04;4,13764E-05;3,50876E-05;2,18055E-04;2,38607E-03;4,44882E-04;5,53909E-04;1,75438E-05;2,26827E-04;7,01753E-05;3,96779E-04;3,96264E-04;3,95749E-04;3,95233E-04;3,94718E-04;3,94202E-04;3,93687E-04;0,00000E+00;5,35915E-06;0,00000E+00;2,10320E-06;0,00000E+00;0,00000E+00;0,00000E+00;8,28542E-06;0,00000E+00;5,99692E-05;0,00000E+00;0,00000E+00;6,90499E-05;1,82551E-04;6,38038E-06;0,00000E+00;0,00000E+00;0,00000E+00;1,19947E-04;1,51826E-04
519;2,07591E-02;8,25533E-02;1,50781E-01;2,22319E-01;2,94455E-01;3,61447E-01;4,33050E-01;5,02357E-01;5,67993E-01;6,43116E-01;7,14891E-01;7,87011E-01;8,55252E-01;9,32041E-01;9,98890E-01;1,06996E+00;1,14139E+00;1,20221E+00;1,27723E+00;1,35650E+00;0,00000E+00;0,00000E+00;0,00000E+00;2,61425E-04;6,20241E-04;6,61012E-04;0,00000E+00;9,38244E-04;8,52949E-05;4,37110E-04;3,94472E-04;4,69094E-04;8,74259E-04;6,58593E-04;6,92422E-04;7,26252E-04;7,60081E-04;7,93910E-04;8,27739E-04;8,61569E-04;0,00000E+00;0,00000E+00;0,00000E+00;2,04508E-05;0,00000E+00;0,00000E+00;0,00000E+00;8,05645E-05;0,00000E+00;5,11138E-05;0,00000E+00;0,00000E+00;0,00000E+00;0,00000E+00;6,20406E-05;4,05437E-06;0,00000E+00;0,00000E+00;0,00000E+00;9,35302E-05
520;2,11654E-02;8,43652E-02;1,54373E-01;2,26085E-01;2,98911E-01;3,73029E-01;4,41682E-01;5,21185E-01;5,85117E-01;6,62887E-01;7,35140E-01;8,03787E-01;8,75871E-01;9,59243E-01;1,02571E+00;1,10312E+00;1,17335E+00;1,23965E+00;1,32504E+00;1,38771E+00;0,00000E+00;0,00000E+00;0,00000E+00;0,00000E+00;4,22041E-04;6,19435E-04;3,30922E-04;0,00000E+00;1,10307E-04;1,39838E-03;4,33605E-04;7,43322E-04;3,71661E-04;7,25969E-04;7,74022E-04;8,22076E-04;8,70130E-04;9,18184E-04;9,66238E-04;1,01429E-03;9,07858E-06;0,00000E+00;0,00000E+00;0,00000E+00;0,00000E+00;5,60269E-06;0,00000E+00;0,00000E+00;0,00000E+00;8,40511E-05;0,00000E+00;0,00000E+00;0,00000E+00;0,00000E+00;3,34307E-05;7,85231E-06;0,00000E+00;3,70999E-05;0,00000E+00;2,42588E-04
521;2,17418E-02;8,63899E-02;1,58520E-01;2,32661E-01;3,07188E-01;3,83360E-01;4,54075E-01;5,31771E-01;6,00947E-01;6,80371E-01;7,52624E-01;8,28310E-01;8,95768E-01;9,80131E-01;1,05545E+00;1,13037E+00;1,20247E+00;1,26836E+00;1,34829E+00;1,42584E+00;0,00000E+00;1,95403E-04;0,00000E+00;0,00000E+00;0,00000E+00;7,82821E-05;2,32022E-04;5,47975E-04;1,56470E-03;5,02713E-04;0,00000E+00;5,47975E-04;0,00000E+00;5,12103E-04;5,41285E-04;5,70467E-04;5,99649E-04;6,28831E-04;6,58013E-04;6,87195E-04;6,36534E-06;1,28263E-05;0,00000E+00;0,00000E+00;0,00000E+00;3,92826E-06;0,00000E+00;3,16888E-05;0,00000E+00;5,66512E-05;0,00000E+00;4,24884E-05;0,00000E+00;3,49526E-05;2,34395E-05;0,00000E+00;2,06334E-05;2,26111E-04;0,00000E+00;4,30802E-05
522;2,24776E-02;8,80055E-02;1,63983E-01;2,36930E-01;3,12503E-01;3,89489E-01;4,64291E-01;5,40555E-01;6,19975E-01;6,91342E-01;7,74168E-01;8,46601E-01;9,23052E-01;1,00295E+00;1,07974E+00;1,15648E+00;1,22687E+00;1,30960E+00;1,37442E+00;1,44631E+00;0,00000E+00;3,41948E-04;0,00000E+00;0,00000E+00;0,00000E+00;1,12967E-03;2,02587E-03;1,01971E-03;2,93337E-04;9,11641E-04;0,00000E+00;1,72877E-03;1,01293E-03;1,24903E-03;1,32495E-03;1,40086E-03;1,47677E-03;1,55268E-03;1,62859E-03;1,70450E-03;0,00000E+00;2,41052E-05;0,00000E+00;2,08171E-05;0,00000E+00;0,00000E+00;0,00000E+00;6,24967E-06;0,00000E+00;1,57781E-04;1,19119E-04;8,37956E-06;0,00000E+00;1,53881E-04;0,00000E+00;0,00000E+00;4,06933E-06;8,03454E-05;0,00000E+00;0,00000E+00
523;2,27136E-02;8,98543E-02;1,65648E-01;2,41710E-01;3,20383E-01;3,93497E-01;4,74322E-01;5,52550E-01;6,22943E-01;7,05075E-01;7,87396E-01;8,58500E-01;9,36569E-01;1,02360E+00;1,10025E+00;1,18077E+00;1,24362E+00;1,31359E+00;1,39506E+00;1,47620E+00;0,00000E+00;7,13632E-05;1,11180E-05;1,00901E-05;4,83111E-05;1,30056E-03;2,30447E-05;0,00000E+00;6,91341E-05;9,90786E-04;4,64248E-04;5,17180E-04;1,06760E-03;8,44304E-04;9,08970E-04;9,73636E-04;1,03830E-03;1,10297E-03;1,16763E-03;1,23230E-03;0,00000E+00;1,00688E-06;0,00000E+00;0,00000E+00;1,47061E-05;0,00000E+00;5,99185E-05;4,07066E-05;0,00000E+00;0,00000E+00;1,27453E-04;0,00000E+00;0,00000E+00;0,00000E+00;1,31387E-04;2,92128E-06;2,07053E-04;1,34345E-05;2,23565E-04;2,87710E-04
524;2,30643E-02;9,13400E-02;1,67559E-01;2,47151E-01;3,22422E-01;4,04354E-01;4,80476E-01;5,60346E-01;6,31715E-01;7,13880E-01;8,00566E-01;8,74433E-01;9,50695E-01;1,03274E+00;1,12184E+00;1,18810E+00;1,26595E+00;1,35986E+00;1,41681E+00;1,49508E+00;0,00000E+00;2,21561E-04;1,23057E-04;1,11681E-04;5,34722E-04;0,00000E+00;2,85670E-04;1,53022E-04;1,01003E-03;7,20922E-04;3,40088E-04;2,33978E-03;1,23449E-03;1,51702E-03;1,64991E-03;1,78280E-03;1,91569E-03;2,04858E-03;2,18147E-03;2,31436E-03;1,53320E-06;2,56864E-05;0,00000E+00;0,00000E+00;0,00000E+00;0,00000E+00;2,02530E-05;1,01639E-04;2,08434E-05;1,38424E-05;0,00000E+00;0,00000E+00;0,00000E+00;0,00000E+00;0,00000E+00;5,56111E-05;1,10701E-04;1,48697E-04;0,00000E+00;2,41523E-04
525;2,34500E-02;9,31554E-02;1,71418E-01;2,51769E-01;3,29314E-01;4,08561E-01;4,89434E-01;5,68682E-01;6,46072E-01;7,27258E-01;8,14558E-01;8,88295E-01;9,71268E-01;1,04669E+00;1,13288E+00;1,21555E+00;1,28938E+00;1,37247E+00;1,45649E+00;1,52352E+00;0,00000E+00;2,08598E-04;0,00000E+00;4,68060E-05;0,00000E+00;2,13799E-04;1,15384E-04;8,97620E-04;4,95476E-04;1,16827E-03;0,00000E+00;9,14589E-04;4,33541E-04;7,90080E-04;8,49613E-04;9,09145E-04;9,68678E-04;1,02821E-03;1,08774E-03;1,14727E-03;3,10275E-06;3,03043E-05;0,00000E+00;5,49231E-06;0,00000E+00;0,00000E+00;0,00000E+00;1,16427E-04;4,21811E-05;2,80130E-05;0,00000E+00;0,00000E+00;0,00000E+00;0,00000E+00;0,00000E+00;1,01312E-04;6,52983E-05;0,00000E+00;0,00000E+00;1,96358E-04
526;2,39221E-02;9,45385E-02;1,74326E-01;2,54785E-01;3,35020E-01;4,17003E-01;4,96512E-01;5,79738E-01;6,58146E-01;7,38593E-01;8,19888E-01;8,97792E-01;9,85323E-01;1,07122E+00;1,14064E+00;1,24304E+00;1,30991E+00;1,39568E+00;1,47347E+00;1,55228E+00;0,00000E+00;1,06944E-04;0,00000E+00;3,41077E-05;3,19610E-04;1,68036E-03;3,89490E-05;8,85808E-04;0,00000E+00;3,89490E-05;5,33597E-04;6,55454E-04;1,52456E-04;4,30341E-04;4,35671E-04;4,41002E-04;4,46332E-04;4,51663E-04;4,56993E-04;4,62324E-04;0,00000E+00;6,38169E-07;0,00000E+00;4,00227E-06;0,00000E+00;0,00000E+00;0,00000E+00;5,91996E-05;0,00000E+00;2,75824E-05;0,00000E+00;4,82692E-05;3,21848E-05;8,50888E-05;0,00000E+00;4,91623E-05;0,00000E+00;0,00000E+00;0,00000E+00;1,97427E-04
527;2,41074E-02;9,55619E-02;1,76163E-01;2,57648E-01;3,40457E-01;4,17435E-01;5,01866E-01;5,87387E-01;6,67018E-01;7,55026E-01;8,31128E-01;9,14189E-01;9,91821E-01;1,07921E+00;1,15034E+00;1,24946E+00;1,33140E+00;1,41265E+00;1,47237E+00;1,56371E+00;0,00000E+00;1,96792E-04;0,00000E+00;0,00000E+00;6,69921E-05;1,40359E-03;1,57677E-03;8,84251E-04;0,00000E+00;0,00000E+00;2,18135E-03;9,50844E-04;3,19556E-05;9,98333E-04;1,05085E-03;1,10336E-03;1,15587E-03;1,20838E-03;1,26089E-03;1,31341E-03;0,00000E+00;0,00000E+00;0,00000E+00;0,00000E+00;9,36039E-05;0,00000E+00;0,00000E+00;3,84528E-05;2,23724E-05;1,46961E-05;1,60464E-04;1,79496E-04;6,74611E-06;1,78351E-05;2,38935E-05;2,02544E-06;0,00000E+00;0,00000E+00;0,00000E+00;2,09553E-04
528;2,44204E-02;9,66576E-02;1,79341E-01;2,60446E-01;3,44367E-01;4,29374E-01;5,05812E-01;5,96724E-01;6,72802E-01;7,59358E-01;8,47639E-01;9,23019E-01;1,00854E+00;1,10068E+00;1,19273E+00;1,26575E+00;1,34648E+00;1,43388E+00;1,51058E+00;1,58350E+00;1,07184E-05;1,25981E-04;8,76377E-05;3,24070E-04;1,77357E-05;1,02222E-03;6,76802E-05;3,38401E-05;6,76802E-05;0,00000E+00;4,30256E-04;4,73762E-05;1,09594E-03;4,79613E-04;5,07739E-04;5,35865E-04;5,63990E-04;5,92116E-04;6,20242E-04;6,48368E-04;0,00000E+00;0,00000E+00;0,00000E+00;2,57901E-05;6,32466E-05;0,00000E+00;0,00000E+00;0,00000E+00;0,00000E+00;2,12972E-05;7,34683E-06;5,83815E-05;1,24892E-04;0,00000E+00;0,00000E+00;2,23068E-05;0,00000E+00;2,00315E-05;2,45981E-04;7,48941E-05
529;2,46045E-02;9,79329E-02;1,79926E-01;2,63651E-01;3,47799E-01;4,29181E-01;5,19381E-01;5,98229E-01;6,81042E-01;7,69021E-01;8,55632E-01;9,32359E-01;1,02683E+00;1,11529E+00;1,17780E+00;1,27476E+00;1,37846E+00;1,44524E+00;1,52734E+00;1,60958E+00;1,33754E-04;2,97859E-04;2,39105E-04;5,69140E-04;3,75204E-04;6,75659E-04;8,44574E-04;4,22287E-04;8,73935E-04;0,00000E+00;2,93612E-05;5,91202E-04;4,58900E-04;3,88745E-04;3,77891E-04;3,67037E-04;3,56183E-04;3,45330E-04;3,34476E-04;3,23622E-04;0,00000E+00;0,00000E+00;0,00000E+00;8,04547E-06;0,00000E+00;0,00000E+00;3,49705E-06;3,16946E-05;0,00000E+00;2,29200E-05;1,23552E-04;0,00000E+00;0,00000E+00;1,63870E-05;0,00000E+00;2,78364E-04;0,00000E+00;2,49971E-04;1,52484E-04;0,00000E+00
530;2,47724E-02;9,99602E-02;1,82057E-01;2,67284E-01;3,52465E-01;4,37579E-01;5,19687E-01;6,07271E-01;6,92503E-01;7,80019E-01;8,67670E-01;9,47081E-01;1,03672E+00;1,12382E+00;1,19705E+00;1,28999E+00;1,37859E+00;1,45283E+00;1,53944E+00;1,62644E+00;0,00000E+00;1,38461E-04;4,70354E-04;1,07945E-04;8,66279E-04;6,73758E-04;3,62793E-04;1,55483E-04;1,65288E-04;8,29240E-04;3,20771E-04;4,66448E-04;4,31433E-04;4,21739E-04;4,18893E-04;4,16046E-04;4,13199E-04;4,10352E-04;4,07505E-04;4,04659E-04;0,00000E+00;0,00000E+00;0,00000E+00;1,68886E-05;1,17208E-05;2,89565E-05;7,34081E-06;1,11988E-04;0,00000E+00;0,00000E+00;6,69042E-05;3,28182E-05;1,09412E-05;3,43987E-05;0,00000E+00;0,00000E+00;0,00000E+00;0,00000E+00;7,62817E-05;0,00000E+00
531;2,51688E-02;1,00592E-01;1,82434E-01;2,68757E-01;3,54888E-01;4,37433E-01;5,28276E-01;6,11386E-01;6,94706E-01;7,84128E-01;8,70960E-01;9,54437E-01;1,04055E+00;1,13342E+00;1,21571E+00;1,29892E+00;1,39121E+00;1,46770E+00;1,55958E+00;1,63276E+00;1,40707E-04;9,24071E-05;1,68834E-04;0,00000E+00;4,07576E-04;1,02376E-03;2,72183E-04;9,31091E-04;1,55857E-03;1,58465E-03;2,68457E-04;1,23843E-03;0,00000E+00;9,52969E-04;9,93903E-04;1,03484E-03;1,07577E-03;1,11671E-03;1,15764E-03;1,19857E-03;0,00000E+00;0,00000E+00;0,00000E+00;3,55045E-05;2,88865E-05;9,69369E-05;0,00000E+00;4,90893E-05;0,00000E+00;1,47349E-04;0,00000E+00;8,49007E-05;8,20860E-06;2,47939E-05;0,00000E+00;0,00000E+00;6,83037E-05;0,00000E+00;5,09096E-05;0,00000E+00
532;2,54809E-02;1,00727E-01;1,84345E-01;2,71920E-01;3,57438E-01;4,43224E-01;5,36042E-01;6,15419E-01;7,02324E-01;7,93519E-01;8,76530E-01;9,64339E-01;1,04448E+00;1,14301E+00;1,23264E+00;1,30353E+00;1,40651E+00;1,48266E+00;1,57889E+00;1,65395E+00;3,10860E-05;2,04152E-05;0,00000E+00;0,00000E+00;0,00000E+00;4,02933E-04;0,00000E+00;5,64506E-04;3,27149E-04;7,89508E-04;1,55465E-03;1,54230E-03;0,00000E+00;1,14369E-03;1,24369E-03;1,34368E-03;1,44367E-03;1,54367E-03;1,64366E-03;1,74366E-03;0,00000E+00;1,10270E-05;0,00000E+00;2,10164E-05;2,18334E-05;1,66165E-05;0,00000E+00;3,31078E-06;0,00000E+00;3,25533E-05;6,95771E-05;1,33173E-05;0,00000E+00;5,47765E-06;0,00000E+00;7,31262E-05;1,41797E-04;0,00000E+00;9,05767E-05;0,00000E+00
533;2,56517E-02;1,02217E-01;1,86164E-01;2,72724E-01;3,63308E-01;4,48850E-01;5,36545E-01;6,22346E-01;7,06750E-01;7,91864E-01;8,86981E-01;9,71854E-01;1,05645E+00;1,14512E+00;1,23828E+00;1,32540E+00;1,41344E+00;1,48489E+00;1,59040E+00;1,67772E+00;6,93027E-05;3,60936E-05;1,24207E-04;1,95145E-04;1,89460E-05;1,70222E-03;1,12414E-04;9,69548E-04;1,20498E-05;1,12414E-04;4,81992E-05;7,10631E-04;4,55679E-04;4,31513E-04;4,35367E-04;4,39221E-04;4,43075E-04;4,46929E-04;4,50783E-04;4,54637E-04;0,00000E+00;1,56883E-05;0,00000E+00;0,00000E+00;8,66153E-05;0,00000E+00;0,00000E+00;5,28428E-06;4,83048E-05;2,88718E-05;1,07139E-05;5,45013E-07;0,00000E+00;0,00000E+00;0,00000E+00;1,07891E-04;5,60834E-05;1,43128E-05;1,38302E-04;1,67800E-06
534;2,59087E-02;1,02329E-01;1,87513E-01;2,74760E-01;3,63489E-01;4,48746E-01;5,37124E-01;6,25908E-01;7,15971E-01;7,99208E-01;8,92010E-01;9,91386E-01;1,06353E+00;1,16305E+00;1,25788E+00;1,34034E+00;1,42686E+00;1,51353E+00;1,60841E+00;1,68307E+00;2,65458E-05;5,02085E-04;1,21304E-04;9,56713E-04;2,63551E-04;1,98335E-04;3,38813E-04;5,35958E-04;4,22623E-04;1,68811E-04;7,27150E-04;1,11906E-03;7,02388E-04;8,01568E-04;8,45657E-04;8,89745E-04;9,33834E-04;9,77922E-04;1,02201E-03;1,06610E-03;0,00000E+00;1,39271E-06;0,00000E+00;0,00000E+00;0,00000E+00;0,00000E+00;0,00000E+00;7,35078E-05;0,00000E+00;0,00000E+00;3,05413E-05;7,58148E-06;0,00000E+00;0,00000E+00;0,00000E+00;1,79586E-05;0,00000E+00;0,00000E+00;1,07790E-04;2,33420E-05
535;2,60015E-02;1,03024E-01;1,88445E-01;2,76932E-01;3,66492E-01;4,51879E-01;5,38463E-01;6,33641E-01;7,18211E-01;8,08842E-01;9,02759E-01;9,88544E-01;1,07693E+00;1,17545E+00;1,26367E+00;1,34256E+00;1,43079E+00;1,51295E+00;1,60767E+00;1,68560E+00;0,00000E+00;5,04788E-05;0,00000E+00;4,02942E-04;0,00000E+00;4,29460E-04;7,54391E-04;7,97569E-04;6,53277E-04;1,84054E-04;5,27158E-04;2,45406E-04;6,13514E-04;5,94571E-04;6,20686E-04;6,46801E-04;6,72916E-04;6,99031E-04;7,25146E-04;7,51261E-04;0,00000E+00;7,15748E-06;0,00000E+00;8,65842E-06;2,05802E-05;0,00000E+00;0,00000E+00;3,41093E-06;0,00000E+00;3,20137E-05;3,32991E-05;0,00000E+00;0,00000E+00;0,00000E+00;6,12889E-06;3,88863E-05;0,00000E+00;0,00000E+00;3,37480E-05;2,11209E-05
536;2,59986E-02;1,03364E-01;1,90868E-01;2,77690E-01;3,70234E-01;4,56116E-01;5,43381E-01;6,40320E-01;7,24507E-01;8,12718E-01;9,01258E-01;9,93346E-01;1,07721E+00;1,17553E+00;1,27499E+00;1,35480E+00;1,45504E+00;1,52916E+00;1,61467E+00;1,69810E+00;0,00000E+00;1,84073E-04;0,00000E+00;6,36548E-05;1,14291E-04;0,00000E+00;1,55912E-04;8,72280E-04;4,41406E-04;5,08830E-04;4,57205E-04;0,00000E+00;1,38111E-03;8,43891E-04;9,15352E-04;9,86813E-04;1,05827E-03;1,12973E-03;1,20120E-03;1,27266E-03;0,00000E+00;5,57524E-06;0,00000E+00;6,67542E-06;5,86078E-05;0,00000E+00;0,00000E+00;2,62974E-06;0,00000E+00;5,75594E-05;0,00000E+00;0,00000E+00;0,00000E+00;6,49116E-05;4,72522E-06;0,00000E+00;0,00000E+00;0,00000E+00;3,99850E-05;1,62837E-05
537;2,62082E-02;1,04576E-01;1,91227E-01;2,81732E-01;3,67769E-01;4,58970E-01;5,48335E-01;6,40372E-01;7,29762E-01;8,17172E-01;9,05951E-01;9,93523E-01;1,09325E+00;1,17897E+00;1,27445E+00;1,36873E+00;1,46068E+00;1,54408E+00;1,62031E+00;1,69741E+00;0,00000E+00;3,33104E-05;0,00000E+00;5,11979E-04;4,23126E-04;0,00000E+00;3,78646E-04;1,62009E-03;8,34048E-05;1,06338E-03;3,33619E-05;0,00000E+00;6,95584E-04;5,11801E-04;5,22885E-04;5,33969E-04;5,45053E-04;5,56138E-04;5,67222E-04;5,78306E-04;0,00000E+00;5,46626E-07;0,00000E+00;0,00000E+00;9,80824E-06;3,84641E-05;0,00000E+00;0,00000E+00;2,14901E-05;9,31756E-05;1,79825E-04;1,45572E-04;0,00000E+00;1,48960E-05;0,00000E+00;2,15997E-04;0,00000E+00;0,00000E+00;7,42645E-05;0,00000E+00
538;2,64313E-02;1,05061E-01;1,92478E-01;2,81095E-01;3,72191E-01;4,59544E-01;5,48975E-01;6,38698E-01;7,30913E-01;8,16899E-01;9,09426E-01;9,98556E-01;1,09312E+00;1,19055E+00;1,29461E+00;1,36934E+00;1,45987E+00;1,53477E+00;1,62978E+00;1,73085E+00;0,00000E+00;2,46157E-05;2,97358E-05;2,51986E-04;2,29709E-05;9,47159E-04;3,83504E-05;5,47863E-06;3,28718E-05;1,47336E-03;8,24337E-04;1,09573E-05;2,10480E-03;1,22526E-03;1,32980E-03;1,43434E-03;1,53888E-03;1,64342E-03;1,74796E-03;1,85250E-03;0,00000E+00;3,59063E-07;0,00000E+00;1,12872E-04;7,08526E-05;0,00000E+00;1,00277E-04;1,84814E-06;0,00000E+00;1,80880E-04;1,90400E-05;0,00000E+00;0,00000E+00;0,00000E+00;7,30577E-06;1,46749E-04;1,44405E-06;0,00000E+00;2,89450E-05;1,10215E-04
539;2,66834E-02;1,06130E-01;1,92425E-01;2,84608E-01;3,72170E-01;4,64192E-01;5,56883E-01;6,47633E-01;7,36658E-01;8,29558E-01;9,21816E-01;1,02037E+00;1,09668E+00;1,20189E+00;1,28783E+00;1,37807E+00;1,47233E+00;1,54826E+00;1,63625E+00;1,73930E+00;4,79788E-05;5,31643E-04;5,11011E-04;3,27602E-04;4,20737E-04;3,58040E-04;1,16031E-03;4,13632E-04;4,98803E-04;1,92791E-04;1,79835E-03;1,66268E-04;3,85582E-04;6,91065E-04;7,09560E-04;7,28054E-04;7,46548E-04;7,65043E-04;7,83537E-04;8,02032E-04;0,00000E+00;5,44849E-06;0,00000E+00;1,70851E-05;6,39224E-05;0,00000E+00;0,00000E+00;2,80440E-05;0,00000E+00;4,98282E-06;1,49485E-05;0,00000E+00;0,00000E+00;0,00000E+00;1,10859E-04;2,09479E-05;6,54683E-05;0,00000E+00;0,00000E+00;1,15768E-04
540;2,67526E-02;1,06559E-01;1,94418E-01;2,85974E-01;3,76669E-01;4,66111E-01;5,54995E-01;6,48110E-01;7,39527E-01;8,32428E-01;9,24094E-01;1,01403E+00;1,10394E+00;1,20155E+00;1,29813E+00;1,38707E+00;1,47436E+00;1,56578E+00;1,65527E+00;1,74868E+00;2,08125E-04;4,61153E-04;6,69872E-04;6,50476E-05;1,59712E-04;9,90393E-04;1,62653E-03;1,32561E-03;3,46642E-04;7,23751E-04;1,38274E-03;2,47602E-04;1,59606E-03;1,22320E-03;1,28160E-03;1,33999E-03;1,39839E-03;1,45678E-03;1,51518E-03;1,57357E-03;0,00000E+00;5,67964E-06;0,00000E+00;0,00000E+00;0,00000E+00;0,00000E+00;0,00000E+00;0,00000E+00;0,00000E+00;1,10265E-05;3,30796E-05;0,00000E+00;5,22708E-06;0,00000E+00;0,00000E+00;1,34241E-04;9,63858E-05;3,33106E-05;0,00000E+00;0,00000E+00
541;2,69600E-02;1,06722E-01;1,96090E-01;2,87519E-01;3,76851E-01;4,68534E-01;5,59019E-01;6,53266E-01;7,45666E-01;8,39842E-01;9,26435E-01;1,02085E+00;1,11437E+00;1,21771E+00;1,29698E+00;1,39621E+00;1,48841E+00;1,57987E+00;1,65962E+00;1,74846E+00;7,98855E-05;1,76233E-04;4,21206E-04;6,13383E-04;0,00000E+00;1,55209E-04;2,71615E-04;1,03651E-03;9,13859E-04;5,18255E-04;2,71615E-04;2,65371E-04;1,50972E-03;8,71864E-04;9,20699E-04;9,69533E-04;1,01837E-03;1,06720E-03;1,11604E-03;1,16487E-03;0,00000E+00;4,45034E-06;0,00000E+00;0,00000E+00;0,00000E+00;0,00000E+00;4,24968E-05;0,00000E+00;0,00000E+00;7,10079E-05;7,74632E-05;1,29105E-05;4,09574E-06;4,77932E-05;1,73017E-05;2,31692E-04;0,00000E+00;1,22104E-04;0,00000E+00;4,96865E-05
542;2,68612E-02;1,06496E-01;1,96175E-01;2,87838E-01;3,75647E-01;4,69770E-01;5,64174E-01;6,51868E-01;7,39532E-01;8,37255E-01;9,28451E-01;1,01910E+00;1,10879E+00;1,22178E+00;1,29848E+00;1,39504E+00;1,48452E+00;1,57462E+00;1,66093E+00;1,75988E+00;2,94464E-05;9,05242E-05;2,69116E-04;1,32017E-04;6,82146E-04;9,29679E-05;1,02265E-03;1,52852E-03;1,82418E-03;3,45906E-04;2,78904E-04;1,09719E-04;2,07712E-03;1,21642E-03;1,28422E-03;1,35202E-03;1,41982E-03;1,48762E-03;1,55542E-03;1,62323E-03;0,00000E+00;0,00000E+00;0,00000E+00;3,18435E-06;0,00000E+00;0,00000E+00;9,97541E-06;6,27228E-05;0,00000E+00;1,66679E-05;5,18227E-05;7,87194E-05;1,17758E-04;1,12186E-05;3,78721E-05;3,82214E-05;1,10269E-04;2,25352E-05;3,83546E-05;1,16631E-05
543;2,68445E-02;1,06627E-01;1,95743E-01;2,87959E-01;3,82434E-01;4,70480E-01;5,58762E-01;6,53995E-01;7,47728E-01;8,31311E-01;9,31380E-01;1,02329E+00;1,11124E+00;1,22206E+00;1,30498E+00;1,38905E+00;1,49469E+00;1,58060E+00;1,68821E+00;1,75124E+00;4,96111E-05;3,82889E-04;1,30308E-05;4,01809E-04;5,22207E-04;1,02893E-05;0,00000E+00;3,13264E-04;2,14502E-03;3,08680E-05;0,00000E+00;3,48192E-03;5,05145E-04;1,53259E-03;1,66009E-03;1,78759E-03;1,91508E-03;2,04258E-03;2,17008E-03;2,29758E-03;0,00000E+00;1,68588E-07;0,00000E+00;1,50115E-05;0,00000E+00;5,83411E-05;0,00000E+00;2,35647E-05;0,00000E+00;0,00000E+00;0,00000E+00;1,39224E-04;2,31465E-04;0,00000E+00;0,00000E+00;1,21742E-04;0,00000E+00;0,00000E+00;0,00000E+00;3,76794E-05
544;2,70734E-02;1,07215E-01;1,96612E-01;2,88019E-01;3,81891E-01;4,69458E-01;5,64327E-01;6,56253E-01;7,46739E-01;8,43743E-01;9,42717E-01;1,02929E+00;1,12349E+00;1,22790E+00;1,30046E+00;1,39228E+00;1,48634E+00;1,59188E+00;1,67796E+00;1,76290E+00;7,68100E-05;3,81759E-04;2,86449E-04;7,77111E-04;4,74457E-04;3,53210E-04;0,00000E+00;1,34725E-04;1,22862E-03;5,74622E-04;4,85009E-04;5,76085E-04;1,77629E-03;1,06880E-03;1,13758E-03;1,20637E-03;1,27515E-03;1,34394E-03;1,41273E-03;1,48151E-03;0,00000E+00;2,69685E-06;0,00000E+00;1,12755E-05;2,68118E-05;0,00000E+00;0,00000E+00;3,88669E-05;0,00000E+00;0,00000E+00;7,31232E-06;1,40919E-04;0,00000E+00;0,00000E+00;0,00000E+00;4,17302E-05;3,55105E-06;0,00000E+00;0,00000E+00;1,37525E-04
545;2,70848E-02;1,07478E-01;1,96863E-01;2,88296E-01;3,81404E-01;4,70055E-01;5,66173E-01;6,54414E-01;7,48877E-01;8,43808E-01;9,37696E-01;1,02922E+00;1,11636E+00;1,22751E+00;1,31624E+00;1,40871E+00;1,50089E+00;1,58279E+00;1,67460E+00;1,76668E+00;2,33404E-04;4,04763E-04;1,74480E-04;9,16870E-04;1,27374E-04;4,70534E-04;0,00000E+00;8,84654E-04;8,20517E-04;2,78039E-04;1,13356E-03;4,86065E-04;1,13549E-03;9,56699E-04;1,01205E-03;1,06741E-03;1,12276E-03;1,17811E-03;1,23346E-03;1,28882E-03;0,00000E+00;0,00000E+00;0,00000E+00;0,00000E+00;6,87714E-05;0,00000E+00;0,00000E+00;1,31174E-05;0,00000E+00;8,79388E-06;1,63575E-05;1,18193E-04;0,00000E+00;0,00000E+00;0,00000E+00;1,84849E-05;7,94363E-06;0,00000E+00;6,01588E-05;6,76869E-06
546;2,70815E-02;1,07565E-01;1,97921E-01;2,89676E-01;3,83453E-01;4,73918E-01;5,67824E-01;6,59190E-01;7,49645E-01;8,42708E-01;9,37009E-01;1,03388E+00;1,11615E+00;1,22666E+00;1,31206E+00;1,42054E+00;1,50140E+00;1,59043E+00;1,69075E+00;1,77362E+00;1,26666E-04;3,64202E-04;0,00000E+00;8,93809E-04;2,11339E-04;6,00778E-04;1,26518E-03;1,09430E-03;3,58102E-04;5,68966E-04;2,49339E-04;8,06482E-04;2,30853E-04;5,47240E-04;5,43733E-04;5,40227E-04;5,36720E-04;5,33213E-04;5,29706E-04;5,26199E-04;0,00000E+00;0,00000E+00;0,00000E+00;0,00000E+00;1,64983E-05;0,00000E+00;6,27871E-05;3,88361E-05;0,00000E+00;6,96100E-06;3,17912E-05;6,71989E-05;0,00000E+00;0,00000E+00;1,36333E-04;2,35422E-05;4,63158E-05;0,00000E+00;4,76201E-05;5,42975E-05
547;2,71481E-02;1,08585E-01;1,97237E-01;2,89501E-01;3,84758E-01;4,73658E-01;5,67383E-01;6,64134E-01;7,50036E-01;8,52919E-01;9,42180E-01;1,02371E+00;1,12377E+00;1,22867E+00;1,32171E+00;1,40518E+00;1,50101E+00;1,61624E+00;1,69030E+00;1,76736E+00;1,49384E-04;8,29292E-04;0,00000E+00;5,66525E-04;9,88733E-04;4,09036E-04;2,41244E-03;1,89488E-03;9,85004E-04;1,16874E-04;5,09198E-04;1,66115E-03;1,56097E-03;1,47565E-03;1,54493E-03;1,61422E-03;1,68351E-03;1,75280E-03;1,82208E-03;1,89137E-03;1,31430E-06;0,00000E+00;0,00000E+00;6,29020E-05;2,26551E-06;0,00000E+00;2,03827E-05;5,63184E-05;0,00000E+00;0,00000E+00;7,55170E-06;6,04136E-06;2,90766E-05;0,00000E+00;6,57787E-05;1,65075E-04;1,10019E-05;0,00000E+00;3,78818E-05;2,44118E-05
548;2,70768E-02;1,07292E-01;1,98424E-01;2,89898E-01;3,84753E-01;4,71930E-01;5,69059E-01;6,65760E-01;7,56613E-01;8,48805E-01;9,38217E-01;1,03771E+00;1,12886E+00;1,24196E+00;1,30764E+00;1,41500E+00;1,50491E+00;1,58892E+00;1,68943E+00;1,77495E+00;3,95495E-06;2,57899E-04;7,21158E-04;2,40559E-05;1,13535E-04;2,06638E-04;0,00000E+00;9,01472E-04;3,34930E-04;1,19871E-04;2,34294E-03;2,04298E-03;2,27459E-03;2,15331E-03;2,35066E-03;2,54801E-03;2,74537E-03;2,94272E-03;3,14008E-03;3,33743E-03;0,00000E+00;0,00000E+00;0,00000E+00;4,24668E-05;0,00000E+00;0,00000E+00;0,00000E+00;4,04368E-06;0,00000E+00;9,34624E-05;3,73850E-05;0,00000E+00;3,27173E-05;0,00000E+00;1,57567E-04;2,43349E-04;2,60027E-04;6,71942E-07;9,21186E-05;1,39105E-06
549;2,73801E-02;1,08875E-01;2,00077E-01;2,92234E-01;3,83223E-01;4,77264E-01;5,69594E-01;6,62237E-01;7,56211E-01;8,49772E-01;9,42995E-01;1,03936E+00;1,12945E+00;1,22208E+00;1,32156E+00;1,42417E+00;1,51807E+00;1,60659E+00;1,68878E+00;1,79316E+00;1,27926E-04;2,32816E-04;4,08599E-04;5,09742E-04;1,97277E-04;0,00000E+00;0,00000E+00;1,65052E-03;6,21237E-04;2,43831E-03;1,40902E-03;1,49229E-03;2,45996E-03;2,28312E-03;2,47132E-03;2,65953E-03;2,84774E-03;3,03594E-03;3,22415E-03;3,41236E-03;0,00000E+00;0,00000E+00;0,00000E+00;0,00000E+00;9,64257E-06;0,00000E+00;0,00000E+00;9,30403E-05;0,00000E+00;0,00000E+00;3,37490E-05;1,20532E-05;0,00000E+00;0,00000E+00;1,18720E-04;1,95084E-04;1,02287E-04;2,53197E-05;1,12229E-04;2,27291E-05
550;2,73623E-02;1,08524E-01;1,99093E-01;2,91040E-01;3,84756E-01;4,78004E-01;5,71661E-01;6,65785E-01;7,56774E-01;8,53364E-01;9,47067E-01;1,04219E+00;1,13197E+00;1,23630E+00;1,33264E+00;1,40651E+00;1,52200E+00;1,60713E+00;1,69471E+00;1,78552E+00;2,64296E-04;6,43027E-04;6,94010E-04;6,63076E-04;6,80442E-04;6,75039E-04;0,00000E+00;9,57221E-04;1,15365E-03;1,12509E-03;1,22508E-03;1,76886E-03;2,20552E-03;1,89412E-03;2,02502E-03;2,15593E-03;2,28684E-03;2,41775E-03;2,54866E-03;2,67957E-03;0,00000E+00;0,00000E+00;0,00000E+00;0,00000E+00;2,16475E-05;0,00000E+00;0,00000E+00;6,05447E-05;0,00000E+00;4,36171E-06;1,06298E-04;9,24851E-05;4,58056E-05;0,00000E+00;1,16905E-05;2,32610E-04;1,81342E-04;3,21944E-05;0,00000E+00;1,34289E-05
551;2,74898E-02;1,08491E-01;1,98797E-01;2,92882E-01;3,86376E-01;4,78092E-01;5,70832E-01;6,66658E-01;7,59758E-01;8,48620E-01;9,48888E-01;1,04340E+00;1,13758E+00;1,24099E+00;1,33494E+00;1,41798E+00;1,52148E+00;1,61367E+00;1,69866E+00;1,79226E+00;1,07818E-04;4,26476E-04;3,15032E-04;4,39970E-04;1,07214E-03;1,23286E-03;9,77556E-04;1,32668E-03;1,02338E-03;3,81862E-05;1,40415E-03;2,18642E-03;1,81656E-03;1,83281E-03;1,94535E-03;2,05789E-03;2,17043E-03;2,28297E-03;2,39551E-03;2,50805E-03;0,00000E+00;0,00000E+00;0,00000E+00;0,00000E+00;4,73731E-05;0,00000E+00;0,00000E+00;4,23983E-05;0,00000E+00;5,39856E-05;1,82090E-04;5,18148E-05;3,62764E-05;3,89709E-05;1,19300E-04;1,73157E-04;6,44156E-05;0,00000E+00;0,00000E+00;1,06352E-05
552;2,75124E-02;1,09159E-01;1,99658E-01;2,90359E-01;3,87446E-01;4,79042E-01;5,75746E-01;6,61831E-01;7,62510E-01;8,54286E-01;9,54432E-01;1,04688E+00;1,13985E+00;1,23857E+00;1,33939E+00;1,43250E+00;1,51323E+00;1,61684E+00;1,69499E+00;1,79461E+00;1,47265E-04;4,88792E-04;3,06270E-04;1,14872E-03;8,91350E-04;1,17003E-03;9,62164E-04;2,59754E-03;2,30780E-03;1,64404E-03;1,58498E-03;1,36058E-03;3,52743E-03;2,72855E-03;2,89764E-03;3,06674E-03;3,23583E-03;3,40493E-03;3,57403E-03;3,74312E-03;0,00000E+00;0,00000E+00;0,00000E+00;0,00000E+00;1,12176E-05;0,00000E+00;0,00000E+00;1,82580E-04;2,76468E-05;7,80633E-05;2,27423E-04;4,13112E-05;9,64088E-05;9,22801E-06;2,03216E-04;8,51387E-05;1,52531E-05;1,59740E-04;0,00000E+00;0,00000E+00
553;2,73141E-02;1,09685E-01;1,99398E-01;2,90697E-01;3,84891E-01;4,75844E-01;5,78063E-01;6,71541E-01;7,61189E-01;8,57883E-01;9,49684E-01;1,04998E+00;1,13843E+00;1,24073E+00;1,34018E+00;1,44231E+00;1,52301E+00;1,62020E+00;1,71329E+00;1,77378E+00;1,91765E-04;0,00000E+00;8,24907E-04;3,88058E-04;7,76831E-04;2,41796E-03;0,00000E+00;1,11571E-04;2,79200E-03;3,15717E-03;1,69904E-03;2,50545E-03;2,17071E-03;2,71767E-03;2,89403E-03;3,07039E-03;3,24675E-03;3,42311E-03;3,59947E-03;3,77583E-03;0,00000E+00;5,04829E-06;0,00000E+00;4,03893E-06;0,00000E+00;9,38965E-05;6,04030E-07;2,05293E-06;0,00000E+00;0,00000E+00;2,15059E-04;5,96389E-06;7,58854E-05;0,00000E+00;0,00000E+00;0,00000E+00;2,70703E-05;1,00130E-04;3,48708E-06;1,41244E-06
554;2,75185E-02;1,09503E-01;2,00854E-01;2,91993E-01;3,88653E-01;4,79784E-01;5,72677E-01;6,70689E-01;7,59755E-01;8,54113E-01;9,49371E-01;1,04436E+00;1,14868E+00;1,24147E+00;1,34425E+00;1,42756E+00;1,52270E+00;1,61314E+00;1,70455E+00;1,79627E+00;2,51607E-04;0,00000E+00;1,55764E-04;1,28679E-03;1,39841E-03;1,15718E-03;6,65817E-04;1,78171E-03;2,13011E-03;2,20021E-03;1,23708E-03;1,23381E-03;2,39535E-03;2,14585E-03;2,25344E-03;2,36104E-03;2,46863E-03;2,57623E-03;2,68382E-03;2,79142E-03;0,00000E+00;0,00000E+00;0,00000E+00;1,56197E-05;0,00000E+00;0,00000E+00;9,64588E-06;3,99710E-05;0,00000E+00;0,00000E+00;2,19781E-05;1,43422E-04;0,00000E+00;0,00000E+00;1,93717E-05;0,00000E+00;1,40396E-05;6,52258E-05;5,56860E-05;2,62643E-05
555;2,75061E-02;1,09920E-01;2,00748E-01;2,93268E-01;3,89360E-01;4,78161E-01;5,74283E-01;6,69270E-01;7,61288E-01;8,57953E-01;9,49119E-01;1,04355E+00;1,14122E+00;1,23216E+00;1,33298E+00;1,43164E+00;1,52843E+00;1,61444E+00;1,70965E+00;1,79703E+00;2,55754E-04;8,40917E-05;6,60509E-04;6,17912E-04;1,35671E-03;8,81845E-04;1,72334E-03;1,49193E-03;1,52207E-03;3,20507E-03;1,30040E-03;2,98922E-03;2,87061E-03;3,02124E-03;3,21873E-03;3,41622E-03;3,61370E-03;3,81119E-03;4,00868E-03;4,20616E-03;0,00000E+00;0,00000E+00;0,00000E+00;1,62515E-05;4,35355E-06;1,71111E-05;0,00000E+00;1,60055E-05;0,00000E+00;0,00000E+00;0,00000E+00;1,07301E-04;6,09598E-05;0,00000E+00;4,31389E-05;6,10082E-06;7,56629E-05;2,39368E-05;0,00000E+00;4,84703E-05
556;2,75997E-02;1,09732E-01;2,01232E-01;2,95350E-01;3,90479E-01;4,81384E-01;5,76474E-01;6,71942E-01;7,62405E-01;8,56598E-01;9,61184E-01;1,04512E+00;1,13936E+00;1,24466E+00;1,34846E+00;1,43322E+00;1,52734E+00;1,60987E+00;1,72123E+00;1,79643E+00;2,96609E-04;4,84129E-04;1,18384E-03;9,84255E-04;1,06561E-03;2,26915E-04;1,79409E-03;2,77739E-03;1,77701E-03;1,91072E-03;6,95141E-04;2,23084E-03;2,57976E-03;2,30759E-03;2,41783E-03;2,52807E-03;2,63831E-03;2,74855E-03;2,85880E-03;2,96904E-03;0,00000E+00;3,31576E-05;0,00000E+00;0,00000E+00;3,42113E-06;1,34463E-05;3,32456E-05;0,00000E+00;0,00000E+00;0,00000E+00;0,00000E+00;0,00000E+00;4,79038E-05;6,23151E-05;0,00000E+00;4,79418E-06;1,45248E-04;0,00000E+00;5,75784E-05;3,15991E-05
557;2,77782E-02;1,09445E-01;1,99684E-01;2,94372E-01;3,88361E-01;4,80849E-01;5,80538E-01;6,68571E-01;7,64222E-01;8,60022E-01;9,58437E-01;1,04378E+00;1,13485E+00;1,24870E+00;1,34156E+00;1,43277E+00;1,53025E+00;1,61271E+00;1,71644E+00;1,78722E+00;4,31200E-04;7,34777E-04;8,63355E-04;7,62447E-04;9,76506E-04;1,91603E-03;2,74497E-03;2,56249E-03;2,67415E-03;1,44542E-03;4,35307E-03;2,12671E-03;1,11287E-03;2,82451E-03;2,95331E-03;3,08212E-03;3,21092E-03;3,33973E-03;3,46854E-03;3,59734E-03;0,00000E+00;7,70063E-06;0,00000E+00;0,00000E+00;0,00000E+00;1,39026E-05;7,72109E-06;1,47736E-04;0,00000E+00;0,00000E+00;0,00000E+00;0,00000E+00;0,00000E+00;1,44723E-05;2,21214E-05;0,00000E+00;8,57518E-05;0,00000E+00;1,33722E-05;0,00000E+00
558;2,76736E-02;1,09381E-01;2,00175E-01;2,94514E-01;3,90380E-01;4,78608E-01;5,75698E-01;6,69544E-01;7,64734E-01;8,63223E-01;9,59435E-01;1,05068E+00;1,14324E+00;1,25213E+00;1,33440E+00;1,43127E+00;1,53301E+00;1,62240E+00;1,70256E+00;1,80194E+00;2,51835E-04;8,15397E-04;6,59488E-05;8,30375E-04;1,18551E-03;2,29415E-03;9,64903E-05;3,89019E-03;2,26735E-03;2,14381E-03;2,41794E-03;1,54194E-03;2,90138E-03;2,97539E-03;3,15233E-03;3,32928E-03;3,50623E-03;3,68318E-03;3,86013E-03;4,03708E-03;0,00000E+00;0,00000E+00;0,00000E+00;0,00000E+00;0,00000E+00;0,00000E+00;6,38469E-07;2,86380E-05;0,00000E+00;4,84917E-07;5,33409E-06;1,20065E-04;0,00000E+00;0,00000E+00;0,00000E+00;3,39768E-06;0,00000E+00;0,00000E+00;8,64538E-05;1,91547E-04
559;2,76174E-02;1,09791E-01;2,00607E-01;2,94984E-01;3,89320E-01;4,82789E-01;5,78933E-01;6,71663E-01;7,65675E-01;8,64105E-01;9,58281E-01;1,04982E+00;1,14980E+00;1,25217E+00;1,32629E+00;1,44563E+00;1,53523E+00;1,62144E+00;1,70304E+00;1,80920E+00;4,93214E-04;9,51531E-04;1,24338E-03;1,39899E-03;1,32303E-03;2,73800E-03;2,01400E-03;1,87849E-03;1,90482E-03;2,09448E-03;2,17703E-03;2,57853E-03;3,14216E-03;2,89157E-03;3,01744E-03;3,14331E-03;3,26918E-03;3,39505E-03;3,52092E-03;3,64678E-03;0,00000E+00;1,01465E-05;0,00000E+00;0,00000E+00;0,00000E+00;0,00000E+00;9,58520E-06;3,99035E-05;0,00000E+00;1,70223E-05;9,71287E-05;0,00000E+00;0,00000E+00;0,00000E+00;3,59039E-05;5,10087E-05;0,00000E+00;0,00000E+00;4,80119E-05;1,00861E-04
560;2,76842E-02;1,10364E-01;2,00573E-01;2,94205E-01;3,89941E-01;4,82724E-01;5,75713E-01;6,72958E-01;7,68311E-01;8,58980E-01;9,62440E-01;1,04815E+00;1,14526E+00;1,25497E+00;1,34108E+00;1,43799E+00;1,52060E+00;1,62579E+00;1,71246E+00;1,80475E+00;4,65024E-04;7,74440E-04;1,20280E-03;1,80871E-03;1,67686E-03;1,88370E-03;3,22367E-03;6,05982E-04;5,53999E-04;2,98131E-03;3,68437E-03;4,70568E-03;3,62199E-03;4,04683E-03;4,29772E-03;4,54861E-03;4,79950E-03;5,05039E-03;5,30129E-03;5,55218E-03;0,00000E+00;2,21850E-05;0,00000E+00;0,00000E+00;0,00000E+00;0,00000E+00;0,00000E+00;5,16332E-05;4,76858E-05;2,13015E-05;7,67416E-05;0,00000E+00;3,58159E-05;1,62323E-05;1,07885E-04;0,00000E+00;3,83295E-05;0,00000E+00;3,23829E-05;0,00000E+00
561;2,77658E-02;1,10067E-01;2,02082E-01;2,95471E-01;3,91868E-01;4,84309E-01;5,78330E-01;6,73140E-01;7,63732E-01;8,60712E-01;9,61691E-01;1,05440E+00;1,15182E+00;1,25673E+00;1,33936E+00;1,43071E+00;1,53889E+00;1,62940E+00;1,72070E+00;1,80100E+00;5,71299E-04;6,64719E-04;1,36265E-03;2,38342E-03;2,02287E-03;2,38794E-03;4,12563E-03;2,32326E-03;2,29959E-03;4,07917E-03;3,31779E-03;5,70484E-03;4,52360E-03;5,04895E-03;5,33284E-03;5,61673E-03;5,90061E-03;6,18450E-03;6,46839E-03;6,75228E-03;0,00000E+00;0,00000E+00;0,00000E+00;4,80392E-06;0,00000E+00;0,00000E+00;0,00000E+00;8,04301E-05;3,67342E-05;8,24664E-05;1,44585E-04;0,00000E+00;2,75904E-05;1,25044E-05;1,84156E-04;8,88953E-06;1,68154E-04;0,00000E+00;1,92872E-04;0,00000E+00
562;2,77889E-02;1,09781E-01;2,01362E-01;2,96870E-01;3,89135E-01;4,82263E-01;5,76070E-01;6,72687E-01;7,67771E-01;8,63255E-01;9,63359E-01;1,04906E+00;1,15028E+00;1,25837E+00;1,34191E+00;1,43270E+00;1,53016E+00;1,62438E+00;1,70952E+00;1,79680E+00;6,12181E-04;8,87074E-04;8,56708E-04;2,27737E-03;1,75421E-03;2,86772E-03;3,60631E-03;3,05371E-03;3,55647E-03;3,54611E-03;4,93396E-03;4,55966E-03;5,42903E-03;5,67516E-03;6,02632E-03;6,37748E-03;6,72863E-03;7,07979E-03;7,43095E-03;7,78210E-03;0,00000E+00;2,55293E-05;0,00000E+00;1,07705E-06;8,29103E-06;0,00000E+00;0,00000E+00;1,80327E-05;0,00000E+00;4,33623E-05;6,70556E-05;7,46193E-05;2,90234E-05;4,09232E-05;6,95468E-05;2,52303E-05;3,10806E-05;1,47966E-04;4,32426E-05;2,04213E-04
563;2,75756E-02;1,09773E-01;2,02264E-01;2,96784E-01;3,87772E-01;4,80166E-01;5,72975E-01;6,73207E-01;7,64984E-01;8,62526E-01;9,60013E-01;1,04646E+00;1,14951E+00;1,24254E+00;1,32339E+00;1,43891E+00;1,52600E+00;1,60998E+00;1,72411E+00;1,80510E+00;5,13934E-04;7,67847E-04;2,05258E-03;1,50888E-03;1,21521E-03;5,62151E-03;1,55694E-03;3,84957E-03;3,52979E-03;3,74829E-03;2,67688E-03;2,49941E-03;5,97481E-03;4,49531E-03;4,70091E-03;4,90652E-03;5,11212E-03;5,31772E-03;5,52332E-03;5,72893E-03;0,00000E+00;2,01659E-06;4,20519E-05;1,40523E-06;0,00000E+00;1,02884E-05;0,00000E+00;0,00000E+00;0,00000E+00;1,06034E-06;1,09942E-04;3,18103E-06;0,00000E+00;2,28068E-04;2,84198E-06;2,34606E-04;2,93648E-04;2,17787E-04;8,05977E-07;6,13120E-05
564;2,77626E-02;1,09896E-01;2,01224E-01;2,95751E-01;3,91257E-01;4,80492E-01;5,75518E-01;6,76280E-01;7,69521E-01;8,60519E-01;9,62073E-01;1,05252E+00;1,14986E+00;1,25261E+00;1,34069E+00;1,43759E+00;1,52751E+00;1,61906E+00;1,71663E+00;1,79002E+00;3,79690E-04;1,20059E-03;2,22693E-03;1,88426E-03;2,69588E-03;2,78898E-03;4,80978E-03;4,75441E-03;3,51495E-03;5,35835E-03;4,53273E-03;3,93434E-03;6,79758E-03;6,10305E-03;6,42515E-03;6,74725E-03;7,06935E-03;7,39145E-03;7,71355E-03;8,03565E-03;0,00000E+00;2,74632E-05;4,48030E-05;3,23012E-05;0,00000E+00;0,00000E+00;0,00000E+00;5,55629E-06;0,00000E+00;1,44404E-05;0,00000E+00;8,30540E-05;8,98274E-05;2,67283E-05;3,87039E-05;2,22596E-04;0,00000E+00;1,82546E-04;2,60769E-05;8,19804E-05
565;2,76444E-02;1,09554E-01;2,00563E-01;2,94808E-01;3,90257E-01;4,79692E-01;5,76595E-01;6,74490E-01;7,65955E-01;8,64225E-01;9,55398E-01;1,05351E+00;1,14668E+00;1,24279E+00;1,34269E+00;1,43157E+00;1,52653E+00;1,61982E+00;1,71469E+00;1,79869E+00;6,71783E-04;1,29043E-03;2,47678E-03;2,13078E-03;3,13019E-03;2,29694E-03;4,58156E-03;3,14244E-03;3,99685E-03;4,61852E-03;5,83462E-03;6,42248E-03;6,06735E-03;6,70267E-03;7,09498E-03;7,48729E-03;7,87960E-03;8,27191E-03;8,66421E-03;9,05652E-03;0,00000E+00;5,62118E-06;2,37594E-05;2,79008E-05;0,00000E+00;0,00000E+00;0,00000E+00;1,17764E-05;7,04673E-05;2,21675E-05;6,65026E-05;8,42125E-05;1,90387E-04;7,11199E-05;0,00000E+00;0,00000E+00;0,00000E+00;0,00000E+00;3,20053E-05;3,24094E-05
566;2,77361E-02;1,09956E-01;2,00484E-01;2,95906E-01;3,89827E-01;4,81191E-01;5,75465E-01;6,73248E-01;7,64578E-01;8,62466E-01;9,54641E-01;1,05429E+00;1,13828E+00;1,25136E+00;1,34388E+00;1,42969E+00;1,52588E+00;1,61973E+00;1,71120E+00;1,79812E+00;1,10997E-03;1,58903E-03;1,95257E-03;2,18202E-03;3,26639E-03;2,98438E-03;5,08025E-03;4,28305E-03;5,20296E-03;7,46355E-03;7,28560E-03;8,01742E-03;9,12022E-03;9,57553E-03;1,02308E-02;1,08861E-02;1,15414E-02;1,21967E-02;1,28520E-02;1,35074E-02;0,00000E+00;4,19531E-06;1,77326E-05;0,00000E+00;1,91493E-05;1,79199E-05;0,00000E+00;0,00000E+00;5,25926E-05;9,95246E-05;1,07081E-04;0,00000E+00;8,19299E-05;9,24620E-05;3,42165E-05;6,26143E-05;1,30191E-04;0,00000E+00;0,00000E+00;0,00000E+00
567;2,75388E-02;1,09980E-01;2,00274E-01;2,95107E-01;3,88345E-01;4,78589E-01;5,76200E-01;6,72880E-01;7,68375E-01;8,59271E-01;9,49539E-01;1,04656E+00;1,13766E+00;1,24872E+00;1,33935E+00;1,43636E+00;1,51645E+00;1,60975E+00;1,70402E+00;1,81102E+00;1,14348E-03;1,11289E-03;2,29946E-03;2,76841E-03;3,00831E-03;4,10303E-03;4,37069E-03;4,48438E-03;6,78341E-03;7,80097E-03;7,28469E-03;8,50807E-03;9,70147E-03;1,00725E-02;1,07439E-02;1,14153E-02;1,20867E-02;1,27581E-02;1,34295E-02;1,41009E-02;0,00000E+00;0,00000E+00;0,00000E+00;2,52469E-05;4,06846E-06;1,78465E-05;1,09738E-05;6,21616E-06;0,00000E+00;1,76300E-05;1,22054E-05;0,00000E+00;5,63083E-05;8,36719E-06;7,26965E-06;6,00218E-05;3,06939E-04;0,00000E+00;2,53409E-05;2,30947E-04
568;2,75894E-02;1,09385E-01;2,00720E-01;2,95257E-01;3,88488E-01;4,79695E-01;5,82370E-01;6,67094E-01;7,64317E-01;8,53583E-01;9,54881E-01;1,04288E+00;1,14034E+00;1,24853E+00;1,34385E+00;1,43491E+00;1,53786E+00;1,61317E+00;1,70625E+00;1,80384E+00;1,16769E-03;1,75488E-03;2,77526E-03;4,35077E-03;3,35111E-03;5,74592E-03;5,19687E-03;5,35686E-03;8,75322E-03;6,43514E-03;6,88515E-03;8,87512E-03;7,37324E-03;8,98099E-03;9,43628E-03;9,89158E-03;1,03469E-02;1,08022E-02;1,12575E-02;1,17128E-02;0,00000E+00;0,00000E+00;2,82249E-05;1,64921E-05;0,00000E+00;0,00000E+00;3,53874E-06;0,00000E+00;3,04405E-05;7,16713E-06;0,00000E+00;0,00000E+00;3,60268E-05;0,00000E+00;7,20363E-06;0,00000E+00;8,21308E-05;2,70587E-05;0,00000E+00;0,00000E+00
569;2,76652E-02;1,09665E-01;2,01518E-01;2,94554E-01;3,87291E-01;4,79997E-01;5,76092E-01;6,68302E-01;7,62163E-01;8,56671E-01;9,57024E-01;1,04650E+00;1,14018E+00;1,23725E+00;1,34268E+00;1,43183E+00;1,53340E+00;1,60627E+00;1,70315E+00;1,78438E+00;1,37653E-03;2,30493E-03;2,67717E-03;3,17041E-03;4,89887E-03;6,19541E-03;6,37648E-03;7,48350E-03;9,42034E-03;8,18365E-03;7,74893E-03;9,12137E-03;8,88969E-03;1,04952E-02;1,10531E-02;1,16109E-02;1,21688E-02;1,27266E-02;1,32845E-02;1,38423E-02;0,00000E+00;0,00000E+00;0,00000E+00;3,24952E-05;8,94400E-06;0,00000E+00;4,23732E-05;0,00000E+00;0,00000E+00;8,58198E-05;0,00000E+00;1,78880E-05;8,58518E-05;0,00000E+00;8,62568E-05;1,07431E-05;4,98719E-05;0,00000E+00;3,49633E-05;0,00000E+00
570;2,76471E-02;1,09574E-01;2,01521E-01;2,93008E-01;3,88627E-01;4,78833E-01;5,74709E-01;6,65184E-01;7,62222E-01;8,55775E-01;9,54455E-01;1,03877E+00;1,13588E+00;1,24379E+00;1,33498E+00;1,42967E+00;1,52374E+00;1,60905E+00;1,69815E+00;1,79223E+00;1,49512E-03;2,08373E-03;2,98001E-03;4,04535E-03;6,09359E-03;5,76212E-03;6,65609E-03;8,85705E-03;8,20566E-03;8,66226E-03;8,86456E-03;1,04244E-02;1,02419E-02;1,15430E-02;1,21671E-02;1,27911E-02;1,34152E-02;1,40392E-02;1,46633E-02;1,52873E-02;0,00000E+00;0,00000E+00;0,00000E+00;0,00000E+00;1,81778E-05;0,00000E+00;0,00000E+00;1,00996E-05;0,00000E+00;2,25692E-05;9,02769E-06;9,05217E-05;1,62263E-04;0,00000E+00;0,00000E+00;5,97870E-05;1,16746E-04;0,00000E+00;7,10594E-05;6,94866E-05
571;2,76020E-02;1,08587E-01;2,01622E-01;2,92061E-01;3,86998E-01;4,78296E-01;5,74779E-01;6,65274E-01;7,61315E-01;8,51178E-01;9,54818E-01;1,04327E+00;1,13364E+00;1,24934E+00;1,33778E+00;1,43065E+00;1,52624E+00;1,60916E+00;1,69957E+00;1,79883E+00;1,63102E-03;2,75831E-03;3,17022E-03;4,18068E-03;6,07216E-03;7,86736E-03;7,65302E-03;8,01007E-03;9,61971E-03;9,69107E-03;1,10503E-02;1,28384E-02;1,36608E-02;1,44365E-02;1,53147E-02;1,61929E-02;1,70711E-02;1,79493E-02;1,88275E-02;1,97057E-02;0,00000E+00;0,00000E+00;0,00000E+00;4,90043E-05;1,94131E-05;0,00000E+00;0,00000E+00;7,23490E-06;5,41327E-05;1,61676E-05;9,70614E-05;3,88022E-05;1,09447E-04;0,00000E+00;0,00000E+00;1,26937E-04;5,65300E-05;9,62377E-06;5,90242E-05;4,97770E-05
572;2,76505E-02;1,08794E-01;1,99816E-01;2,90180E-01;3,88451E-01;4,80185E-01;5,71463E-01;6,64280E-01;7,62804E-01;8,53803E-01;9,49125E-01;1,04146E+00;1,13367E+00;1,23823E+00;1,32075E+00;1,41793E+00;1,52387E+00;1,61870E+00;1,71028E+00;1,80743E+00;1,89378E-03;2,88550E-03;4,74741E-03;4,98524E-03;6,72829E-03;8,06183E-03;6,80128E-03;1,05829E-02;1,13998E-02;1,05201E-02;1,36070E-02;1,49768E-02;1,38655E-02;1,60425E-02;1,69910E-02;1,79396E-02;1,88881E-02;1,98366E-02;2,07852E-02;2,17337E-02;0,00000E+00;0,00000E+00;3,32390E-05;9,63398E-06;3,81650E-06;0,00000E+00;0,00000E+00;6,90580E-05;1,06422E-05;0,00000E+00;3,46454E-05;0,00000E+00;8,90666E-06;0,00000E+00;0,00000E+00;1,49365E-04;0,00000E+00;2,02191E-04;1,16038E-05;1,03664E-04
573;2,74995E-02;1,08165E-01;1,98261E-01;2,91071E-01;3,86988E-01;4,78145E-01;5,71110E-01;6,66914E-01;7,64391E-01;8,50874E-01;9,49338E-01;1,04097E+00;1,13893E+00;1,24048E+00;1,32228E+00;1,41591E+00;1,51101E+00;1,61987E+00;1,70102E+00;1,79086E+00;2,06882E-03;3,72469E-03;5,17725E-03;5,64860E-03;7,16022E-03;8,50398E-03;8,12666E-03;1,15226E-02;1,26633E-02;1,51278E-02;1,27793E-02;1,65049E-02;1,57068E-02;1,78886E-02;1,89406E-02;1,99927E-02;2,10448E-02;2,20968E-02;2,31489E-02;2,42010E-02;6,51842E-07;4,97443E-07;2,42070E-05;0,00000E+00;0,00000E+00;0,00000E+00;0,00000E+00;0,00000E+00;5,74365E-07;1,08971E-04;2,70711E-05;1,71450E-04;2,32337E-05;0,00000E+00;6,04643E-05;6,99616E-05;2,40069E-05;2,68402E-04;0,00000E+00;0,00000E+00
574;2,74252E-02;1,08595E-01;1,99752E-01;2,90619E-01;3,83674E-01;4,80945E-01;5,69281E-01;6,63870E-01;7,55173E-01;8,50778E-01;9,44222E-01;1,04101E+00;1,13730E+00;1,23061E+00;1,32070E+00;1,42958E+00;1,52498E+00;1,60766E+00;1,69287E+00;1,78835E+00;2,41639E-03;3,58939E-03;5,01947E-03;7,39881E-03;8,21173E-03;8,22966E-03;1,03286E-02;1,33643E-02;1,63611E-02;1,52972E-02;1,61173E-02;1,95825E-02;2,03149E-02;2,19789E-02;2,33511E-02;2,47233E-02;2,60955E-02;2,74677E-02;2,88398E-02;3,02120E-02;6,70631E-06;1,23175E-05;7,17289E-05;0,00000E+00;1,19249E-05;0,00000E+00;0,00000E+00;0,00000E+00;3,47278E-05;1,50138E-05;0,00000E+00;0,00000E+00;2,60679E-04;1,96198E-05;0,00000E+00;1,10141E-04;2,46988E-04;0,00000E+00;2,01428E-05;0,00000E+00
575;2,73401E-02;1,07979E-01;1,99089E-01;2,91208E-01;3,83725E-01;4,77022E-01;5,70395E-01;6,63876E-01;7,56777E-01;8,51173E-01;9,52880E-01;1,03799E+00;1,12894E+00;1,23008E+00;1,31886E+00;1,40778E+00;1,51133E+00;1,60257E+00;1,68772E+00;1,78201E+00;2,48190E-03;4,26682E-03;5,84830E-03;7,10386E-03;8,73385E-03;1,10220E-02;1,34716E-02;1,41182E-02;1,58407E-02;1,65007E-02;1,83494E-02;1,90684E-02;2,06809E-02;2,26537E-02;2,39842E-02;2,53146E-02;2,66451E-02;2,79755E-02;2,93060E-02;3,06364E-02;0,00000E+00;1,38480E-05;1,67037E-05;3,66675E-05;2,29364E-05;0,00000E+00;0,00000E+00;0,00000E+00;9,78633E-05;2,45137E-05;0,00000E+00;0,00000E+00;4,16322E-05;3,77367E-05;0,00000E+00;1,62576E-04;0,00000E+00;0,00000E+00;3,87426E-05;3,54940E-05
576;2,72201E-02;1,08332E-01;1,99119E-01;2,93808E-01;3,84592E-01;4,76111E-01;5,69779E-01;6,63468E-01;7,54379E-01;8,45725E-01;9,47329E-01;1,03020E+00;1,12700E+00;1,23327E+00;1,31606E+00;1,41727E+00;1,50918E+00;1,59695E+00;1,69043E+00;1,77322E+00;2,69482E-03;4,95095E-03;7,06175E-03;7,67160E-03;1,06272E-02;1,27031E-02;1,44186E-02;1,70054E-02;1,70161E-02;1,95888E-02;2,13287E-02;2,17785E-02;2,26430E-02;2,55855E-02;2,70665E-02;2,85475E-02;3,00286E-02;3,15096E-02;3,29907E-02;3,44717E-02;0,00000E+00;0,00000E+00;1,27951E-05;2,48891E-05;0,00000E+00;0,00000E+00;0,00000E+00;4,89906E-05;2,88030E-05;4,56721E-05;1,31373E-05;1,11667E-04;5,36530E-05;8,10545E-05;8,80281E-06;6,62275E-05;3,82789E-05;1,17228E-04;0,00000E+00;2,40925E-05
577;2,72231E-02;1,08609E-01;1,98602E-01;2,90639E-01;3,82614E-01;4,70961E-01;5,67018E-01;6,62158E-01;7,48458E-01;8,47249E-01;9,36159E-01;1,02712E+00;1,12657E+00;1,23663E+00;1,30822E+00;1,40720E+00;1,49967E+00;1,59276E+00;1,67655E+00;1,77028E+00;3,35792E-03;5,24058E-03;7,14392E-03;9,11133E-03;1,18975E-02;1,38434E-02;1,52754E-02;1,85594E-02;2,16746E-02;1,85306E-02;2,07725E-02;2,65236E-02;2,68412E-02;2,87889E-02;3,04984E-02;3,22080E-02;3,39175E-02;3,56270E-02;3,73365E-02;3,90461E-02;0,00000E+00;0,00000E+00;1,36736E-05;0,00000E+00;4,26434E-05;0,00000E+00;0,00000E+00;2,77864E-05;0,00000E+00;1,09346E-04;2,33401E-06;1,98391E-05;9,53211E-06;8,80686E-05;2,44229E-05;3,74902E-05;1,80754E-04;2,08269E-05;0,00000E+00;0,00000E+00
578;2,71046E-02;1,07756E-01;1,97187E-01;2,87695E-01;3,82130E-01;4,74976E-01;5,66402E-01;6,54591E-01;7,46743E-01;8,41707E-01;9,35277E-01;1,03774E+00;1,11916E+00;1,23238E+00;1,31667E+00;1,39742E+00;1,49435E+00;1,58456E+00;1,67903E+00;1,76924E+00;3,94396E-03;5,45548E-03;8,94215E-03;9,49126E-03;1,35219E-02;1,73174E-02;1,77978E-02;1,75560E-02;2,47337E-02;2,31542E-02;2,34982E-02;2,81913E-02;3,04357E-02;3,20795E-02;3,39476E-02;3,58156E-02;3,76837E-02;3,95517E-02;4,14197E-02;4,32878E-02;3,77065E-06;0,00000E+00;5,00959E-06;0,00000E+00;5,56036E-06;0,00000E+00;0,00000E+00;5,59484E-05;6,64495E-07;1,87285E-04;0,00000E+00;1,82698E-05;0,00000E+00;9,86234E-05;0,00000E+00;3,73339E-05;5,63801E-05;2,11315E-04;0,00000E+00;0,00000E+00
579;2,70903E-02;1,07310E-01;1,97167E-01;2,88701E-01;3,78260E-01;4,70058E-01;5,65307E-01;6,56873E-01;7,47512E-01;8,41359E-01;9,37465E-01;1,02486E+00;1,12568E+00;1,22629E+00;1,31360E+00;1,39944E+00;1,48812E+00;1,59004E+00;1,67727E+00;1,77221E+00;3,96094E-03;7,03253E-03;9,65335E-03;1,24295E-02;1,43516E-02;1,76382E-02;1,88899E-02;2,03834E-02;2,46317E-02;2,49204E-02;2,82486E-02;2,91803E-02;3,26318E-02;3,45366E-02;3,65223E-02;3,85080E-02;4,04937E-02;4,24794E-02;4,44652E-02;4,64509E-02;3,39274E-05;0,00000E+00;0,00000E+00;0,00000E+00;4,84249E-05;0,00000E+00;0,00000E+00;7,91823E-05;5,78705E-06;6,91784E-06;2,75302E-06;1,59110E-04;2,24867E-05;0,00000E+00;0,00000E+00;7,71586E-06;6,83894E-05;0,00000E+00;0,00000E+00;0,00000E+00
580;2,69325E-02;1,06924E-01;1,95796E-01;2,86916E-01;3,79427E-01;4,67830E-01;5,63675E-01;6,55774E-01;7,46842E-01;8,39819E-01;9,34781E-01;1,01892E+00;1,11179E+00;1,21188E+00;1,30442E+00;1,38787E+00;1,48719E+00;1,57904E+00;1,66467E+00;1,77594E+00;4,79873E-03;7,85017E-03;1,03218E-02;1,37497E-02;1,63298E-02;1,95999E-02;2,19821E-02;2,58162E-02;2,82200E-02;3,01235E-02;3,38672E-02;3,42007E-02;3,70445E-02;4,07859E-02;4,31830E-02;4,55802E-02;4,79773E-02;5,03745E-02;5,27716E-02;5,51688E-02;1,95657E-06;0,00000E+00;1,72400E-05;0,00000E+00;0,00000E+00;0,00000E+00;0,00000E+00;9,59127E-05;0,00000E+00;0,00000E+00;7,54722E-05;0,00000E+00;4,04002E-05;0,00000E+00;1,89027E-05;9,95163E-05;1,25790E-04;4,19548E-05;0,00000E+00;4,34273E-05
581;2,69613E-02;1,06600E-01;1,94781E-01;2,86330E-01;3,76557E-01;4,70660E-01;5,59210E-01;6,49882E-01;7,48385E-01;8,38174E-01;9,30566E-01;1,01763E+00;1,11048E+00;1,21657E+00;1,30499E+00;1,39996E+00;1,48747E+00;1,56249E+00;1,67064E+00;1,75634E+00;5,93034E-03;8,99806E-03;1,17406E-02;1,54824E-02;1,83575E-02;2,04391E-02;2,50046E-02;3,04564E-02;3,28436E-02;3,48147E-02;3,76060E-02;3,88649E-02;4,23231E-02;4,65478E-02;4,93058E-02;5,20638E-02;5,48218E-02;5,75798E-02;6,03378E-02;6,30958E-02;0,00000E+00;8,44238E-06;5,22828E-05;0,00000E+00;0,00000E+00;0,00000E+00;0,00000E+00;2,97969E-05;0,00000E+00;7,99035E-05;7,14888E-05;0,00000E+00;9,32363E-05;0,00000E+00;7,44857E-05;1,94441E-04;6,73229E-05;2,66831E-05;0,00000E+00;4,81203E-05
582;2,68005E-02;1,06517E-01;1,93068E-01;2,85192E-01;3,73001E-01;4,65372E-01;5,56683E-01;6,48823E-01;7,39840E-01;8,31888E-01;9,16759E-01;1,01001E+00;1,10499E+00;1,21091E+00;1,30302E+00;1,38330E+00;1,48032E+00;1,54976E+00;1,65068E+00;1,74707E+00;6,55838E-03;9,83354E-03;1,30474E-02;1,72093E-02;2,16846E-02;2,54915E-02;2,83236E-02;3,33323E-02;3,63429E-02;3,78519E-02;4,04947E-02;4,35432E-02;4,41647E-02;5,00709E-02;5,28992E-02;5,57275E-02;5,85558E-02;6,13841E-02;6,42124E-02;6,70407E-02;0,00000E+00;1,30357E-06;1,84738E-05;0,00000E+00;0,00000E+00;0,00000E+00;1,69366E-05;1,45310E-04;0,00000E+00;1,23377E-05;1,41322E-04;1,97238E-04;1,04455E-04;0,00000E+00;9,64485E-06;2,16117E-05;1,77905E-04;6,37683E-05;2,60735E-05;3,16546E-06
583;2,68461E-02;1,06658E-01;1,94327E-01;2,83202E-01;3,72416E-01;4,66261E-01;5,51923E-01;6,47888E-01;7,33907E-01;8,25598E-01;9,23242E-01;1,01651E+00;1,10223E+00;1,19559E+00;1,28771E+00;1,38615E+00;1,46715E+00;1,55330E+00;1,66335E+00;1,74988E+00;7,13898E-03;1,10801E-02;1,44154E-02;1,88619E-02;2,41883E-02;2,91015E-02;3,16004E-02;3,42331E-02;4,17459E-02;4,54973E-02;4,71118E-02;4,89839E-02;5,46974E-02;5,91029E-02;6,26123E-02;6,61217E-02;6,96311E-02;7,31405E-02;7,66499E-02;8,01593E-02;0,00000E+00;0,00000E+00;3,98591E-05;1,74393E-06;0,00000E+00;4,87601E-06;0,00000E+00;6,87009E-07;3,08229E-06;4,60571E-06;5,59230E-05;8,68418E-06;0,00000E+00;3,21477E-04;0,00000E+00;1,29084E-05;9,39393E-06;0,00000E+00;1,05615E-04;3,66631E-05
584;2,67086E-02;1,05686E-01;1,93814E-01;2,81866E-01;3,73523E-01;4,61830E-01;5,54823E-01;6,44837E-01;7,38730E-01;8,27158E-01;9,19828E-01;1,00697E+00;1,10160E+00;1,20143E+00;1,27591E+00;1,37516E+00;1,47307E+00;1,55836E+00;1,64505E+00;1,72778E+00;7,59316E-03;1,28180E-02;1,75253E-02;2,17400E-02;2,71615E-02;3,24153E-02;3,65399E-02;3,84223E-02;4,48371E-02;4,82293E-02;5,12859E-02;5,54192E-02;6,10601E-02;6,48995E-02;6,86732E-02;7,24470E-02;7,62207E-02;7,99945E-02;8,37683E-02;8,75420E-02;0,00000E+00;0,00000E+00;2,27606E-05;1,27312E-05;0,00000E+00;0,00000E+00;1,69911E-05;1,35706E-05;2,25016E-05;3,36231E-05;1,54666E-04;0,00000E+00;0,00000E+00;0,00000E+00;0,00000E+00;1,02272E-04;6,85785E-05;2,55894E-05;0,00000E+00;8,12927E-05
585;2,64439E-02;1,04613E-01;1,91687E-01;2,81085E-01;3,70473E-01;4,57400E-01;5,53508E-01;6,40168E-01;7,29149E-01;8,20097E-01;9,13356E-01;1,00421E+00;1,09308E+00;1,20103E+00;1,27734E+00;1,36949E+00;1,46291E+00;1,53813E+00;1,64282E+00;1,71318E+00;8,62611E-03;1,40839E-02;1,97464E-02;2,52617E-02;2,99819E-02;3,55913E-02;3,97672E-02;4,56912E-02;5,22990E-02;5,59449E-02;6,07709E-02;6,41982E-02;6,92169E-02;7,52980E-02;7,97548E-02;8,42117E-02;8,86686E-02;9,31254E-02;9,75823E-02;1,02039E-01;0,00000E+00;0,00000E+00;0,00000E+00;3,63705E-05;0,00000E+00;0,00000E+00;5,66717E-05;4,64449E-05;0,00000E+00;3,36191E-05;0,00000E+00;5,76327E-05;0,00000E+00;3,55582E-05;0,00000E+00;1,33470E-05;8,39637E-05;1,13921E-04;1,46024E-05;4,42354E-05
586;2,62892E-02;1,04130E-01;1,91252E-01;2,78906E-01;3,70358E-01;4,57912E-01;5,47389E-01;6,34374E-01;7,26255E-01;8,22168E-01;9,09685E-01;1,00085E+00;1,08667E+00;1,18785E+00;1,26736E+00;1,35163E+00;1,45082E+00;1,53488E+00;1,62659E+00;1,70725E+00;9,94947E-03;1,57907E-02;2,24719E-02;2,82836E-02;3,31218E-02;4,05775E-02;4,60052E-02;5,35203E-02;5,53436E-02;6,30549E-02;6,78217E-02;7,41537E-02;7,57394E-02;8,41718E-02;8,91150E-02;9,40582E-02;9,90014E-02;1,03945E-01;1,08888E-01;1,13831E-01;0,00000E+00;0,00000E+00;0,00000E+00;2,38633E-05;0,00000E+00;0,00000E+00;1,05388E-04;5,40669E-05;0,00000E+00;1,34242E-04;6,73779E-06;3,37711E-05;0,00000E+00;1,45548E-04;0,00000E+00;1,13304E-04;4,92003E-05;4,18539E-05;1,00743E-04;1,73292E-05
587;2,59421E-02;1,04593E-01;1,89835E-01;2,77846E-01;3,69921E-01;4,57699E-01;5,45373E-01;6,33801E-01;7,22286E-01;8,10980E-01;9,03666E-01;9,88930E-01;1,08131E+00;1,17899E+00;1,26611E+00;1,35736E+00;1,45193E+00;1,51646E+00;1,62003E+00;1,71889E+00;1,14646E-02;1,80701E-02;2,37783E-02;3,16134E-02;3,82669E-02;4,79802E-02;5,32152E-02;6,06319E-02;6,40661E-02;7,09669E-02;7,10734E-02;8,22690E-02;8,77696E-02;9,43060E-02;9,97889E-02;1,05272E-01;1,10755E-01;1,16238E-01;1,21720E-01;1,27203E-01;0,00000E+00;3,13472E-06;0,00000E+00;3,29073E-07;0,00000E+00;0,00000E+00;1,14428E-05;3,68068E-05;0,00000E+00;1,47744E-05;8,69081E-07;1,73068E-05;4,03893E-05;1,60861E-05;0,00000E+00;2,20764E-04;0,00000E+00;9,00860E-05;1,18907E-05;1,59854E-04
588;2,59979E-02;1,02360E-01;1,87804E-01;2,78366E-01;3,64530E-01;4,51062E-01;5,43202E-01;6,33272E-01;7,21630E-01;8,08818E-01;9,03241E-01;9,81510E-01;1,07784E+00;1,16745E+00;1,26874E+00;1,34524E+00;1,44485E+00;1,52165E+00;1,60638E+00;1,68101E+00;1,23912E-02;2,02023E-02;2,78341E-02;3,46178E-02;4,34716E-02;5,26379E-02;5,83401E-02;6,64553E-02;7,37041E-02;8,02911E-02;8,38425E-02;9,07233E-02;9,60247E-02;1,05591E-01;1,11720E-01;1,17849E-01;1,23978E-01;1,30107E-01;1,36236E-01;1,42365E-01;0,00000E+00;0,00000E+00;1,90431E-05;0,00000E+00;6,93272E-06;7,18634E-06;2,10646E-06;7,95475E-07;7,13784E-06;8,43942E-06;5,06365E-05;6,75153E-05;0,00000E+00;0,00000E+00;1,71521E-05;5,49099E-05;1,47678E-04;0,00000E+00;1,13500E-05;1,29917E-05
589;2,58333E-02;1,02227E-01;1,88047E-01;2,74369E-01;3,61792E-01;4,45279E-01;5,34977E-01;6,23625E-01;7,11749E-01;8,01697E-01;8,87007E-01;9,81636E-01;1,07239E+00;1,16470E+00;1,24839E+00;1,34080E+00;1,43379E+00;1,51023E+00;1,59199E+00;1,67552E+00;1,44814E-02;2,25373E-02;3,23510E-02;4,17609E-02;4,83954E-02;5,57642E-02;6,51134E-02;7,27923E-02;8,04932E-02;8,76595E-02;9,42413E-02;1,02957E-01;1,08910E-01;1,18037E-01;1,24902E-01;1,31766E-01;1,38631E-01;1,45496E-01;1,52360E-01;1,59225E-01;0,00000E+00;0,00000E+00;0,00000E+00;0,00000E+00;4,21377E-05;4,36792E-05;1,28033E-05;5,16936E-05;4,33844E-05;0,00000E+00;0,00000E+00;0,00000E+00;6,63296E-05;4,43013E-05;1,04252E-04;1,64217E-04;7,55562E-05;0,00000E+00;6,89861E-05;0,00000E+00
590;2,55029E-02;1,01616E-01;1,86500E-01;2,73362E-01;3,61054E-01;4,45652E-01;5,32955E-01;6,20553E-01;7,09707E-01;7,94429E-01;8,90641E-01;9,76101E-01;1,06040E+00;1,15858E+00;1,23205E+00;1,33720E+00;1,41696E+00;1,49701E+00;1,57869E+00;1,67325E+00;1,63085E-02;2,57842E-02;3,51987E-02;4,64928E-02;5,45710E-02;6,15218E-02;7,45231E-02;8,13976E-02;9,32599E-02;9,90293E-02;1,08973E-01;1,16279E-01;1,19502E-01;1,33313E-01;1,41092E-01;1,48872E-01;1,56652E-01;1,64431E-01;1,72211E-01;1,79990E-01;0,00000E+00;0,00000E+00;0,00000E+00;0,00000E+00;0,00000E+00;0,00000E+00;0,00000E+00;7,12679E-05;4,11464E-06;3,44305E-05;8,36169E-05;2,45932E-05;1,41057E-04;6,73783E-05;0,00000E+00;7,01417E-05;7,88244E-05;0,00000E+00;1,49548E-05;0,00000E+00
591;2,54178E-02;1,01145E-01;1,85488E-01;2,70560E-01;3,59974E-01;4,46475E-01;5,29340E-01;6,16075E-01;7,04882E-01;7,91551E-01;8,81070E-01;9,67896E-01;1,04999E+00;1,15007E+00;1,23192E+00;1,33338E+00;1,40581E+00;1,49265E+00;1,56672E+00;1,65036E+00;1,81058E-02;2,89824E-02;3,98262E-02;5,05703E-02;6,18249E-02;7,14946E-02;8,44417E-02;9,45752E-02;1,05309E-01;1,12974E-01;1,21636E-01;1,31290E-01;1,36091E-01;1,51150E-01;1,59970E-01;1,68789E-01;1,77608E-01;1,86427E-01;1,95246E-01;2,04066E-01;0,00000E+00;0,00000E+00;0,00000E+00;0,00000E+00;3,08328E-05;5,77069E-05;0,00000E+00;0,00000E+00;2,19346E-06;2,52061E-05;4,45750E-05;1,99620E-05;9,33723E-05;8,45476E-05;0,00000E+00;0,00000E+00;7,19665E-05;0,00000E+00;7,97220E-06;1,05476E-05
592;2,54051E-02;1,00041E-01;1,83172E-01;2,69624E-01;3,56404E-01;4,42642E-01;5,27349E-01;6,18698E-01;7,04599E-01;7,89206E-01;8,77722E-01;9,58812E-01;1,04921E+00;1,14159E+00;1,21049E+00;1,31852E+00;1,40053E+00;1,48481E+00;1,57055E+00;1,64334E+00;2,10119E-02;3,30390E-02;4,48733E-02;5,68605E-02;7,25698E-02;8,29127E-02;9,36456E-02;1,07731E-01;1,17501E-01;1,28466E-01;1,38069E-01;1,42980E-01;1,51790E-01;1,68269E-01;1,77912E-01;1,87554E-01;1,97197E-01;2,06840E-01;2,16482E-01;2,26125E-01;0,00000E+00;0,00000E+00;0,00000E+00;0,00000E+00;8,19602E-05;5,80169E-06;0,00000E+00;0,00000E+00;7,32999E-06;1,23361E-04;2,62868E-05;6,88854E-07;7,23417E-06;1,81497E-04;1,52653E-04;0,00000E+00;1,68963E-04;0,00000E+00;0,00000E+00;2,80379E-05
593;2,52117E-02;9,89953E-02;1,82993E-01;2,67796E-01;3,52975E-01;4,38189E-01;5,26628E-01;6,11989E-01;6,96842E-01;7,86156E-01;8,74411E-01;9,55086E-01;1,03802E+00;1,14359E+00;1,21156E+00;1,28755E+00;1,39308E+00;1,46272E+00;1,54924E+00;1,62906E+00;2,29224E-02;3,67844E-02;4,96696E-02;6,43013E-02;7,75347E-02;9,33418E-02;1,04622E-01;1,18647E-01;1,28944E-01;1,45915E-01;1,53972E-01;1,63309E-01;1,71241E-01;1,89908E-01;2,00955E-01;2,12002E-01;2,23049E-01;2,34096E-01;2,45143E-01;2,56190E-01;0,00000E+00;3,36450E-06;1,15737E-05;0,00000E+00;0,00000E+00;0,00000E+00;5,40270E-05;0,00000E+00;0,00000E+00;2,35289E-05;3,28268E-05;0,00000E+00;9,57608E-06;0,00000E+00;0,00000E+00;1,21476E-05;8,97783E-05;1,18586E-04;4,99039E-05;9,53172E-06
594;2,49977E-02;9,90678E-02;1,81683E-01;2,66432E-01;3,51225E-01;4,32573E-01;5,20470E-01;6,09698E-01;6,89831E-01;7,75633E-01;8,63159E-01;9,49790E-01;1,03432E+00;1,13913E+00;1,19952E+00;1,29228E+00;1,37900E+00;1,46057E+00;1,54409E+00;1,61959E+00;2,56587E-02;4,11806E-02;5,74879E-02;7,40454E-02;8,96133E-02;1,06040E-01;1,17527E-01;1,29531E-01;1,51017E-01;1,62163E-01;1,73462E-01;1,87096E-01;1,92427E-01;2,14151E-01;2,26519E-01;2,38887E-01;2,51255E-01;2,63624E-01;2,75992E-01;2,88360E-01;0,00000E+00;1,70489E-05;3,03453E-05;0,00000E+00;0,00000E+00;0,00000E+00;0,00000E+00;0,00000E+00;0,00000E+00;1,35049E-04;0,00000E+00;4,11359E-05;0,00000E+00;5,07600E-05;0,00000E+00;6,15555E-05;1,37521E-04;2,57398E-04;0,00000E+00;4,83000E-05
595;2,49465E-02;9,85278E-02;1,80410E-01;2,64305E-01;3,46516E-01;4,30827E-01;5,18472E-01;6,05750E-01;6,88019E-01;7,70613E-01;8,60605E-01;9,40890E-01;1,02169E+00;1,12471E+00;1,19268E+00;1,28615E+00;1,37058E+00;1,44924E+00;1,53553E+00;1,61558E+00;2,87288E-02;4,66034E-02;6,38591E-02;8,37409E-02;1,00228E-01;1,21889E-01;1,36038E-01;1,50535E-01;1,69916E-01;1,84069E-01;1,95543E-01;2,09284E-01;2,15312E-01;2,41046E-01;2,54844E-01;2,68642E-01;2,82441E-01;2,96239E-01;3,10038E-01;3,23836E-01;0,00000E+00;0,00000E+00;4,16622E-05;0,00000E+00;3,30745E-05;0,00000E+00;0,00000E+00;1,13851E-05;0,00000E+00;2,17219E-05;0,00000E+00;5,64770E-05;4,15620E-05;6,96903E-05;1,36381E-05;0,00000E+00;1,15184E-04;1,22759E-04;7,73545E-06;0,00000E+00
596;2,46698E-02;9,76098E-02;1,79164E-01;2,61856E-01;3,44107E-01;4,27761E-01;5,12659E-01;5,96944E-01;6,83001E-01;7,64535E-01;8,49191E-01;9,31603E-01;1,01128E+00;1,11609E+00;1,18578E+00;1,27726E+00;1,35348E+00;1,44565E+00;1,53106E+00;1,60463E+00;3,31093E-02;5,09049E-02;7,30719E-02;9,35886E-02;1,12564E-01;1,36003E-01;1,51525E-01;1,71039E-01;1,89585E-01;2,05660E-01;2,16198E-01;2,35053E-01;2,44816E-01;2,70518E-01;2,86013E-01;3,01507E-01;3,17002E-01;3,32496E-01;3,47991E-01;3,63485E-01;0,00000E+00;0,00000E+00;5,92664E-06;2,91727E-05;1,56849E-05;0,00000E+00;0,00000E+00;5,39915E-06;0,00000E+00;0,00000E+00;1,40082E-04;1,05062E-04;2,78828E-05;0,00000E+00;6,46760E-06;1,17782E-04;1,36854E-04;0,00000E+00;3,66838E-06;0,00000E+00
597;2,44239E-02;9,69165E-02;1,77314E-01;2,59338E-01;3,43619E-01;4,26784E-01;5,08660E-01;5,91048E-01;6,78413E-01;7,60180E-01;8,48041E-01;9,21066E-01;1,00517E+00;1,10437E+00;1,16710E+00;1,26234E+00;1,35616E+00;1,42836E+00;1,51276E+00;1,58443E+00;3,79262E-02;5,79350E-02;8,02123E-02;1,03988E-01;1,25029E-01;1,51427E-01;1,70899E-01;1,95248E-01;2,06528E-01;2,33958E-01;2,44709E-01;2,62139E-01;2,79018E-01;3,05815E-01;3,23529E-01;3,41242E-01;3,58956E-01;3,76670E-01;3,94383E-01;4,12097E-01;0,00000E+00;0,00000E+00;4,12415E-07;6,28248E-05;7,13595E-05;0,00000E+00;0,00000E+00;0,00000E+00;4,47713E-05;1,15959E-04;1,25707E-04;3,40707E-05;5,68718E-07;0,00000E+00;0,00000E+00;9,56954E-05;2,54720E-04;3,97975E-05;1,35603E-05;0,00000E+00
598;2,42068E-02;9,56546E-02;1,75027E-01;2,57765E-01;3,39808E-01;4,19957E-01;5,04135E-01;5,87908E-01;6,66381E-01;7,53650E-01;8,36793E-01;9,18095E-01;9,96546E-01;1,08787E+00;1,16440E+00;1,24817E+00;1,32943E+00;1,41747E+00;1,48715E+00;1,56588E+00;4,17328E-02;6,51853E-02;9,30898E-02;1,16803E-01;1,40233E-01;1,66038E-01;1,90414E-01;2,13850E-01;2,37324E-01;2,63947E-01;2,76370E-01;2,93266E-01;3,10799E-01;3,42570E-01;3,62382E-01;3,82195E-01;4,02008E-01;4,21820E-01;4,41633E-01;4,61445E-01;0,00000E+00;0,00000E+00;0,00000E+00;2,71351E-05;1,29194E-05;4,47089E-06;4,19363E-05;0,00000E+00;1,20084E-06;3,18506E-05;7,64857E-05;1,57904E-05;7,17393E-05;3,81669E-05;3,27034E-05;1,78535E-04;2,08811E-04;1,06744E-05;2,18226E-05;0,00000E+00
599;2,38651E-02;9,47974E-02;1,74635E-01;2,53861E-01;3,35643E-01;4,18124E-01;4,96702E-01;5,81338E-01;6,62470E-01;7,43545E-01;8,26802E-01;9,07930E-01;9,86564E-01;1,07845E+00;1,15306E+00;1,23852E+00;1,32603E+00;1,38533E+00;1,47557E+00;1,54098E+00;4,75902E-02;7,56976E-02;1,06137E-01;1,32318E-01;1,58276E-01;1,84454E-01;2,18135E-01;2,41278E-01;2,63212E-01;2,94132E-01;3,07357E-01;3,32904E-01;3,44523E-01;3,82317E-01;4,04246E-01;4,26175E-01;4,48104E-01;4,70033E-01;4,91963E-01;5,13892E-01;2,12214E-06;0,00000E+00;0,00000E+00;0,00000E+00;6,76666E-05;1,50609E-05;0,00000E+00;0,00000E+00;3,30915E-05;0,00000E+00;1,23919E-04;6,96645E-05;6,72608E-05;1,27294E-04;1,77778E-04;2,34930E-05;4,39631E-05;1,69489E-04;1,68101E-04;0,00000E+00
600;2,37262E-02;9,38892E-02;1,73420E-01;2,53111E-01;3,32892E-01;4,11170E-01;4,96238E-01;5,76362E-01;6,56858E-01;7,39399E-01;8,18688E-01;8,97794E-01;9,77466E-01;1,07158E+00;1,13898E+00;1,22979E+00;1,30936E+00;1,37860E+00;1,46175E+00;1,53422E+00;5,29143E-02;8,50542E-02;1,17497E-01;1,48546E-01;1,80173E-01;2,12307E-01;2,45704E-01;2,71727E-01;2,98765E-01;3,26499E-01;3,48041E-01;3,73395E-01;3,87974E-01;4,30210E-01;4,54827E-01;4,79445E-01;5,04062E-01;5,28679E-01;5,53297E-01;5,77914E-01;2,59692E-06;4,77141E-06;7,43018E-06;2,19441E-05;1,64123E-05;1,84304E-05;0,00000E+00;7,85888E-06;5,63608E-05;0,00000E+00;4,10308E-06;8,31319E-05;4,78772E-05;1,01261E-05;7,77299E-05;8,04309E-05;5,37991E-05;2,15237E-04;1,41620E-04;0,00000E+00
601;2,36571E-02;9,27094E-02;1,70457E-01;2,49417E-01;3,28616E-01;4,09186E-01;4,87610E-01;5,72461E-01;6,49936E-01;7,27524E-01;8,01242E-01;8,85423E-01;9,65786E-01;1,05793E+00;1,13206E+00;1,20786E+00;1,29246E+00;1,37212E+00;1,44553E+00;1,53258E+00;5,87766E-02;9,45386E-02;1,31677E-01;1,66801E-01;2,04496E-01;2,41740E-01;2,76711E-01;3,13152E-01;3,31304E-01;3,70883E-01;3,88912E-01;4,12965E-01;4,31146E-01;4,79506E-01;5,06598E-01;5,33690E-01;5,60781E-01;5,87873E-01;6,14965E-01;6,42056E-01;0,00000E+00;1,97295E-06;3,07233E-06;9,07377E-06;3,58710E-06;0,00000E+00;4,72297E-06;3,24960E-06;6,91272E-05;6,45678E-05;7,17420E-05;3,26779E-05;0,00000E+00;0,00000E+00;1,16780E-05;1,21905E-04;8,36154E-05;1,00606E-04;1,98710E-05;8,83522E-05
602;2,33396E-02;9,21807E-02;1,68741E-01;2,46337E-01;3,24110E-01;4,00830E-01;4,85678E-01;5,68938E-01;6,43643E-01;7,24086E-01;8,02119E-01;8,74461E-01;9,57626E-01;1,05665E+00;1,12900E+00;1,20558E+00;1,27959E+00;1,35979E+00;1,42606E+00;1,50406E+00;6,67821E-02;1,07240E-01;1,47026E-01;1,89210E-01;2,28904E-01;2,66493E-01;3,10801E-01;3,44591E-01;3,81386E-01;4,17207E-01;4,34758E-01;4,75511E-01;4,80113E-01;5,41068E-01;5,71822E-01;6,02575E-01;6,33328E-01;6,64082E-01;6,94835E-01;7,25588E-01;2,23051E-05;0,00000E+00;0,00000E+00;0,00000E+00;4,67794E-06;0,00000E+00;1,72030E-07;6,78294E-06;9,79396E-06;2,35182E-06;8,44642E-05;0,00000E+00;7,42847E-05;0,00000E+00;2,43757E-05;4,11490E-04;1,09043E-04;3,00282E-04;0,00000E+00;3,21814E-06
603;2,27821E-02;9,09456E-02;1,66305E-01;2,44653E-01;3,24116E-01;4,00082E-01;4,80113E-01;5,59499E-01;6,38496E-01;7,12087E-01;7,91616E-01;8,64449E-01;9,48635E-01;1,02798E+00;1,11585E+00;1,19642E+00;1,26410E+00;1,33508E+00;1,41569E+00;1,50108E+00;7,59505E-02;1,20375E-01;1,64566E-01;2,12960E-01;2,53789E-01;2,94886E-01;3,44520E-01;3,86559E-01;4,23515E-01;4,66758E-01;4,90064E-01;5,20350E-01;5,50534E-01;6,07228E-01;6,41971E-01;6,76715E-01;7,11458E-01;7,46201E-01;7,80945E-01;8,15688E-01;0,00000E+00;7,06667E-06;0,00000E+00;8,72965E-06;0,00000E+00;5,02527E-05;0,00000E+00;8,19176E-05;1,92864E-05;0,00000E+00;1,48952E-05;0,00000E+00;9,65588E-06;0,00000E+00;1,75080E-04;0,00000E+00;9,43911E-05;7,03304E-05;1,28512E-04;3,05730E-05
604;2,25927E-02;9,04222E-02;1,65461E-01;2,41664E-01;3,16525E-01;3,95839E-01;4,71864E-01;5,50925E-01;6,31613E-01;7,06834E-01;7,82618E-01;8,55134E-01;9,35142E-01;1,01882E+00;1,10185E+00;1,18571E+00;1,25110E+00;1,33225E+00;1,40085E+00;1,47802E+00;8,40766E-02;1,35787E-01;1,86152E-01;2,38725E-01;2,89400E-01;3,37128E-01;3,94497E-01;4,33673E-01;4,78449E-01;5,24669E-01;5,43572E-01;5,89203E-01;6,10915E-01;6,78900E-01;7,17299E-01;7,55698E-01;7,94096E-01;8,32495E-01;8,70894E-01;9,09293E-01;0,00000E+00;5,22628E-06;1,00800E-06;0,00000E+00;2,85900E-05;1,97537E-05;7,05809E-05;2,58243E-05;7,47395E-05;3,57375E-06;8,41015E-05;7,50487E-05;3,36690E-05;8,81971E-06;4,78926E-06;0,00000E+00;7,40864E-05;8,58248E-05;0,00000E+00;1,06605E-04
605;2,23660E-02;8,91544E-02;1,63216E-01;2,38612E-01;3,15796E-01;3,90980E-01;4,70046E-01;5,42991E-01;6,23525E-01;6,99893E-01;7,75305E-01;8,49277E-01;9,23999E-01;1,00794E+00;1,08149E+00;1,16334E+00;1,24063E+00;1,31766E+00;1,38710E+00;1,46554E+00;9,48903E-02;1,51464E-01;2,07174E-01;2,66688E-01;3,26386E-01;3,78624E-01;4,34955E-01;4,85634E-01;5,37988E-01;5,88229E-01;6,15343E-01;6,57771E-01;6,80344E-01;7,60323E-01;8,03355E-01;8,46388E-01;8,89421E-01;9,32453E-01;9,75486E-01;1,01852E+00;0,00000E+00;4,97394E-06;1,08634E-06;0,00000E+00;3,08121E-05;2,31480E-05;7,60669E-05;0,00000E+00;8,05487E-05;3,85152E-06;4,56481E-05;8,08819E-05;0,00000E+00;9,50523E-06;5,16151E-06;6,92686E-05;6,97246E-05;0,00000E+00;2,25434E-04;3,38191E-05
606;2,20538E-02;8,80985E-02;1,61165E-01;2,35450E-01;3,12445E-01;3,81555E-01;4,61854E-01;5,36338E-01;6,09351E-01;6,89707E-01;7,61071E-01;8,39659E-01;9,16173E-01;9,92170E-01;1,07313E+00;1,14370E+00;1,21262E+00;1,29604E+00;1,37661E+00;1,44509E+00;1,06189E-01;1,72141E-01;2,32262E-01;2,97155E-01;3,60006E-01;4,24718E-01;4,87465E-01;5,45686E-01;5,98550E-01;6,60219E-01;6,88564E-01;7,45403E-01;7,60854E-01;8,54201E-01;9,02787E-01;9,51373E-01;9,99958E-01;1,04854E+00;1,09713E+00;1,14572E+00;0,00000E+00;1,74760E-06;6,26562E-06;0,00000E+00;8,14518E-05;2,09644E-05;5,84967E-05;0,00000E+00;0,00000E+00;2,96188E-05;3,85939E-06;5,92377E-05;3,45611E-05;0,00000E+00;1,19079E-04;2,43375E-05;7,83256E-05;9,91112E-05;9,04629E-05;1,18824E-05
607;2,18260E-02;8,62597E-02;1,59352E-01;2,33061E-01;3,08285E-01;3,80302E-01;4,53462E-01;5,33122E-01;6,07896E-01;6,81778E-01;7,61626E-01;8,27700E-01;9,07591E-01;9,80751E-01;1,05064E+00;1,13340E+00;1,19967E+00;1,27647E+00;1,34945E+00;1,42304E+00;1,18643E-01;1,91201E-01;2,57597E-01;3,30731E-01;4,02909E-01;4,70304E-01;5,42752E-01;6,11276E-01;6,74328E-01;7,34093E-01;7,62272E-01;8,09043E-01;8,43390E-01;9,42895E-01;9,96046E-01;1,04920E+00;1,10235E+00;1,15550E+00;1,20865E+00;1,26180E+00;2,95135E-06;0,00000E+00;9,00376E-09;0,00000E+00;7,47260E-05;2,38981E-08;8,40604E-08;2,08669E-05;0,00000E+00;8,39777E-05;1,77196E-04;1,21325E-04;4,96646E-08;0,00000E+00;1,71117E-07;1,82968E-04;9,52176E-05;1,42424E-07;1,61761E-08;1,57924E-04
608;2,15166E-02;8,58345E-02;1,56473E-01;2,29554E-01;3,02222E-01;3,77480E-01;4,47829E-01;5,23575E-01;5,96056E-01;6,72052E-01;7,45584E-01;8,18750E-01;8,89346E-01;9,73961E-01;1,03576E+00;1,11402E+00;1,19270E+00;1,25140E+00;1,32170E+00;1,40776E+00;1,31874E-01;2,11419E-01;2,91704E-01;3,64866E-01;4,54307E-01;5,28340E-01;6,03078E-01;6,81877E-01;7,53435E-01;8,20716E-01;8,44364E-01;9,15671E-01;9,45823E-01;1,05606E+00;1,11568E+00;1,17531E+00;1,23494E+00;1,29457E+00;1,35419E+00;1,41382E+00;0,00000E+00;5,53731E-06;0,00000E+00;5,90703E-05;1,81518E-05;4,29134E-06;9,78117E-06;2,91279E-05;2,87711E-05;0,00000E+00;0,00000E+00;1,13343E-04;0,00000E+00;4,71550E-06;1,28030E-05;4,01637E-05;2,22695E-05;1,42058E-04;1,14561E-04;1,89517E-04
609;2,10903E-02;8,41403E-02;1,55167E-01;2,26878E-01;2,99228E-01;3,71177E-01;4,43381E-01;5,16358E-01;5,85824E-01;6,60578E-01;7,35145E-01;8,06640E-01;8,75033E-01;9,56486E-01;1,03002E+00;1,09957E+00;1,17307E+00;1,24018E+00;1,30941E+00;1,38161E+00;1,48061E-01;2,34464E-01;3,25377E-01;4,10184E-01;5,02816E-01;5,90350E-01;6,69737E-01;7,54927E-01;8,27657E-01;9,08149E-01;9,45567E-01;1,02120E+00;1,03978E+00;1,16969E+00;1,23551E+00;1,30133E+00;1,36715E+00;1,43297E+00;1,49880E+00;1,56462E+00;0,00000E+00;1,59762E-05;0,00000E+00;0,00000E+00;5,23713E-05;1,23813E-05;0,00000E+00;4,11155E-06;8,62201E-05;3,45391E-05;0,00000E+00;6,69155E-05;0,00000E+00;2,30761E-05;1,29512E-04;1,15879E-04;9,22065E-05;1,22980E-04;2,14285E-04;8,48641E-05
610;2,06947E-02;8,29943E-02;1,52316E-01;2,22729E-01;2,95915E-01;3,65752E-01;4,34875E-01;5,06242E-01;5,77702E-01;6,49123E-01;7,21351E-01;7,92716E-01;8,61835E-01;9,45595E-01;1,01116E+00;1,08921E+00;1,15745E+00;1,21961E+00;1,29616E+00;1,36367E+00;1,64765E-01;2,60718E-01;3,60474E-01;4,57166E-01;5,57520E-01;6,54670E-01;7,52794E-01;8,38217E-01;9,24533E-01;1,00946E+00;1,05915E+00;1,12682E+00;1,16182E+00;1,30289E+00;1,37626E+00;1,44963E+00;1,52300E+00;1,59637E+00;1,66973E+00;1,74310E+00;2,83233E-05;0,00000E+00;0,00000E+00;0,00000E+00;0,00000E+00;1,94527E-05;0,00000E+00;1,16277E-04;1,26669E-05;2,17117E-04;4,61937E-05;1,03691E-04;0,00000E+00;8,86872E-06;2,41449E-04;4,85500E-05;1,01888E-04;0,00000E+00;4,37046E-05;8,88888E-06
611;2,04494E-02;8,11363E-02;1,49225E-01;2,17029E-01;2,89461E-01;3,58373E-01;4,31031E-01;4,97954E-01;5,71846E-01;6,36372E-01;7,07266E-01;7,80622E-01;8,54619E-01;9,33457E-01;9,87771E-01;1,06834E+00;1,13743E+00;1,20584E+00;1,27076E+00;1,34276E+00;1,81264E-01;2,89835E-01;4,00076E-01;5,04832E-01;6,20517E-01;7,33071E-01;8,32377E-01;9,34520E-01;1,03673E+00;1,11580E+00;1,17024E+00;1,23934E+00;1,29057E+00;1,44217E+00;1,52306E+00;1,60395E+00;1,68484E+00;1,76573E+00;1,84661E+00;1,92750E+00;8,16220E-06;0,00000E+00;7,17548E-05;2,04330E-05;1,54181E-05;5,60587E-06;1,01502E-05;3,35085E-05;1,12416E-04;5,32483E-05;1,21239E-04;3,64393E-05;8,99542E-05;0,00000E+00;2,92546E-04;5,72034E-05;3,30495E-05;0,00000E+00;0,00000E+00;5,00312E-05
612;1,98149E-02;8,05930E-02;1,48003E-01;2,15668E-01;2,83930E-01;3,52719E-01;4,21405E-01;4,93245E-01;5,63502E-01;6,32904E-01;7,00850E-01;7,61722E-01;8,35363E-01;9,12353E-01;9,81978E-01;1,04894E+00;1,11010E+00;1,18650E+00;1,25113E+00;1,31545E+00;2,02665E-01;3,16996E-01;4,43711E-01;5,63062E-01;6,79819E-01;7,99252E-01;9,18549E-01;1,03486E+00;1,12384E+00;1,24194E+00;1,28206E+00;1,38791E+00;1,40583E+00;1,58767E+00;1,67664E+00;1,76561E+00;1,85457E+00;1,94354E+00;2,03251E+00;2,12147E+00;2,30053E-05;1,36405E-06;3,03924E-05;0,00000E+00;1,74825E-06;1,53472E-05;9,59696E-05;7,59767E-06;1,29571E-04;2,06429E-05;7,28889E-05;6,45507E-06;1,06314E-04;9,12694E-05;2,52309E-06;3,45814E-05;2,04200E-04;5,42006E-05;2,30201E-04;1,13034E-04
613;1,96592E-02;7,85773E-02;1,43375E-01;2,12595E-01;2,80565E-01;3,46689E-01;4,15798E-01;4,81939E-01;5,51404E-01;6,18032E-01;6,85506E-01;7,53277E-01;8,15884E-01;8,96094E-01;9,67219E-01;1,02807E+00;1,10145E+00;1,16588E+00;1,22467E+00;1,29662E+00;2,24365E-01;3,56317E-01;4,90964E-01;6,23844E-01;7,61521E-01;8,85570E-01;1,02114E+00;1,13751E+00;1,26101E+00;1,37240E+00;1,42344E+00;1,52576E+00;1,56766E+00;1,76005E+00;1,85856E+00;1,95707E+00;2,05558E+00;2,15409E+00;2,25260E+00;2,35111E+00;1,76053E-05;3,99999E-05;5,91790E-05;8,35015E-07;5,32747E-05;1,23822E-05;0,00000E+00;2,30597E-05;2,21376E-05;6,46046E-05;8,82110E-06;2,00947E-04;0,00000E+00;3,54308E-05;6,73385E-05;2,41422E-04;2,13060E-04;1,96783E-05;2,29164E-04;2,21006E-05
614;1,91935E-02;7,78597E-02;1,41601E-01;2,08319E-01;2,74802E-01;3,40344E-01;4,07006E-01;4,73897E-01;5,41329E-01;6,08276E-01;6,75313E-01;7,38784E-01;8,07741E-01;8,76174E-01;9,48186E-01;1,01454E+00;1,08056E+00;1,14634E+00;1,20140E+00;1,27522E+00;2,50983E-01;3,99462E-01;5,46018E-01;7,02196E-01;8,42123E-01;9,82429E-01;1,12993E+00;1,26262E+00;1,39546E+00;1,51819E+00;1,57282E+00;1,67458E+00;1,74140E+00;1,94333E+00;2,05156E+00;2,15978E+00;2,26801E+00;2,37624E+00;2,48447E+00;2,59269E+00;0,00000E+00;1,83271E-05;1,17740E-05;1,98762E-06;2,61210E-05;2,94739E-05;0,00000E+00;1,62935E-05;9,43472E-05;0,00000E+00;5,83405E-05;6,82408E-05;0,00000E+00;0,00000E+00;0,00000E+00;0,00000E+00;3,52801E-04;2,13453E-04;3,15389E-05;0,00000E+00
615;1,87402E-02;7,60447E-02;1,38843E-01;2,04810E-01;2,70488E-01;3,34560E-01;4,01891E-01;4,65111E-01;5,32037E-01;5,98703E-01;6,67828E-01;7,26656E-01;7,89914E-01;8,60368E-01;9,20513E-01;9,96609E-01;1,06112E+00;1,12051E+00;1,18021E+00;1,25101E+00;2,79171E-01;4,40634E-01;6,02599E-01;7,77123E-01;9,24642E-01;1,09464E+00;1,24398E+00;1,39861E+00;1,54290E+00;1,67949E+00;1,73985E+00;1,84765E+00;1,91394E+00;2,14394E+00;2,26310E+00;2,38226E+00;2,50142E+00;2,62058E+00;2,73974E+00;2,85891E+00;6,26307E-06;7,78669E-06;4,66372E-06;1,84461E-05;8,26737E-06;1,70958E-05;0,00000E+00;1,27950E-04;3,31967E-05;4,26267E-05;1,02837E-04;7,30744E-05;1,42113E-05;1,65313E-04;0,00000E+00;1,36537E-04;1,34899E-04;2,32410E-04;1,54740E-04;0,00000E+00
616;1,85900E-02;7,51514E-02;1,36562E-01;2,00169E-01;2,62812E-01;3,28398E-01;3,93297E-01;4,54197E-01;5,23426E-01;5,85853E-01;6,53843E-01;7,14688E-01;7,81905E-01;8,42359E-01;9,20211E-01;9,81725E-01;1,03889E+00;1,09773E+00;1,16701E+00;1,22784E+00;3,09973E-01;4,83723E-01;6,69363E-01;8,56855E-01;1,02308E+00;1,20514E+00;1,37948E+00;1,53400E+00;1,70238E+00;1,85984E+00;1,92084E+00;2,04501E+00;2,10821E+00;2,36644E+00;2,49788E+00;2,62932E+00;2,76076E+00;2,89220E+00;3,02365E+00;3,15509E+00;1,40417E-06;0,00000E+00;0,00000E+00;2,23920E-05;3,61614E-05;1,12121E-04;0,00000E+00;1,34355E-04;6,72232E-06;3,36645E-05;2,01208E-04;1,63832E-05;3,18616E-06;3,64289E-04;9,69214E-05;3,06114E-05;1,63902E-04;2,97208E-04;1,87869E-04;3,71114E-05
617;1,80746E-02;7,37106E-02;1,34206E-01;1,96972E-01;2,58003E-01;3,20972E-01;3,84066E-01;4,48778E-01;5,12600E-01;5,75391E-01;6,35948E-01;7,07648E-01;7,66864E-01;8,36767E-01;8,89810E-01;9,55991E-01;1,01949E+00;1,07340E+00;1,13972E+00;1,19733E+00;3,39198E-01;5,33425E-01;7,40847E-01;9,30426E-01;1,12255E+00;1,32650E+00;1,51488E+00;1,69663E+00;1,85929E+00;2,03819E+00;2,10664E+00;2,24567E+00;2,29428E+00;2,58933E+00;2,73267E+00;2,87600E+00;3,01934E+00;3,16267E+00;3,30600E+00;3,44934E+00;0,00000E+00;0,00000E+00;2,98944E-05;0,00000E+00;0,00000E+00;1,22202E-04;3,87054E-05;4,32548E-06;9,70320E-07;1,35699E-04;9,94752E-05;9,47026E-05;1,43298E-04;1,96177E-04;1,25359E-04;0,00000E+00;1,85885E-05;1,31355E-05;2,01406E-04;2,86215E-04
618;1,76429E-02;7,19378E-02;1,32107E-01;1,93124E-01;2,53323E-01;3,16891E-01;3,76856E-01;4,38920E-01;5,04190E-01;5,64920E-01;6,29494E-01;6,87390E-01;7,47845E-01;8,18158E-01;8,81883E-01;9,35873E-01;9,99710E-01;1,06702E+00;1,13146E+00;1,18994E+00;3,68519E-01;5,81312E-01;7,96799E-01;1,01619E+00;1,22497E+00;1,43610E+00;1,63254E+00;1,84079E+00;2,02144E+00;2,20407E+00;2,28355E+00;2,43931E+00;2,50611E+00;2,81488E+00;2,97112E+00;3,12736E+00;3,28360E+00;3,43984E+00;3,59609E+00;3,75233E+00;2,80235E-06;8,24879E-06;4,28175E-06;1,53280E-05;0,00000E+00;1,13756E-04;8,19995E-05;6,45927E-05;4,32745E-05;2,60673E-04;5,03289E-05;7,57848E-05;2,36087E-04;1,24881E-05;8,30954E-05;4,60918E-05;3,05597E-04;4,13905E-05;4,61554E-05;2,32010E-04
619;1,73236E-02;7,00438E-02;1,28813E-01;1,89481E-01;2,47770E-01;3,11399E-01;3,70674E-01;4,31863E-01;4,89776E-01;5,54465E-01;6,13021E-01;6,77715E-01;7,32246E-01;7,96801E-01;8,66035E-01;9,17001E-01;9,89531E-01;1,04391E+00;1,11002E+00;1,16723E+00;3,89601E-01;6,15198E-01;8,49453E-01;1,07546E+00;1,30229E+00;1,52374E+00;1,73971E+00;1,94501E+00;2,15878E+00;2,35158E+00;2,44709E+00;2,60232E+00;2,69943E+00;3,01611E+00;3,18479E+00;3,35347E+00;3,52216E+00;3,69084E+00;3,85952E+00;4,02820E+00;1,00880E-05;1,61162E-05;8,36555E-06;2,99475E-05;3,13955E-05;3,33062E-05;7,15935E-05;4,25326E-05;6,20278E-05;1,14417E-04;1,79041E-04;1,39037E-04;5,76803E-06;7,97428E-05;3,00527E-05;2,15755E-04;3,28992E-04;2,20942E-04;1,10632E-04;2,25319E-04
620;1,68820E-02;6,85851E-02;1,25663E-01;1,84879E-01;2,44901E-01;3,04113E-01;3,60113E-01;4,21675E-01;4,79799E-01;5,41404E-01;6,03846E-01;6,60695E-01;7,18164E-01;7,83699E-01;8,41249E-01;8,96048E-01;9,52487E-01;1,01361E+00;1,07749E+00;1,12775E+00;4,00753E-01;6,34939E-01;8,72436E-01;1,11149E+00;1,34868E+00;1,58047E+00;1,80872E+00;2,02495E+00;2,24744E+00;2,45680E+00;2,56326E+00;2,75788E+00;2,85824E+00;3,18309E+00;3,36395E+00;3,54481E+00;3,72567E+00;3,90654E+00;4,08740E+00;4,26826E+00;4,09238E-06;1,86557E-05;3,63140E-06;7,31244E-06;4,34512E-05;2,16869E-05;6,78066E-05;1,35975E-04;1,61554E-05;1,37021E-04;2,05532E-04;9,26473E-05;0,00000E+00;1,24256E-04;2,00256E-05;1,73972E-04;2,87042E-04;3,13535E-04;9,19200E-05;6,90107E-05
621;1,64298E-02;6,67919E-02;1,23474E-01;1,80187E-01;2,38039E-01;2,95799E-01;3,54485E-01;4,14728E-01;4,71489E-01;5,30297E-01;5,86571E-01;6,43786E-01;7,00573E-01;7,62263E-01;8,12846E-01;8,82674E-01;9,38403E-01;9,87331E-01;1,05616E+00;1,10433E+00;3,95880E-01;6,34694E-01;8,69629E-01;1,11774E+00;1,35690E+00;1,60295E+00;1,83850E+00;2,05657E+00;2,26091E+00;2,48529E+00;2,63961E+00;2,81718E+00;2,94874E+00;3,26584E+00;3,45409E+00;3,64233E+00;3,83058E+00;4,01882E+00;4,20707E+00;4,39532E+00;1,21036E-05;2,99394E-06;5,82781E-07;1,17353E-06;3,61584E-06;4,58501E-05;1,48876E-04;7,00600E-05;2,59268E-06;1,23972E-05;1,52748E-04;4,19225E-05;2,34805E-04;2,72676E-04;1,46071E-04;6,14756E-05;7,74575E-05;9,76855E-05;2,41997E-04;0,00000E+00
622;1,60643E-02;6,55167E-02;1,19965E-01;1,76141E-01;2,32864E-01;2,89586E-01;3,46129E-01;4,04719E-01;4,59266E-01;5,15061E-01;5,68151E-01;6,26478E-01;6,92295E-01;7,53083E-01;8,04639E-01;8,56127E-01;9,21565E-01;9,76182E-01;1,01654E+00;1,09079E+00;3,76406E-01;6,01496E-01;8,37968E-01;1,07548E+00;1,31114E+00;1,55223E+00;1,76772E+00;1,99261E+00;2,20605E+00;2,43765E+00;2,61823E+00;2,82521E+00;2,99115E+00;3,27089E+00;3,46501E+00;3,65912E+00;3,85324E+00;4,04735E+00;4,24146E+00;4,43558E+00;5,84837E-07;0,00000E+00;2,10581E-05;5,24541E-05;8,27211E-05;8,13621E-05;0,00000E+00;1,20634E-04;0,00000E+00;4,31282E-05;1,76946E-04;7,28112E-05;3,41514E-05;2,50847E-05;1,39275E-04;1,01743E-04;3,11500E-04;1,92391E-05;2,11545E-04;6,32274E-05
623;1,55765E-02;6,32493E-02;1,16574E-01;1,71249E-01;2,26569E-01;2,79382E-01;3,38115E-01;3,90607E-01;4,50012E-01;5,04846E-01;5,55327E-01;6,16676E-01;6,69026E-01;7,36247E-01;7,84209E-01;8,32522E-01;8,92748E-01;9,41288E-01;1,00222E+00;1,05336E+00;3,39251E-01;5,51515E-01;7,73013E-01;9,82884E-01;1,19979E+00;1,43161E+00;1,64593E+00;1,86317E+00;2,07575E+00;2,28044E+00;2,48908E+00;2,69945E+00;2,91660E+00;3,14163E+00;3,33352E+00;3,52542E+00;3,71731E+00;3,90921E+00;4,10110E+00;4,29300E+00;4,14140E-06;0,00000E+00;1,45423E-05;7,43276E-05;4,25315E-05;0,00000E+00;3,03098E-05;4,39214E-05;4,81435E-06;1,24323E-04;1,43639E-04;3,27166E-05;4,73290E-05;2,27342E-04;1,38876E-04;2,81604E-04;1,58211E-04;1,70474E-04;2,98418E-05;3,90355E-04
624;1,50884E-02;6,16103E-02;1,14068E-01;1,65236E-01;2,20877E-01;2,74287E-01;3,29544E-01;3,82638E-01;4,37907E-01;4,90489E-01;5,41454E-01;6,01017E-01;6,54417E-01;7,06148E-01;7,55986E-01;8,11538E-01;8,67253E-01;9,26819E-01;9,67403E-01;1,02959E+00;2,99122E-01;4,86239E-01;6,79450E-01;8,76946E-01;1,07445E+00;1,27747E+00;1,47738E+00;1,67441E+00;1,86953E+00;2,06790E+00;2,28621E+00;2,50069E+00;2,74122E+00;2,91359E+00;3,09634E+00;3,27910E+00;3,46185E+00;3,64460E+00;3,82736E+00;4,01011E+00;1,90804E-06;1,48521E-05;4,33951E-05;0,00000E+00;1,68820E-05;0,00000E+00;4,81898E-05;0,00000E+00;8,83543E-05;4,34109E-05;1,55551E-04;1,25409E-04;2,66921E-05;1,86170E-04;1,38546E-04;2,43625E-04;3,03766E-04;1,40514E-04;2,12648E-04;2,41368E-04
625;1,46648E-02;6,04239E-02;1,10694E-01;1,61069E-01;2,13031E-01;2,65186E-01;3,19644E-01;3,71648E-01;4,25347E-01;4,76823E-01;5,27357E-01;5,82824E-01;6,35607E-01;6,86886E-01;7,36961E-01;7,93894E-01;8,49498E-01;9,05347E-01;9,45445E-01;1,00163E+00;2,55762E-01;4,11285E-01;5,78379E-01;7,54564E-01;9,25947E-01;1,10731E+00;1,27679E+00;1,45635E+00;1,62915E+00;1,79866E+00;2,04008E+00;2,23872E+00;2,46640E+00;2,60370E+00;2,77084E+00;2,93798E+00;3,10512E+00;3,27226E+00;3,43940E+00;3,60655E+00;1,17390E-05;8,05568E-06;2,21374E-05;0,00000E+00;9,15671E-06;8,73625E-05;3,11747E-05;5,04542E-06;2,58817E-04;7,09001E-05;0,00000E+00;1,69495E-04;1,34193E-04;2,41756E-04;1,20159E-04;2,55959E-04;2,48512E-04;1,57359E-04;3,41590E-04;1,76346E-04
626;1,40202E-02;5,83096E-02;1,07793E-01;1,57388E-01;2,06958E-01;2,61367E-01;3,09374E-01;3,62516E-01;4,12785E-01;4,65538E-01;5,11394E-01;5,67898E-01;6,14743E-01;6,73120E-01;7,19807E-01;7,68807E-01;8,25167E-01;8,77032E-01;9,16696E-01;9,76244E-01;2,10091E-01;3,46036E-01;4,86661E-01;6,31188E-01;7,79860E-01;9,34697E-01;1,07007E+00;1,24221E+00;1,38391E+00;1,54072E+00;1,75804E+00;1,95871E+00;2,15977E+00;2,26612E+00;2,41452E+00;2,56292E+00;2,71132E+00;2,85971E+00;3,00811E+00;3,15651E+00;1,04822E-06;6,92453E-05;7,35210E-06;3,28993E-05;8,68871E-06;1,01248E-04;7,16931E-05;1,17139E-04;1,95502E-04;2,20147E-05;0,00000E+00;9,93702E-06;6,38338E-05;2,75300E-04;7,99010E-06;1,46824E-04;1,35119E-05;1,08375E-05;4,85736E-05;1,22301E-04
627;1,35002E-02;5,63970E-02;1,03397E-01;1,52212E-01;2,04152E-01;2,50764E-01;3,00421E-01;3,47995E-01;4,02765E-01;4,49353E-01;4,95962E-01;5,47763E-01;5,96881E-01;6,47616E-01;6,99094E-01;7,45133E-01;7,99900E-01;8,48713E-01;8,98800E-01;9,40915E-01;1,71731E-01;2,84808E-01;4,00648E-01;5,28525E-01;6,49415E-01;7,72691E-01;9,01554E-01;1,02596E+00;1,15383E+00;1,29724E+00;1,47598E+00;1,65109E+00;1,84166E+00;1,91587E+00;2,04257E+00;2,16928E+00;2,29598E+00;2,42268E+00;2,54938E+00;2,67609E+00;2,01080E-05;6,55988E-05;3,11988E-05;3,39429E-06;3,26354E-05;0,00000E+00;7,57173E-05;1,91023E-06;1,36421E-04;1,21577E-04;2,81736E-05;2,02576E-04;3,02920E-04;5,70854E-05;0,00000E+00;3,99855E-05;1,05469E-04;5,38625E-04;3,74637E-04;3,82755E-04
628;1,30524E-02;5,41407E-02;1,00922E-01;1,46831E-01;1,95652E-01;2,44445E-01;2,91304E-01;3,41469E-01;3,89014E-01;4,36513E-01;4,82782E-01;5,34697E-01;5,83043E-01;6,28784E-01;6,74595E-01;7,18703E-01;7,74552E-01;8,14188E-01;8,67165E-01;9,17819E-01;1,44035E-01;2,34312E-01;3,31204E-01;4,33514E-01;5,33066E-01;6,39000E-01;7,35246E-01;8,45170E-01;9,50175E-01;1,06521E+00;1,22709E+00;1,37188E+00;1,53738E+00;1,59198E+00;1,69796E+00;1,80395E+00;1,90993E+00;2,01592E+00;2,12190E+00;2,22788E+00;2,60753E-05;2,45084E-05;2,89402E-05;5,28027E-05;6,97260E-05;5,97420E-05;1,08488E-04;4,51751E-05;9,74879E-05;1,16882E-04;1,85864E-04;1,57536E-04;5,69750E-05;1,50482E-04;0,00000E+00;2,04623E-04;5,16708E-05;2,68368E-04;1,49851E-04;2,71579E-04
629;1,25143E-02;5,24745E-02;9,78630E-02;1,43207E-01;1,88626E-01;2,36098E-01;2,82398E-01;3,28972E-01;3,75591E-01;4,20650E-01;4,69014E-01;5,14314E-01;5,62833E-01;6,11242E-01;6,49422E-01;7,01624E-01;7,43264E-01;7,94702E-01;8,36243E-01;8,86747E-01;1,19990E-01;1,94378E-01;2,75818E-01;3,57958E-01;4,43626E-01;5,34150E-01;6,13680E-01;7,02543E-01;7,84083E-01;8,75272E-01;1,01050E+00;1,14059E+00;1,29542E+00;1,32497E+00;1,41336E+00;1,50175E+00;1,59014E+00;1,67853E+00;1,76692E+00;1,85531E+00;9,00510E-06;3,07632E-05;1,29163E-05;4,72895E-05;1,01249E-04;9,16617E-05;1,02181E-05;5,42909E-05;1,33727E-04;1,57835E-04;1,85605E-04;2,42396E-04;1,63001E-04;2,72471E-04;2,14938E-04;2,90514E-04;2,09929E-04;2,62327E-04;3,50058E-04;3,64367E-04
630;1,20013E-02;5,09896E-02;9,41598E-02;1,37023E-01;1,81047E-01;2,25533E-01;2,70792E-01;3,17162E-01;3,64294E-01;4,07108E-01;4,48895E-01;4,95235E-01;5,43952E-01;5,88983E-01;6,35638E-01;6,75147E-01;7,17712E-01;7,74605E-01;8,06918E-01;8,55401E-01;9,95772E-02;1,59551E-01;2,28070E-01;2,94931E-01;3,65224E-01;4,38609E-01;5,05217E-01;5,78353E-01;6,51701E-01;7,32524E-01;8,38818E-01;9,43601E-01;1,06773E+00;1,09737E+00;1,17070E+00;1,24403E+00;1,31736E+00;1,39069E+00;1,46401E+00;1,53734E+00;3,08907E-05;3,70223E-05;1,20482E-05;1,88698E-05;1,66109E-05;6,61782E-05;4,65557E-05;2,98524E-05;1,98650E-04;1,19128E-04;2,50280E-04;1,83832E-04;3,02380E-04;1,84675E-04;2,44662E-04;2,66482E-04;2,58374E-04;6,98771E-05;2,60707E-04;3,53137E-04
631;1,14436E-02;4,85445E-02;9,07588E-02;1,32093E-01;1,76015E-01;2,16274E-01;2,62120E-01;3,03283E-01;3,47602E-01;3,90128E-01;4,36640E-01;4,80760E-01;5,22671E-01;5,59256E-01;6,05142E-01;6,47979E-01;6,96473E-01;7,37081E-01;7,73412E-01;8,21511E-01;8,05484E-02;1,36822E-01;1,89222E-01;2,44289E-01;2,99988E-01;3,64218E-01;4,12204E-01;4,76912E-01;5,39639E-01;5,85968E-01;6,85958E-01;7,70588E-01;8,78766E-01;8,96931E-01;9,56640E-01;1,01635E+00;1,07606E+00;1,13577E+00;1,19548E+00;1,25519E+00;1,01179E-06;2,55997E-05;5,56577E-06;5,56378E-05;7,70707E-05;2,24396E-06;1,57860E-06;9,56684E-05;6,46357E-06;8,50679E-05;1,79736E-04;3,73006E-06;1,46246E-04;8,22646E-05;5,71284E-06;5,75454E-05;4,56505E-04;4,85847E-04;3,09730E-04;1,06639E-05
632;1,09087E-02;4,65489E-02;8,67283E-02;1,28118E-01;1,69967E-01;2,10770E-01;2,53935E-01;2,91266E-01;3,34267E-01;3,76807E-01;4,16828E-01;4,64805E-01;5,01940E-01;5,46658E-01;5,93721E-01;6,31638E-01;6,70213E-01;7,10376E-01;7,54385E-01;7,98706E-01;6,79405E-02;1,10107E-01;1,53744E-01;2,01017E-01;2,47159E-01;2,97392E-01;3,44765E-01;3,97575E-01;4,46066E-01;4,98865E-01;5,70461E-01;6,37835E-01;7,27121E-01;7,46534E-01;7,96397E-01;8,46260E-01;8,96123E-01;9,45987E-01;9,95850E-01;1,04571E+00;0,00000E+00;5,48824E-06;2,24866E-05;8,71413E-05;3,72612E-05;6,84781E-05;1,41335E-04;2,63653E-05;1,24168E-04;2,90430E-04;1,19662E-04;2,25090E-04;3,76389E-04;1,85234E-04;1,32681E-04;2,27523E-04;2,92037E-04;3,38174E-04;1,85175E-04;8,45697E-05
633;1,04663E-02;4,44163E-02;8,24223E-02;1,23268E-01;1,61822E-01;2,01463E-01;2,39137E-01;2,80388E-01;3,21004E-01;3,61364E-01;4,00273E-01;4,45283E-01;4,78557E-01;5,19291E-01;5,64596E-01;5,98143E-01;6,42619E-01;6,86326E-01;7,17073E-01;7,56964E-01;5,60281E-02;9,12068E-02;1,28830E-01;1,69306E-01;2,08044E-01;2,42680E-01;2,84475E-01;3,27682E-01;3,69178E-01;4,08282E-01;4,73397E-01;5,27725E-01;5,92875E-01;6,13082E-01;6,53777E-01;6,94472E-01;7,35167E-01;7,75862E-01;8,16557E-01;8,57252E-01;0,00000E+00;3,04527E-05;4,12898E-05;6,60395E-05;5,02987E-05;9,05502E-05;1,62978E-04;1,32731E-04;1,50189E-04;2,40868E-04;1,26634E-04;1,31841E-04;3,26393E-04;2,91408E-04;3,37971E-04;5,86007E-04;1,25482E-04;3,93627E-04;4,66954E-04;4,01970E-04
634;9,88059E-03;4,26301E-02;7,86071E-02;1,17169E-01;1,55385E-01;1,94016E-01;2,31951E-01;2,68244E-01;3,09602E-01;3,47986E-01;3,82428E-01;4,21868E-01;4,57624E-01;5,03592E-01;5,38405E-01;5,71757E-01;6,17702E-01;6,51944E-01;6,82566E-01;7,19964E-01;4,58700E-02;7,54146E-02;1,05867E-01;1,39091E-01;1,71305E-01;2,05346E-01;2,35109E-01;2,69221E-01;3,02628E-01;3,36028E-01;3,92896E-01;4,35125E-01;4,96576E-01;5,08735E-01;5,42612E-01;5,76489E-01;6,10366E-01;6,44243E-01;6,78120E-01;7,11997E-01;0,00000E+00;3,24733E-05;4,48192E-05;9,82917E-05;9,96981E-05;1,29756E-04;1,74664E-04;1,36461E-04;1,96741E-04;1,53652E-04;1,88556E-04;2,27754E-04;3,72664E-04;3,27387E-04;2,55520E-04;1,83891E-04;3,20587E-04;3,44698E-04;4,40022E-04;3,71487E-04
635;9,17871E-03;4,05066E-02;7,55096E-02;1,10846E-01;1,47341E-01;1,83083E-01;2,19414E-01;2,54446E-01;2,87991E-01;3,29589E-01;3,68689E-01;4,02160E-01;4,39940E-01;4,74757E-01;5,13238E-01;5,46475E-01;5,81833E-01;6,14621E-01;6,53006E-01;6,99193E-01;3,76953E-02;6,13130E-02;8,49119E-02;1,13852E-01;1,39372E-01;1,68150E-01;1,93777E-01;2,21359E-01;2,51456E-01;2,75132E-01;3,16044E-01;3,54485E-01;4,05053E-01;4,14774E-01;4,42327E-01;4,69881E-01;4,97434E-01;5,24987E-01;5,52540E-01;5,80093E-01;1,37608E-05;6,51575E-06;6,59523E-06;6,55658E-05;9,57568E-05;1,16827E-04;1,90099E-04;2,95128E-05;2,15948E-04;1,24595E-04;2,75802E-04;3,45295E-04;1,88173E-04;2,16344E-04;1,80450E-04;3,92106E-04;3,97583E-04;4,69632E-04;2,74177E-04;4,25705E-04
636;8,64927E-03;3,80736E-02;7,06197E-02;1,06466E-01;1,38696E-01;1,72905E-01;2,06925E-01;2,44947E-01;2,71839E-01;3,10412E-01;3,48943E-01;3,82401E-01;4,16107E-01;4,50562E-01;4,78891E-01;5,11296E-01;5,63999E-01;5,86896E-01;6,12465E-01;6,50893E-01;3,04508E-02;4,98979E-02;6,89202E-02;8,96882E-02;1,12636E-01;1,31348E-01;1,56964E-01;1,77428E-01;2,04012E-01;2,28200E-01;2,64363E-01;2,86985E-01;3,32182E-01;3,40990E-01;3,63938E-01;3,86887E-01;4,09835E-01;4,32783E-01;4,55731E-01;4,78679E-01;1,75240E-05;2,46197E-05;8,53093E-05;1,94240E-04;4,72384E-05;8,58205E-05;1,41902E-04;1,14358E-04;2,55152E-04;1,40744E-04;1,87659E-04;1,08683E-04;2,43249E-04;3,12730E-04;3,94049E-04;3,83627E-04;4,25603E-04;4,07855E-04;7,78376E-04;4,48468E-04
637;8,15748E-03;3,55752E-02;6,67705E-02;9,97118E-02;1,31232E-01;1,62692E-01;1,96466E-01;2,28662E-01;2,62910E-01;2,94062E-01;3,28637E-01;3,58707E-01;3,95334E-01;4,23976E-01;4,55939E-01;4,86118E-01;5,19400E-01;5,49907E-01;5,85049E-01;6,18250E-01;2,49836E-02;4,06033E-02;5,77018E-02;7,35145E-02;9,17780E-02;1,13577E-01;1,27374E-01;1,46580E-01;1,62871E-01;1,83427E-01;2,13089E-01;2,43899E-01;2,74228E-01;2,80619E-01;2,99521E-01;3,18423E-01;3,37325E-01;3,56228E-01;3,75130E-01;3,94032E-01;1,31852E-05;6,97711E-05;1,33727E-04;1,38466E-04;7,59646E-05;1,82096E-04;1,39278E-04;2,46982E-04;9,85973E-05;2,06774E-04;2,67200E-04;4,12430E-04;3,98807E-04;4,04854E-04;1,36670E-04;5,81490E-04;5,85961E-04;6,17816E-04;5,67423E-04;5,40548E-04
638;7,59421E-03;3,36931E-02;6,19615E-02;9,30143E-02;1,22801E-01;1,51981E-01;1,82682E-01;2,15455E-01;2,46586E-01;2,78061E-01;3,05495E-01;3,36840E-01;3,65643E-01;4,02003E-01;4,29239E-01;4,61282E-01;4,84237E-01;5,17469E-01;5,49863E-01;5,72922E-01;1,99314E-02;3,24677E-02;4,70973E-02;6,04748E-02;7,55829E-02;9,26007E-02;1,05428E-01;1,21946E-01;1,37944E-01;1,46920E-01;1,74065E-01;1,95862E-01;2,27038E-01;2,29501E-01;2,44900E-01;2,60299E-01;2,75698E-01;2,91098E-01;3,06497E-01;3,21896E-01;2,41984E-05;3,19280E-05;1,15697E-04;7,03988E-05;8,97932E-05;1,00306E-04;1,02779E-04;2,49007E-04;1,61482E-04;2,83871E-04;4,85493E-04;3,83701E-04;3,39253E-04;3,43928E-04;5,25491E-04;5,68174E-04;4,31432E-04;4,33363E-04;5,37196E-04;4,49392E-04
639;6,76513E-03;3,09012E-02;5,81881E-02;8,60894E-02;1,14730E-01;1,41378E-01;1,70584E-01;2,00005E-01;2,28642E-01;2,56335E-01;2,86542E-01;3,13661E-01;3,36148E-01;3,74956E-01;3,96983E-01;4,31090E-01;4,56191E-01;4,85627E-01;5,14590E-01;5,38895E-01;1,62377E-02;2,68391E-02;3,78652E-02;4,89262E-02;6,01484E-02;7,73045E-02;8,12516E-02;9,90391E-02;1,09801E-01;1,19705E-01;1,44367E-01;1,61346E-01;1,80648E-01;1,86347E-01;1,98907E-01;2,11466E-01;2,24026E-01;2,36586E-01;2,49145E-01;2,61705E-01;1,05679E-05;6,57929E-05;8,97539E-05;1,25059E-04;1,21508E-04;1,25227E-04;1,40371E-04;3,46068E-04;1,52974E-04;3,37409E-04;4,30406E-04;5,12015E-04;3,05568E-04;2,59619E-04;4,35997E-04;7,79342E-04;3,82229E-04;5,45377E-04;5,24860E-04;4,63446E-04
640;6,26124E-03;2,81698E-02;5,32765E-02;7,96247E-02;1,06560E-01;1,30189E-01;1,56209E-01;1,81859E-01;2,11211E-01;2,37374E-01;2,63473E-01;2,86080E-01;3,09807E-01;3,38346E-01;3,62883E-01;3,94006E-01;4,27941E-01;4,53354E-01;4,65667E-01;5,00041E-01;1,35992E-02;2,07658E-02;3,04713E-02;4,07002E-02;4,96267E-02;5,97748E-02;7,10025E-02;8,09214E-02;8,92207E-02;9,96828E-02;1,18167E-01;1,28809E-01;1,44666E-01;1,50666E-01;1,60723E-01;1,70781E-01;1,80839E-01;1,90897E-01;2,00955E-01;2,11013E-01;1,44252E-05;2,96619E-05;1,04345E-04;1,53284E-04;1,51473E-04;1,92685E-04;2,62920E-04;4,67842E-04;2,20872E-04;3,71357E-04;3,71324E-04;4,46462E-04;6,00476E-04;3,82081E-04;4,29377E-04;8,02210E-04;6,65830E-04;5,78197E-04;7,07050E-04;7,81940E-04
641;5,68741E-03;2,61257E-02;4,87964E-02;7,26973E-02;9,60354E-02;1,19129E-01;1,43148E-01;1,69346E-01;1,92660E-01;2,16963E-01;2,38270E-01;2,64587E-01;2,87137E-01;3,10037E-01;3,40366E-01;3,53939E-01;3,84373E-01;4,07134E-01;4,30848E-01;4,59033E-01;1,09220E-02;1,95485E-02;2,54235E-02;3,17999E-02;4,18349E-02;5,01575E-02;5,28286E-02;6,65081E-02;7,03462E-02;8,17929E-02;9,42515E-02;1,03208E-01;1,20149E-01;1,22127E-01;1,30304E-01;1,38481E-01;1,46658E-01;1,54835E-01;1,63012E-01;1,71188E-01;2,28979E-06;8,95747E-05;1,29912E-04;1,50402E-04;1,77601E-04;1,89941E-04;2,34667E-04;2,08786E-04;3,45948E-04;3,74657E-04;5,45361E-04;5,36577E-04;3,76434E-04;4,07337E-04;8,50260E-04;4,59133E-04;9,20669E-04;6,74809E-04;7,86099E-04;6,63700E-04
642;5,01498E-03;2,38086E-02;4,39459E-02;6,56767E-02;8,79389E-02;1,07286E-01;1,31122E-01;1,52210E-01;1,74104E-01;1,97712E-01;2,19166E-01;2,39099E-01;2,60745E-01;2,83139E-01;3,00726E-01;3,26499E-01;3,47538E-01;3,64436E-01;3,94802E-01;4,10106E-01;9,24626E-03;1,42632E-02;2,00715E-02;2,50149E-02;3,46178E-02;4,11279E-02;4,46558E-02;5,11428E-02;6,13950E-02;7,09555E-02;7,51957E-02;8,64743E-02;9,84693E-02;1,01314E-01;1,08143E-01;1,14972E-01;1,21801E-01;1,28630E-01;1,35459E-01;1,42288E-01;4,06719E-05;7,39685E-05;6,78453E-05;1,10033E-04;1,80965E-04;2,38558E-04;2,81599E-04;3,71463E-04;2,45913E-04;3,56246E-04;4,58439E-04;5,18476E-04;5,50050E-04;4,44079E-04;7,51544E-04;7,69810E-04;7,54538E-04;7,37523E-04;6,55947E-04;6,75568E-04
643;4,43953E-03;2,09481E-02;3,95836E-02;5,83471E-02;7,87511E-02;9,75567E-02;1,17927E-01;1,34330E-01;1,55610E-01;1,75448E-01;1,96092E-01;2,12972E-01;2,30437E-01;2,56282E-01;2,74248E-01;2,92951E-01;3,10589E-01;3,25986E-01;3,50169E-01;3,67253E-01;6,92752E-03;1,21994E-02;1,69439E-02;2,03786E-02;2,70748E-02;3,24457E-02;3,76132E-02;4,61729E-02;4,97482E-02;5,64685E-02;6,10152E-02;6,90841E-02;7,88247E-02;8,16225E-02;8,70560E-02;9,24895E-02;9,79230E-02;1,03356E-01;1,08790E-01;1,14223E-01;4,72943E-05;2,33424E-05;1,06472E-04;2,41156E-04;2,38231E-04;2,03549E-04;3,59143E-04;4,13713E-04;3,72956E-04;3,77488E-04;4,06691E-04;4,90270E-04;7,10360E-04;5,01026E-04;7,03618E-04;8,17335E-04;8,63472E-04;8,47915E-04;8,47154E-04;9,19831E-04
644;3,96587E-03;1,84710E-02;3,54923E-02;5,23176E-02;6,97883E-02;8,58767E-02;1,03242E-01;1,21276E-01;1,36566E-01;1,54773E-01;1,73503E-01;1,90182E-01;2,09524E-01;2,29053E-01;2,42061E-01;2,58278E-01;2,74083E-01;2,95449E-01;3,08612E-01;3,28949E-01;6,04543E-03;9,51291E-03;1,35663E-02;1,81061E-02;2,22191E-02;2,67636E-02;3,13412E-02;3,85975E-02;4,07793E-02;4,59034E-02;4,97189E-02;5,67316E-02;6,58200E-02;6,71953E-02;7,16494E-02;7,61034E-02;8,05575E-02;8,50116E-02;8,94656E-02;9,39197E-02;3,39925E-05;8,49046E-05;8,97817E-05;3,15496E-04;1,78116E-04;2,41159E-04;2,49313E-04;3,11628E-04;5,57372E-04;3,97435E-04;5,46700E-04;4,96646E-04;8,51792E-04;4,40493E-04;7,82844E-04;7,50584E-04;7,07628E-04;9,28059E-04;1,00857E-03;7,57866E-04
645;3,46695E-03;1,63210E-02;3,01925E-02;4,56948E-02;6,10495E-02;7,44993E-02;9,03236E-02;1,06479E-01;1,20771E-01;1,37675E-01;1,50782E-01;1,65004E-01;1,82365E-01;1,97025E-01;2,11817E-01;2,27367E-01;2,41285E-01;2,55895E-01;2,66483E-01;2,92213E-01;5,43459E-03;8,09450E-03;1,16239E-02;1,54323E-02;1,89398E-02;2,46769E-02;2,84056E-02;2,95909E-02;3,39554E-02;3,69912E-02;4,30256E-02;4,84239E-02;5,27022E-02;5,54666E-02;5,90662E-02;6,26657E-02;6,62652E-02;6,98648E-02;7,34643E-02;7,70638E-02;4,57659E-05;1,63074E-04;1,30966E-04;2,81741E-04;2,02550E-04;2,63594E-04;3,83088E-04;3,61027E-04;4,92506E-04;5,51864E-04;5,12368E-04;5,25248E-04;7,05010E-04;5,46475E-04;7,55640E-04;9,51358E-04;1,07910E-03;1,25982E-03;1,16903E-03;9,30143E-04
646;2,93931E-03;1,40179E-02;2,67670E-02;3,92958E-02;5,27303E-02;6,47236E-02;7,71801E-02;9,16168E-02;1,02570E-01;1,19344E-01;1,28774E-01;1,46863E-01;1,54969E-01;1,68782E-01;1,89663E-01;1,94757E-01;2,09373E-01;2,19193E-01;2,29138E-01;2,44269E-01;4,60157E-03;6,55506E-03;9,94132E-03;1,29883E-02;1,66367E-02;2,00488E-02;2,07192E-02;2,58167E-02;2,59006E-02;3,04713E-02;3,47235E-02;3,79009E-02;4,24630E-02;4,41039E-02;4,69084E-02;4,97129E-02;5,25174E-02;5,53219E-02;5,81264E-02;6,09309E-02;4,31925E-05;1,04048E-04;1,75677E-04;1,64736E-04;1,43530E-04;3,17621E-04;3,78636E-04;4,50139E-04;5,51451E-04;6,11177E-04;6,16461E-04;5,21801E-04;8,24000E-04;8,50330E-04;8,03762E-04;8,62795E-04;9,35043E-04;1,03505E-03;8,96271E-04;1,27652E-03
647;2,57680E-03;1,20723E-02;2,27759E-02;3,40269E-02;4,39839E-02;5,53191E-02;6,77062E-02;7,83868E-02;8,88412E-02;1,00616E-01;1,11076E-01;1,21276E-01;1,34769E-01;1,49346E-01;1,57584E-01;1,66608E-01;1,78778E-01;1,89528E-01;2,00443E-01;2,11195E-01;3,45108E-03;5,88300E-03;7,93662E-03;1,12238E-02;1,20263E-02;1,52579E-02;1,99361E-02;2,04629E-02;2,25534E-02;2,56628E-02;2,78239E-02;3,24038E-02;3,54734E-02;3,70819E-02;3,94757E-02;4,18695E-02;4,42633E-02;4,66571E-02;4,90508E-02;5,14446E-02;2,54440E-05;1,39692E-04;1,70882E-04;2,00794E-04;2,96792E-04;3,06726E-04;3,67933E-04;4,45049E-04;5,57180E-04;8,34180E-04;8,43013E-04;8,17325E-04;8,98846E-04;7,94560E-04;8,54665E-04;1,06196E-03;1,12242E-03;1,18874E-03;1,18535E-03;1,36573E-03
648;2,12409E-03;9,95693E-03;1,92469E-02;2,86345E-02;3,76967E-02;4,77720E-02;5,63127E-02;6,63902E-02;7,38080E-02;8,47291E-02;9,59220E-02;1,02098E-01;1,13311E-01;1,20757E-01;1,32337E-01;1,42653E-01;1,49080E-01;1,58916E-01;1,72016E-01;1,77166E-01;2,70363E-03;5,09498E-03;5,89459E-03;8,65955E-03;9,89584E-03;1,34769E-02;1,63418E-02;1,76368E-02;1,99089E-02;2,27906E-02;2,33187E-02;2,70530E-02;2,89484E-02;3,13496E-02;3,33890E-02;3,54285E-02;3,74679E-02;3,95074E-02;4,15469E-02;4,35863E-02;4,56179E-05;1,30858E-04;1,67863E-04;2,41915E-04;2,62089E-04;3,26354E-04;3,57890E-04;5,47553E-04;6,01754E-04;6,44338E-04;8,72559E-04;7,44631E-04;9,08880E-04;1,02819E-03;8,95780E-04;9,54215E-04;1,10203E-03;1,29349E-03;1,33675E-03;1,24080E-03
649;1,77915E-03;8,55587E-03;1,59347E-02;2,38944E-02;3,15192E-02;3,86408E-02;4,69569E-02;5,32546E-02;6,18325E-02;7,03794E-02;7,89889E-02;8,54450E-02;9,49233E-02;1,02600E-01;1,11631E-01;1,19593E-01;1,29556E-01;1,35793E-01;1,44309E-01;1,46178E-01;2,66647E-03;3,88142E-03;5,42509E-03;7,05416E-03;8,74607E-03;1,21003E-02;1,16167E-02;1,53239E-02;1,54222E-02;1,77797E-02;1,89503E-02;2,12201E-02;2,48617E-02;2,53475E-02;2,69735E-02;2,85995E-02;3,02254E-02;3,18514E-02;3,34774E-02;3,51034E-02;4,12854E-05;1,47926E-04;2,33020E-04;2,18351E-04;4,03574E-04;4,47350E-04;4,21047E-04;5,70194E-04;7,22011E-04;7,32098E-04;7,11723E-04;8,16192E-04;1,01802E-03;1,13136E-03;1,13452E-03;1,19681E-03;1,25720E-03;1,54726E-03;1,71345E-03;1,36174E-03
650;1,47624E-03;7,00072E-03;1,31364E-02;1,94219E-02;2,60249E-02;3,30590E-02;3,81653E-02;4,59847E-02;5,26912E-02;5,97116E-02;6,26827E-02;7,07685E-02;7,68384E-02;8,15646E-02;8,72938E-02;1,03613E-01;1,04181E-01;1,12284E-01;1,22786E-01;1,25805E-01;2,34323E-03;3,74403E-03;5,10603E-03;7,20691E-03;7,30644E-03;1,04511E-02;1,04114E-02;1,24768E-02;1,41911E-02;1,37524E-02;1,45350E-02;1,81337E-02;2,23555E-02;2,12476E-02;2,25692E-02;2,38908E-02;2,52124E-02;2,65339E-02;2,78555E-02;2,91771E-02;7,82760E-05;1,62871E-04;2,08497E-04;3,37261E-04;4,56483E-04;5,57717E-04;5,04785E-04;7,17356E-04;7,48101E-04;7,51353E-04;7,38576E-04;1,13262E-03;1,21488E-03;1,16014E-03;1,24721E-03;1,49852E-03;1,59660E-03;1,06326E-03;1,34650E-03;1,64667E-03
651;1,21174E-03;5,62292E-03;1,08022E-02;1,62591E-02;2,11686E-02;2,67020E-02;3,29547E-02;3,72702E-02;4,17262E-02;4,68875E-02;5,21845E-02;5,86065E-02;6,26149E-02;7,19078E-02;7,36065E-02;7,94198E-02;8,62536E-02;8,90114E-02;9,73912E-02;1,06412E-01;1,99449E-03;2,92276E-03;4,19321E-03;5,43267E-03;6,56415E-03;7,84047E-03;7,92372E-03;1,07429E-02;1,40420E-02;1,37113E-02;1,40758E-02;1,43011E-02;1,76815E-02;1,83767E-02;1,95339E-02;2,06911E-02;2,18484E-02;2,30056E-02;2,41628E-02;2,53201E-02;6,67883E-05;1,19211E-04;2,97976E-04;2,57346E-04;4,20801E-04;4,71337E-04;5,95243E-04;6,85435E-04;8,53865E-04;8,58612E-04;1,03313E-03;1,22482E-03;1,06020E-03;1,10549E-03;1,46736E-03;1,43701E-03;1,53619E-03;1,62452E-03;1,56054E-03;1,51225E-03
652;9,78293E-04;4,79828E-03;8,72489E-03;1,30784E-02;1,75514E-02;2,19112E-02;2,65094E-02;3,01347E-02;3,40674E-02;3,84939E-02;4,39415E-02;4,63455E-02;5,06113E-02;5,90565E-02;6,09672E-02;6,20116E-02;6,56902E-02;7,20393E-02;7,51140E-02;8,29413E-02;1,68233E-03;2,66662E-03;4,27684E-03;4,69266E-03;5,98783E-03;7,79849E-03;6,12436E-03;8,97919E-03;9,33457E-03;1,11611E-02;1,25752E-02;1,37119E-02;1,50539E-02;1,56734E-02;1,66560E-02;1,76386E-02;1,86212E-02;1,96038E-02;2,05864E-02;2,15690E-02;8,28908E-05;1,80098E-04;2,60786E-04;3,02941E-04;4,25175E-04;4,93143E-04;5,67117E-04;7,72758E-04;7,89360E-04;1,03778E-03;1,13908E-03;1,19822E-03;1,35006E-03;1,20052E-03;1,37374E-03;1,68939E-03;1,87272E-03;1,75383E-03;1,85928E-03;1,90721E-03
653;8,07926E-04;3,92995E-03;7,33983E-03;1,02480E-02;1,41441E-02;1,71985E-02;2,12494E-02;2,38538E-02;2,81158E-02;3,19360E-02;3,52113E-02;3,90803E-02;4,14841E-02;4,68480E-02;5,01308E-02;5,33811E-02;5,51220E-02;5,98443E-02;6,28833E-02;6,39247E-02;1,49820E-03;2,02267E-03;2,73461E-03;4,22344E-03;5,34026E-03;4,81893E-03;7,41460E-03;7,99863E-03;7,26151E-03;8,63189E-03;1,02071E-02;1,13079E-02;1,20671E-02;1,28046E-02;1,35997E-02;1,43949E-02;1,51901E-02;1,59853E-02;1,67805E-02;1,75757E-02;9,07561E-05;1,77059E-04;2,09004E-04;3,96951E-04;4,87641E-04;6,14139E-04;7,40065E-04;8,64108E-04;7,46036E-04;1,14494E-03;1,18704E-03;1,26904E-03;1,36514E-03;1,40558E-03;1,59337E-03;1,64217E-03;1,94550E-03;1,73369E-03;1,87980E-03;2,15897E-03
654;6,64722E-04;3,21760E-03;6,15547E-03;8,45392E-03;1,14002E-02;1,40477E-02;1,70169E-02;2,07405E-02;2,27350E-02;2,66032E-02;2,77003E-02;3,20491E-02;3,67399E-02;3,99868E-02;4,19148E-02;4,49531E-02;4,80650E-02;5,04034E-02;5,36202E-02;5,38739E-02;1,30473E-03;2,02000E-03;2,74214E-03;4,09276E-03;4,74742E-03;4,80054E-03;6,76590E-03;7,34086E-03;6,60357E-03;8,13705E-03;9,73849E-03;9,90611E-03;1,11308E-02;1,16878E-02;1,23981E-02;1,31084E-02;1,38187E-02;1,45290E-02;1,52392E-02;1,59495E-02;8,17677E-05;2,04958E-04;2,86831E-04;3,78253E-04;6,06409E-04;7,00553E-04;7,95868E-04;1,03944E-03;1,21209E-03;1,24236E-03;1,29112E-03;1,39593E-03;1,46831E-03;1,53163E-03;1,65992E-03;2,03744E-03;2,03723E-03;2,22018E-03;2,28000E-03;2,22845E-03
655;5,71852E-04;2,55275E-03;5,08171E-03;7,52788E-03;9,14056E-03;1,11301E-02;1,38442E-02;1,66974E-02;1,94180E-02;2,02590E-02;2,33660E-02;2,60886E-02;2,82124E-02;2,98570E-02;3,32164E-02;3,58776E-02;4,14148E-02;3,92100E-02;4,24353E-02;4,42418E-02;1,06628E-03;2,03478E-03;2,47737E-03;2,82871E-03;4,06418E-03;5,28941E-03;4,74291E-03;5,43330E-03;7,46289E-03;9,63910E-03;1,01582E-02;9,65832E-03;1,23646E-02;1,25881E-02;1,34577E-02;1,43273E-02;1,51969E-02;1,60665E-02;1,69361E-02;1,78056E-02;6,43020E-05;1,72502E-04;3,37635E-04;4,53821E-04;4,63178E-04;5,89706E-04;7,97275E-04;1,19495E-03;1,11447E-03;1,23436E-03;1,27809E-03;1,41005E-03;1,85869E-03;1,79482E-03;2,18615E-03;2,12734E-03;2,74174E-03;2,24978E-03;2,47315E-03;2,39721E-03
656;4,78856E-04;2,14546E-03;4,06509E-03;5,61871E-03;7,44384E-03;9,41096E-03;1,16118E-02;1,36268E-02;1,56559E-02;1,81253E-02;1,96063E-02;2,14711E-02;2,46994E-02;2,55366E-02;2,41472E-02;2,82697E-02;3,11315E-02;3,29928E-02;3,53849E-02;3,72559E-02;9,78662E-04;1,34529E-03;2,32513E-03;3,21896E-03;3,20729E-03;5,21185E-03;4,72540E-03;6,57006E-03;6,40064E-03;7,49339E-03;7,22565E-03;8,35920E-03;9,00175E-03;9,71879E-03;1,03021E-02;1,08855E-02;1,14688E-02;1,20522E-02;1,26355E-02;1,32188E-02;9,11007E-05;2,33021E-04;3,08969E-04;4,52902E-04;5,19249E-04;8,04086E-04;8,70749E-04;1,15801E-03;1,30195E-03;1,39253E-03;1,40599E-03;1,78598E-03;1,94215E-03;2,07287E-03;2,22123E-03;2,29286E-03;2,41743E-03;2,60315E-03;2,37951E-03;2,62244E-03
657;3,57479E-04;1,81293E-03;3,26385E-03;4,79747E-03;6,39302E-03;7,67567E-03;9,59359E-03;1,16633E-02;1,25965E-02;1,48642E-02;1,51816E-02;1,79858E-02;2,05500E-02;2,07665E-02;1,99407E-02;2,50379E-02;2,52801E-02;2,76726E-02;3,06364E-02;3,05344E-02;1,03445E-03;1,17871E-03;2,02440E-03;3,02871E-03;3,41994E-03;3,53159E-03;4,68099E-03;4,49960E-03;6,77697E-03;6,99292E-03;5,91179E-03;8,59504E-03;7,81040E-03;8,88124E-03;9,42747E-03;9,97370E-03;1,05199E-02;1,10662E-02;1,16124E-02;1,21586E-02;8,65072E-05;2,42656E-04;3,76821E-04;5,73486E-04;7,11270E-04;8,73359E-04;1,10225E-03;1,10242E-03;1,39795E-03;1,53853E-03;1,86577E-03;2,03388E-03;2,18578E-03;2,30458E-03;2,41148E-03;2,63534E-03;2,67728E-03;2,85319E-03;2,99575E-03;2,84757E-03
658;3,43351E-04;1,49417E-03;2,85659E-03;4,21254E-03;5,81590E-03;6,82478E-03;8,06189E-03;9,47438E-03;1,13993E-02;1,17985E-02;1,31357E-02;1,46814E-02;1,61815E-02;1,55137E-02;1,96942E-02;2,14648E-02;2,18506E-02;2,44631E-02;2,56937E-02;2,54453E-02;1,02689E-03;1,13399E-03;1,60724E-03;2,65499E-03;3,59978E-03;4,71966E-03;3,84237E-03;4,90017E-03;5,15395E-03;5,25124E-03;6,51434E-03;7,25962E-03;8,27888E-03;8,36108E-03;8,87715E-03;9,39323E-03;9,90930E-03;1,04254E-02;1,09415E-02;1,14575E-02;1,28534E-04;2,76365E-04;4,57274E-04;6,92173E-04;8,15910E-04;1,00034E-03;1,17463E-03;1,25235E-03;1,53055E-03;1,48273E-03;1,99176E-03;2,21762E-03;2,29414E-03;2,50469E-03;2,66060E-03;2,79564E-03;2,91110E-03;2,94856E-03;3,16881E-03;2,98243E-03
659;2,78791E-04;1,29736E-03;2,40393E-03;3,41904E-03;4,85823E-03;5,52790E-03;6,87515E-03;8,27985E-03;9,43765E-03;1,04937E-02;1,07646E-02;1,20357E-02;1,39087E-02;1,54652E-02;1,60064E-02;1,49574E-02;1,72632E-02;2,06530E-02;1,89911E-02;2,06621E-02;1,12303E-03;1,26128E-03;1,35881E-03;1,88640E-03;2,79791E-03;3,02365E-03;3,78320E-03;3,90003E-03;4,64463E-03;3,59361E-03;5,32551E-03;7,27493E-03;7,90783E-03;7,69197E-03;8,22056E-03;8,74914E-03;9,27772E-03;9,80631E-03;1,03349E-02;1,08635E-02;1,20640E-04;3,53159E-04;4,45303E-04;5,87542E-04;9,07129E-04;1,01508E-03;1,35666E-03;1,32605E-03;1,74612E-03;1,78373E-03;1,99676E-03;2,10756E-03;2,51611E-03;2,60877E-03;2,61964E-03;3,26885E-03;3,37392E-03;3,33203E-03;3,41643E-03;3,33987E-03
660;2,59130E-04;1,08929E-03;2,13415E-03;3,19263E-03;4,21438E-03;4,66742E-03;5,52885E-03;6,66672E-03;7,34010E-03;9,35614E-03;1,02136E-02;1,10205E-02;1,14509E-02;1,38582E-02;1,41291E-02;1,45815E-02;1,48219E-02;1,57380E-02;1,72893E-02;1,97667E-02;7,47807E-04;1,35201E-03;1,84118E-03;2,32096E-03;3,20775E-03;2,63059E-03;2,33217E-03;4,76156E-03;4,21111E-03;4,96276E-03;8,00900E-03;7,19893E-03;7,67177E-03;8,37485E-03;8,95560E-03;9,53635E-03;1,01171E-02;1,06978E-02;1,12786E-02;1,18593E-02;1,53046E-04;3,58098E-04;5,85678E-04;6,98138E-04;8,86121E-04;1,18502E-03;1,34808E-03;1,52924E-03;1,68673E-03;2,04853E-03;2,26999E-03;2,22989E-03;2,68132E-03;3,21001E-03;3,47338E-03;3,09904E-03;3,72885E-03;3,77802E-03;3,91210E-03;3,48491E-03
661;2,05756E-04;9,85080E-04;1,80919E-03;2,86201E-03;3,48372E-03;4,29873E-03;4,75683E-03;5,92204E-03;7,38996E-03;8,30252E-03;9,55577E-03;9,43287E-03;1,00877E-02;1,27392E-02;1,11149E-02;1,26603E-02;1,38967E-02;1,44949E-02;1,65612E-02;1,68846E-02;7,37813E-04;1,11206E-03;1,77234E-03;1,91427E-03;1,92889E-03;3,53271E-03;2,43038E-03;2,44906E-03;4,69531E-03;5,51167E-03;6,30934E-03;6,78456E-03;5,81121E-03;7,19101E-03;7,67697E-03;8,16293E-03;8,64890E-03;9,13486E-03;9,62082E-03;1,01068E-02;1,55917E-04;4,30023E-04;6,27816E-04;7,53775E-04;9,65195E-04;1,26422E-03;1,50036E-03;1,58246E-03;1,86542E-03;2,43388E-03;2,54780E-03;2,57482E-03;3,01575E-03;3,26986E-03;3,38237E-03;3,80605E-03;4,04532E-03;3,94529E-03;4,32157E-03;4,36064E-03
662;2,13299E-04;8,66324E-04;1,41933E-03;2,30413E-03;3,25968E-03;3,66081E-03;4,65262E-03;5,42166E-03;6,06830E-03;7,39173E-03;8,10349E-03;8,25332E-03;8,69440E-03;1,00160E-02;1,10061E-02;1,20177E-02;1,13977E-02;1,35410E-02;1,49115E-02;1,56491E-02;6,53067E-04;9,90690E-04;1,41620E-03;1,54183E-03;2,47056E-03;3,44867E-03;3,37226E-03;3,55222E-03;4,36890E-03;5,71800E-03;4,96180E-03;6,38832E-03;5,19678E-03;6,63754E-03;7,05075E-03;7,46396E-03;7,87717E-03;8,29037E-03;8,70358E-03;9,11679E-03;1,66164E-04;4,26089E-04;5,85021E-04;8,87422E-04;1,06646E-03;1,37608E-03;1,59066E-03;1,81326E-03;2,04109E-03;2,39461E-03;2,72565E-03;3,03636E-03;3,22956E-03;3,58209E-03;3,60500E-03;3,78235E-03;4,40257E-03;4,31675E-03;4,61630E-03;4,66276E-03
663;1,81667E-04;8,18949E-04;1,37100E-03;1,89131E-03;2,72764E-03;3,15221E-03;4,03995E-03;4,64524E-03;5,52258E-03;5,85410E-03;6,27960E-03;7,10525E-03;8,26396E-03;8,17999E-03;8,38364E-03;9,29341E-03;9,87704E-03;1,07375E-02;1,25045E-02;1,26589E-02;5,71032E-04;8,38886E-04;2,53103E-03;1,10728E-03;2,64831E-03;3,84899E-03;3,89355E-03;2,53534E-03;5,31225E-03;4,97038E-03;3,97149E-03;4,60935E-03;4,35640E-03;5,23968E-03;5,48092E-03;5,72217E-03;5,96341E-03;6,20466E-03;6,44590E-03;6,68714E-03;1,56014E-04;4,33583E-04;6,89107E-04;9,96239E-04;1,22669E-03;1,47140E-03;1,72358E-03;2,16426E-03;2,40043E-03;2,54546E-03;2,98990E-03;3,37103E-03;3,37665E-03;4,01216E-03;4,09705E-03;4,55863E-03;4,78120E-03;4,77933E-03;5,04136E-03;5,09082E-03
664;9,49531E-05;6,18816E-04;1,23354E-03;1,86591E-03;2,76915E-03;2,65150E-03;3,95701E-03;4,76208E-03;4,27864E-03;5,63042E-03;5,31673E-03;6,19697E-03;7,43406E-03;7,49491E-03;8,17829E-03;7,01346E-03;1,05225E-02;9,04888E-03;1,06746E-02;1,10492E-02;9,86288E-04;8,26571E-04;1,62650E-03;2,22774E-03;2,14886E-03;4,16011E-03;3,74453E-03;3,22365E-03;3,13135E-03;4,37959E-03;5,76976E-03;4,75422E-03;6,18534E-03;6,18080E-03;6,54076E-03;6,90072E-03;7,26068E-03;7,62064E-03;7,98061E-03;8,34057E-03;1,73852E-04;4,39972E-04;8,02112E-04;1,03158E-03;1,30131E-03;1,64045E-03;1,79355E-03;2,27696E-03;2,51936E-03;2,91251E-03;3,24475E-03;3,64900E-03;3,84147E-03;4,37678E-03;4,43457E-03;4,88461E-03;5,22146E-03;5,17603E-03;5,48933E-03;5,32122E-03
665;1,61408E-04;6,70555E-04;1,16350E-03;1,68504E-03;2,43074E-03;3,19035E-03;3,37671E-03;3,82778E-03;4,31642E-03;5,02346E-03;6,01693E-03;6,87498E-03;6,42257E-03;7,46765E-03;8,42704E-03;9,34117E-03;8,40530E-03;8,78481E-03;9,01863E-03;1,13774E-02;6,02717E-04;8,02597E-04;9,73400E-04;1,88965E-03;1,61374E-03;5,62220E-04;9,01801E-04;2,49333E-03;2,43752E-03;5,48898E-03;4,67529E-03;4,02904E-03;5,65171E-03;5,68237E-03;6,11195E-03;6,54154E-03;6,97112E-03;7,40071E-03;7,83029E-03;8,25988E-03;1,83542E-04;5,20802E-04;8,62093E-04;1,21714E-03;1,51022E-03;1,79815E-03;2,05505E-03;2,44665E-03;2,81293E-03;3,36024E-03;3,60789E-03;3,52685E-03;4,34163E-03;4,77411E-03;4,93195E-03;5,36944E-03;5,48032E-03;5,93650E-03;5,53827E-03;5,76681E-03
666;8,49562E-05;6,20959E-04;1,00232E-03;1,67021E-03;2,09412E-03;2,57652E-03;2,88094E-03;3,62487E-03;3,87375E-03;4,74183E-03;5,29504E-03;6,81549E-03;5,56489E-03;6,87450E-03;6,40457E-03;8,40203E-03;7,11356E-03;8,93553E-03;1,02511E-02;9,34188E-03;6,58035E-04;1,21678E-03;1,25459E-03;1,54342E-03;1,85362E-03;4,05731E-03;1,87496E-03;2,83953E-03;2,61342E-03;3,18933E-03;4,00550E-03;3,85828E-03;3,40250E-03;4,17534E-03;4,38394E-03;4,59254E-03;4,80113E-03;5,00973E-03;5,21833E-03;5,42693E-03;2,22874E-04;5,60731E-04;8,75350E-04;1,22445E-03;1,60793E-03;1,99151E-03;2,33887E-03;2,66378E-03;3,21951E-03;3,43150E-03;4,11984E-03;4,09747E-03;4,46803E-03;4,84340E-03;5,51996E-03;5,78049E-03;5,84146E-03;6,56185E-03;6,42680E-03;6,54844E-03
667;6,47011E-05;5,22924E-04;9,10338E-04;1,50692E-03;1,94984E-03;2,18324E-03;2,32815E-03;3,02745E-03;3,65957E-03;4,49613E-03;4,03616E-03;5,33274E-03;5,83105E-03;6,39288E-03;7,34018E-03;6,46275E-03;7,82681E-03;8,51571E-03;8,43364E-03;8,73628E-03;5,60233E-04;1,20005E-03;1,41956E-03;1,16726E-03;1,09611E-03;2,22444E-03;3,34776E-03;2,10391E-03;2,96884E-03;2,35012E-03;2,05999E-03;4,18188E-03;3,85971E-03;3,90766E-03;4,12664E-03;4,34562E-03;4,56460E-03;4,78359E-03;5,00257E-03;5,22155E-03;2,53402E-04;6,48448E-04;9,31457E-04;1,42720E-03;1,68893E-03;2,22127E-03;2,57809E-03;2,99280E-03;3,42946E-03;3,80755E-03;4,17737E-03;4,46806E-03;4,85097E-03;5,42316E-03;6,01997E-03;6,25098E-03;6,67347E-03;6,68764E-03;7,15481E-03;7,30941E-03
668;8,75879E-05;3,97938E-04;1,03199E-03;1,14036E-03;1,56767E-03;2,36226E-03;2,52883E-03;2,58899E-03;3,22906E-03;3,41339E-03;3,84842E-03;4,44582E-03;5,04956E-03;5,02881E-03;6,38333E-03;6,41322E-03;7,50581E-03;8,00266E-03;8,65097E-03;8,73154E-03;1,17650E-04;2,71286E-04;1,37052E-03;9,03557E-04;1,51410E-03;6,68091E-04;3,41814E-03;1,91649E-03;3,54982E-03;2,56191E-03;1,85425E-03;2,94252E-03;4,00133E-03;3,64407E-03;3,85196E-03;4,05986E-03;4,26775E-03;4,47564E-03;4,68354E-03;4,89143E-03;2,74728E-04;6,95543E-04;1,08125E-03;1,46639E-03;1,88459E-03;2,43825E-03;2,71769E-03;3,20419E-03;3,49869E-03;4,15200E-03;4,32921E-03;5,15083E-03;5,48142E-03;6,06235E-03;6,52884E-03;7,05464E-03;6,88086E-03;7,35399E-03;7,46793E-03;7,61661E-03
669;8,76587E-05;5,62385E-04;8,66025E-04;1,26552E-03;1,61194E-03;1,96658E-03;1,82543E-03;2,76521E-03;2,78230E-03;3,11774E-03;3,66062E-03;4,12695E-03;4,80562E-03;5,67877E-03;6,25181E-03;6,34267E-03;7,51552E-03;8,46519E-03;8,30231E-03;7,55321E-03;5,29941E-04;8,32450E-04;1,42990E-03;1,04357E-03;1,24322E-03;5,59840E-04;2,67294E-03;2,23600E-03;3,96869E-03;2,79773E-03;3,68103E-03;2,14137E-03;4,53607E-03;4,17960E-03;4,44535E-03;4,71110E-03;4,97685E-03;5,24259E-03;5,50834E-03;5,77409E-03;2,80368E-04;7,18088E-04;1,08082E-03;1,66904E-03;2,06740E-03;2,61187E-03;2,92268E-03;3,52323E-03;4,20976E-03;4,34598E-03;4,96455E-03;5,33450E-03;6,13620E-03;6,37916E-03;6,83221E-03;7,58243E-03;7,83853E-03;8,28526E-03;8,09711E-03;8,87662E-03
670;9,44728E-05;3,87490E-04;7,20632E-04;1,00077E-03;1,27131E-03;1,74508E-03;2,22968E-03;2,52506E-03;3,43163E-03;2,89518E-03;3,48963E-03;4,27423E-03;4,59240E-03;3,41096E-03;5,86268E-03;5,37669E-03;6,15790E-03;5,36677E-03;7,21531E-03;7,36034E-03;5,74671E-04;6,44518E-04;6,44284E-04;1,29828E-03;1,07107E-03;1,82309E-03;1,42494E-03;1,29697E-03;2,62458E-03;2,95238E-03;4,24740E-03;2,09328E-03;4,52794E-03;4,15360E-03;4,44665E-03;4,73969E-03;5,03274E-03;5,32578E-03;5,61883E-03;5,91187E-03;3,07655E-04;7,94331E-04;1,27382E-03;1,70816E-03;2,32859E-03;2,89336E-03;3,37689E-03;4,05618E-03;4,28267E-03;4,70610E-03;5,52867E-03;5,97310E-03;6,36366E-03;7,72704E-03;7,51561E-03;8,17806E-03;8,38001E-03;8,59554E-03;9,11283E-03;9,18077E-03
671;8,89818E-05;3,75278E-04;6,12266E-04;1,22058E-03;1,44156E-03;1,76717E-03;2,21693E-03;2,67713E-03;3,39236E-03;3,40912E-03;3,16788E-03;3,92557E-03;4,57140E-03;3,60796E-03;4,72725E-03;5,96694E-03;6,84756E-03;4,29207E-03;4,83325E-03;4,90316E-03;5,08654E-04;4,49912E-04;7,08776E-04;1,42028E-03;8,64325E-04;1,96703E-03;1,99585E-03;2,97317E-03;1,37547E-03;3,52150E-03;3,20363E-03;4,26944E-03;4,00301E-03;4,44994E-03;4,75598E-03;5,06202E-03;5,36806E-03;5,67410E-03;5,98014E-03;6,28618E-03;3,62564E-04;8,77539E-04;1,47084E-03;1,97594E-03;2,50960E-03;3,01540E-03;3,65283E-03;4,15976E-03;4,79223E-03;5,19640E-03;5,86907E-03;6,73363E-03;7,15147E-03;7,65639E-03;8,30801E-03;8,49441E-03;9,16280E-03;9,65599E-03;9,69812E-03;1,01350E-02
672;5,18133E-05;2,98858E-04;6,17092E-04;1,06978E-03;1,49507E-03;1,52423E-03;1,88434E-03;2,34758E-03;2,96808E-03;3,21858E-03;2,76446E-03;3,10521E-03;4,35004E-03;5,30431E-03;3,72232E-03;5,34802E-03;5,34562E-03;5,04520E-03;6,56861E-03;5,11940E-03;1,27173E-04;4,86898E-04;9,14082E-04;1,37674E-03;1,49364E-03;1,94820E-03;1,37862E-03;2,09541E-03;2,55189E-03;3,42310E-03;3,53500E-03;2,53342E-03;4,22852E-03;4,03505E-03;4,29055E-03;4,54605E-03;4,80154E-03;5,05704E-03;5,31254E-03;5,56804E-03;4,18563E-04;8,89410E-04;1,47555E-03;2,06749E-03;2,81589E-03;3,42550E-03;4,01068E-03;4,64274E-03;5,32522E-03;5,82132E-03;6,68192E-03;7,31705E-03;7,85568E-03;8,36937E-03;9,06921E-03;9,66912E-03;1,02508E-02;1,05372E-02;1,08223E-02;1,07976E-02
673;8,78011E-05;3,68249E-04;6,03127E-04;7,89016E-04;1,24209E-03;1,69206E-03;1,56350E-03;2,29548E-03;2,57454E-03;2,40664E-03;2,86220E-03;2,95655E-03;3,27592E-03;3,15502E-03;3,94088E-03;2,50311E-03;3,96124E-03;5,58083E-03;6,83183E-03;6,90389E-03;4,08130E-04;5,08705E-04;8,05398E-04;9,02564E-04;1,84456E-03;2,44617E-03;1,71504E-03;1,28759E-03;1,77198E-03;1,34756E-03;2,94376E-03;3,38744E-03;4,08914E-03;3,61952E-03;3,85294E-03;4,08637E-03;4,31979E-03;4,55322E-03;4,78664E-03;5,02007E-03;4,35524E-04;1,02855E-03;1,68283E-03;2,25880E-03;2,90688E-03;3,70627E-03;4,25083E-03;4,97240E-03;5,71821E-03;6,24106E-03;7,36445E-03;7,70047E-03;8,44110E-03;9,40933E-03;9,39967E-03;1,11931E-02;1,13083E-02;1,16664E-02;1,13389E-02;1,22894E-02
674;7,42791E-05;3,04630E-04;5,02500E-04;7,14960E-04;1,43062E-03;1,46084E-03;1,96449E-03;1,78554E-03;3,45033E-03;2,71719E-03;2,78182E-03;2,45959E-03;3,22419E-03;4,08303E-03;4,82802E-03;5,43199E-03;4,75238E-03;5,13392E-03;6,26920E-03;4,34944E-03;1,44330E-04;2,30045E-04;4,55281E-04;9,27527E-04;2,20895E-03;4,92749E-04;1,73441E-03;5,68389E-04;2,01590E-03;1,09188E-03;1,71783E-03;2,64818E-03;4,00106E-03;3,01262E-03;3,21906E-03;3,42550E-03;3,63194E-03;3,83838E-03;4,04482E-03;4,25126E-03;4,04057E-04;1,13191E-03;1,84002E-03;2,58314E-03;3,24066E-03;3,84153E-03;4,71314E-03;5,48747E-03;6,07163E-03;7,09694E-03;7,59388E-03;8,57033E-03;9,12344E-03;9,93505E-03;1,04893E-02;1,17233E-02;1,20526E-02;1,22553E-02;1,31970E-02;1,30523E-02
675;7,72385E-05;2,79099E-04;4,35163E-04;8,97333E-04;1,18834E-03;1,62744E-03;1,79411E-03;1,74414E-03;2,26823E-03;2,10479E-03;3,17100E-03;3,01101E-03;3,94628E-03;3,29006E-03;4,45092E-03;3,84135E-03;3,84895E-03;4,59360E-03;5,50961E-03;6,05415E-03;2,87193E-04;2,94401E-04;6,33271E-04;1,11489E-03;1,25353E-03;4,05236E-04;2,01356E-03;2,18915E-03;2,09881E-03;1,73917E-03;2,95237E-03;2,63575E-03;2,89157E-03;3,20807E-03;3,41565E-03;3,62324E-03;3,83083E-03;4,03841E-03;4,24600E-03;4,45359E-03;4,84965E-04;1,22844E-03;2,06819E-03;2,76356E-03;3,61266E-03;4,23772E-03;5,15599E-03;6,08663E-03;6,85201E-03;7,58206E-03;8,01921E-03;9,39015E-03;1,03600E-02;1,07661E-02;1,13403E-02;1,27541E-02;1,32199E-02;1,40424E-02;1,34883E-02;1,46038E-02
676;6,84875E-05;2,19170E-04;4,73693E-04;9,19014E-04;1,23647E-03;1,37699E-03;1,62788E-03;1,64395E-03;1,84893E-03;2,76403E-03;3,04979E-03;2,38266E-03;3,50474E-03;2,73603E-03;4,16686E-03;5,07553E-03;4,56980E-03;4,38528E-03;3,94914E-03;4,89744E-03;4,85187E-04;3,21341E-04;7,81956E-04;8,75897E-04;1,64795E-03;1,71278E-03;1,06893E-03;3,52336E-03;2,23636E-03;8,79411E-04;1,41405E-03;4,26500E-03;3,62115E-03;3,47672E-03;3,69587E-03;3,91502E-03;4,13417E-03;4,35332E-03;4,57247E-03;4,79162E-03;5,72012E-04;1,40374E-03;2,15205E-03;2,87523E-03;3,93327E-03;4,60026E-03;5,55690E-03;6,68680E-03;7,33836E-03;8,32925E-03;9,29991E-03;1,00149E-02;1,12334E-02;1,16600E-02;1,29885E-02;1,37721E-02;1,42043E-02;1,47576E-02;1,49854E-02;1,56444E-02
677;1,10490E-04;2,55915E-04;5,09881E-04;7,78963E-04;1,25369E-03;1,36912E-03;1,13426E-03;1,64946E-03;1,44319E-03;2,35606E-03;2,52045E-03;2,50916E-03;2,96967E-03;3,74273E-03;4,82662E-03;3,98181E-03;4,27223E-03;4,88305E-03;4,58753E-03;5,33279E-03;5,54620E-04;9,52041E-04;9,90938E-04;1,85337E-04;2,03203E-03;1,34942E-03;1,64316E-03;3,23989E-03;2,50619E-03;2,28710E-03;1,15188E-03;3,24322E-03;3,04902E-03;3,16382E-03;3,34117E-03;3,51852E-03;3,69587E-03;3,87322E-03;4,05057E-03;4,22792E-03;6,05934E-04;1,47545E-03;2,28525E-03;3,22262E-03;4,29653E-03;4,93554E-03;6,13062E-03;6,99323E-03;8,13056E-03;9,14859E-03;9,99541E-03;1,11434E-02;1,26420E-02;1,32091E-02;1,40623E-02;1,50758E-02;1,54138E-02;1,59658E-02;1,63775E-02;1,68808E-02
678;6,58682E-05;2,87535E-04;4,12293E-04;8,77761E-04;9,08984E-04;1,22975E-03;9,41235E-04;1,84877E-03;1,68938E-03;2,14458E-03;2,05013E-03;2,68812E-03;2,81406E-03;4,27474E-03;3,66544E-03;3,51942E-03;3,23060E-03;3,66544E-03;4,31544E-03;5,81250E-03;3,90575E-04;7,25746E-05;1,64146E-03;9,22270E-04;1,30678E-03;3,20476E-03;4,89112E-04;3,17633E-03;6,48702E-04;1,58752E-03;3,62603E-03;1,80268E-03;1,58752E-03;2,24725E-03;2,31112E-03;2,37500E-03;2,43887E-03;2,50274E-03;2,56662E-03;2,63049E-03;6,78896E-04;1,57479E-03;2,52673E-03;3,47314E-03;4,51625E-03;5,58857E-03;6,65269E-03;7,83500E-03;8,67202E-03;9,73102E-03;1,05218E-02;1,19216E-02;1,28835E-02;1,39995E-02;1,51926E-02;1,69620E-02;1,72897E-02;1,77882E-02;1,79670E-02;1,86419E-02
679;1,00174E-04;2,62854E-04;3,78051E-04;7,46509E-04;7,41453E-04;1,35506E-03;1,33007E-03;1,52490E-03;1,95693E-03;1,69302E-03;1,72964E-03;2,29015E-03;2,33214E-03;3,44795E-03;2,78807E-03;1,80797E-03;6,13563E-03;3,53863E-03;4,22752E-03;3,90716E-03;3,77986E-04;2,48991E-04;6,61179E-04;7,07959E-04;8,34264E-04;1,33905E-03;9,06824E-04;2,85366E-03;4,01323E-04;1,43742E-03;2,21119E-03;2,73599E-03;1,30626E-03;2,24993E-03;2,37634E-03;2,50274E-03;2,62915E-03;2,75556E-03;2,88196E-03;3,00837E-03;7,07460E-04;1,77454E-03;2,72177E-03;3,87403E-03;4,90290E-03;6,20050E-03;7,19471E-03;8,51126E-03;9,72566E-03;1,06246E-02;1,18566E-02;1,27679E-02;1,46332E-02;1,52909E-02;1,66982E-02;1,76474E-02;1,84105E-02;1,86812E-02;1,91603E-02;1,96394E-02
680;5,61986E-05;2,40818E-04;4,11078E-04;7,37003E-04;1,04309E-03;1,32250E-03;1,46550E-03;1,86233E-03;1,99852E-03;1,47427E-03;1,95929E-03;2,52986E-03;2,23584E-03;3,21199E-03;3,15586E-03;4,03284E-03;4,06338E-03;3,94865E-03;6,54971E-03;3,80764E-03;3,68725E-04;1,40614E-04;1,53057E-03;8,32657E-04;1,26250E-03;1,13270E-03;3,89996E-04;2,70974E-03;4,80926E-04;6,58521E-04;2,44727E-03;2,98680E-03;2,50409E-03;2,50292E-03;2,64611E-03;2,78931E-03;2,93250E-03;3,07569E-03;3,21889E-03;3,36208E-03;7,45902E-04;1,90100E-03;3,04225E-03;4,23638E-03;5,61079E-03;6,70943E-03;7,94603E-03;9,36884E-03;1,05943E-02;1,18228E-02;1,31943E-02;1,40946E-02;1,56496E-02;1,66617E-02;1,80954E-02;1,92108E-02;2,00522E-02;2,08087E-02;2,11639E-02;2,21798E-02
681;5,28924E-05;3,23441E-04;3,38556E-04;4,85354E-04;7,89705E-04;9,00093E-04;1,11948E-03;1,15348E-03;1,70963E-03;1,84224E-03;2,25359E-03;2,37678E-03;2,34477E-03;2,74797E-03;3,09393E-03;3,57112E-03;3,05946E-03;4,56211E-03;5,08105E-03;3,61436E-03;4,23122E-04;3,92823E-04;6,80288E-04;9,23023E-04;1,08600E-03;9,33830E-04;1,26587E-03;1,83683E-03;1,82955E-03;1,80536E-03;7,02193E-04;3,33070E-03;3,24786E-03;2,89276E-03;3,08437E-03;3,27598E-03;3,46758E-03;3,65919E-03;3,85079E-03;4,04240E-03;8,49539E-04;2,06698E-03;3,25274E-03;4,56751E-03;5,99025E-03;7,33141E-03;8,91220E-03;1,00007E-02;1,13648E-02;1,26325E-02;1,38164E-02;1,56089E-02;1,70242E-02;1,83938E-02;1,97237E-02;2,10582E-02;2,21511E-02;2,24614E-02;2,31400E-02;2,34149E-02
682;9,29385E-06;2,68055E-04;3,93568E-04;7,54451E-04;8,22786E-04;7,85534E-04;1,57365E-03;1,74861E-03;1,95639E-03;2,31065E-03;1,70814E-03;2,60938E-03;2,24048E-03;3,61735E-03;1,78388E-03;2,04879E-03;3,70446E-03;4,65871E-03;4,84206E-03;4,06561E-03;3,96331E-04;3,69548E-04;2,21574E-04;7,79074E-04;9,83496E-04;2,39265E-03;2,17537E-03;8,87373E-04;3,44869E-03;2,60438E-03;8,10381E-04;1,20448E-03;3,81995E-03;2,81589E-03;2,97329E-03;3,13069E-03;3,28808E-03;3,44548E-03;3,60288E-03;3,76028E-03;9,27744E-04;2,25350E-03;3,66137E-03;5,10120E-03;6,55000E-03;8,08932E-03;9,51973E-03;1,08176E-02;1,27131E-02;1,38237E-02;1,50542E-02;1,71398E-02;1,85667E-02;2,00397E-02;2,16727E-02;2,30088E-02;2,45791E-02;2,44051E-02;2,54098E-02;2,59515E-02
683;4,60711E-05;3,45042E-04;5,14090E-04;6,04811E-04;9,00011E-04;7,25017E-04;1,62006E-03;2,23650E-03;1,16777E-03;9,06506E-04;1,46612E-03;1,72146E-03;1,74421E-03;3,07768E-03;1,86876E-03;2,26427E-03;1,83570E-03;4,49844E-03;2,09033E-03;4,63837E-03;2,99180E-04;2,95935E-04;3,92074E-04;2,02536E-04;4,49719E-04;2,82696E-03;1,32456E-03;2,79781E-03;1,37704E-03;1,88819E-03;2,94746E-03;3,17874E-03;4,56456E-03;4,12650E-03;4,44328E-03;4,76006E-03;5,07684E-03;5,39363E-03;5,71041E-03;6,02719E-03;1,03175E-03;2,41828E-03;3,92766E-03;5,48181E-03;7,29429E-03;8,48856E-03;1,02436E-02;1,21882E-02;1,29825E-02;1,43791E-02;1,63161E-02;1,84431E-02;1,97544E-02;2,20591E-02;2,28817E-02;2,51793E-02;2,63842E-02;2,65769E-02;2,70371E-02;2,80314E-02
684;2,25803E-05;2,02898E-04;3,41101E-04;4,94328E-04;4,80355E-04;1,26447E-03;1,24013E-03;1,27453E-03;1,43488E-03;1,49064E-03;1,33058E-03;2,23152E-03;2,53376E-03;2,29602E-03;2,37088E-03;2,90001E-03;3,02139E-03;3,47129E-03;2,47700E-03;4,19156E-03;5,98547E-04;6,56392E-04;2,32748E-04;5,42277E-04;1,13973E-03;1,52269E-03;1,28138E-03;1,14619E-03;2,61654E-04;1,97259E-03;2,14702E-03;2,62091E-03;1,00737E-03;2,10511E-03;2,23053E-03;2,35596E-03;2,48139E-03;2,60682E-03;2,73224E-03;2,85767E-03;1,08155E-03;2,67983E-03;4,34136E-03;5,84353E-03;7,72260E-03;9,32595E-03;1,11578E-02;1,30134E-02;1,46831E-02;1,65850E-02;1,80750E-02;1,98464E-02;2,18100E-02;2,37628E-02;2,54541E-02;2,78095E-02;2,81110E-02;2,91480E-02;3,00660E-02;3,04325E-02
685;6,72326E-05;2,11603E-04;3,40242E-04;5,25534E-04;6,74176E-04;1,10875E-03;1,33975E-03;9,81314E-04;1,64236E-03;1,65162E-03;1,97149E-03;2,88717E-03;2,88846E-03;1,82722E-03;3,61250E-03;2,31249E-03;2,66535E-03;4,56695E-03;5,04515E-03;3,46862E-03;1,56254E-04;2,72942E-04;1,87328E-04;5,08240E-04;6,04777E-04;1,70187E-03;2,19642E-03;1,39998E-03;1,85745E-03;2,21495E-03;2,34956E-03;2,85337E-03;2,85800E-03;3,26430E-03;3,49639E-03;3,72849E-03;3,96059E-03;4,19269E-03;4,42479E-03;4,65689E-03;1,22320E-03;2,95007E-03;4,78556E-03;6,48640E-03;8,33394E-03;1,02148E-02;1,21704E-02;1,39051E-02;1,60033E-02;1,77218E-02;1,96702E-02;2,15001E-02;2,40095E-02;2,56709E-02;2,75637E-02;2,96737E-02;3,11789E-02;3,14435E-02;3,20753E-02;3,30056E-02
686;7,60785E-05;2,25141E-04;5,10080E-04;5,08251E-04;8,06304E-04;1,01473E-03;7,82332E-04;1,09046E-03;1,27432E-03;1,72652E-03;2,26836E-03;1,59399E-03;2,75401E-03;2,98030E-03;2,61436E-03;3,01730E-03;2,59391E-03;3,30774E-03;5,23189E-03;4,06398E-03;9,87083E-05;1,68946E-05;4,63303E-04;7,16376E-04;1,06497E-03;2,11306E-03;1,92656E-03;1,85255E-03;3,10544E-03;2,57029E-03;1,34418E-03;2,72611E-03;3,23765E-03;3,22366E-03;3,41744E-03;3,61122E-03;3,80500E-03;3,99879E-03;4,19257E-03;4,38635E-03;1,31738E-03;3,16635E-03;5,21438E-03;7,17098E-03;9,11867E-03;1,11189E-02;1,32777E-02;1,52654E-02;1,72643E-02;1,90304E-02;2,14579E-02;2,32947E-02;2,56349E-02;2,82469E-02;3,04484E-02;3,22692E-02;3,39477E-02;3,45244E-02;3,52702E-02;3,59309E-02
687;7,18042E-05;1,09779E-04;4,08428E-04;3,53749E-04;8,13102E-04;8,22590E-04;9,97908E-04;1,95799E-03;1,10334E-03;2,00019E-03;1,77245E-03;2,20878E-03;1,46445E-03;4,07335E-03;3,29964E-03;1,99675E-03;2,66624E-03;2,84264E-03;3,29378E-03;5,29459E-03;1,90405E-04;7,15755E-04;6,10684E-04;1,16327E-03;1,65582E-03;6,82576E-04;5,32797E-04;1,10169E-03;2,74744E-04;2,77813E-03;1,72381E-03;1,67057E-03;6,10392E-04;1,49390E-03;1,54294E-03;1,59197E-03;1,64100E-03;1,69003E-03;1,73907E-03;1,78810E-03;1,45088E-03;3,43333E-03;5,61142E-03;7,76284E-03;9,61276E-03;1,21926E-02;1,42548E-02;1,65631E-02;1,89771E-02;2,10204E-02;2,33722E-02;2,52143E-02;2,73800E-02;2,97689E-02;3,13285E-02;3,53346E-02;3,60480E-02;3,78558E-02;3,76565E-02;3,91562E-02
688;2,09060E-05;3,06540E-04;4,24498E-04;4,49674E-04;6,57052E-04;6,19879E-04;1,15904E-03;1,45014E-03;2,05759E-03;2,55752E-03;9,73607E-04;1,90850E-03;2,44088E-03;1,14364E-03;2,84771E-03;2,96641E-03;3,67551E-03;2,86152E-03;2,29447E-03;2,83992E-03;6,40701E-05;1,15945E-04;0,00000E+00;7,98358E-04;5,40331E-04;2,91309E-04;2,68230E-03;4,85515E-04;0,00000E+00;5,08283E-04;1,24015E-03;1,13644E-03;2,25672E-03;1,61540E-03;1,72122E-03;1,82703E-03;1,93284E-03;2,03865E-03;2,14446E-03;2,25027E-03;1,55386E-03;3,82542E-03;6,15074E-03;8,46442E-03;1,09227E-02;1,30770E-02;1,58517E-02;1,77349E-02;2,08252E-02;2,37151E-02;2,57863E-02;2,81277E-02;2,97006E-02;3,28354E-02;3,57943E-02;3,78256E-02;3,91375E-02;4,04588E-02;4,08278E-02;4,23585E-02
689;6,16203E-05;2,35546E-04;3,44499E-04;5,94047E-04;7,10198E-04;5,72832E-04;1,44082E-03;6,86285E-04;1,95996E-03;1,54263E-03;1,60497E-03;1,79374E-03;2,28361E-03;2,80894E-03;3,45274E-03;3,05367E-03;1,70143E-03;2,18957E-03;4,19432E-03;3,89234E-03;3,73215E-04;5,62171E-04;2,57308E-04;9,53132E-04;6,28525E-04;3,95061E-05;1,27456E-03;1,02716E-03;5,92591E-04;1,25281E-03;3,63252E-04;2,96830E-03;2,59232E-03;2,23976E-03;2,41122E-03;2,58268E-03;2,75413E-03;2,92559E-03;3,09705E-03;3,26851E-03;1,69335E-03;4,14966E-03;6,68521E-03;9,14777E-03;1,18428E-02;1,42929E-02;1,70264E-02;1,96275E-02;2,17488E-02;2,53476E-02;2,77085E-02;2,99743E-02;3,31184E-02;3,55070E-02;3,86137E-02;4,09860E-02;4,31186E-02;4,33849E-02;4,45198E-02;4,55317E-02
690;5,53846E-05;1,92027E-04;1,89912E-04;4,94081E-04;8,84109E-04;8,96868E-04;9,60279E-04;4,21620E-04;1,44413E-03;7,71423E-04;1,77087E-03;2,14110E-03;1,40593E-03;3,75013E-03;1,34606E-03;2,58097E-03;3,38039E-03;2,01977E-03;4,69597E-03;4,03818E-03;2,08074E-04;2,87776E-04;4,06130E-04;4,63550E-04;1,11718E-03;2,40270E-04;9,44810E-04;1,25118E-03;2,32306E-03;1,97097E-03;0,00000E+00;2,96493E-03;1,81170E-03;2,19582E-03;2,33988E-03;2,48393E-03;2,62799E-03;2,77205E-03;2,91611E-03;3,06016E-03;1,82800E-03;4,39778E-03;7,25553E-03;9,87331E-03;1,26278E-02;1,54500E-02;1,84842E-02;2,13506E-02;2,39045E-02;2,71616E-02;2,97909E-02;3,28201E-02;3,58986E-02;3,86006E-02;4,14836E-02;4,46537E-02;4,67430E-02;4,71289E-02;4,83977E-02;5,01843E-02
691;1,92558E-05;1,01110E-04;3,32759E-04;6,30651E-04;1,12675E-03;1,00916E-03;1,11167E-03;7,60536E-04;8,71313E-04;1,07254E-03;1,35259E-03;1,69977E-03;2,23487E-03;2,56728E-03;6,37094E-04;5,29115E-03;2,90939E-03;2,14321E-03;2,24210E-03;3,32880E-03;4,85042E-05;1,72198E-04;6,61563E-05;4,26705E-04;8,01188E-04;9,56628E-04;1,30438E-03;1,77190E-03;3,06965E-03;2,81613E-03;7,97354E-04;1,07344E-03;2,58054E-03;2,45205E-03;2,60487E-03;2,75769E-03;2,91050E-03;3,06332E-03;3,21614E-03;3,36895E-03;2,02220E-03;4,79474E-03;7,79990E-03;1,08464E-02;1,39491E-02;1,69207E-02;1,98359E-02;2,31047E-02;2,62062E-02;2,93225E-02;3,21109E-02;3,51473E-02;3,82258E-02;4,16690E-02;4,49728E-02;4,84981E-02;5,04094E-02;5,08565E-02;5,19114E-02;5,35544E-02
692;9,82668E-05;1,75958E-04;2,53697E-04;4,95529E-04;9,28846E-04;8,76914E-04;6,07314E-04;1,05750E-03;1,33830E-03;1,33940E-03;1,91936E-03;1,01748E-03;1,26410E-03;2,14593E-03;2,79434E-03;2,80045E-03;2,02056E-03;1,46291E-03;1,79322E-03;1,80137E-03;3,22352E-07;3,60844E-04;7,73336E-06;1,22261E-03;1,28180E-03;2,11132E-03;2,12354E-03;4,63826E-04;1,46698E-03;1,12140E-03;2,67101E-03;4,51613E-04;7,90069E-04;1,37162E-03;1,39021E-03;1,40880E-03;1,42739E-03;1,44599E-03;1,46458E-03;1,48317E-03;2,19333E-03;5,18482E-03;8,20726E-03;1,17617E-02;1,47513E-02;1,80966E-02;2,17774E-02;2,46191E-02;2,79566E-02;3,10546E-02;3,50035E-02;3,89921E-02;4,15740E-02;4,45291E-02;4,88901E-02;5,21702E-02;5,43101E-02;5,55756E-02;5,80330E-02;5,69581E-02
693;8,35249E-05;4,23243E-05;2,64845E-04;4,63068E-04;4,24929E-04;7,15989E-04;4,47113E-04;1,66925E-03;1,43065E-03;1,24573E-03;9,86227E-04;2,23750E-03;1,16811E-03;3,75143E-03;1,93031E-03;2,27154E-03;2,74087E-03;2,00118E-03;2,12639E-03;2,89862E-03;4,38140E-05;2,33578E-04;6,60189E-04;7,24054E-04;9,94622E-05;0,00000E+00;1,32555E-03;1,80511E-03;2,34871E-03;8,68825E-04;7,33382E-04;6,08178E-04;1,35127E-03;1,32615E-03;1,38105E-03;1,43596E-03;1,49086E-03;1,54576E-03;1,60067E-03;1,65557E-03;2,40286E-03;5,63918E-03;9,15160E-03;1,25207E-02;1,63191E-02;1,97624E-02;2,35489E-02;2,75644E-02;3,06024E-02;3,42369E-02;3,76049E-02;4,18803E-02;4,53275E-02;4,87028E-02;5,30208E-02;5,75841E-02;5,84658E-02;6,12941E-02;6,11038E-02;6,38384E-02
694;5,86852E-05;1,70718E-04;4,11748E-04;5,39707E-04;4,01949E-04;1,12607E-03;1,18375E-03;1,31530E-03;1,79955E-03;6,66051E-04;1,60416E-03;1,31404E-03;1,26708E-03;2,68933E-03;1,51033E-03;2,28759E-03;3,28877E-03;3,48555E-03;1,99331E-03;2,78684E-03;2,31608E-04;7,90725E-04;5,12191E-04;1,08345E-03;7,92976E-04;0,00000E+00;1,44351E-03;3,73746E-04;2,01948E-03;1,01108E-04;1,49046E-03;1,87050E-03;1,85968E-03;1,78221E-03;1,89110E-03;1,99998E-03;2,10886E-03;2,21774E-03;2,32662E-03;2,43550E-03;2,54113E-03;6,06495E-03;9,94613E-03;1,36963E-02;1,75199E-02;2,12506E-02;2,52086E-02;2,92090E-02;3,28708E-02;3,70434E-02;4,13337E-02;4,56092E-02;4,90018E-02;5,28806E-02;5,64466E-02;6,11023E-02;6,29939E-02;6,56577E-02;6,61963E-02;6,85688E-02
695;5,02219E-05;1,43046E-04;4,29021E-04;5,80442E-04;6,06674E-04;8,11180E-04;1,02534E-03;1,20689E-03;1,41711E-03;1,24131E-03;2,05648E-03;1,40646E-03;2,26128E-03;1,39306E-03;5,27411E-04;2,71103E-03;3,42982E-03;2,93371E-03;3,16887E-03;2,48762E-03;3,09970E-04;4,50988E-04;5,98752E-04;6,91495E-04;1,20366E-03;2,26348E-04;5,63115E-04;1,50899E-04;2,14682E-03;2,33856E-03;1,62014E-03;3,19980E-03;2,41034E-03;2,82206E-03;3,03682E-03;3,25159E-03;3,46635E-03;3,68112E-03;3,89588E-03;4,11065E-03;2,71430E-03;6,65847E-03;1,07049E-02;1,48923E-02;1,88267E-02;2,31316E-02;2,71681E-02;3,14635E-02;3,59509E-02;4,02980E-02;4,45460E-02;4,86346E-02;5,22609E-02;5,71045E-02;6,14197E-02;6,55621E-02;6,89617E-02;6,95175E-02;7,16312E-02;7,33108E-02
696;3,41001E-05;1,14528E-04;1,21081E-04;4,82895E-04;4,40125E-04;3,48641E-04;1,01908E-03;1,07402E-03;1,24437E-03;1,08995E-03;1,74417E-03;2,54439E-03;2,62903E-03;1,64949E-03;1,67374E-03;2,69520E-03;1,77921E-03;4,01492E-03;2,74854E-03;2,75885E-03;1,71655E-04;2,42259E-04;1,09675E-04;3,90173E-05;9,63945E-04;2,39452E-04;1,81135E-03;1,23303E-03;6,44395E-04;7,84426E-04;1,10936E-03;2,51940E-03;1,37427E-03;1,90587E-03;2,04284E-03;2,17982E-03;2,31679E-03;2,45377E-03;2,59074E-03;2,72772E-03;2,95146E-03;7,24656E-03;1,14367E-02;1,60516E-02;2,05815E-02;2,50752E-02;2,93919E-02;3,42051E-02;3,86498E-02;4,37953E-02;4,76411E-02;5,25566E-02;5,67898E-02;6,16856E-02;6,66917E-02;7,02105E-02;7,25820E-02;7,47269E-02;7,82290E-02;7,82222E-02
697;3,21606E-05;1,17606E-04;2,66907E-04;2,99999E-04;7,71931E-04;8,10188E-04;6,03642E-04;5,75874E-04;7,34698E-04;1,12881E-03;9,41397E-04;1,61314E-03;8,11338E-04;2,01821E-03;4,23890E-03;2,02714E-03;2,43542E-03;1,60993E-03;1,23837E-03;2,24518E-03;2,72569E-04;2,02170E-04;2,21468E-05;7,11720E-04;6,44355E-04;1,34624E-03;1,21490E-03;1,22412E-04;1,03690E-03;4,99584E-04;2,86487E-03;7,08692E-04;1,15269E-03;1,54824E-03;1,63887E-03;1,72949E-03;1,82011E-03;1,91074E-03;2,00136E-03;2,09199E-03;3,16978E-03;7,90563E-03;1,23173E-02;1,74154E-02;2,22072E-02;2,69692E-02;3,21796E-02;3,67193E-02;4,18397E-02;4,67603E-02;5,07258E-02;5,56422E-02;6,17861E-02;6,57788E-02;7,12648E-02;7,66000E-02;7,87525E-02;8,09550E-02;8,41693E-02;8,51067E-02
698;2,51779E-05;2,40434E-04;3,32141E-04;5,18975E-04;5,49293E-04;8,17743E-04;8,19646E-04;7,42606E-04;8,22368E-04;8,21111E-04;1,37264E-03;1,73761E-03;1,61803E-03;1,52327E-03;2,59789E-03;2,84744E-03;2,12319E-03;2,47183E-03;3,72471E-03;2,27448E-03;6,51297E-05;1,86645E-05;3,95456E-04;1,12608E-03;1,19934E-03;1,45371E-03;6,35575E-04;1,28852E-03;4,89503E-04;1,67281E-03;1,45371E-03;2,61707E-04;2,74049E-03;1,66542E-03;1,74113E-03;1,81684E-03;1,89255E-03;1,96826E-03;2,04398E-03;2,11969E-03;3,52720E-03;8,43794E-03;1,35220E-02;1,87573E-02;2,37478E-02;2,89579E-02;3,44129E-02;3,99802E-02;4,45632E-02;5,01782E-02;5,55444E-02;6,07269E-02;6,50168E-02;7,10759E-02;7,64328E-02;8,16264E-02;8,50983E-02;8,73331E-02;8,90180E-02;9,20122E-02
699;4,97882E-05;2,40237E-04;4,19167E-04;4,52779E-04;3,06108E-04;8,92107E-04;6,81730E-04;9,99173E-04;1,25476E-03;1,37459E-03;1,20433E-03;1,82640E-03;1,44217E-03;1,35121E-03;1,14529E-03;2,97787E-03;2,44768E-03;3,50539E-03;3,38281E-03;3,49001E-03;1,59106E-04;3,69602E-04;5,12547E-04;1,04059E-03;3,47135E-04;0,00000E+00;1,93978E-03;1,97321E-03;8,39071E-04;6,17768E-04;1,87873E-04;1,36235E-03;2,38930E-03;1,57283E-03;1,65515E-03;1,73747E-03;1,81979E-03;1,90210E-03;1,98442E-03;2,06674E-03;3,77174E-03;9,10505E-03;1,44078E-02;2,03745E-02;2,54397E-02;3,12588E-02;3,68008E-02;4,26954E-02;4,77685E-02;5,39307E-02;5,96488E-02;6,47671E-02;7,02934E-02;7,62932E-02;8,23201E-02;8,74499E-02;9,24081E-02;9,39500E-02;9,52794E-02;9,86760E-02
700;3,77049E-05;1,59640E-04;3,75109E-04;4,22408E-04;4,01553E-04;7,18886E-04;1,01388E-03;1,22996E-03;1,15309E-03;1,29966E-03;1,91189E-03;1,90797E-03;1,61636E-03;1,01212E-03;2,06914E-03;2,38556E-03;2,84394E-03;2,69300E-03;4,95740E-03;2,27054E-03;1,40830E-04;1,44802E-04;2,58024E-04;9,63950E-04;7,01594E-04;5,28508E-04;1,24103E-03;1,67247E-03;2,09607E-03;0,00000E+00;1,48846E-03;5,98065E-04;6,59211E-04;1,05949E-03;1,07904E-03;1,09860E-03;1,11815E-03;1,13771E-03;1,15726E-03;1,17681E-03;3,99299E-03;9,82043E-03;1,54410E-02;2,15896E-02;2,77415E-02;3,40912E-02;3,96907E-02;4,59025E-02;5,19592E-02;5,79564E-02;6,45258E-02;6,95910E-02;7,55962E-02;8,16552E-02;8,74382E-02;9,50716E-02;9,81916E-02;1,01397E-01;1,02295E-01;1,05319E-01
701;5,95463E-05;1,81045E-04;5,37705E-04;4,97018E-05;7,44334E-04;4,76213E-04;8,93633E-04;1,35177E-03;1,44836E-03;7,10262E-04;2,02179E-03;8,22570E-04;3,64896E-04;4,20941E-03;2,51888E-03;8,15424E-04;8,22968E-04;1,38217E-03;4,13895E-03;2,51457E-03;1,63230E-04;1,70083E-04;2,33977E-06;1,35293E-03;5,43579E-04;2,33594E-04;1,37247E-03;1,40103E-05;1,04578E-03;0,00000E+00;2,06139E-03;2,15544E-06;4,54255E-04;7,03254E-04;7,12082E-04;7,20910E-04;7,29738E-04;7,38567E-04;7,47395E-04;7,56223E-04;4,30081E-03;1,06146E-02;1,69126E-02;2,30851E-02;2,93376E-02;3,61285E-02;4,23565E-02;4,93890E-02;5,57041E-02;6,22616E-02;6,92609E-02;7,39520E-02;8,16696E-02;8,72700E-02;9,42985E-02;1,01826E-01;1,04725E-01;1,06815E-01;1,09951E-01;1,12747E-01
702;6,95745E-05;8,27827E-05;2,99034E-04;4,14906E-04;7,70040E-04;4,34856E-04;7,42514E-04;1,65373E-04;1,22895E-03;1,03349E-03;1,03134E-03;9,86155E-04;1,09409E-03;1,62451E-03;2,84147E-03;2,54900E-03;2,58697E-03;1,68403E-03;1,30766E-03;1,91813E-03;9,88328E-05;3,41266E-04;5,12338E-04;7,20726E-04;2,53996E-04;1,79627E-03;4,14338E-04;3,49786E-03;1,15745E-03;1,32523E-03;9,44891E-04;2,61302E-04;1,33486E-03;1,27668E-03;1,30133E-03;1,32599E-03;1,35064E-03;1,37529E-03;1,39994E-03;1,42460E-03;4,61450E-03;1,12138E-02;1,81210E-02;2,49260E-02;3,18968E-02;3,89373E-02;4,56651E-02;5,26957E-02;5,94875E-02;6,72052E-02;7,28214E-02;8,00796E-02;8,78888E-02;9,34452E-02;1,01281E-01;1,08899E-01;1,13354E-01;1,14227E-01;1,17721E-01;1,20271E-01
703;3,18776E-05;1,31397E-04;2,95857E-04;4,79069E-04;8,72376E-04;8,67297E-04;4,57063E-04;4,93272E-04;7,85310E-04;1,23066E-03;1,38466E-03;1,36059E-03;1,34976E-03;1,43933E-03;2,67830E-03;1,64315E-03;2,78210E-03;1,11221E-03;7,88865E-04;7,73453E-04;1,51731E-04;6,53231E-05;6,12543E-04;4,91941E-04;5,90826E-04;8,96440E-04;1,81238E-03;1,11221E-03;1,11599E-03;1,24275E-03;8,88889E-04;9,08077E-04;2,53582E-03;1,76063E-03;1,85737E-03;1,95411E-03;2,05086E-03;2,14760E-03;2,24434E-03;2,34109E-03;4,96988E-03;1,20350E-02;1,91854E-02;2,66667E-02;3,38243E-02;4,15058E-02;4,85171E-02;5,67023E-02;6,37533E-02;7,11374E-02;7,90098E-02;8,60038E-02;9,31180E-02;1,00922E-01;1,07703E-01;1,15721E-01;1,19893E-01;1,23293E-01;1,25631E-01;1,28303E-01
704;1,21935E-05;1,77607E-04;2,87695E-04;4,70047E-04;5,13069E-04;9,69876E-04;6,26724E-04;6,61803E-04;6,95220E-04;1,56145E-03;9,26121E-04;1,54123E-03;1,65091E-03;1,82088E-03;7,47408E-04;2,06489E-03;2,73233E-03;1,97262E-03;3,87548E-04;2,09668E-03;2,55570E-04;3,03012E-04;4,58525E-04;2,10086E-04;5,73877E-04;5,59781E-04;2,00131E-03;0,00000E+00;1,59938E-04;1,89366E-03;8,46868E-04;1,19443E-03;1,93364E-03;1,59785E-03;1,70251E-03;1,80716E-03;1,91181E-03;2,01646E-03;2,12112E-03;2,22577E-03;5,40709E-03;1,29608E-02;2,07115E-02;2,88433E-02;3,63601E-02;4,46418E-02;5,20802E-02;6,02952E-02;6,86068E-02;7,64628E-02;8,42245E-02;9,20435E-02;9,94525E-02;1,07064E-01;1,15207E-01;1,23570E-01;1,28650E-01;1,32237E-01;1,34887E-01;1,36203E-01
705;6,20669E-05;2,26471E-04;3,71674E-04;1,29560E-04;2,61783E-04;2,95361E-04;7,78979E-04;1,29511E-03;1,31352E-03;1,33365E-03;1,51152E-03;1,02022E-03;2,12820E-03;1,56462E-03;8,57042E-04;2,77147E-03;2,50912E-03;2,81441E-03;2,99408E-03;2,18951E-03;2,78004E-04;3,11170E-04;6,78334E-04;1,11393E-03;4,50014E-05;0,00000E+00;2,71902E-04;2,03528E-04;2,13704E-03;2,06072E-03;1,03036E-03;7,67999E-04;1,95895E-03;1,67042E-03;1,77997E-03;1,88953E-03;1,99908E-03;2,10863E-03;2,21818E-03;2,32773E-03;5,83544E-03;1,39524E-02;2,22975E-02;3,03944E-02;3,86466E-02;4,76159E-02;5,63484E-02;6,48241E-02;7,20379E-02;8,18755E-02;8,92240E-02;9,82833E-02;1,06219E-01;1,14615E-01;1,22579E-01;1,30494E-01;1,38342E-01;1,39476E-01;1,42650E-01;1,44046E-01
706;2,45915E-05;2,01346E-04;2,35164E-04;4,26240E-04;1,76635E-04;7,97193E-04;2,86393E-04;1,27938E-03;8,26197E-04;1,17218E-03;1,39590E-03;1,49552E-03;1,91342E-03;1,25813E-03;2,22151E-03;4,28493E-04;5,57895E-04;2,22437E-03;4,49905E-03;1,12873E-03;3,26765E-04;0,00000E+00;7,97578E-04;5,96830E-04;0,00000E+00;9,54741E-04;4,42860E-04;1,75994E-03;2,51769E-03;0,00000E+00;1,34008E-03;1,96843E-03;1,82896E-03;1,93160E-03;2,05377E-03;2,17594E-03;2,29811E-03;2,42027E-03;2,54244E-03;2,66461E-03;6,20542E-03;1,47199E-02;2,39089E-02;3,26508E-02;4,18566E-02;5,04751E-02;5,97393E-02;6,86865E-02;7,84929E-02;8,59643E-02;9,56552E-02;1,04763E-01;1,12273E-01;1,21877E-01;1,30116E-01;1,39139E-01;1,45254E-01;1,49423E-01;1,50573E-01;1,54931E-01
707;2,69276E-05;1,38405E-04;1,38544E-04;3,13936E-04;5,66422E-04;2,44545E-04;6,29233E-04;4,69559E-04;7,85509E-04;7,05576E-04;1,87463E-03;1,51212E-03;9,15722E-04;1,61524E-03;4,21744E-03;1,77090E-03;1,66569E-03;1,85028E-03;1,83736E-03;2,47116E-03;7,54244E-05;0,00000E+00;0,00000E+00;3,12796E-04;1,96723E-05;1,16912E-03;1,58753E-04;8,55919E-04;7,14389E-04;0,00000E+00;1,04360E-03;1,94566E-03;1,03190E-03;1,40141E-03;1,51173E-03;1,62204E-03;1,73236E-03;1,84268E-03;1,95300E-03;2,06332E-03;6,59419E-03;1,59324E-02;2,52049E-02;3,48332E-02;4,42012E-02;5,41803E-02;6,33749E-02;7,40061E-02;8,31916E-02;9,22801E-02;1,01642E-01;1,11649E-01;1,20385E-01;1,29824E-01;1,40139E-01;1,48707E-01;1,55191E-01;1,59106E-01;1,60723E-01;1,64968E-01
708;7,73168E-05;8,48720E-05;1,95399E-04;3,68897E-04;5,63097E-04;5,82770E-04;4,04603E-04;6,64702E-04;7,65900E-04;9,34123E-04;9,50697E-04;1,02949E-03;2,29411E-03;2,05284E-03;2,92865E-03;1,26910E-03;3,12549E-03;3,75291E-04;1,71847E-03;2,99249E-03;1,21330E-04;2,23108E-04;0,00000E+00;1,95679E-04;2,80987E-05;1,74916E-03;0,00000E+00;1,70578E-03;0,00000E+00;9,57657E-04;1,33541E-03;2,30575E-03;1,27688E-03;1,83068E-03;1,97369E-03;2,11671E-03;2,25972E-03;2,40273E-03;2,54575E-03;2,68876E-03;7,05002E-03;1,67755E-02;2,68582E-02;3,71945E-02;4,74076E-02;5,73424E-02;6,83029E-02;7,80246E-02;8,85774E-02;9,85294E-02;1,08135E-01;1,18131E-01;1,27600E-01;1,38170E-01;1,49082E-01;1,57592E-01;1,64243E-01;1,67339E-01;1,71471E-01;1,74835E-01
709;1,92276E-05;1,18304E-04;1,93044E-04;5,74643E-04;3,24409E-04;9,91017E-04;7,56838E-04;1,37452E-03;2,27326E-04;1,14995E-03;6,66430E-04;1,03352E-03;1,56780E-03;1,32228E-03;1,78546E-03;1,10673E-03;2,71180E-03;3,60774E-04;1,97350E-03;4,42858E-03;5,22862E-05;2,53741E-04;3,26356E-05;8,43261E-05;0,00000E+00;1,06391E-03;9,01935E-04;5,50260E-04;0,00000E+00;4,12695E-04;2,75130E-04;1,75029E-03;1,81297E-03;1,42350E-03;1,54208E-03;1,66065E-03;1,77922E-03;1,89779E-03;2,01637E-03;2,13494E-03;7,50296E-03;1,80704E-02;2,86335E-02;3,92192E-02;5,03371E-02;6,09628E-02;7,15604E-02;8,29783E-02;9,40031E-02;1,05175E-01;1,15199E-01;1,26054E-01;1,35986E-01;1,46084E-01;1,58662E-01;1,67366E-01;1,74049E-01;1,77500E-01;1,81925E-01;1,86871E-01
710;0,00000E+00;2,81508E-04;5,51097E-05;6,16793E-04;6,68250E-05;7,23182E-04;5,54547E-04;5,46391E-04;1,22631E-03;9,83974E-04;1,21112E-03;1,38990E-03;1,33138E-03;1,40519E-05;1,41869E-03;2,11142E-03;2,55488E-05;1,52265E-03;1,77272E-03;2,50633E-03;1,29408E-04;6,14136E-04;6,34045E-04;0,00000E+00;0,00000E+00;2,41132E-04;1,18011E-03;0,00000E+00;1,98447E-03;9,33868E-04;1,75100E-03;2,35128E-03;1,78842E-05;1,58781E-03;1,70095E-03;1,81408E-03;1,92722E-03;2,04036E-03;2,15350E-03;2,26663E-03;7,92124E-03;1,90562E-02;3,05310E-02;4,21166E-02;5,39000E-02;6,53370E-02;7,67439E-02;8,84507E-02;9,97570E-02;1,09942E-01;1,21571E-01;1,31925E-01;1,44648E-01;1,54381E-01;1,65982E-01;1,76582E-01;1,85383E-01;1,89193E-01;1,92769E-01;1,94212E-01
711;8,98917E-06;1,41382E-04;1,80167E-04;7,41520E-05;2,68159E-04;8,33168E-04;7,44828E-04;7,23826E-04;3,03824E-04;1,85823E-04;8,40961E-04;1,53172E-03;1,20401E-03;2,55552E-03;2,37216E-03;3,66454E-03;3,21998E-03;2,26355E-04;1,48627E-03;1,36375E-03;2,38983E-05;2,75001E-04;1,54261E-03;6,94445E-04;5,09806E-04;2,51506E-04;0,00000E+00;1,88053E-03;1,38890E-03;9,51647E-04;7,93437E-04;1,05225E-03;2,70558E-03;1,67408E-03;1,76387E-03;1,85365E-03;1,94344E-03;2,03322E-03;2,12301E-03;2,21280E-03;8,49326E-03;2,03102E-02;3,24026E-02;4,49906E-02;5,69688E-02;6,90695E-02;8,12501E-02;9,44456E-02;1,05724E-01;1,17537E-01;1,29207E-01;1,40800E-01;1,53303E-01;1,62881E-01;1,77555E-01;1,87648E-01;1,96203E-01;1,99586E-01;2,03605E-01;2,07849E-01
712;2,69640E-05;8,15186E-05;9,11474E-05;3,50086E-04;3,09502E-04;7,73698E-04;9,09771E-04;5,19268E-04;0,00000E+00;6,70869E-04;8,72984E-04;7,11574E-04;1,35397E-03;1,44355E-03;9,65192E-04;3,20600E-03;3,49267E-03;1,99993E-03;1,93971E-03;2,05760E-03;8,82481E-05;1,01832E-04;2,79887E-04;9,06122E-05;3,16051E-04;9,28722E-04;4,13895E-04;7,42977E-04;4,69026E-04;1,54109E-03;9,74522E-04;2,17126E-03;5,69106E-04;1,48488E-03;1,59077E-03;1,69667E-03;1,80257E-03;1,90847E-03;2,01437E-03;2,12027E-03;8,99212E-03;2,15745E-02;3,43939E-02;4,75782E-02;6,05213E-02;7,31440E-02;8,60031E-02;9,96687E-02;1,11396E-01;1,24513E-01;1,37560E-01;1,48977E-01;1,60451E-01;1,74874E-01;1,87886E-01;1,98074E-01;2,07632E-01;2,11905E-01;2,16349E-01;2,20542E-01
713;1,48141E-05;1,50535E-04;8,33977E-05;3,20206E-04;7,03210E-04;8,92415E-04;5,15590E-04;1,21328E-04;1,70813E-04;5,92672E-04;1,48564E-03;1,17695E-03;1,45945E-04;1,89091E-03;1,77948E-03;1,64848E-03;1,95002E-03;2,74997E-03;3,65911E-04;2,48119E-03;1,56378E-04;3,15542E-04;1,71767E-04;3,46801E-04;0,00000E+00;5,17997E-04;1,19071E-03;4,77340E-04;0,00000E+00;1,10149E-03;6,32061E-04;6,77988E-04;1,31268E-03;1,06713E-03;1,13888E-03;1,21063E-03;1,28238E-03;1,35413E-03;1,42588E-03;1,49763E-03;9,57685E-03;2,30763E-02;3,66002E-02;5,05553E-02;6,41457E-02;7,80667E-02;9,14638E-02;1,05169E-01;1,17772E-01;1,31670E-01;1,44741E-01;1,57758E-01;1,69627E-01;1,83254E-01;1,96824E-01;2,10492E-01;2,19081E-01;2,23806E-01;2,27088E-01;2,31953E-01
714;1,69975E-05;1,02106E-04;1,87907E-04;4,03727E-04;3,22973E-04;8,85762E-04;7,19242E-04;4,03973E-05;1,02428E-03;1,50832E-03;1,14026E-03;8,69970E-04;7,58491E-04;2,85719E-03;5,82632E-04;1,78826E-03;2,23736E-04;1,77273E-03;0,00000E+00;5,26698E-04;3,92451E-04;1,27981E-04;3,69350E-04;1,11292E-03;1,21816E-03;1,95761E-03;5,76413E-04;5,59339E-05;0,00000E+00;5,12715E-04;1,15437E-03;8,09458E-04;1,63290E-03;9,77014E-04;9,95221E-04;1,01343E-03;1,03163E-03;1,04984E-03;1,06805E-03;1,08626E-03;1,01801E-02;2,46133E-02;3,86608E-02;5,38730E-02;6,79626E-02;8,25421E-02;9,64031E-02;1,11161E-01;1,24860E-01;1,40281E-01;1,52955E-01;1,68136E-01;1,80331E-01;1,94000E-01;2,08984E-01;2,21162E-01;2,31990E-01;2,36628E-01;2,39272E-01;2,42872E-01
715;8,56045E-06;9,37383E-05;1,80489E-04;5,96300E-04;3,32255E-04;2,24275E-05;2,94900E-04;4,90366E-04;1,35849E-03;1,31348E-03;5,11008E-04;1,02101E-03;2,94866E-04;1,71630E-03;1,93943E-03;5,49217E-04;1,48033E-03;1,53182E-03;4,42380E-03;1,19714E-03;2,66374E-04;0,00000E+00;6,05564E-05;5,16645E-04;3,32832E-04;2,25264E-03;7,72416E-05;1,02989E-04;2,57472E-05;7,72416E-05;1,28736E-05;2,86195E-03;2,44575E-03;1,72935E-03;1,86795E-03;2,00655E-03;2,14515E-03;2,28375E-03;2,42235E-03;2,56095E-03;1,08163E-02;2,62010E-02;4,11971E-02;5,63683E-02;7,14923E-02;8,74417E-02;1,02544E-01;1,17233E-01;1,32484E-01;1,47159E-01;1,61991E-01;1,77079E-01;1,91259E-01;2,04599E-01;2,20746E-01;2,33661E-01;2,43374E-01;2,47126E-01;2,52807E-01;2,57623E-01
716;4,51263E-05;2,05626E-04;3,38487E-04;1,12977E-04;5,75128E-04;2,62601E-04;8,25154E-04;3,87322E-04;1,30302E-04;1,00697E-03;7,94008E-04;1,06376E-03;1,44622E-03;2,00062E-04;1,28660E-03;8,00936E-04;2,17101E-03;1,53357E-03;3,37966E-03;2,01303E-03;3,05690E-04;8,98886E-05;5,53411E-04;0,00000E+00;7,81694E-04;0,00000E+00;5,24299E-04;1,48597E-03;4,81527E-04;1,08447E-03;8,07144E-05;1,65016E-03;1,21072E-03;1,24299E-03;1,32163E-03;1,40028E-03;1,47893E-03;1,55757E-03;1,63622E-03;1,71487E-03;1,15353E-02;2,75993E-02;4,35094E-02;5,99978E-02;7,61573E-02;9,22040E-02;1,08085E-01;1,24187E-01;1,41328E-01;1,55600E-01;1,71926E-01;1,85398E-01;2,00812E-01;2,16029E-01;2,31488E-01;2,45464E-01;2,56269E-01;2,61044E-01;2,66369E-01;2,71838E-01
717;5,99181E-06;1,69869E-04;1,60638E-04;2,02086E-04;4,82241E-04;3,10756E-04;5,09754E-04;7,12122E-04;3,45869E-04;6,57990E-04;1,57463E-03;1,17603E-03;7,66336E-04;8,75345E-04;2,77432E-03;1,91172E-03;2,63879E-03;8,75746E-04;1,68172E-03;2,10067E-03;1,70442E-04;2,89042E-04;8,91790E-04;1,17983E-04;5,29382E-04;0,00000E+00;5,38118E-05;1,73633E-03;2,51881E-03;1,68292E-03;1,34730E-04;6,99554E-04;1,14521E-03;1,24131E-03;1,29731E-03;1,35331E-03;1,40931E-03;1,46530E-03;1,52130E-03;1,57730E-03;1,21836E-02;2,90402E-02;4,61508E-02;6,38175E-02;8,07435E-02;9,73855E-02;1,14248E-01;1,31450E-01;1,47531E-01;1,65206E-01;1,81023E-01;1,96054E-01;2,12668E-01;2,27982E-01;2,42138E-01;2,59717E-01;2,66664E-01;2,73689E-01;2,79574E-01;2,83827E-01
718;5,07018E-05;1,18104E-04;1,29014E-04;3,48779E-04;8,70084E-05;3,48056E-04;1,70985E-04;8,07519E-04;6,76732E-05;7,72816E-04;1,83924E-03;1,29737E-03;8,33329E-04;2,80763E-03;1,65726E-03;2,27565E-03;1,96056E-03;2,62926E-03;2,59388E-03;3,57692E-03;2,71039E-04;5,17625E-04;2,61025E-04;4,67938E-05;7,02181E-04;2,85241E-04;1,04588E-03;2,40461E-04;1,96922E-03;8,22734E-04;2,05012E-03;1,52128E-03;1,59517E-03;1,99077E-03;2,14427E-03;2,29776E-03;2,45125E-03;2,60474E-03;2,75823E-03;2,91172E-03;1,29680E-02;3,11151E-02;4,93285E-02;6,73365E-02;8,51763E-02;1,03320E-01;1,21004E-01;1,39075E-01;1,55907E-01;1,73909E-01;1,90938E-01;2,05639E-01;2,20871E-01;2,38981E-01;2,58070E-01;2,71761E-01;2,80913E-01;2,88061E-01;2,92824E-01;2,98125E-01
719;1,26318E-05;1,10147E-04;1,21411E-04;2,12970E-04;3,11085E-04;8,22446E-04;1,91645E-04;8,85015E-04;4,83822E-05;8,45359E-04;4,70854E-04;2,89610E-04;6,27035E-04;1,45817E-03;2,18759E-03;1,21661E-03;1,09379E-03;1,22138E-03;1,71197E-03;7,38273E-04;1,07818E-07;1,53456E-04;1,32583E-04;5,32397E-04;1,42724E-06;0,00000E+00;9,71656E-04;2,06477E-03;7,28742E-04;4,87871E-04;1,70040E-03;4,86509E-04;2,81257E-03;1,95592E-03;2,11263E-03;2,26933E-03;2,42604E-03;2,58274E-03;2,73945E-03;2,89615E-03;1,38682E-02;3,27694E-02;5,16006E-02;7,12273E-02;8,97436E-02;1,09421E-01;1,27548E-01;1,46755E-01;1,64597E-01;1,81902E-01;2,00371E-01;2,14511E-01;2,34407E-01;2,52188E-01;2,69164E-01;2,86413E-01;2,97207E-01;3,03894E-01;3,05649E-01;3,13394E-01
720;4,78848E-05;4,74187E-05;1,84547E-04;2,80999E-04;5,60480E-04;3,99018E-04;5,07048E-04;6,16806E-04;6,56173E-04;1,68144E-03;4,62925E-04;6,55506E-04;7,55583E-04;1,08615E-03;6,42250E-04;6,23363E-04;4,62797E-04;1,05784E-03;1,77565E-03;1,32230E-03;1,22652E-04;2,66408E-04;1,02527E-04;8,27099E-05;3,76207E-04;2,26675E-04;1,13338E-04;0,00000E+00;0,00000E+00;2,83350E-04;0,00000E+00;1,51119E-04;2,64460E-03;1,03199E-03;1,13160E-03;1,23122E-03;1,33083E-03;1,43044E-03;1,53006E-03;1,62967E-03;1,46370E-02;3,47279E-02;5,48577E-02;7,51714E-02;9,52559E-02;1,14016E-01;1,33969E-01;1,53928E-01;1,72442E-01;1,92485E-01;2,10245E-01;2,27775E-01;2,45067E-01;2,64456E-01;2,82764E-01;2,99633E-01;3,09832E-01;3,17527E-01;3,23218E-01;3,29219E-01
721;3,82217E-05;8,23802E-05;3,36546E-04;3,81933E-04;6,22205E-04;1,29210E-04;3,59991E-04;5,15948E-04;5,04670E-04;1,09235E-03;1,07444E-03;1,26683E-03;1,19277E-03;3,58835E-03;1,69348E-03;8,61857E-04;1,43578E-03;6,06380E-04;4,59084E-04;9,00973E-04;2,55146E-04;1,67563E-05;2,64882E-04;1,72590E-04;4,22188E-04;5,37031E-04;9,44245E-04;1,68932E-04;9,00973E-04;5,63108E-05;3,94176E-04;1,87989E-03;1,12622E-04;8,17168E-04;8,59533E-04;9,01898E-04;9,44263E-04;9,86628E-04;1,02899E-03;1,07136E-03;1,55244E-02;3,67971E-02;5,83871E-02;7,93503E-02;1,00657E-01;1,21259E-01;1,41291E-01;1,61511E-01;1,80589E-01;2,02500E-01;2,21891E-01;2,39431E-01;2,57826E-01;2,77229E-01;2,95037E-01;3,12555E-01;3,23295E-01;3,30554E-01;3,38762E-01;3,43664E-01
722;1,30459E-05;4,28659E-05;2,79140E-04;1,27766E-04;5,75630E-04;1,56017E-04;3,05777E-04;6,77117E-04;6,53197E-04;1,03083E-03;9,14389E-04;9,45512E-04;1,28446E-03;1,37647E-03;4,34377E-04;8,85684E-04;3,94888E-04;3,21552E-04;1,90112E-03;6,31821E-04;2,81422E-04;0,00000E+00;7,36889E-04;3,80387E-04;2,66096E-04;6,76956E-04;4,73866E-04;6,26184E-04;1,90111E-03;5,47206E-04;2,76422E-04;1,22415E-03;7,89776E-05;6,98101E-04;7,04734E-04;7,11367E-04;7,18001E-04;7,24634E-04;7,31267E-04;7,37901E-04;1,64940E-02;3,90791E-02;6,13671E-02;8,40931E-02;1,06322E-01;1,27149E-01;1,49655E-01;1,69139E-01;1,90169E-01;2,10913E-01;2,30610E-01;2,50228E-01;2,69307E-01;2,90965E-01;3,07387E-01;3,28619E-01;3,37649E-01;3,46084E-01;3,53477E-01;3,58753E-01
723;0,00000E+00;0,00000E+00;5,05937E-05;3,19561E-04;3,64534E-04;3,89139E-04;1,85280E-04;1,56927E-03;1,03122E-03;7,86590E-04;1,65352E-03;1,45224E-03;3,89934E-04;5,15401E-03;5,65006E-04;5,66933E-04;2,37303E-03;3,17553E-03;1,38285E-03;1,24301E-03;1,27701E-04;3,94893E-04;1,15742E-04;8,76346E-04;1,10218E-03;3,17945E-04;1,69502E-03;1,31197E-03;1,30240E-03;2,55498E-03;1,13001E-03;1,13001E-04;4,52005E-04;1,07130E-03;1,08228E-03;1,09327E-03;1,10425E-03;1,11523E-03;1,12621E-03;1,13720E-03;1,74181E-02;4,09580E-02;6,50720E-02;8,88878E-02;1,11317E-01;1,34388E-01;1,56077E-01;1,77369E-01;1,99218E-01;2,19350E-01;2,42040E-01;2,61488E-01;2,81356E-01;3,02181E-01;3,20588E-01;3,40552E-01;3,51740E-01;3,59867E-01;3,66479E-01;3,73660E-01
724;6,01436E-05;0,00000E+00;2,28757E-04;4,78368E-04;3,91203E-05;2,15530E-04;1,29929E-05;1,83894E-04;2,52849E-04;6,05244E-04;2,04068E-04;9,30826E-04;7,64015E-04;0,00000E+00;1,16897E-04;1,20769E-03;8,34976E-05;2,70287E-03;1,03983E-03;1,30702E-03;0,00000E+00;1,14308E-04;0,00000E+00;0,00000E+00;1,10746E-03;0,00000E+00;2,16230E-03;0,00000E+00;6,65388E-04;5,40574E-04;6,32853E-04;4,49159E-04;2,00394E-04;5,56614E-04;5,61542E-04;5,66469E-04;5,71397E-04;5,76324E-04;5,81252E-04;5,86179E-04;1,85271E-02;4,30868E-02;6,79741E-02;9,27870E-02;1,15888E-01;1,40570E-01;1,62688E-01;1,86049E-01;2,08146E-01;2,29687E-01;2,49543E-01;2,72606E-01;2,93397E-01;3,14014E-01;3,32854E-01;3,54084E-01;3,66241E-01;3,73955E-01;3,80943E-01;3,84048E-01
725;1,83608E-05;4,29180E-05;1,02144E-04;3,28161E-04;7,35737E-05;1,94597E-04;2,26519E-04;6,72170E-04;4,46836E-04;7,59056E-04;6,99171E-04;4,31209E-04;1,18126E-03;6,77774E-04;1,10416E-03;2,16749E-03;8,08051E-04;9,94069E-04;7,72959E-04;1,96703E-03;0,00000E+00;2,16700E-04;6,53989E-05;0,00000E+00;5,86506E-04;2,25925E-04;8,13329E-04;0,00000E+00;8,02773E-05;0,00000E+00;9,63328E-04;8,02773E-05;1,68629E-03;8,96949E-04;9,69451E-04;1,04195E-03;1,11445E-03;1,18696E-03;1,25946E-03;1,33196E-03;1,93976E-02;4,52518E-02;7,06280E-02;9,63708E-02;1,21305E-01;1,44797E-01;1,68874E-01;1,93669E-01;2,16542E-01;2,38971E-01;2,59939E-01;2,82861E-01;3,04098E-01;3,23319E-01;3,44451E-01;3,66955E-01;3,79081E-01;3,86961E-01;3,93517E-01;3,99681E-01
726;3,46594E-05;1,69361E-04;2,69016E-04;1,74229E-04;3,37967E-04;2,03542E-04;4,37090E-04;6,77202E-04;8,40167E-04;3,38205E-04;1,42909E-03;1,08686E-03;1,11083E-03;2,54821E-03;9,91728E-04;2,94885E-04;1,49944E-03;1,21611E-03;5,92989E-04;7,10300E-04;0,00000E+00;1,56817E-04;1,28507E-04;3,22790E-05;8,08705E-04;2,59634E-04;1,00840E-03;8,10935E-04;8,84656E-04;0,00000E+00;1,62187E-03;7,37214E-04;2,74758E-03;1,82721E-03;1,97667E-03;2,12612E-03;2,27557E-03;2,42503E-03;2,57448E-03;2,72393E-03;2,01327E-02;4,69315E-02;7,31472E-02;9,98264E-02;1,24860E-01;1,50399E-01;1,73933E-01;1,98802E-01;2,22461E-01;2,45401E-01;2,67379E-01;2,89677E-01;3,13311E-01;3,32489E-01;3,53955E-01;3,75416E-01;3,91374E-01;3,96968E-01;4,04325E-01;4,12013E-01
727;6,44797E-05;2,14543E-04;2,94951E-04;3,95149E-04;3,03456E-04;6,70003E-05;4,78216E-04;6,47934E-04;1,13803E-03;6,67966E-04;3,13290E-04;5,41740E-04;2,13878E-03;3,43573E-03;9,37984E-04;9,40231E-05;2,89300E-03;9,46518E-04;1,25419E-03;1,22215E-03;0,00000E+00;2,93368E-05;5,41199E-05;4,59339E-04;8,42114E-04;0,00000E+00;2,35058E-05;2,58563E-04;1,82042E-03;1,02557E-04;8,24798E-04;1,77341E-03;1,02138E-03;1,32971E-03;1,43034E-03;1,53097E-03;1,63160E-03;1,73223E-03;1,83286E-03;1,93350E-03;2,06464E-02;4,82209E-02;7,55034E-02;1,02204E-01;1,27571E-01;1,54946E-01;1,78562E-01;2,03171E-01;2,27887E-01;2,52195E-01;2,73529E-01;2,94814E-01;3,19409E-01;3,41392E-01;3,61258E-01;3,82704E-01;3,97860E-01;4,05770E-01;4,11186E-01;4,19423E-01
728;0,00000E+00;6,58053E-05;7,81648E-05;4,57012E-04;5,40362E-04;5,45918E-04;4,40211E-04;5,60699E-04;4,82521E-05;1,11717E-03;1,62697E-03;1,94623E-03;6,83918E-04;3,84242E-04;2,26955E-03;4,10314E-05;1,91608E-03;7,18049E-05;5,10613E-04;5,65407E-03;2,49612E-04;1,92037E-05;8,77404E-05;1,01312E-03;3,74166E-04;0,00000E+00;5,64181E-05;8,74339E-04;5,64181E-05;4,10314E-05;2,18236E-03;5,12892E-06;2,63000E-04;6,20788E-04;6,46125E-04;6,71462E-04;6,96799E-04;7,22136E-04;7,47473E-04;7,72811E-04;2,09528E-02;4,91324E-02;7,64153E-02;1,03980E-01;1,30881E-01;1,56191E-01;1,80947E-01;2,06771E-01;2,31742E-01;2,57424E-01;2,77248E-01;2,99681E-01;3,24969E-01;3,46385E-01;3,68970E-01;3,88933E-01;4,04313E-01;4,11906E-01;4,19582E-01;4,28616E-01
729;0,00000E+00;2,45565E-05;4,66526E-05;1,64612E-04;3,43743E-04;4,93059E-04;1,76007E-05;2,88589E-04;1,01975E-03;5,77826E-04;2,57704E-04;1,76227E-04;2,78418E-04;3,70928E-04;2,15330E-03;9,11520E-04;2,20304E-03;2,24837E-03;5,31526E-04;2,06964E-03;1,07478E-05;3,47208E-04;0,00000E+00;2,44638E-04;1,30517E-03;0,00000E+00;1,29151E-03;8,36921E-04;1,02005E-03;7,75789E-04;0,00000E+00;9,27320E-05;5,74525E-04;4,90229E-04;4,80110E-04;4,69991E-04;4,59871E-04;4,49752E-04;4,39633E-04;4,29514E-04;2,11057E-02;4,94225E-02;7,71020E-02;1,04441E-01;1,30921E-01;1,58022E-01;1,82036E-01;2,07774E-01;2,31644E-01;2,56997E-01;2,80372E-01;3,01911E-01;3,25307E-01;3,47906E-01;3,70774E-01;3,91502E-01;4,07367E-01;4,13300E-01;4,21891E-01;4,28496E-01
730;9,59204E-06;6,62812E-05;9,74749E-05;2,48837E-04;4,35634E-04;5,53773E-04;1,63750E-04;7,63935E-04;2,78184E-04;3,94094E-04;6,78163E-04;6,89135E-04;1,17087E-03;1,63560E-03;1,78112E-03;9,49413E-04;1,52486E-03;1,98260E-03;8,20120E-04;1,97333E-03;2,02924E-05;3,14053E-05;3,86964E-04;7,76822E-04;7,35063E-04;0,00000E+00;5,75444E-04;7,04737E-04;5,66170E-04;5,04422E-04;8,80709E-04;0,00000E+00;1,57965E-03;8,53191E-04;8,89342E-04;9,25492E-04;9,61642E-04;9,97792E-04;1,03394E-03;1,07009E-03;2,10428E-02;4,90215E-02;7,64775E-02;1,03593E-01;1,30706E-01;1,55830E-01;1,81784E-01;2,07595E-01;2,31272E-01;2,56871E-01;2,79775E-01;3,02402E-01;3,23764E-01;3,46400E-01;3,71508E-01;3,91744E-01;4,07136E-01;4,12826E-01;4,20970E-01;4,27545E-01
731;5,36716E-06;5,69029E-05;1,23358E-04;1,40298E-04;1,63111E-04;6,31014E-04;5,50078E-04;6,91394E-04;5,32461E-04;7,65413E-04;5,94606E-04;2,42847E-04;2,10608E-03;2,20278E-03;1,21494E-03;7,19880E-04;1,58282E-03;1,76108E-03;3,23830E-03;2,68647E-03;0,00000E+00;4,53760E-04;2,16523E-04;7,45242E-04;1,10689E-04;5,51826E-04;3,51996E-05;0,00000E+00;3,16796E-04;5,22310E-04;8,60679E-04;1,10365E-03;1,12865E-03;1,00404E-03;1,07772E-03;1,15141E-03;1,22510E-03;1,29878E-03;1,37247E-03;1,44616E-03;2,07100E-02;4,84404E-02;7,52931E-02;1,02180E-01;1,28833E-01;1,53807E-01;1,78924E-01;2,04359E-01;2,28066E-01;2,52524E-01;2,75816E-01;2,98113E-01;3,22470E-01;3,40576E-01;3,64910E-01;3,86645E-01;4,01887E-01;4,10364E-01;4,17926E-01;4,25184E-01
732;0,00000E+00;1,40472E-04;1,38077E-04;1,23152E-04;6,16555E-04;4,04301E-04;4,73419E-04;8,32559E-04;8,27333E-04;5,79359E-04;1,27234E-03;1,75015E-04;8,65816E-04;1,30210E-03;2,99047E-04;2,49209E-05;4,45456E-04;1,08405E-03;1,93137E-04;7,63194E-04;0,00000E+00;2,95479E-05;2,63755E-04;5,64670E-04;6,36719E-05;4,01844E-04;1,21488E-03;3,64463E-04;1,09339E-03;1,35506E-03;2,49209E-05;6,82201E-04;3,11512E-05;5,53940E-04;5,54390E-04;5,54841E-04;5,55291E-04;5,55741E-04;5,56192E-04;5,56642E-04;2,00522E-02;4,69515E-02;7,35738E-02;1,00041E-01;1,24913E-01;1,49583E-01;1,75808E-01;1,99817E-01;2,21715E-01;2,47072E-01;2,69057E-01;2,90484E-01;3,12990E-01;3,36610E-01;3,55232E-01;3,79684E-01;3,93193E-01;3,99312E-01;4,08057E-01;4,13447E-01
733;4,67968E-06;1,38017E-04;1,18981E-04;3,55178E-04;3,04588E-04;5,40626E-04;3,63285E-04;1,08959E-03;1,14221E-04;8,61417E-04;1,00800E-03;1,52146E-04;1,41648E-04;0,00000E+00;1,06868E-03;1,05222E-03;2,27544E-03;9,50306E-04;0,00000E+00;2,31819E-03;4,99915E-05;5,17108E-05;0,00000E+00;2,40436E-04;5,25624E-04;0,00000E+00;3,22254E-04;2,10444E-04;2,92979E-03;1,47311E-03;1,61127E-04;2,73577E-03;2,30173E-03;2,38281E-03;2,58971E-03;2,79661E-03;3,00351E-03;3,21041E-03;3,41731E-03;3,62421E-03;1,93052E-02;4,50301E-02;7,06034E-02;9,61855E-02;1,20759E-01;1,45186E-01;1,68664E-01;1,93329E-01;2,15812E-01;2,39519E-01;2,60099E-01;2,82492E-01;3,03476E-01;3,25103E-01;3,47239E-01;3,67134E-01;3,80777E-01;3,91733E-01;3,96202E-01;4,05761E-01
734;1,88096E-05;0,00000E+00;2,24085E-04;2,91862E-04;1,13906E-04;4,85227E-04;4,04201E-04;9,33071E-04;2,46797E-04;8,05147E-04;4,90935E-04;1,22152E-03;6,29880E-04;5,24663E-05;1,44636E-03;5,24663E-04;1,43815E-03;2,43292E-03;1,36412E-03;1,75085E-03;3,32360E-05;1,71015E-04;7,59376E-05;3,54945E-04;3,06775E-04;0,00000E+00;1,74780E-03;0,00000E+00;9,89613E-04;2,09865E-04;1,11000E-03;1,41659E-03;3,04496E-04;1,01298E-03;1,07550E-03;1,13803E-03;1,20055E-03;1,26307E-03;1,32560E-03;1,38812E-03;1,82570E-02;4,27705E-02;6,70995E-02;9,16815E-02;1,15127E-01;1,38042E-01;1,61105E-01;1,83835E-01;2,06785E-01;2,29850E-01;2,50242E-01;2,72428E-01;2,91313E-01;3,14216E-01;3,33842E-01;3,56473E-01;3,66754E-01;3,76841E-01;3,81119E-01;3,88995E-01
735;1,02894E-05;9,66569E-05;1,53836E-04;1,80665E-04;3,24844E-04;3,19407E-04;8,73525E-04;3,40207E-04;9,93800E-04;9,29714E-04;5,30072E-04;1,57328E-03;5,65754E-04;4,68853E-05;0,00000E+00;4,68853E-04;2,11271E-03;8,56087E-04;3,60260E-03;1,15070E-03;4,27173E-05;2,05164E-05;9,76005E-05;2,87403E-04;2,45727E-05;0,00000E+00;6,09509E-04;0,00000E+00;4,93156E-04;1,42043E-03;1,00889E-03;1,26590E-03;1,23289E-03;1,42622E-03;1,55119E-03;1,67616E-03;1,80114E-03;1,92611E-03;2,05108E-03;2,17606E-03;1,71064E-02;4,03883E-02;6,34940E-02;8,65531E-02;1,09345E-01;1,31494E-01;1,53427E-01;1,74748E-01;1,95796E-01;2,17595E-01;2,37168E-01;2,59463E-01;2,77997E-01;2,96836E-01;3,18852E-01;3,38111E-01;3,51780E-01;3,56985E-01;3,65743E-01;3,69809E-01
736;3,00057E-05;1,21731E-04;1,22437E-04;2,32715E-06;4,71248E-05;3,09871E-04;5,95328E-04;1,35442E-04;5,68607E-04;5,93106E-04;1,12317E-03;1,04278E-03;1,46742E-03;1,00795E-03;0,00000E+00;1,11995E-03;2,02722E-03;2,96396E-03;5,03581E-04;1,81103E-03;2,75004E-06;2,83888E-04;6,28330E-06;1,22592E-03;0,00000E+00;3,35984E-04;1,23194E-03;1,67992E-03;1,04189E-04;2,60473E-04;1,04189E-04;0,00000E+00;2,60473E-04;1,94226E-04;1,52701E-04;1,11175E-04;6,96497E-05;2,81242E-05;0,00000E+00;0,00000E+00;1,59946E-02;3,75232E-02;5,90901E-02;8,07306E-02;1,02588E-01;1,23969E-01;1,42936E-01;1,64502E-01;1,83306E-01;2,04429E-01;2,22873E-01;2,44287E-01;2,61714E-01;2,80283E-01;2,99616E-01;3,21292E-01;3,30852E-01;3,39470E-01;3,45965E-01;3,53419E-01
737;1,25245E-06;1,10325E-04;1,02761E-04;2,64192E-05;1,85349E-04;3,28137E-04;4,77226E-04;5,91819E-04;9,80812E-05;8,28883E-04;1,34338E-03;9,97324E-04;7,82355E-04;2,24207E-03;4,69421E-04;1,47852E-04;0,00000E+00;1,40826E-03;8,21487E-04;2,82177E-03;9,75630E-06;6,00484E-05;0,00000E+00;3,40673E-04;1,35313E-03;1,64297E-03;1,29091E-03;4,92841E-05;0,00000E+00;0,00000E+00;2,81653E-03;5,18705E-04;7,04132E-04;1,07438E-03;1,11630E-03;1,15821E-03;1,20013E-03;1,24205E-03;1,28397E-03;1,32588E-03;1,48126E-02;3,49613E-02;5,48527E-02;7,52535E-02;9,52384E-02;1,15194E-01;1,34481E-01;1,54727E-01;1,70956E-01;1,91590E-01;2,10593E-01;2,27429E-01;2,47134E-01;2,64756E-01;2,82490E-01;3,00724E-01;3,12186E-01;3,19012E-01;3,25630E-01;3,31814E-01
738;1,37781E-05;9,44207E-05;1,73234E-04;3,58616E-04;4,67413E-04;2,63748E-04;4,52805E-04;5,40650E-04;7,30999E-04;1,17707E-03;1,29104E-03;3,99160E-05;3,25166E-04;5,52981E-04;0,00000E+00;1,73219E-03;2,53634E-04;0,00000E+00;2,95906E-04;3,01658E-03;6,96707E-05;2,19624E-04;0,00000E+00;7,67908E-04;0,00000E+00;0,00000E+00;0,00000E+00;3,51943E-04;8,45447E-05;2,53634E-04;4,22724E-05;9,43755E-04;2,53634E-04;4,03031E-04;4,26486E-04;4,49941E-04;4,73396E-04;4,96851E-04;5,20305E-04;5,43760E-04;1,37885E-02;3,24030E-02;5,12173E-02;7,00120E-02;8,80689E-02;1,06510E-01;1,25210E-01;1,42617E-01;1,59836E-01;1,77900E-01;1,95941E-01;2,12319E-01;2,29561E-01;2,46395E-01;2,62978E-01;2,80121E-01;2,92496E-01;2,97277E-01;3,04199E-01;3,09349E-01
739;1,40184E-05;9,58157E-05;3,77591E-04;2,43785E-04;8,68353E-05;4,99029E-04;1,20799E-04;6,83809E-04;7,49509E-04;9,88004E-04;9,73698E-04;8,07037E-04;6,33512E-04;1,36450E-03;1,37570E-03;1,72802E-03;3,49337E-04;4,34430E-04;9,14395E-04;1,21969E-03;3,44000E-05;3,97612E-04;0,00000E+00;7,70998E-04;8,72795E-04;1,08608E-03;7,24050E-05;7,24050E-04;1,16446E-04;1,94225E-03;5,82229E-05;1,68398E-03;1,43541E-03;1,33651E-03;1,41677E-03;1,49702E-03;1,57728E-03;1,65753E-03;1,73779E-03;1,81805E-03;1,26089E-02;2,97823E-02;4,72349E-02;6,45195E-02;8,14026E-02;9,83183E-02;1,14921E-01;1,31641E-01;1,47221E-01;1,64224E-01;1,81229E-01;1,96997E-01;2,13030E-01;2,28861E-01;2,45411E-01;2,60441E-01;2,71202E-01;2,75069E-01;2,82863E-01;2,87978E-01
740;8,11265E-06;1,67438E-04;4,02422E-04;3,79560E-06;2,47310E-04;5,61739E-04;4,27286E-04;5,47968E-04;3,88477E-04;6,48341E-04;5,93279E-04;1,07204E-03;2,83841E-04;2,65158E-03;5,38122E-04;3,11544E-04;1,33863E-03;2,72905E-04;1,63986E-03;2,26578E-04;2,97635E-05;1,55532E-04;0,00000E+00;1,24009E-05;6,11245E-04;4,24833E-04;2,83222E-05;2,83222E-04;4,11888E-04;6,23089E-04;0,00000E+00;3,39867E-04;1,04266E-03;6,31004E-04;6,73754E-04;7,16504E-04;7,59254E-04;8,02005E-04;8,44755E-04;8,87505E-04;1,16030E-02;2,73826E-02;4,30566E-02;5,92823E-02;7,49022E-02;8,97400E-02;1,04969E-01;1,21054E-01;1,35651E-01;1,51578E-01;1,66313E-01;1,81774E-01;1,96056E-01;2,10837E-01;2,25486E-01;2,41099E-01;2,51472E-01;2,55256E-01;2,62053E-01;2,64955E-01
741;7,30628E-08;8,42195E-05;2,23419E-04;3,87620E-04;2,42736E-06;3,22233E-04;3,97667E-06;4,32312E-04;4,28175E-04;4,77291E-05;6,24660E-04;1,30510E-03;2,87282E-04;3,14468E-03;0,00000E+00;0,00000E+00;9,38680E-04;3,27658E-03;2,08559E-03;2,23283E-03;3,64250E-06;9,73418E-05;2,35178E-04;9,23142E-06;6,81280E-04;0,00000E+00;0,00000E+00;2,35707E-03;1,44906E-03;1,55988E-03;1,16991E-03;5,75004E-06;3,83336E-06;8,77090E-04;9,06507E-04;9,35923E-04;9,65339E-04;9,94755E-04;1,02417E-03;1,05359E-03;1,04868E-02;2,48686E-02;3,89829E-02;5,42396E-02;6,87155E-02;8,29774E-02;9,71190E-02;1,10596E-01;1,24635E-01;1,37887E-01;1,52701E-01;1,65702E-01;1,78654E-01;1,93985E-01;2,07798E-01;2,19775E-01;2,31465E-01;2,35356E-01;2,39459E-01;2,44280E-01
742;3,81100E-06;1,03885E-04;0,00000E+00;2,93006E-04;3,08624E-04;7,14460E-04;2,41092E-04;1,17741E-04;5,11564E-04;1,65344E-04;8,22765E-04;9,72198E-04;1,37620E-03;1,33213E-03;0,00000E+00;9,41126E-04;1,75925E-03;1,62682E-03;4,94642E-04;1,49178E-03;1,89995E-04;0,00000E+00;9,39412E-05;7,23077E-04;3,40170E-05;9,73578E-05;1,29810E-04;1,06204E-03;9,99753E-04;0,00000E+00;0,00000E+00;2,99926E-04;2,64856E-04;3,01702E-04;2,96485E-04;2,91267E-04;2,86050E-04;2,80833E-04;2,75616E-04;2,70399E-04;9,69261E-03;2,28315E-02;3,60924E-02;4,95956E-02;6,19147E-02;7,55806E-02;8,79992E-02;1,01857E-01;1,14505E-01;1,25090E-01;1,38071E-01;1,52060E-01;1,64296E-01;1,77433E-01;1,88407E-01;2,01987E-01;2,11016E-01;2,16375E-01;2,19314E-01;2,23373E-01
743;1,60995E-06;9,46932E-06;1,08885E-04;2,93107E-04;5,86245E-04;4,57097E-04;7,23954E-05;2,53190E-04;5,55533E-04;6,67459E-04;8,23517E-04;3,83226E-04;6,44171E-04;4,49895E-04;1,07697E-03;3,41754E-03;1,63527E-03;2,07229E-03;1,49569E-03;1,95846E-03;1,10362E-04;0,00000E+00;2,47858E-04;1,01875E-03;7,31504E-05;2,72711E-04;2,79146E-04;3,48932E-04;0,00000E+00;1,14033E-03;4,43460E-04;6,33515E-04;1,39573E-04;4,40047E-04;4,43332E-04;4,46617E-04;4,49902E-04;4,53187E-04;4,56472E-04;4,59757E-04;8,69170E-03;2,07131E-02;3,25789E-02;4,47623E-02;5,67100E-02;6,90251E-02;8,00106E-02;9,20578E-02;1,03309E-01;1,15596E-01;1,26781E-01;1,38613E-01;1,50076E-01;1,62572E-01;1,74433E-01;1,85689E-01;1,92851E-01;1,97921E-01;2,01743E-01;2,05136E-01
744;1,41782E-05;2,98646E-05;2,20824E-04;3,47187E-04;3,93363E-04;7,21960E-04;5,38190E-04;1,99630E-04;0,00000E+00;8,54988E-04;2,22577E-04;8,75492E-04;1,30603E-03;8,00669E-04;6,65015E-04;1,33224E-03;1,89126E-03;1,35527E-03;2,55154E-03;3,08532E-03;9,80231E-05;0,00000E+00;2,83093E-05;3,08306E-04;0,00000E+00;6,05076E-04;7,54610E-04;2,82979E-04;1,88653E-04;1,45874E-03;2,73830E-04;1,14580E-03;2,82979E-04;8,22141E-04;8,72334E-04;9,22527E-04;9,72720E-04;1,02291E-03;1,07311E-03;1,12330E-03;7,87315E-03;1,87016E-02;2,94795E-02;4,08684E-02;5,17999E-02;6,19459E-02;7,30953E-02;8,33870E-02;9,43219E-02;1,05394E-01;1,15526E-01;1,26425E-01;1,35925E-01;1,46331E-01;1,58444E-01;1,68173E-01;1,73100E-01;1,80346E-01;1,81566E-01;1,87276E-01
745;1,15618E-06;1,96374E-05;3,08454E-04;1,06213E-04;1,60092E-04;4,65528E-04;4,04999E-04;5,48383E-04;2,72294E-04;5,98464E-04;1,06694E-05;1,29513E-04;1,20793E-03;4,96318E-05;1,00337E-03;2,29894E-03;1,07536E-04;1,16188E-03;3,05012E-03;4,49369E-04;3,60149E-04;0,00000E+00;0,00000E+00;8,23735E-04;1,31467E-04;4,96318E-05;6,61758E-05;7,77342E-04;1,77244E-03;3,17018E-04;0,00000E+00;2,82544E-03;9,02763E-04;1,48753E-03;1,60506E-03;1,72258E-03;1,84011E-03;1,95763E-03;2,07516E-03;2,19268E-03;7,07345E-03;1,70462E-02;2,67739E-02;3,70341E-02;4,69142E-02;5,62268E-02;6,62678E-02;7,57197E-02;8,45140E-02;9,51377E-02;1,04730E-01;1,14914E-01;1,22716E-01;1,33672E-01;1,43115E-01;1,51850E-01;1,59969E-01;1,63644E-01;1,64878E-01;1,69763E-01
746;2,69233E-05;2,09086E-04;2,67995E-05;3,52903E-04;2,75536E-04;2,82024E-04;6,49365E-04;8,76634E-04;2,36500E-04;1,11951E-03;6,83141E-04;8,32811E-04;1,98670E-04;1,82312E-04;1,52297E-03;0,00000E+00;1,67764E-03;1,01095E-03;6,83671E-05;1,61170E-03;0,00000E+00;2,50531E-04;4,45629E-04;1,79608E-04;2,38876E-05;6,83671E-05;0,00000E+00;2,05101E-04;3,12982E-03;2,34191E-03;5,19296E-04;8,92154E-04;1,27229E-03;1,63318E-03;1,75327E-03;1,87337E-03;1,99346E-03;2,11355E-03;2,23365E-03;2,35374E-03;6,45474E-03;1,53126E-02;2,40677E-02;3,30984E-02;4,17592E-02;5,07923E-02;5,97643E-02;6,81434E-02;7,74728E-02;8,57448E-02;9,38957E-02;1,03577E-01;1,11232E-01;1,20504E-01;1,29185E-01;1,37559E-01;1,44526E-01;1,46761E-01;1,49994E-01;1,52211E-01
747;1,10115E-05;4,38238E-05;1,04751E-04;8,32726E-05;2,58497E-04;3,35826E-04;3,07471E-04;2,29259E-04;6,24604E-04;1,25810E-03;8,70889E-04;5,87207E-04;7,03897E-04;8,08429E-04;1,64545E-03;4,33304E-04;1,56571E-03;1,37363E-03;7,29695E-04;9,68910E-04;0,00000E+00;0,00000E+00;3,50954E-04;6,36357E-04;3,96891E-04;4,58880E-04;2,16652E-04;1,05166E-03;1,21114E-03;1,02910E-03;1,04965E-03;0,00000E+00;1,61485E-04;5,97688E-04;5,97848E-04;5,98007E-04;5,98167E-04;5,98326E-04;5,98486E-04;5,98645E-04;5,84119E-03;1,36995E-02;2,16797E-02;2,98126E-02;3,79594E-02;4,56511E-02;5,39850E-02;6,21053E-02;6,95842E-02;7,68022E-02;8,54567E-02;9,32554E-02;1,00612E-01;1,09254E-01;1,16775E-01;1,25029E-01;1,29185E-01;1,33821E-01;1,34879E-01;1,37622E-01
748;4,83494E-05;3,50008E-05;8,99757E-06;6,96999E-05;4,05213E-04;4,65884E-04;2,29985E-04;4,70463E-04;1,97947E-04;3,94374E-04;1,15141E-03;3,99161E-04;5,73205E-04;4,07144E-04;5,47055E-04;2,46143E-03;6,96252E-04;9,23037E-04;8,77502E-04;5,15894E-04;2,45104E-04;2,79011E-04;3,02880E-04;3,76474E-04;7,82411E-04;4,56876E-04;5,42858E-04;4,70358E-04;0,00000E+00;9,44914E-04;8,59823E-04;0,00000E+00;0,00000E+00;2,92933E-04;2,72469E-04;2,52005E-04;2,31541E-04;2,11077E-04;1,90613E-04;1,70149E-04;5,23241E-03;1,23069E-02;1,95931E-02;2,67381E-02;3,42596E-02;4,13254E-02;4,87802E-02;5,60831E-02;6,24710E-02;6,96738E-02;7,60433E-02;8,38426E-02;9,10357E-02;9,93157E-02;1,05784E-01;1,11484E-01;1,14874E-01;1,19478E-01;1,22629E-01;1,23943E-01
749;1,11207E-05;6,61057E-05;5,33361E-05;1,62929E-04;6,06069E-04;1,20796E-04;6,49553E-04;5,52289E-05;0,00000E+00;7,09141E-04;1,26462E-03;2,22698E-04;1,21779E-04;1,70571E-03;9,43376E-04;2,32516E-03;0,00000E+00;9,89859E-04;2,80354E-03;2,23220E-03;1,64124E-04;5,92766E-05;5,28784E-05;1,31615E-04;1,05313E-04;1,72724E-04;5,44757E-04;8,61988E-04;0,00000E+00;0,00000E+00;6,54360E-04;9,43376E-04;4,71688E-04;7,08465E-04;7,60552E-04;8,12638E-04;8,64725E-04;9,16812E-04;9,68898E-04;1,02099E-03;4,60958E-03;1,10270E-02;1,77152E-02;2,39631E-02;3,02869E-02;3,66122E-02;4,32577E-02;4,95102E-02;5,56048E-02;6,30690E-02;6,84494E-02;7,54278E-02;8,22777E-02;8,78791E-02;9,32168E-02;1,01060E-01;1,05162E-01;1,06384E-01;1,10624E-01;1,11742E-01
750;1,19778E-06;1,22699E-04;1,44817E-04;4,38784E-05;4,87269E-06;5,18072E-04;3,19795E-05;7,18638E-04;1,12519E-03;1,42072E-04;1,92014E-03;1,44073E-03;1,03586E-04;8,63157E-04;1,21750E-03;0,00000E+00;1,32735E-03;1,55839E-03;5,38657E-05;1,47970E-03;1,86416E-04;1,39925E-04;7,13121E-04;0,00000E+00;3,23130E-04;0,00000E+00;4,93232E-04;1,99986E-03;1,61597E-04;1,23308E-04;1,34664E-05;9,42649E-05;6,16541E-04;3,31906E-04;3,19912E-04;3,07918E-04;2,95924E-04;2,83931E-04;2,71937E-04;2,59943E-04;4,15540E-03;9,87285E-03;1,54734E-02;2,15958E-02;2,78032E-02;3,29184E-02;3,88781E-02;4,54086E-02;5,00242E-02;5,51154E-02;6,19533E-02;6,74049E-02;7,21435E-02;7,89636E-02;8,45297E-02;9,00253E-02;9,39578E-02;9,73797E-02;9,91560E-02;1,00352E-01
751;8,18052E-06;2,67957E-05;9,54904E-05;2,63279E-04;1,98176E-04;5,89305E-04;1,06369E-04;1,06843E-03;1,98476E-04;1,01187E-03;7,90857E-05;6,94766E-04;1,08138E-03;0,00000E+00;1,10035E-03;0,00000E+00;6,43807E-04;1,83530E-03;4,13461E-04;1,18486E-03;1,23347E-04;2,51291E-04;2,99514E-04;0,00000E+00;4,77683E-05;1,82286E-04;5,01288E-04;1,83945E-04;1,14924E-03;0,00000E+00;4,56545E-04;8,26093E-04;0,00000E+00;5,09581E-04;5,36050E-04;5,62519E-04;5,88988E-04;6,15457E-04;6,41926E-04;6,68395E-04;3,74891E-03;8,81260E-03;1,38111E-02;1,92088E-02;2,43514E-02;2,94397E-02;3,45923E-02;4,00296E-02;4,45926E-02;5,00068E-02;5,45174E-02;6,03133E-02;6,55918E-02;7,10838E-02;7,57576E-02;8,15548E-02;8,41964E-02;8,62431E-02;8,81973E-02;9,08081E-02
752;0,00000E+00;3,53716E-05;6,24698E-05;2,49919E-04;2,17671E-04;2,22702E-04;2,41505E-04;3,09192E-04;4,28016E-04;1,02128E-03;0,00000E+00;0,00000E+00;6,53499E-04;8,57551E-04;4,81254E-04;1,09143E-03;5,45714E-04;1,69300E-03;1,46342E-03;3,27918E-03;2,64229E-04;1,80191E-04;1,97461E-04;0,00000E+00;6,30565E-05;2,40627E-04;1,83111E-03;0,00000E+00;6,01567E-05;0,00000E+00;4,81254E-04;3,96545E-04;7,79592E-04;5,68335E-04;5,98091E-04;6,27846E-04;6,57601E-04;6,87356E-04;7,17111E-04;7,46867E-04;3,29237E-03;7,88686E-03;1,22667E-02;1,71455E-02;2,17583E-02;2,64530E-02;3,13128E-02;3,55218E-02;4,03907E-02;4,48030E-02;4,98056E-02;5,40866E-02;5,86423E-02;6,34683E-02;6,82432E-02;7,25990E-02;7,57085E-02;7,74348E-02;7,88021E-02;8,10946E-02
753;1,40155E-06;1,09757E-04;5,25537E-05;1,47821E-04;0,00000E+00;0,00000E+00;7,80009E-04;0,00000E+00;3,70404E-04;7,61035E-04;2,37117E-04;8,33227E-04;5,73338E-05;1,41047E-03;2,20603E-04;3,91310E-04;1,95655E-04;1,71493E-03;2,59884E-03;2,15914E-03;1,40697E-04;1,37664E-04;7,07957E-05;1,01421E-03;5,20284E-04;1,76483E-03;1,41198E-03;0,00000E+00;0,00000E+00;0,00000E+00;0,00000E+00;5,59014E-05;1,60313E-03;4,48638E-04;4,28285E-04;4,07932E-04;3,87579E-04;3,67226E-04;3,46873E-04;3,26520E-04;2,97549E-03;6,97811E-03;1,09986E-02;1,53321E-02;1,96219E-02;2,36424E-02;2,78257E-02;3,15495E-02;3,58861E-02;3,96147E-02;4,36217E-02;4,87281E-02;5,11484E-02;5,68422E-02;6,09551E-02;6,58072E-02;6,74079E-02;6,82162E-02;7,07122E-02;7,17287E-02
754;0,00000E+00;0,00000E+00;2,43649E-05;5,64181E-04;2,09171E-04;5,61025E-04;2,04300E-05;2,77862E-05;6,33420E-06;4,44902E-04;9,11796E-04;1,25766E-03;1,24310E-03;1,34672E-03;1,61606E-03;2,16788E-03;2,45035E-03;3,13684E-03;1,90391E-03;1,79888E-03;1,24754E-05;3,20022E-04;0,00000E+00;0,00000E+00;3,21114E-05;1,07738E-03;4,04016E-04;0,00000E+00;0,00000E+00;1,88541E-03;1,75055E-05;2,69344E-04;4,37638E-06;4,12150E-04;4,23549E-04;4,34948E-04;4,46347E-04;4,57745E-04;4,69144E-04;4,80543E-04;2,66693E-03;6,26957E-03;9,90733E-03;1,35691E-02;1,71931E-02;2,09436E-02;2,50074E-02;2,88025E-02;3,12619E-02;3,57751E-02;3,89145E-02;4,21617E-02;4,63768E-02;4,99902E-02;5,45399E-02;5,76384E-02;6,07858E-02;6,10769E-02;6,33163E-02;6,33473E-02
755;9,89674E-06;5,53590E-05;9,05874E-05;1,99523E-04;3,47711E-04;1,29800E-04;7,19674E-04;9,43299E-04;2,42516E-04;1,48573E-04;1,17455E-03;1,56590E-03;3,99416E-04;0,00000E+00;0,00000E+00;1,23518E-03;6,15908E-04;1,25767E-03;4,74256E-03;2,16766E-03;2,98495E-04;4,09971E-04;0,00000E+00;0,00000E+00;8,30951E-04;0,00000E+00;0,00000E+00;5,56338E-04;0,00000E+00;1,85446E-04;7,44408E-04;3,70892E-04;1,76830E-04;4,08135E-04;4,30090E-04;4,52044E-04;4,73998E-04;4,95953E-04;5,17907E-04;5,39861E-04;2,34807E-03;5,51771E-03;8,89692E-03;1,19852E-02;1,54194E-02;1,85015E-02;2,19708E-02;2,50348E-02;2,85060E-02;3,15689E-02;3,46420E-02;3,79162E-02;4,07858E-02;4,48760E-02;4,76387E-02;5,21540E-02;5,37150E-02;5,42685E-02;5,65170E-02;5,73583E-02
756;3,65657E-05;1,49250E-04;1,71557E-04;2,63428E-04;8,88583E-05;1,52843E-04;4,55417E-04;9,33823E-04;1,04073E-03;1,26885E-04;3,01995E-04;7,62742E-04;1,22397E-03;0,00000E+00;0,00000E+00;2,45735E-03;6,31198E-04;1,68416E-03;3,15933E-03;3,08887E-03;1,44406E-04;1,05037E-04;2,79147E-04;0,00000E+00;2,57524E-04;0,00000E+00;1,40266E-04;1,26401E-03;1,19226E-03;3,51204E-04;6,32166E-04;9,12807E-04;1,40481E-04;7,71902E-04;8,16781E-04;8,61660E-04;9,06539E-04;9,51418E-04;9,96297E-04;1,04118E-03;2,10777E-03;4,93708E-03;7,81898E-03;1,06047E-02;1,36130E-02;1,63779E-02;1,99427E-02;2,24079E-02;2,50009E-02;2,73977E-02;3,08451E-02;3,35565E-02;3,65333E-02;3,93308E-02;4,22639E-02;4,60454E-02;4,73237E-02;4,84983E-02;5,12730E-02;5,14908E-02
757;1,87099E-05;2,37108E-05;7,48054E-05;2,16416E-04;3,38725E-05;6,26032E-04;6,97011E-04;1,11009E-03;4,60667E-04;5,53980E-04;4,44424E-04;0,00000E+00;9,38736E-04;8,26944E-04;6,20208E-04;1,09802E-03;1,47405E-03;5,61672E-04;7,30963E-04;5,99117E-04;2,18493E-04;5,60804E-05;1,86442E-04;0,00000E+00;5,88746E-05;0,00000E+00;2,34899E-03;3,19070E-04;6,36561E-04;1,13705E-03;2,06736E-03;2,28306E-03;4,13472E-04;1,79978E-03;1,93960E-03;2,07942E-03;2,21923E-03;2,35905E-03;2,49887E-03;2,63869E-03;1,82487E-03;4,32292E-03;6,80585E-03;9,46749E-03;1,19322E-02;1,42510E-02;1,72479E-02;1,96879E-02;2,21535E-02;2,41367E-02;2,76199E-02;3,01618E-02;3,28487E-02;3,51871E-02;3,82027E-02;4,02690E-02;4,26831E-02;4,31006E-02;4,47786E-02;4,54027E-02
758;4,74915E-05;1,24186E-05;7,77103E-05;7,10799E-06;0,00000E+00;5,93041E-04;1,36615E-04;3,87531E-05;4,96745E-04;4,67861E-04;1,90031E-05;1,29631E-04;3,11067E-04;5,84491E-04;5,75651E-04;2,77660E-03;1,69601E-03;0,00000E+00;8,83981E-06;3,43207E-03;4,97823E-05;0,00000E+00;1,59930E-06;1,08197E-03;0,00000E+00;0,00000E+00;9,72379E-05;5,57972E-04;0,00000E+00;4,86190E-05;8,83981E-05;9,28180E-05;1,76796E-05;0,00000E+00;0,00000E+00;0,00000E+00;0,00000E+00;0,00000E+00;0,00000E+00;0,00000E+00;1,60945E-03;3,90533E-03;6,17561E-03;8,43875E-03;1,08434E-02;1,28586E-02;1,56074E-02;1,77737E-02;1,94972E-02;2,21606E-02;2,49882E-02;2,63501E-02;2,90984E-02;3,07592E-02;3,36966E-02;3,59085E-02;3,75625E-02;3,91966E-02;4,00526E-02;3,98107E-02
759;4,01333E-05;5,77558E-05;2,20559E-04;9,11955E-05;4,50597E-04;4,40858E-05;7,29842E-04;8,57930E-04;4,03198E-04;5,32345E-04;7,90674E-04;1,71049E-03;8,99974E-04;1,12961E-03;1,75226E-03;3,31024E-03;1,07994E-03;2,71107E-03;2,89208E-04;1,12961E-03;3,57789E-05;2,47910E-04;8,27326E-05;2,02608E-04;3,44341E-04;1,66822E-03;0,00000E+00;5,78416E-05;0,00000E+00;7,80861E-04;1,21637E-03;0,00000E+00;8,27814E-04;6,87724E-04;7,19943E-04;7,52161E-04;7,84380E-04;8,16598E-04;8,48817E-04;8,81035E-04;1,40961E-03;3,38653E-03;5,40770E-03;7,33430E-03;9,59012E-03;1,15543E-02;1,33295E-02;1,57848E-02;1,77626E-02;2,02449E-02;2,19079E-02;2,37217E-02;2,55871E-02;2,77744E-02;2,93458E-02;3,22607E-02;3,37004E-02;3,46230E-02;3,63214E-02;3,56533E-02
760;3,55955E-05;5,24227E-05;2,26081E-04;1,77280E-04;1,83872E-04;1,49302E-04;7,39240E-04;4,83979E-04;1,02645E-03;5,46684E-04;1,72061E-04;4,53465E-04;5,35500E-04;0,00000E+00;1,60078E-04;1,03369E-03;8,00389E-04;0,00000E+00;1,36440E-03;1,06535E-03;4,96230E-05;1,39852E-04;2,97251E-04;6,15600E-04;4,61434E-04;2,40117E-04;0,00000E+00;1,60078E-04;1,88003E-04;2,91306E-03;2,40117E-04;2,50671E-04;1,04051E-03;9,23813E-04;9,74558E-04;1,02530E-03;1,07605E-03;1,12679E-03;1,17754E-03;1,22828E-03;1,24651E-03;3,08413E-03;4,71274E-03;6,67290E-03;8,62230E-03;1,02646E-02;1,19018E-02;1,38317E-02;1,56461E-02;1,77994E-02;1,93269E-02;2,12483E-02;2,25638E-02;2,52091E-02;2,65070E-02;2,87713E-02;3,00779E-02;3,08615E-02;3,16263E-02;3,23992E-02
761;5,40343E-05;1,32780E-04;1,27705E-04;2,81246E-04;1,03039E-04;2,02945E-05;1,32933E-04;0,00000E+00;9,83553E-04;1,40445E-03;1,66212E-04;3,65042E-04;1,10718E-03;0,00000E+00;9,66478E-05;1,87600E-03;0,00000E+00;6,76534E-04;1,67579E-03;2,43516E-03;1,28733E-04;1,44748E-04;1,69856E-04;4,08051E-05;3,03920E-04;6,76534E-04;3,86591E-04;2,89943E-04;1,39791E-04;1,52564E-03;1,54636E-03;1,24951E-03;0,00000E+00;1,08091E-03;1,15606E-03;1,23121E-03;1,30636E-03;1,38151E-03;1,45666E-03;1,53181E-03;1,09090E-03;2,78388E-03;4,22580E-03;5,87579E-03;7,39163E-03;9,01417E-03;1,05877E-02;1,18728E-02;1,38916E-02;1,53558E-02;1,75330E-02;1,83611E-02;2,03245E-02;2,22278E-02;2,36784E-02;2,60201E-02;2,64714E-02;2,75596E-02;2,80619E-02;2,86411E-02
762;7,20217E-06;8,68941E-05;2,06288E-04;1,29595E-04;1,25596E-04;9,70760E-04;0,00000E+00;4,36044E-04;9,85293E-04;2,86823E-04;2,21542E-05;1,28669E-03;5,89560E-04;5,24449E-04;1,19289E-03;8,74556E-04;0,00000E+00;1,92574E-03;1,87193E-03;1,13678E-03;1,22407E-05;1,92932E-05;4,66125E-06;0,00000E+00;4,05091E-05;4,83511E-04;8,38201E-04;3,86462E-05;0,00000E+00;1,28821E-04;1,12390E-03;1,41703E-04;1,04890E-03;7,82406E-04;8,46698E-04;9,10990E-04;9,75282E-04;1,03957E-03;1,10387E-03;1,16816E-03;1,03347E-03;2,33962E-03;3,75395E-03;5,27806E-03;6,38437E-03;8,38574E-03;9,21516E-03;1,11822E-02;1,25878E-02;1,37856E-02;1,54532E-02;1,67685E-02;1,84467E-02;1,93457E-02;2,12806E-02;2,25635E-02;2,38288E-02;2,47930E-02;2,49990E-02;2,43448E-02
763;2,15087E-06;9,46582E-05;4,53455E-04;8,50693E-06;3,09379E-04;4,02128E-04;9,87760E-05;5,10614E-04;3,19471E-04;6,98800E-04;4,11855E-04;1,14429E-03;1,89392E-04;4,02024E-04;8,23279E-04;2,26209E-03;2,25824E-03;0,00000E+00;2,32751E-04;2,11592E-04;0,00000E+00;9,21875E-05;4,09954E-04;5,05337E-04;8,18606E-04;0,00000E+00;0,00000E+00;0,00000E+00;1,61193E-03;1,05796E-04;4,96276E-04;1,47728E-03;2,33903E-03;1,52511E-03;1,64689E-03;1,76868E-03;1,89046E-03;2,01225E-03;2,13403E-03;2,25581E-03;8,43934E-04;2,05385E-03;3,26183E-03;4,80208E-03;5,86873E-03;7,31941E-03;8,46481E-03;9,82498E-03;1,12285E-02;1,22657E-02;1,37693E-02;1,48410E-02;1,65812E-02;1,79054E-02;1,82184E-02;2,06691E-02;2,01142E-02;2,25750E-02;2,16743E-02;2,23990E-02
764;2,67050E-05;1,25463E-05;9,58737E-05;1,25138E-04;3,68504E-04;1,20812E-05;6,32886E-04;3,03660E-04;3,23272E-05;1,89531E-04;1,36981E-03;4,56843E-04;1,13799E-04;1,69748E-03;1,02310E-03;1,04760E-03;7,88940E-04;0,00000E+00;9,82754E-04;1,61463E-03;0,00000E+00;0,00000E+00;2,26291E-04;4,82983E-04;1,87296E-04;7,21214E-04;0,00000E+00;0,00000E+00;1,77458E-03;9,46008E-04;5,36048E-04;0,00000E+00;1,10956E-04;4,55645E-04;4,56006E-04;4,56367E-04;4,56728E-04;4,57089E-04;4,57451E-04;4,57812E-04;8,00119E-04;1,88687E-03;2,91644E-03;4,15260E-03;5,08750E-03;6,49808E-03;7,56491E-03;8,57616E-03;9,76155E-03;1,10897E-02;1,21458E-02;1,31093E-02;1,44017E-02;1,50666E-02;1,64958E-02;1,80498E-02;1,86229E-02;2,02446E-02;1,98410E-02;2,03971E-02
765;4,16013E-05;1,25008E-05;1,53560E-04;1,13044E-04;3,85624E-04;1,20373E-05;2,85138E-04;3,60316E-04;2,28214E-04;6,46840E-04;1,29761E-03;7,12466E-04;8,06456E-04;0,00000E+00;1,20392E-03;3,31658E-04;1,32885E-03;1,35151E-03;6,30705E-04;1,70970E-03;0,00000E+00;0,00000E+00;0,00000E+00;7,21729E-04;5,66663E-04;7,18593E-04;0,00000E+00;0,00000E+00;1,65829E-04;5,87588E-04;0,00000E+00;0,00000E+00;1,10553E-04;2,37436E-05;0,00000E+00;0,00000E+00;0,00000E+00;0,00000E+00;0,00000E+00;0,00000E+00;6,88056E-04;1,64258E-03;2,62286E-03;3,57820E-03;4,70056E-03;5,65970E-03;6,65762E-03;7,27443E-03;8,54708E-03;9,69320E-03;1,07307E-02;1,13886E-02;1,28560E-02;1,40217E-02;1,47073E-02;1,63876E-02;1,65860E-02;1,70950E-02;1,74463E-02;1,77696E-02
766;1,19191E-05;2,08981E-04;1,56372E-04;5,59710E-06;2,26077E-04;1,35968E-04;1,62473E-05;3,77802E-04;7,75853E-04;4,97490E-04;1,79565E-04;9,85919E-05;8,01009E-04;2,49751E-03;1,25294E-04;0,00000E+00;1,16607E-03;1,18737E-03;1,27006E-03;2,29706E-04;0,00000E+00;0,00000E+00;6,77776E-04;1,28007E-04;1,31334E-04;9,99006E-04;0,00000E+00;0,00000E+00;2,37264E-03;1,01989E-03;4,99503E-04;4,99503E-04;9,99006E-04;9,92633E-04;1,04118E-03;1,08972E-03;1,13827E-03;1,18681E-03;1,23536E-03;1,28390E-03;6,06991E-04;1,50326E-03;2,30802E-03;3,20606E-03;3,97378E-03;5,19930E-03;5,92761E-03;6,77276E-03;7,67553E-03;8,63855E-03;9,90434E-03;1,05089E-02;1,14034E-02;1,19478E-02;1,33034E-02;1,50118E-02;1,50304E-02;1,51249E-02;1,51631E-02;1,60093E-02
767;1,89692E-05;1,05071E-04;9,57590E-05;3,54663E-04;2,65820E-04;3,65869E-04;9,82243E-04;8,71494E-05;1,24487E-03;1,38711E-03;1,72797E-04;6,01142E-04;9,17328E-04;1,64714E-04;9,94887E-04;2,88250E-04;2,76119E-03;1,84372E-03;3,96967E-04;2,26320E-03;2,09557E-05;8,22299E-05;1,78405E-04;0,00000E+00;1,87246E-03;0,00000E+00;6,61611E-04;1,64714E-04;1,37262E-05;9,60834E-05;2,05893E-04;1,51045E-03;2,64644E-04;5,32831E-04;5,44900E-04;5,56970E-04;5,69039E-04;5,81109E-04;5,93178E-04;6,05248E-04;5,24931E-04;1,34661E-03;2,11080E-03;2,97657E-03;3,69941E-03;4,59540E-03;5,30373E-03;6,28022E-03;7,02408E-03;7,50654E-03;8,39489E-03;9,44774E-03;9,68759E-03;1,09984E-02;1,16824E-02;1,25817E-02;1,37670E-02;1,43373E-02;1,38667E-02;1,47663E-02
768;3,11471E-05;8,64021E-05;0,00000E+00;5,87113E-05;5,29833E-05;5,55694E-04;4,17832E-04;9,91068E-04;2,11361E-04;6,74749E-04;5,05685E-04;6,22755E-04;6,01124E-04;1,46981E-03;7,82793E-04;3,81345E-03;2,05869E-03;8,83313E-04;9,73545E-05;9,81459E-05;0,00000E+00;6,24417E-04;2,48592E-04;0,00000E+00;0,00000E+00;7,30159E-04;0,00000E+00;1,71320E-03;5,84919E-04;6,87021E-04;1,95896E-03;4,41261E-04;4,38095E-04;1,11589E-03;1,18985E-03;1,26380E-03;1,33776E-03;1,41171E-03;1,48567E-03;1,55962E-03;5,03008E-04;1,16071E-03;1,79699E-03;2,63416E-03;3,40113E-03;4,04328E-03;4,64378E-03;5,61741E-03;6,20490E-03;7,07527E-03;7,39013E-03;8,62554E-03;9,46661E-03;9,94952E-03;1,05446E-02;1,15721E-02;1,17413E-02;1,23011E-02;1,23518E-02;1,30807E-02
769;4,84626E-06;1,01903E-04;6,84244E-05;8,79332E-05;9,16183E-05;1,83022E-04;3,46202E-04;1,06490E-03;2,76012E-04;2,73698E-04;3,98397E-04;4,50176E-04;1,44765E-03;1,38994E-03;1,55803E-03;2,62458E-03;9,69716E-04;2,35326E-03;1,27133E-04;0,00000E+00;0,00000E+00;1,52495E-04;0,00000E+00;7,35984E-05;0,00000E+00;9,53501E-04;0,00000E+00;1,28755E-03;9,71848E-04;1,59686E-03;6,35667E-04;6,35667E-05;2,50514E-03;1,60713E-03;1,73674E-03;1,86634E-03;1,99595E-03;2,12555E-03;2,25515E-03;2,38476E-03;4,33948E-04;9,22533E-04;1,68814E-03;2,29657E-03;3,02352E-03;3,42146E-03;4,19364E-03;5,05020E-03;5,36132E-03;6,22869E-03;6,88106E-03;7,72345E-03;8,02388E-03;8,93953E-03;9,73296E-03;1,00787E-02;1,03899E-02;1,09759E-02;1,10427E-02;1,15464E-02
770;3,64600E-05;2,57873E-05;2,28699E-04;3,82033E-06;1,54724E-05;1,14150E-04;0,00000E+00;7,40440E-04;3,89350E-04;9,14794E-04;9,80504E-05;0,00000E+00;4,58851E-04;3,42082E-04;9,96888E-04;1,14027E-04;6,77782E-04;7,98191E-04;7,17351E-04;0,00000E+00;0,00000E+00;3,55784E-05;9,51743E-04;2,49635E-05;0,00000E+00;5,97793E-04;0,00000E+00;1,99548E-04;1,07050E-03;5,41629E-04;0,00000E+00;8,36910E-04;6,55657E-04;5,86164E-04;6,07367E-04;6,28571E-04;6,49774E-04;6,70978E-04;6,92181E-04;7,13385E-04;3,51657E-04;8,94158E-04;1,54894E-03;2,10161E-03;2,69718E-03;3,32550E-03;4,05748E-03;4,29028E-03;5,05028E-03;5,59461E-03;6,38235E-03;6,53084E-03;7,60769E-03;7,80061E-03;8,81691E-03;8,65370E-03;9,02898E-03;9,81828E-03;9,99700E-03;1,05530E-02
771;1,44076E-05;2,56427E-05;8,62830E-06;8,07230E-05;1,23261E-06;4,74767E-05;3,29406E-04;3,20563E-04;9,69977E-04;1,97218E-05;1,40027E-04;2,89497E-05;3,49380E-06;1,36261E-04;2,83470E-04;3,52428E-03;1,47186E-03;1,19520E-03;4,25205E-04;9,32167E-04;1,12232E-04;0,00000E+00;7,76677E-04;0,00000E+00;1,11425E-03;0,00000E+00;0,00000E+00;1,41735E-03;5,20588E-04;7,49434E-05;1,29448E-04;0,00000E+00;1,01940E-03;3,95140E-04;3,85598E-04;3,76056E-04;3,66513E-04;3,56971E-04;3,47429E-04;3,37887E-04;3,61413E-04;7,75617E-04;1,27089E-03;1,96853E-03;2,25481E-03;2,71205E-03;3,15370E-03;3,71775E-03;4,06785E-03;4,90216E-03;5,15575E-03;5,82566E-03;6,12019E-03;6,84147E-03;7,54689E-03;8,72506E-03;8,91527E-03;8,87465E-03;9,78905E-03;9,21555E-03
772;1,61457E-06;0,00000E+00;1,54012E-04;3,76705E-04;1,49535E-04;7,88148E-04;7,28077E-04;3,21941E-04;8,70002E-04;4,61499E-04;1,74600E-03;8,92405E-04;2,28369E-04;3,56975E-03;1,27066E-04;1,91670E-03;1,44484E-03;1,04306E-03;2,96488E-04;1,27780E-03;0,00000E+00;9,51526E-05;1,46242E-04;0,00000E+00;0,00000E+00;0,00000E+00;6,77688E-04;0,00000E+00;2,16845E-03;1,34074E-03;2,02318E-03;0,00000E+00;4,25933E-04;1,22120E-03;1,31107E-03;1,40095E-03;1,49083E-03;1,58070E-03;1,67058E-03;1,76046E-03;3,49282E-04;7,06880E-04;1,19633E-03;1,66739E-03;2,24503E-03;2,51463E-03;2,96595E-03;3,63257E-03;4,16140E-03;4,58924E-03;5,01078E-03;5,28038E-03;6,05379E-03;6,74890E-03;7,07871E-03;7,49934E-03;8,19952E-03;8,14657E-03;7,94263E-03;8,69754E-03
773;4,53781E-05;1,05966E-05;9,57226E-05;9,52380E-06;3,73988E-04;1,62410E-04;3,35395E-04;7,08330E-05;6,27036E-04;4,83204E-04;1,32558E-03;1,91800E-03;8,52213E-04;2,88479E-03;1,38461E-03;1,24951E-03;1,38539E-03;9,23074E-04;2,13744E-03;3,12377E-04;0,00000E+00;1,59650E-04;1,64459E-04;0,00000E+00;0,00000E+00;1,56189E-04;1,52752E-03;0,00000E+00;1,83989E-03;2,84261E-04;0,00000E+00;0,00000E+00;0,00000E+00;2,95066E-04;2,85247E-04;2,75429E-04;2,65610E-04;2,55791E-04;2,45972E-04;2,36153E-04;2,94540E-04;6,42551E-04;1,07199E-03;1,46362E-03;1,90834E-03;2,06077E-03;2,72279E-03;3,09968E-03;3,62929E-03;4,21129E-03;4,46187E-03;4,79778E-03;5,35772E-03;5,55013E-03;6,31866E-03;6,73780E-03;7,22782E-03;7,75086E-03;7,09639E-03;7,44621E-03
774;1,94276E-05;9,99754E-06;7,03309E-05;1,07288E-04;3,60440E-04;3,87155E-05;3,44710E-04;7,23804E-04;1,29745E-03;7,23665E-04;4,59881E-04;5,37200E-04;3,72574E-04;2,38631E-03;2,13449E-03;3,19935E-03;8,63987E-04;3,55570E-04;1,31853E-03;1,40026E-03;0,00000E+00;0,00000E+00;5,14637E-05;0,00000E+00;1,43856E-03;7,11140E-05;9,78353E-04;0,00000E+00;1,23495E-03;0,00000E+00;0,00000E+00;0,00000E+00;0,00000E+00;7,20271E-05;3,17278E-05;0,00000E+00;0,00000E+00;0,00000E+00;0,00000E+00;0,00000E+00;2,57801E-04;5,99502E-04;9,31992E-04;1,35115E-03;1,66536E-03;2,07579E-03;2,55710E-03;2,70393E-03;3,26183E-03;3,78957E-03;4,04012E-03;4,31292E-03;4,86926E-03;5,25171E-03;6,01683E-03;6,54778E-03;6,11798E-03;6,63505E-03;6,49791E-03;6,92923E-03
775;2,66235E-05;6,48044E-07;0,00000E+00;1,20342E-04;2,74657E-05;2,93322E-04;1,17093E-04;1,08296E-06;2,17522E-04;1,24683E-03;7,72769E-04;6,76455E-07;1,83686E-06;2,09527E-03;1,56109E-04;1,49698E-03;0,00000E+00;6,80568E-06;1,20231E-03;1,49662E-04;0,00000E+00;4,48292E-04;1,29609E-07;0,00000E+00;1,56876E-04;0,00000E+00;1,04763E-03;0,00000E+00;4,48986E-04;8,97972E-04;1,79097E-06;5,37290E-06;3,14577E-03;1,41168E-03;1,54443E-03;1,67719E-03;1,80994E-03;1,94270E-03;2,07545E-03;2,20821E-03;2,29642E-04;5,94528E-04;8,79920E-04;1,15102E-03;1,49252E-03;1,96583E-03;2,17051E-03;2,42917E-03;2,84941E-03;3,37842E-03;3,28456E-03;4,12501E-03;4,52753E-03;4,98914E-03;4,83789E-03;5,15394E-03;5,69311E-03;6,09353E-03;5,83709E-03;5,80641E-03
776;6,50779E-06;2,25205E-04;0,00000E+00;1,47080E-05;1,24202E-04;0,00000E+00;4,82859E-04;3,45928E-04;2,89805E-04;6,52277E-04;6,05716E-04;5,44246E-04;5,86744E-04;0,00000E+00;2,86434E-03;5,16831E-04;0,00000E+00;2,72267E-03;1,60184E-03;4,38997E-04;0,00000E+00;2,73949E-05;1,87010E-04;0,00000E+00;0,00000E+00;8,41411E-04;2,19499E-04;0,00000E+00;0,00000E+00;0,00000E+00;6,81835E-04;1,78942E-03;9,51920E-04;1,08040E-03;1,17788E-03;1,27536E-03;1,37283E-03;1,47031E-03;1,56779E-03;1,66527E-03;1,78378E-04;4,61533E-04;6,85091E-04;1,10701E-03;1,36824E-03;1,86074E-03;1,93068E-03;2,44039E-03;2,75077E-03;2,94516E-03;3,36072E-03;3,81148E-03;3,98854E-03;4,41615E-03;4,80610E-03;5,11614E-03;5,27539E-03;5,39015E-03;5,29518E-03;5,23271E-03
777;1,39508E-05;9,19207E-05;2,24836E-04;1,29498E-04;1,32257E-05;7,95960E-05;9,87961E-04;6,63051E-05;7,40637E-04;6,95940E-04;1,85098E-03;1,11766E-03;0,00000E+00;9,50330E-04;1,72532E-03;2,17850E-03;7,31023E-04;1,17635E-03;1,60825E-03;1,23349E-03;0,00000E+00;2,22953E-04;3,12144E-04;0,00000E+00;0,00000E+00;3,48509E-03;1,56707E-03;0,00000E+00;9,50330E-04;0,00000E+00;2,35270E-04;1,56847E-04;3,70833E-04;2,91320E-04;2,38981E-04;1,86643E-04;1,34304E-04;8,19654E-05;2,96267E-05;0,00000E+00;1,67193E-04;4,50655E-04;6,31267E-04;9,37813E-04;1,30595E-03;1,48173E-03;1,72915E-03;2,20513E-03;2,41671E-03;2,57968E-03;2,99474E-03;3,38095E-03;3,79077E-03;3,69035E-03;4,11162E-03;4,63778E-03;4,83278E-03;5,00297E-03;5,13265E-03;4,79875E-03
778;0,00000E+00;6,02455E-05;1,29427E-04;1,74093E-04;1,06921E-04;2,37071E-04;5,70839E-04;3,81684E-05;7,04407E-04;1,21883E-03;5,60868E-04;4,97566E-04;8,44450E-04;8,76397E-04;0,00000E+00;1,19658E-03;1,51862E-03;0,00000E+00;9,25786E-04;1,68325E-04;0,00000E+00;9,45364E-05;0,00000E+00;2,40337E-04;0,00000E+00;1,95589E-03;1,28990E-03;3,29341E-04;9,86177E-04;0,00000E+00;0,00000E+00;2,30539E-03;2,80305E-03;1,91190E-03;2,06219E-03;2,21247E-03;2,36275E-03;2,51303E-03;2,66331E-03;2,81359E-03;1,39940E-04;3,98203E-04;6,62202E-04;9,21559E-04;1,04992E-03;1,34295E-03;1,56946E-03;1,93865E-03;2,11686E-03;2,32890E-03;2,55168E-03;2,75840E-03;3,07189E-03;3,46666E-03;3,68684E-03;4,10738E-03;4,25375E-03;4,81936E-03;4,66263E-03;4,66901E-03
779;5,42405E-05;1,81266E-04;0,00000E+00;2,82127E-04;1,64810E-04;9,67545E-06;2,46335E-04;8,90072E-05;6,53210E-04;8,55198E-04;9,49298E-04;1,33354E-03;4,27209E-05;1,48864E-03;1,47197E-03;2,22153E-05;1,52751E-03;1,61917E-03;1,32478E-03;1,91357E-03;0,00000E+00;1,46970E-04;0,00000E+00;1,21587E-05;0,00000E+00;4,99843E-05;4,74915E-04;1,66614E-05;2,96616E-03;0,00000E+00;0,00000E+00;8,52617E-04;1,33292E-04;7,14738E-04;7,60093E-04;8,05449E-04;8,50805E-04;8,96161E-04;9,41516E-04;9,86872E-04;1,64935E-04;3,90071E-04;4,53232E-04;7,44759E-04;1,06021E-03;1,31231E-03;1,66850E-03;1,77820E-03;2,07940E-03;2,01063E-03;2,86985E-03;2,99572E-03;2,60703E-03;3,06943E-03;3,68232E-03;3,40764E-03;3,85672E-03;4,31589E-03;4,01256E-03;3,98509E-03
780;0,00000E+00;1,52760E-05;4,40828E-05;3,06978E-04;2,21721E-04;2,65304E-04;3,40360E-04;7,58512E-05;0,00000E+00;3,13806E-04;1,87210E-04;2,96121E-05;1,66394E-03;2,51015E-03;0,00000E+00;2,50881E-04;6,09148E-04;2,34612E-03;4,70402E-04;2,31837E-03;3,85879E-05;0,00000E+00;5,12832E-04;1,06686E-04;1,12591E-03;0,00000E+00;7,30978E-04;0,00000E+00;9,85470E-04;2,19521E-04;2,50881E-04;8,63640E-04;1,09647E-03;7,63818E-04;7,97732E-04;8,31646E-04;8,65559E-04;8,99473E-04;9,33387E-04;9,67301E-04;1,23066E-04;2,69258E-04;4,89467E-04;7,08480E-04;1,17168E-03;9,82645E-04;1,42805E-03;1,46924E-03;1,77838E-03;2,08780E-03;2,38689E-03;2,73212E-03;2,68891E-03;2,73796E-03;3,12370E-03;3,23031E-03;3,86925E-03;3,90340E-03;3,77522E-03;3,97691E-03
781;2,61835E-06;1,15733E-05;0,00000E+00;1,26039E-04;1,23448E-04;0,00000E+00;1,01988E-04;4,13968E-04;3,23103E-04;8,91457E-04;3,66706E-04;2,42686E-04;7,87296E-04;2,43047E-03;0,00000E+00;6,82335E-04;3,43440E-04;2,22668E-04;2,58445E-03;1,71493E-03;0,00000E+00;3,42909E-05;5,55516E-04;0,00000E+00;1,45262E-03;4,80816E-04;5,49503E-04;0,00000E+00;1,02350E-03;5,97043E-04;6,82335E-04;1,02350E-03;7,55567E-04;8,45367E-04;8,74808E-04;9,04249E-04;9,33689E-04;9,63130E-04;9,92571E-04;1,02201E-03;1,10237E-04;2,58858E-04;4,86203E-04;6,88404E-04;7,85282E-04;8,16746E-04;9,73847E-04;1,42563E-03;1,61896E-03;2,12451E-03;2,07092E-03;2,38554E-03;2,38373E-03;2,74878E-03;3,02975E-03;3,56276E-03;3,49753E-03;3,12071E-03;3,61316E-03;3,37603E-03
782;1,84007E-06;1,44263E-04;0,00000E+00;2,46068E-04;3,65466E-04;0,00000E+00;2,50379E-05;8,20970E-04;6,50235E-04;6,25694E-04;3,65685E-04;8,66889E-04;1,36303E-03;8,68881E-04;8,50544E-04;0,00000E+00;5,60310E-04;1,26604E-03;1,76770E-03;2,45388E-03;1,68374E-04;2,40983E-05;0,00000E+00;0,00000E+00;4,55382E-04;1,29476E-03;3,86170E-04;0,00000E+00;0,00000E+00;5,31590E-04;0,00000E+00;0,00000E+00;5,30983E-04;2,43129E-04;2,36041E-04;2,28954E-04;2,21866E-04;2,14779E-04;2,07691E-04;2,00604E-04;6,36090E-05;2,31295E-04;4,87379E-04;7,37367E-04;9,02474E-04;8,82386E-04;1,03804E-03;1,12303E-03;1,57714E-03;1,95689E-03;2,03903E-03;1,94462E-03;2,39971E-03;2,68557E-03;3,01492E-03;2,83152E-03;3,22645E-03;3,18076E-03;3,24859E-03;3,50495E-03
783;3,11384E-05;1,47907E-05;0,00000E+00;2,19121E-05;4,28671E-04;0,00000E+00;0,00000E+00;1,56374E-04;2,52026E-04;1,02654E-03;9,05175E-04;4,85547E-04;7,31130E-04;0,00000E+00;8,72027E-05;0,00000E+00;4,65158E-04;2,13804E-03;1,52873E-03;1,88243E-03;1,72627E-05;0,00000E+00;2,08640E-04;0,00000E+00;0,00000E+00;9,81031E-05;2,30644E-03;4,32457E-04;7,20762E-04;9,19416E-04;0,00000E+00;0,00000E+00;1,29737E-03;7,99132E-04;8,37068E-04;8,75004E-04;9,12940E-04;9,50876E-04;9,88812E-04;1,02675E-03;6,78637E-05;2,76954E-04;4,28869E-04;6,67512E-04;5,77584E-04;8,48757E-04;1,14174E-03;1,32299E-03;1,40433E-03;1,41498E-03;1,88837E-03;1,90656E-03;2,08749E-03;2,27648E-03;2,17394E-03;2,90516E-03;2,51277E-03;2,80954E-03;3,19840E-03;2,73963E-03
784;2,05747E-05;1,91389E-05;1,16533E-05;2,07170E-04;0,00000E+00;5,33011E-04;3,10199E-04;7,78964E-04;6,64061E-04;5,16335E-04;5,65368E-04;5,39440E-04;1,04581E-03;1,31498E-03;1,50228E-03;1,07027E-04;1,88379E-03;4,26107E-03;2,08792E-03;0,00000E+00;6,77985E-05;3,33941E-05;7,45811E-04;4,71644E-04;2,02549E-04;0,00000E+00;2,24154E-03;1,07027E-04;0,00000E+00;0,00000E+00;0,00000E+00;1,87687E-03;2,12460E-03;1,27683E-03;1,36163E-03;1,44643E-03;1,53123E-03;1,61603E-03;1,70082E-03;1,78562E-03;1,14671E-04;2,84544E-04;3,70662E-04;5,00343E-04;6,21799E-04;9,12319E-04;9,66463E-04;1,14345E-03;1,46835E-03;1,26861E-03;1,54811E-03;1,74863E-03;2,00474E-03;2,31315E-03;2,61416E-03;2,56048E-03;2,55747E-03;2,49860E-03;2,88739E-03;3,11564E-03
785;2,55643E-05;4,54993E-05;0,00000E+00;1,56220E-04;0,00000E+00;0,00000E+00;2,60891E-04;1,76217E-04;4,09439E-04;4,48069E-04;2,89909E-04;3,88588E-04;2,87217E-04;4,15253E-04;1,31445E-03;5,60083E-04;7,27675E-04;1,43259E-03;6,74295E-04;9,71408E-04;2,31726E-04;1,14136E-04;0,00000E+00;8,40874E-04;6,78823E-05;0,00000E+00;2,50723E-03;3,65802E-04;0,00000E+00;1,35997E-03;5,82845E-04;2,40047E-03;1,16217E-03;1,60600E-03;1,71923E-03;1,83246E-03;1,94568E-03;2,05891E-03;2,17214E-03;2,28536E-03;1,18344E-04;2,45401E-04;3,85349E-04;5,17835E-04;6,94329E-04;7,74663E-04;9,55002E-04;1,05648E-03;1,41537E-03;1,27969E-03;1,53096E-03;1,58024E-03;1,76711E-03;1,70921E-03;1,86416E-03;2,37387E-03;2,35492E-03;2,58697E-03;2,96090E-03;2,48888E-03
786;0,00000E+00;5,14545E-05;1,77752E-04;5,31914E-04;1,12264E-04;3,15299E-04;3,21859E-04;3,65494E-04;1,75473E-04;1,03302E-03;2,08499E-04;9,27724E-04;5,07175E-04;2,85491E-03;1,00204E-03;1,09243E-03;9,97699E-04;4,31062E-04;4,84945E-04;3,18690E-03;0,00000E+00;0,00000E+00;0,00000E+00;0,00000E+00;5,64802E-05;0,00000E+00;1,34880E-03;0,00000E+00;6,20519E-04;1,13154E-03;4,84945E-04;3,23297E-04;1,57303E-04;6,09010E-04;6,43824E-04;6,78638E-04;7,13452E-04;7,48266E-04;7,83080E-04;8,17893E-04;8,03780E-05;1,71558E-04;3,27026E-04;4,03293E-04;5,98508E-04;7,26177E-04;8,54276E-04;1,11041E-03;1,03009E-03;1,30543E-03;1,31187E-03;1,65472E-03;1,59627E-03;1,77683E-03;1,92991E-03;1,98943E-03;2,37923E-03;2,22614E-03;2,55880E-03;2,51909E-03
787;4,88225E-05;7,81091E-06;1,68589E-04;6,33158E-04;1,70420E-05;4,78630E-05;6,02467E-04;2,05328E-04;0,00000E+00;8,62918E-04;0,00000E+00;8,12711E-04;1,01311E-03;2,24250E-03;7,84969E-05;1,41294E-04;6,63431E-04;0,00000E+00;0,00000E+00;1,92648E-03;0,00000E+00;0,00000E+00;8,75380E-04;0,00000E+00;5,22090E-04;0,00000E+00;1,88392E-04;1,70770E-03;3,78813E-04;0,00000E+00;9,96160E-04;2,41925E-03;1,56994E-05;1,06492E-03;1,12723E-03;1,18954E-03;1,25184E-03;1,31415E-03;1,37646E-03;1,43876E-03;4,44175E-05;1,78137E-04;2,84611E-04;4,21642E-04;7,02553E-04;8,20247E-04;7,81944E-04;9,28373E-04;8,90758E-04;1,16913E-03;1,34367E-03;1,48065E-03;1,59284E-03;1,76912E-03;1,89241E-03;1,94092E-03;1,82381E-03;2,19809E-03;2,27480E-03;2,03496E-03
788;3,45574E-06;1,66195E-04;2,48629E-05;0,00000E+00;4,02704E-04;0,00000E+00;5,17495E-04;1,24768E-03;3,93633E-04;8,85675E-04;1,47712E-04;1,45569E-03;9,39643E-05;1,13512E-03;1,37425E-04;6,87125E-05;2,29042E-04;6,18413E-04;0,00000E+00;4,12275E-04;0,00000E+00;0,00000E+00;2,63118E-04;1,40401E-04;1,31290E-04;0,00000E+00;1,47724E-03;8,20225E-04;3,26360E-03;1,22673E-03;0,00000E+00;3,43563E-04;5,72604E-04;9,89813E-04;1,02561E-03;1,06141E-03;1,09721E-03;1,13301E-03;1,16881E-03;1,20461E-03;1,26516E-05;1,84484E-04;3,38670E-04;3,04179E-04;5,62356E-04;7,12208E-04;7,32418E-04;8,62016E-04;1,11266E-03;1,21743E-03;1,19503E-03;1,32478E-03;1,66957E-03;1,35111E-03;1,70855E-03;1,97041E-03;1,96531E-03;1,75857E-03;1,95056E-03;1,92236E-03
789;2,28105E-05;6,13984E-05;1,95593E-04;1,99102E-04;3,53325E-04;2,15685E-04;3,10003E-04;7,04072E-04;0,00000E+00;1,34394E-04;1,10880E-03;1,84408E-04;6,54551E-04;7,81174E-04;7,71589E-04;7,26260E-04;1,78120E-03;2,63646E-03;0,00000E+00;1,75764E-03;1,47052E-04;0,00000E+00;2,82660E-04;5,98566E-04;7,10092E-04;0,00000E+00;2,46473E-03;2,56238E-03;5,57126E-04;1,17176E-03;0,00000E+00;1,83612E-03;2,68878E-03;1,97545E-03;2,09514E-03;2,21484E-03;2,33454E-03;2,45424E-03;2,57394E-03;2,69364E-03;3,32268E-05;1,69264E-04;2,01184E-04;4,80496E-04;3,64922E-04;4,40526E-04;6,00156E-04;8,01857E-04;8,13091E-04;1,02173E-03;1,05557E-03;1,50125E-03;1,35962E-03;1,57074E-03;1,54417E-03;1,59781E-03;1,80050E-03;1,69536E-03;2,00576E-03;1,96587E-03
790;2,68975E-05;8,00694E-06;9,45793E-05;4,20793E-04;0,00000E+00;2,05603E-04;3,83020E-04;9,67155E-04;6,60384E-04;3,48239E-04;4,56669E-04;1,91482E-04;9,18025E-04;8,11143E-04;1,69792E-03;1,22421E-03;1,67965E-03;1,31811E-03;1,01393E-03;1,11532E-03;1,40177E-04;3,29018E-04;0,00000E+00;0,00000E+00;6,98676E-04;0,00000E+00;1,98383E-03;7,67118E-04;5,31081E-04;0,00000E+00;1,31811E-03;3,54054E-04;7,43000E-04;8,88093E-04;9,33677E-04;9,79260E-04;1,02484E-03;1,07043E-03;1,11601E-03;1,16159E-03;8,60968E-05;1,03587E-04;1,58572E-04;3,90226E-04;3,41397E-04;4,63242E-04;5,78633E-04;8,17864E-04;7,81999E-04;8,30075E-04;1,01434E-03;1,37694E-03;1,29571E-03;1,35333E-03;1,30776E-03;1,67061E-03;1,77810E-03;1,87394E-03;2,18355E-03;1,64134E-03
791;3,33614E-05;3,19860E-05;1,80187E-06;4,53805E-05;0,00000E+00;2,15601E-04;5,13017E-04;3,58951E-04;8,97399E-04;8,62086E-04;0,00000E+00;1,04394E-04;1,14822E-03;1,59352E-04;2,98785E-04;2,70522E-03;1,59364E-03;2,58947E-04;1,89643E-03;2,19109E-04;0,00000E+00;6,46368E-05;0,00000E+00;0,00000E+00;5,21980E-05;0,00000E+00;2,39028E-04;0,00000E+00;2,26299E-03;0,00000E+00;6,83258E-04;0,00000E+00;5,23906E-04;6,73808E-04;7,23139E-04;7,72470E-04;8,21801E-04;8,71132E-04;9,20463E-04;9,69795E-04;6,02910E-05;1,55102E-04;2,14133E-04;2,29941E-04;5,12042E-04;5,65493E-04;7,00519E-04;5,27509E-04;6,36143E-04;9,56328E-04;1,16410E-03;1,13256E-03;1,05975E-03;1,29881E-03;1,48469E-03;1,59267E-03;1,50377E-03;1,50265E-03;1,51628E-03;1,57814E-03
792;0,00000E+00;8,89914E-06;1,28913E-05;2,80558E-04;3,20369E-05;0,00000E+00;0,00000E+00;4,14624E-04;4,97952E-04;4,55236E-04;5,55780E-04;1,59871E-03;1,69121E-03;1,13528E-03;0,00000E+00;2,28012E-03;8,55047E-04;9,83766E-05;3,07136E-03;1,42508E-04;2,18116E-05;7,11438E-05;1,11673E-03;2,64725E-04;1,79253E-03;0,00000E+00;0,00000E+00;7,51890E-04;1,47932E-03;2,13284E-03;9,83766E-05;0,00000E+00;0,00000E+00;3,00790E-04;2,42307E-04;1,83824E-04;1,25341E-04;6,68585E-05;8,37573E-06;0,00000E+00;6,28834E-05;7,00485E-05;1,76187E-04;2,76755E-04;5,93696E-04;3,75201E-04;4,27597E-04;6,27356E-04;6,48574E-04;7,36249E-04;9,41212E-04;8,86087E-04;9,92909E-04;1,15037E-03;1,20113E-03;1,03046E-03;1,69569E-03;1,58155E-03;1,74843E-03;1,47557E-03
793;2,20651E-05;4,68331E-05;5,95843E-05;6,93823E-05;2,11933E-04;3,91195E-05;6,21187E-05;6,67221E-04;4,49597E-04;6,14805E-04;9,25222E-04;9,77726E-04;1,62367E-03;1,26373E-03;0,00000E+00;0,00000E+00;0,00000E+00;5,17721E-04;4,14177E-04;0,00000E+00;1,14787E-04;0,00000E+00;4,49597E-04;5,91562E-04;0,00000E+00;0,00000E+00;5,98801E-05;1,16517E-03;1,21508E-03;1,26373E-03;1,29616E-03;4,19161E-04;1,07784E-03;1,21683E-03;1,29584E-03;1,37485E-03;1,45386E-03;1,53288E-03;1,61189E-03;1,69090E-03;3,93193E-05;2,25657E-05;2,22110E-04;3,09580E-04;3,11410E-04;4,06540E-04;4,75842E-04;7,10448E-04;3,80069E-04;8,94451E-04;1,04782E-03;1,13742E-03;1,10796E-03;1,08714E-03;1,29440E-03;1,20077E-03;1,63275E-03;1,40509E-03;1,73718E-03;1,64845E-03
794;2,34059E-05;0,00000E+00;2,17154E-04;2,28072E-04;2,08972E-04;8,50971E-05;2,21670E-04;7,68170E-05;0,00000E+00;5,22375E-04;3,16135E-04;9,45282E-05;3,25732E-05;7,71886E-04;4,00433E-04;1,50163E-03;5,00542E-04;1,00108E-03;2,30249E-03;1,10119E-03;0,00000E+00;0,00000E+00;2,17339E-04;1,94682E-04;0,00000E+00;0,00000E+00;6,35188E-05;2,41782E-03;1,90556E-04;7,71886E-04;1,22618E-03;1,94626E-03;1,64388E-03;1,87217E-03;2,03328E-03;2,19438E-03;2,35549E-03;2,51659E-03;2,67770E-03;2,83880E-03;5,87845E-05;1,51876E-04;2,60517E-04;2,07961E-04;3,59332E-04;2,87759E-04;5,59665E-04;6,96138E-04;5,32591E-04;5,82827E-04;6,90808E-04;9,14396E-04;1,35877E-03;1,25210E-03;8,42662E-04;1,27430E-03;1,34080E-03;1,08125E-03;1,33075E-03;1,78643E-03
795;3,58154E-06;0,00000E+00;1,38003E-04;5,33515E-05;3,81307E-05;1,01992E-05;3,64398E-05;3,83488E-04;6,62940E-04;5,35375E-04;1,00683E-05;2,21124E-05;1,15636E-03;4,68355E-05;1,36207E-03;1,33780E-03;1,17089E-04;1,92538E-03;1,80701E-03;1,38506E-03;4,46388E-05;2,11074E-04;1,52832E-04;0,00000E+00;0,00000E+00;1,40934E-04;0,00000E+00;3,27849E-04;0,00000E+00;1,17430E-03;9,36710E-05;3,51266E-04;2,58022E-04;4,39597E-04;4,71174E-04;5,02751E-04;5,34328E-04;5,65905E-04;5,97482E-04;6,29059E-04;6,57101E-05;1,68477E-04;1,16741E-04;2,92772E-04;2,79261E-04;2,00279E-04;6,09666E-04;5,87624E-04;5,15202E-04;5,90491E-04;8,43234E-04;1,14913E-03;1,00353E-03;1,26061E-03;1,18429E-03;9,52324E-04;1,19426E-03;1,34251E-03;1,07199E-03;1,21922E-03
796;4,56756E-06;0,00000E+00;5,36204E-05;0,00000E+00;2,16782E-05;2,45809E-04;9,32263E-05;1,06507E-03;8,57927E-04;6,06459E-04;9,85125E-04;2,16103E-03;1,28034E-03;3,42349E-05;0,00000E+00;0,00000E+00;4,10819E-04;1,66431E-03;2,15484E-03;1,19822E-04;0,00000E+00;0,00000E+00;1,07241E-04;0,00000E+00;0,00000E+00;1,36940E-04;2,96376E-04;0,00000E+00;2,05409E-04;8,77881E-04;2,78721E-03;3,00387E-03;0,00000E+00;1,90910E-03;2,09268E-03;2,27626E-03;2,45984E-03;2,64343E-03;2,82701E-03;3,01059E-03;6,54389E-05;3,37199E-05;2,04473E-04;1,68690E-04;4,00627E-04;3,79566E-04;5,69923E-04;5,00717E-04;5,12435E-04;2,00148E-04;9,32252E-04;6,66716E-04;7,34653E-04;9,21347E-04;1,28117E-03;1,14676E-03;1,16817E-03;1,11426E-03;6,67924E-04;1,35101E-03
797;2,88816E-05;6,85156E-05;3,68930E-05;0,00000E+00;4,32220E-04;3,29985E-04;7,55701E-04;8,73461E-04;2,52981E-04;1,14168E-03;1,86143E-04;1,91022E-03;8,88085E-04;1,09041E-03;2,91313E-04;7,57414E-04;3,58816E-03;3,91262E-04;3,37168E-03;1,10724E-03;3,69078E-05;1,01802E-04;4,21635E-05;3,06124E-04;0,00000E+00;8,65897E-04;5,24363E-04;7,57414E-04;1,47363E-03;1,91462E-03;7,57660E-04;1,19061E-03;1,04873E-03;1,52196E-03;1,62818E-03;1,73440E-03;1,84062E-03;1,94684E-03;2,05306E-03;2,15928E-03;8,80021E-05;7,01105E-05;1,06199E-04;1,49705E-04;1,67563E-04;3,76755E-04;2,83091E-04;5,45364E-04;4,03187E-04;9,56398E-04;6,64980E-04;7,44015E-04;7,18815E-04;9,47880E-04;1,27670E-03;1,19148E-03;1,21017E-03;1,23644E-03;1,25702E-03;1,13614E-03
798;3,81417E-06;7,95580E-05;4,28389E-05;0,00000E+00;3,60814E-04;0,00000E+00;1,93000E-04;2,83780E-04;5,47189E-04;4,16149E-04;2,15097E-04;1,34876E-03;6,15734E-04;1,71520E-03;1,53896E-03;2,28030E-03;1,15009E-03;2,02958E-04;1,15009E-03;2,50714E-03;9,03943E-05;1,18209E-04;3,38600E-04;3,99271E-04;0,00000E+00;0,00000E+00;3,01028E-03;1,98013E-03;2,02958E-04;1,21775E-03;1,40082E-03;0,00000E+00;1,21775E-03;1,21320E-03;1,26155E-03;1,30990E-03;1,35825E-03;1,40659E-03;1,45494E-03;1,50329E-03;5,31250E-05;5,94383E-05;1,65159E-04;2,17803E-04;1,80331E-04;3,96636E-04;3,35041E-04;6,98960E-04;2,24398E-04;9,62415E-04;5,61332E-04;6,15021E-04;6,44435E-04;8,90084E-04;9,31306E-04;1,33758E-03;9,02679E-04;1,31376E-03;1,20086E-03;1,16124E-03
799;1,00599E-06;0,00000E+00;1,28778E-05;0,00000E+00;4,77455E-06;1,55004E-04;8,86084E-04;4,78732E-05;3,75910E-04;2,57555E-04;5,67318E-05;1,61976E-04;2,35403E-04;6,11809E-04;1,59791E-03;1,93541E-03;2,13538E-03;0,00000E+00;0,00000E+00;5,54199E-04;1,25382E-05;0,00000E+00;5,91503E-04;1,15551E-05;0,00000E+00;0,00000E+00;6,33370E-04;2,90295E-04;2,56245E-03;0,00000E+00;3,69466E-04;0,00000E+00;1,70830E-03;1,00380E-03;1,06967E-03;1,13555E-03;1,20142E-03;1,26730E-03;1,33318E-03;1,39905E-03;6,98818E-06;2,41107E-05;1,20699E-04;2,38432E-04;1,80322E-04;3,28664E-04;5,20665E-04;4,42286E-04;3,49932E-04;5,40060E-04;5,26173E-04;5,72405E-04;9,86849E-04;7,47026E-04;9,37824E-04;9,48015E-04;1,04451E-03;9,80500E-04;6,68686E-04;1,06926E-03
800;1,95457E-05;2,01821E-05;1,11320E-04;2,88724E-05;2,78413E-05;3,21600E-04;1,59640E-05;2,18597E-04;9,46603E-05;3,33959E-04;0,00000E+00;0,00000E+00;5,52213E-04;0,00000E+00;2,66124E-03;0,00000E+00;1,23110E-04;2,09211E-03;1,50753E-03;1,53887E-05;2,43609E-04;0,00000E+00;5,56825E-06;7,54349E-04;0,00000E+00;1,38442E-03;0,00000E+00;1,69207E-03;2,13821E-03;7,69436E-05;0,00000E+00;3,69329E-04;0,00000E+00;4,14452E-04;3,89290E-04;3,64129E-04;3,38968E-04;3,13807E-04;2,88646E-04;2,63485E-04;5,70266E-05;1,12411E-04;1,56602E-04;2,77675E-04;8,14129E-05;2,11748E-04;3,73767E-04;3,48723E-04;2,02559E-04;4,06340E-04;6,01144E-04;7,83442E-04;3,37738E-04;1,26378E-03;1,14127E-03;1,12517E-03;1,30760E-03;1,14239E-03;1,00696E-03;1,28101E-03
801;5,84554E-06;1,06925E-04;1,56058E-05;2,72382E-04;3,17646E-04;3,91339E-04;1,16515E-04;3,76793E-04;9,61391E-04;0,00000E+00;0,00000E+00;3,25800E-04;5,75972E-04;0,00000E+00;1,51762E-03;1,15011E-04;1,12855E-03;2,31461E-03;8,98532E-04;1,12316E-04;0,00000E+00;0,00000E+00;1,65487E-04;1,99071E-04;0,00000E+00;0,00000E+00;0,00000E+00;0,00000E+00;2,21846E-03;2,17174E-03;0,00000E+00;3,73069E-03;0,00000E+00;1,82249E-03;1,97874E-03;2,13498E-03;2,29122E-03;2,44747E-03;2,60371E-03;2,75995E-03;2,92847E-05;4,78471E-05;7,49901E-05;2,50675E-04;2,71194E-04;3,58120E-04;3,36361E-04;5,15402E-04;4,58692E-04;6,08794E-04;5,80020E-04;8,19393E-04;4,98686E-04;7,37186E-04;6,69463E-04;9,28195E-04;8,55558E-04;1,25403E-03;8,92386E-04;1,03103E-03
802;3,01259E-05;1,27878E-05;2,46016E-04;7,57798E-05;3,76574E-04;2,18425E-05;3,64184E-04;1,70960E-04;4,77658E-04;0,00000E+00;0,00000E+00;1,58435E-03;4,11492E-04;0,00000E+00;1,17401E-03;1,41365E-04;2,82729E-04;1,53887E-03;9,02725E-04;3,00908E-04;0,00000E+00;0,00000E+00;8,79325E-04;1,23793E-04;0,00000E+00;0,00000E+00;0,00000E+00;2,00606E-04;1,48433E-03;3,18274E-03;0,00000E+00;1,37258E-03;0,00000E+00;1,04605E-03;1,10366E-03;1,16127E-03;1,21888E-03;1,27649E-03;1,33410E-03;1,39171E-03;3,54390E-05;3,28686E-05;9,17874E-05;3,25549E-04;3,65431E-04;2,55786E-04;3,22034E-04;4,35138E-04;4,13539E-04;3,96181E-04;5,85504E-04;7,26354E-04;6,36518E-04;4,32366E-04;4,60426E-04;7,02819E-04;7,48412E-04;8,89152E-04;7,47718E-04;1,14066E-03
803;6,50018E-06;1,04029E-04;6,42723E-05;0,00000E+00;1,70872E-04;1,31405E-04;1,03189E-04;6,08460E-04;3,53222E-04;0,00000E+00;0,00000E+00;3,35450E-04;1,16594E-04;2,30000E-03;3,04388E-03;8,62502E-04;2,73126E-03;2,55782E-04;3,56204E-03;1,23526E-03;0,00000E+00;0,00000E+00;8,81861E-04;0,00000E+00;0,00000E+00;0,00000E+00;0,00000E+00;5,68404E-05;0,00000E+00;3,50355E-03;0,00000E+00;2,84202E-05;0,00000E+00;4,81542E-04;4,92708E-04;5,03874E-04;5,15041E-04;5,26207E-04;5,37373E-04;5,48539E-04;3,88315E-05;7,52617E-05;7,38698E-05;3,30244E-04;2,69611E-04;2,02407E-04;3,28003E-04;1,52478E-04;1,77726E-04;4,51960E-04;4,54233E-04;6,15120E-04;5,81721E-04;5,47999E-04;7,58675E-04;1,17898E-03;8,65972E-04;1,06975E-03;8,79947E-04;1,12639E-03
804;3,53346E-05;2,18266E-04;1,28999E-04;0,00000E+00;0,00000E+00;0,00000E+00;1,07216E-03;0,00000E+00;6,27459E-05;3,43997E-04;7,12739E-04;1,27174E-03;0,00000E+00;2,02309E-04;4,04791E-03;1,65724E-03;2,59603E-04;2,21827E-03;1,51274E-03;2,89013E-05;0,00000E+00;0,00000E+00;1,71999E-04;1,19206E-03;0,00000E+00;9,50689E-04;0,00000E+00;0,00000E+00;0,00000E+00;0,00000E+00;4,33520E-05;0,00000E+00;1,67118E-03;4,43953E-04;4,55496E-04;4,67039E-04;4,78582E-04;4,90126E-04;5,01669E-04;5,13212E-04;8,27359E-07;6,49032E-05;4,55765E-05;6,02638E-05;2,56106E-04;4,28056E-04;2,50529E-04;2,56630E-04;3,14089E-04;3,80645E-04;3,23358E-04;6,03440E-04;5,12585E-04;7,33329E-04;5,60667E-04;6,08198E-04;1,00246E-03;5,46727E-04;5,37002E-04;7,44375E-04
805;2,50176E-05;8,88406E-05;8,35315E-05;0,00000E+00;4,17657E-05;6,28397E-05;1,04875E-04;6,97957E-05;7,11714E-04;0,00000E+00;1,39408E-03;5,44960E-05;0,00000E+00;1,67915E-03;6,94901E-04;1,85307E-03;8,10717E-04;4,61704E-04;8,68040E-04;5,77912E-04;6,39794E-05;0,00000E+00;2,71477E-04;1,01421E-04;0,00000E+00;0,00000E+00;4,03991E-04;5,77130E-05;0,00000E+00;0,00000E+00;3,47450E-04;0,00000E+00;7,52614E-04;3,34489E-04;3,58066E-04;3,81644E-04;4,05221E-04;4,28798E-04;4,52375E-04;4,75952E-04;1,07614E-05;3,12052E-05;6,33488E-05;2,57586E-04;1,57152E-04;1,88082E-04;1,96301E-04;3,23760E-04;5,51645E-04;5,13009E-04;7,95317E-04;4,55404E-04;7,20489E-04;5,61645E-04;5,74842E-04;4,47516E-04;5,56367E-04;9,18291E-04;7,39665E-04;7,08873E-04
806;1,54444E-05;7,89984E-05;1,05331E-04;9,50198E-05;5,26656E-05;4,32157E-04;5,40942E-04;8,84228E-04;4,83231E-04;0,00000E+00;2,36772E-04;6,87182E-05;1,24662E-03;8,83088E-04;0,00000E+00;0,00000E+00;0,00000E+00;3,01314E-03;1,73766E-03;6,39227E-04;6,58153E-04;0,00000E+00;4,52278E-04;0,00000E+00;0,00000E+00;4,05157E-04;5,09423E-04;7,27748E-05;1,62063E-03;3,03868E-04;0,00000E+00;0,00000E+00;7,27748E-05;2,20887E-04;2,07277E-04;1,93667E-04;1,80057E-04;1,66447E-04;1,52836E-04;1,39226E-04;3,20297E-05;4,10086E-05;1,17806E-04;9,97077E-05;1,42021E-04;1,67179E-04;2,20320E-04;4,23832E-04;3,48205E-04;4,24868E-04;6,26368E-04;3,81634E-04;3,88128E-04;5,62036E-04;6,43771E-04;5,50879E-04;7,31996E-04;7,67219E-04;8,65657E-04;6,92804E-04
807;4,48882E-06;6,57335E-06;3,94401E-05;1,44477E-04;1,57761E-04;6,72243E-04;1,29794E-04;6,70812E-04;6,39136E-05;0,00000E+00;1,75597E-04;1,78400E-03;1,10760E-03;2,35513E-04;1,45332E-04;2,17998E-03;0,00000E+00;1,57853E-03;3,78422E-03;2,67485E-03;5,59112E-04;1,81384E-04;2,94891E-04;0,00000E+00;0,00000E+00;1,17757E-04;0,00000E+00;0,00000E+00;1,19769E-03;8,83175E-05;0,00000E+00;7,26659E-04;0,00000E+00;3,50709E-04;3,70067E-04;3,89425E-04;4,08783E-04;4,28141E-04;4,47499E-04;4,66857E-04;7,64424E-05;1,45737E-04;1,03266E-04;2,98676E-05;2,77918E-04;1,34744E-04;1,64886E-04;2,14607E-04;3,21727E-04;5,05913E-04;4,24370E-04;3,90087E-04;7,79646E-04;7,01894E-04;1,35164E-04;6,28039E-04;8,98037E-04;6,62309E-04;9,29242E-04;5,84365E-04
808;2,46800E-05;1,81996E-05;1,16997E-05;3,03683E-04;3,63991E-05;1,46425E-04;7,21076E-04;8,68963E-06;8,31980E-05;9,94277E-04;0,00000E+00;1,37554E-03;4,15018E-04;2,80910E-03;1,33799E-03;8,09300E-04;2,38100E-03;2,74784E-03;3,88464E-03;1,55355E-03;2,04827E-05;2,53176E-04;3,24036E-04;0,00000E+00;5,08987E-04;1,13302E-03;0,00000E+00;1,98543E-03;1,43706E-04;1,61860E-03;9,71160E-04;0,00000E+00;8,66782E-04;9,33195E-04;9,69863E-04;1,00653E-03;1,04320E-03;1,07987E-03;1,11653E-03;1,15320E-03;2,46833E-06;1,84402E-05;7,16541E-05;1,87617E-04;1,10497E-05;3,15476E-04;1,40939E-04;4,09100E-04;4,66759E-04;6,40273E-04;4,06345E-04;5,10138E-04;5,45922E-04;5,44387E-04;8,36314E-04;8,84491E-04;9,30904E-04;5,57819E-04;6,11805E-04;1,13141E-03
809;7,48021E-07;1,92681E-04;2,08310E-04;0,00000E+00;3,00156E-04;3,61119E-04;2,75212E-04;7,16568E-05;1,17600E-03;1,04681E-03;3,79656E-04;0,00000E+00;0,00000E+00;1,00384E-03;3,55512E-04;1,76608E-04;1,24238E-03;1,30354E-03;1,76608E-04;2,19194E-03;1,68905E-04;8,87405E-05;2,99879E-04;1,80432E-04;2,46828E-04;0,00000E+00;5,88692E-05;3,55512E-04;1,18504E-03;0,00000E+00;0,00000E+00;0,00000E+00;1,12158E-03;5,08774E-04;5,37806E-04;5,66838E-04;5,95870E-04;6,24902E-04;6,53934E-04;6,82967E-04;3,97349E-05;5,52556E-05;1,72189E-04;2,02479E-04;1,20408E-04;3,15434E-04;1,12505E-04;4,23019E-04;5,36608E-04;5,78042E-04;5,66629E-04;4,38891E-04;4,42964E-04;4,94891E-04;2,36156E-04;5,92941E-04;7,25659E-04;8,92378E-04;6,50598E-04;1,00397E-03
810;9,45210E-07;5,85288E-05;3,00965E-04;1,11305E-04;3,19305E-04;2,58478E-04;2,70092E-04;0,00000E+00;7,69342E-04;8,01878E-04;1,72954E-03;0,00000E+00;6,38866E-04;6,69492E-04;3,11453E-04;2,23164E-04;7,87210E-04;0,00000E+00;2,23164E-04;7,43880E-05;0,00000E+00;0,00000E+00;2,79225E-04;2,27996E-04;3,11895E-04;4,15270E-04;1,00875E-03;0,00000E+00;0,00000E+00;0,00000E+00;3,11453E-04;0,00000E+00;8,18268E-04;3,14155E-04;3,15275E-04;3,16394E-04;3,17514E-04;3,18633E-04;3,19753E-04;3,20873E-04;2,44894E-05;4,64631E-05;6,21544E-05;1,05950E-04;2,53011E-04;3,31039E-04;7,97397E-05;3,57658E-04;6,11421E-04;2,64804E-04;4,65126E-04;1,58690E-04;4,96921E-04;5,13907E-04;7,37689E-04;1,50671E-04;6,55119E-04;4,57167E-04;9,16528E-04;9,37201E-04
811;1,89020E-05;1,34332E-06;4,09004E-04;3,18416E-05;9,13456E-05;6,46759E-05;1,15740E-04;0,00000E+00;4,29862E-05;2,14931E-05;2,08440E-03;1,54513E-03;7,16761E-04;0,00000E+00;4,70062E-03;0,00000E+00;1,18799E-04;1,78510E-03;0,00000E+00;2,08262E-03;0,00000E+00;0,00000E+00;5,48921E-04;0,00000E+00;0,00000E+00;1,18799E-04;2,20116E-03;0,00000E+00;5,95034E-04;1,19007E-03;1,27917E-03;0,00000E+00;1,48759E-04;6,58731E-04;6,74463E-04;6,90194E-04;7,05926E-04;7,21657E-04;7,37389E-04;7,53120E-04;1,38402E-05;2,33834E-05;1,68506E-04;1,56928E-04;2,50186E-04;1,46470E-04;1,24025E-04;2,62843E-04;4,99649E-04;4,33254E-04;4,25147E-04;1,58770E-04;5,83976E-04;5,64425E-04;5,94826E-04;4,52547E-04;1,05838E-03;6,88256E-04;1,15345E-03;9,27839E-04
812;0,00000E+00;6,87570E-07;6,87570E-06;4,48194E-05;5,01637E-04;6,28976E-05;5,83768E-04;6,09076E-04;6,25671E-04;1,77800E-04;1,02512E-03;9,58303E-04;1,97086E-03;1,03521E-03;1,31034E-03;1,06411E-04;7,60082E-05;5,82588E-04;1,98757E-03;1,01316E-03;0,00000E+00;2,12014E-04;1,77800E-04;4,65924E-05;1,59344E-04;4,56049E-05;6,08066E-05;9,82757E-04;6,85575E-04;2,58428E-04;1,96551E-03;3,04033E-05;1,04356E-03;1,10287E-03;1,19308E-03;1,28328E-03;1,37349E-03;1,46369E-03;1,55390E-03;1,64410E-03;0,00000E+00;0,00000E+00;1,94316E-05;1,94628E-04;2,74109E-04;2,18368E-04;2,67508E-05;3,33802E-04;1,03387E-04;3,53470E-04;4,40240E-04;5,77406E-04;1,43488E-04;2,87823E-04;6,52399E-04;2,89628E-04;3,37815E-04;9,50495E-04;9,76244E-04;8,84630E-04
813;1,30573E-05;1,08555E-05;5,38737E-05;3,51177E-04;3,24857E-04;4,92826E-04;3,72542E-04;6,68647E-04;5,64807E-04;0,00000E+00;3,07264E-04;9,00612E-04;3,36405E-04;3,52179E-03;0,00000E+00;1,98228E-03;5,95553E-04;7,14663E-04;3,40447E-03;1,02404E-03;8,61570E-05;5,94632E-05;4,37448E-05;3,65069E-04;1,28020E-03;3,57332E-04;4,76442E-04;0,00000E+00;2,38221E-04;2,02488E-03;0,00000E+00;4,19564E-04;4,76442E-04;5,65152E-04;5,72378E-04;5,79605E-04;5,86832E-04;5,94058E-04;6,01285E-04;6,08512E-04;3,46088E-06;1,88179E-05;2,74428E-05;2,38401E-04;8,20214E-06;2,11744E-04;7,83453E-05;2,18659E-04;4,25120E-04;2,20963E-04;5,78628E-04;4,70558E-04;2,52583E-04;1,40102E-04;4,86644E-04;5,31637E-04;3,01074E-04;5,31203E-04;7,30995E-04;6,07031E-04
814;1,60129E-05;3,07008E-05;1,05578E-04;1,42193E-05;4,22057E-04;2,07949E-04;1,53803E-04;2,97949E-04;1,33533E-03;5,37489E-04;1,36854E-04;1,70186E-04;3,80148E-05;1,40989E-03;1,59153E-03;3,53052E-03;1,06102E-04;0,00000E+00;1,98256E-03;2,23692E-03;1,05659E-04;1,85392E-04;3,60783E-04;0,00000E+00;3,88518E-05;0,00000E+00;3,18307E-04;0,00000E+00;5,30511E-04;0,00000E+00;0,00000E+00;2,22391E-04;0,00000E+00;8,44398E-05;7,71154E-05;6,97910E-05;6,24666E-05;5,51422E-05;4,78178E-05;4,04934E-05;4,24425E-06;7,17542E-05;7,56565E-06;2,38125E-04;9,16418E-05;3,23347E-05;1,27586E-04;1,40038E-04;2,75966E-04;2,56254E-04;4,40203E-04;2,69410E-04;5,53078E-04;1,36122E-04;3,71264E-04;3,30371E-04;6,81929E-04;5,70590E-04;3,77578E-04;3,41053E-04
815;6,59962E-05;6,18029E-05;3,05098E-04;2,43405E-05;3,27070E-04;5,65704E-05;0,00000E+00;3,49482E-04;4,26930E-04;1,46218E-04;2,99945E-04;1,46972E-03;3,13352E-04;1,42414E-03;1,34953E-03;5,77280E-04;2,88640E-05;0,00000E+00;3,17504E-04;1,26294E-03;0,00000E+00;5,04340E-05;3,04655E-04;0,00000E+00;0,00000E+00;1,52762E-04;8,65920E-05;0,00000E+00;1,36641E-03;0,00000E+00;0,00000E+00;0,00000E+00;1,68038E-03;7,48997E-04;8,11810E-04;8,74623E-04;9,37436E-04;1,00025E-03;1,06306E-03;1,12587E-03;1,96790E-05;6,07982E-05;3,89768E-05;2,47164E-05;1,12016E-04;2,43144E-05;2,91325E-04;5,15320E-05;5,50141E-04;4,27177E-04;2,63962E-04;1,28064E-04;6,24780E-04;7,76057E-04;6,46116E-04;2,11944E-04;3,43182E-04;6,35301E-04;6,43785E-04;4,81729E-04
816;0,00000E+00;0,00000E+00;3,73212E-04;0,00000E+00;4,95931E-05;1,11925E-05;9,87082E-04;1,34674E-04;3,59263E-04;5,47208E-04;8,63641E-04;9,94156E-04;1,75713E-05;5,13968E-05;0,00000E+00;0,00000E+00;8,56613E-05;1,68362E-03;2,67065E-03;2,22719E-04;4,61245E-05;0,00000E+00;4,10971E-04;0,00000E+00;0,00000E+00;1,99160E-03;2,18550E-03;0,00000E+00;6,85290E-05;0,00000E+00;1,54190E-04;6,85290E-05;1,17549E-03;4,61815E-04;4,48642E-04;4,35468E-04;4,22295E-04;4,09121E-04;3,95948E-04;3,82774E-04;1,18430E-06;1,08454E-05;4,22218E-05;1,53638E-04;2,66366E-04;7,21844E-05;3,37124E-04;2,06372E-04;1,36038E-04;1,97208E-04;1,51279E-04;6,81896E-04;5,01163E-04;1,83499E-04;6,61344E-04;5,12139E-04;3,06088E-04;4,84433E-04;3,49275E-04;3,56829E-04
817;0,00000E+00;5,74605E-06;1,31826E-04;1,44715E-04;3,92102E-04;2,85606E-04;8,23688E-05;1,17041E-03;1,83874E-04;4,75934E-04;5,65510E-04;5,75120E-04;1,22638E-04;3,58722E-04;1,27041E-04;0,00000E+00;5,97871E-04;3,01922E-03;3,09388E-03;2,95191E-03;4,62759E-04;0,00000E+00;9,39690E-04;0,00000E+00;0,00000E+00;1,19574E-03;6,83790E-04;0,00000E+00;4,78296E-04;0,00000E+00;1,77489E-03;6,68857E-04;4,37176E-04;7,63544E-04;7,93551E-04;8,23558E-04;8,53565E-04;8,83573E-04;9,13580E-04;9,43587E-04;0,00000E+00;0,00000E+00;3,56555E-05;1,85966E-04;2,32891E-04;2,13134E-04;3,00187E-04;2,15044E-04;3,31112E-04;3,65055E-04;4,73897E-04;3,34632E-04;5,29306E-04;6,91548E-04;4,29426E-04;1,89467E-04;3,41754E-04;6,15297E-04;7,25577E-04;6,11923E-04
818;0,00000E+00;1,46032E-04;3,48449E-04;1,66927E-04;5,30240E-05;8,62574E-04;1,23559E-04;2,65829E-04;1,56631E-03;5,97446E-04;5,20588E-04;1,09105E-03;1,12896E-04;1,21083E-03;3,66691E-04;7,70529E-04;0,00000E+00;1,35669E-03;2,05156E-03;1,94217E-03;3,19343E-04;2,74764E-05;2,65244E-04;0,00000E+00;1,73072E-04;0,00000E+00;5,12890E-04;5,50378E-04;0,00000E+00;0,00000E+00;8,05970E-04;1,87094E-03;3,66350E-04;9,65394E-04;1,04748E-03;1,12957E-03;1,21166E-03;1,29374E-03;1,37583E-03;1,45792E-03;0,00000E+00;4,68925E-05;1,67513E-04;7,27800E-05;1,77399E-04;1,93709E-04;2,35847E-04;7,67020E-05;3,93976E-04;1,78987E-04;2,02200E-04;4,77648E-04;5,34111E-04;5,32109E-04;3,91154E-04;6,23039E-04;8,07213E-04;7,79318E-04;4,03604E-04;8,12034E-04
819;3,99904E-06;9,09679E-05;2,88872E-04;0,00000E+00;3,70109E-04;4,94811E-04;6,96838E-06;2,37884E-04;6,15257E-04;1,45834E-04;1,27073E-04;2,15656E-04;1,31871E-03;2,18390E-03;5,37380E-05;1,44698E-03;1,41626E-03;1,88083E-04;6,29448E-04;3,54257E-03;3,37351E-04;6,70687E-06;1,33324E-04;0,00000E+00;3,72141E-04;0,00000E+00;3,14724E-04;1,34345E-04;6,29448E-04;0,00000E+00;0,00000E+00;4,03035E-04;0,00000E+00;1,80882E-04;1,80918E-04;1,80955E-04;1,80991E-04;1,81027E-04;1,81064E-04;1,81100E-04;7,09507E-05;8,62179E-05;1,99482E-04;0,00000E+00;1,57987E-05;1,97870E-04;1,38287E-04;2,67492E-04;3,10777E-04;1,04506E-04;1,49641E-04;4,52400E-04;4,55775E-04;3,59026E-04;3,95495E-04;1,55703E-04;7,46602E-04;4,32710E-04;2,18522E-04;3,79489E-04
820;3,32101E-06;1,89265E-04;4,49215E-04;4,31097E-05;0,00000E+00;1,75127E-05;4,17131E-05;1,45884E-04;1,25780E-03;1,43749E-03;1,90167E-04;7,01149E-04;2,47441E-04;3,60748E-03;9,93180E-04;2,14720E-03;9,93180E-04;2,41259E-04;0,00000E+00;2,01049E-04;6,36796E-05;7,00073E-04;0,00000E+00;7,04236E-05;0,00000E+00;2,48295E-03;1,00524E-04;2,15189E-03;4,96590E-04;0,00000E+00;8,27650E-04;0,00000E+00;1,32424E-03;8,93611E-04;9,25711E-04;9,57812E-04;9,89913E-04;1,02201E-03;1,05411E-03;1,08621E-03;0,00000E+00;3,68283E-05;5,49049E-05;2,09804E-05;5,67430E-05;2,18426E-04;2,75457E-04;3,05284E-04;3,09758E-04;2,48675E-04;4,55641E-04;3,14572E-04;6,46478E-04;9,23855E-05;5,96723E-04;3,20615E-04;4,68096E-04;5,92524E-04;7,29907E-04;3,13006E-04
821;4,29615E-05;1,82345E-04;0,00000E+00;2,82784E-04;1,22758E-04;1,33347E-04;3,17616E-04;8,64633E-04;2,70068E-04;1,22758E-04;1,44799E-03;8,98556E-04;1,91888E-03;2,74065E-03;1,76416E-03;9,53269E-04;1,35704E-04;1,70131E-03;7,46374E-04;2,00581E-03;3,98910E-04;5,09772E-04;7,36549E-05;4,17390E-04;0,00000E+00;0,00000E+00;1,13861E-03;0,00000E+00;9,49930E-04;4,74965E-04;1,22134E-03;0,00000E+00;2,03556E-04;5,85477E-04;6,11974E-04;6,38471E-04;6,64968E-04;6,91466E-04;7,17963E-04;7,44460E-04;1,55392E-05;5,42861E-05;3,98183E-05;1,29187E-04;1,43719E-04;2,92945E-04;1,49906E-04;1,61677E-04;1,10583E-04;2,07343E-04;3,81305E-04;4,23227E-04;0,00000E+00;8,33131E-05;7,11427E-04;5,28260E-04;4,29884E-04;2,80978E-04;4,27867E-04;4,99177E-04
822;4,82173E-05;7,04519E-05;1,04939E-05;2,30971E-04;6,12619E-04;5,36512E-04;5,85940E-04;2,45511E-04;2,85783E-04;1,29901E-04;3,39571E-04;1,95337E-03;5,38150E-04;0,00000E+00;1,86681E-03;2,43611E-03;1,30366E-03;1,09924E-03;7,89804E-04;2,83370E-03;5,94850E-05;2,67497E-04;6,65597E-04;0,00000E+00;0,00000E+00;0,00000E+00;9,22420E-04;0,00000E+00;1,00521E-03;5,02603E-04;1,29241E-03;0,00000E+00;2,15401E-04;5,65056E-04;5,86840E-04;6,08623E-04;6,30407E-04;6,52191E-04;6,73974E-04;6,95758E-04;1,81039E-05;7,43036E-05;1,19091E-04;1,23920E-04;1,09422E-04;1,18115E-04;3,84829E-05;3,20130E-04;1,21217E-04;3,09291E-04;3,64256E-04;2,28854E-04;2,44897E-05;8,81610E-05;2,41054E-04;6,56824E-04;6,68270E-04;5,24641E-04;8,43960E-04;4,93809E-04
823;4,87107E-06;1,18136E-04;1,51013E-04;7,03277E-04;2,18776E-04;6,41829E-04;1,08713E-03;3,49194E-04;1,78615E-04;5,35844E-04;0,00000E+00;3,05425E-04;5,18564E-04;1,15180E-03;0,00000E+00;8,32237E-04;2,39596E-04;3,95220E-03;0,00000E+00;4,07313E-04;7,58888E-06;4,78451E-05;1,21374E-04;0,00000E+00;0,00000E+00;0,00000E+00;7,18788E-05;1,64543E-03;1,64543E-04;0,00000E+00;0,00000E+00;0,00000E+00;0,00000E+00;1,29722E-04;1,21934E-04;1,14146E-04;1,06359E-04;9,85709E-05;9,07832E-05;8,29955E-05;2,62500E-05;6,83408E-05;1,58944E-05;9,84802E-06;1,77674E-04;2,15181E-04;0,00000E+00;2,61035E-04;1,12304E-04;5,36418E-04;9,85511E-05;1,66472E-04;2,65581E-04;4,40806E-04;4,16370E-04;5,26509E-04;5,84009E-04;4,18650E-04;8,88397E-04;4,29566E-04
824;3,38075E-06;1,31281E-05;1,91239E-04;5,71714E-04;7,05586E-04;5,71693E-04;3,40426E-04;1,02042E-03;5,25126E-05;7,38700E-04;0,00000E+00;0,00000E+00;1,59166E-03;2,07093E-03;0,00000E+00;3,07436E-03;3,05017E-03;0,00000E+00;2,01732E-03;1,31263E-03;0,00000E+00;0,00000E+00;0,00000E+00;0,00000E+00;0,00000E+00;2,62526E-03;0,00000E+00;1,31263E-03;0,00000E+00;2,60830E-04;0,00000E+00;4,59567E-04;4,83755E-05;2,58715E-04;2,33570E-04;2,08424E-04;1,83278E-04;1,58132E-04;1,32986E-04;1,07840E-04;8,65529E-07;1,36993E-05;4,32001E-06;7,45635E-06;5,32799E-05;6,25544E-05;6,47013E-05;1,30550E-05;3,42565E-04;7,42129E-05;3,74200E-04;1,62975E-04;1,02125E-05;7,91420E-04;3,85061E-04;4,71847E-04;4,99418E-04;1,96117E-04;5,17805E-04;5,08958E-04
825;1,62527E-05;6,31123E-05;1,15665E-04;9,73202E-05;2,52449E-04;0,00000E+00;0,00000E+00;1,57286E-03;3,31279E-04;5,72925E-04;1,87332E-04;1,02857E-04;1,03587E-03;1,27908E-03;0,00000E+00;1,81593E-03;4,65122E-04;0,00000E+00;9,58751E-04;3,63095E-04;0,00000E+00;0,00000E+00;0,00000E+00;1,90778E-04;0,00000E+00;0,00000E+00;5,80952E-04;0,00000E+00;0,00000E+00;4,65122E-04;7,98809E-04;2,20933E-03;9,58751E-04;1,37022E-03;1,50359E-03;1,63695E-03;1,77031E-03;1,90367E-03;2,03703E-03;2,17039E-03;1,19567E-05;6,97557E-05;3,92966E-05;3,58457E-05;7,49205E-05;1,04092E-04;1,10770E-04;1,65648E-04;1,67085E-04;1,51090E-04;2,89163E-04;3,03713E-04;8,74218E-05;2,19013E-04;4,98448E-04;6,53883E-04;5,61074E-04;2,59945E-04;4,89586E-04;6,01049E-04
826;0,00000E+00;7,13907E-05;2,14014E-04;2,53948E-04;0,00000E+00;2,11520E-04;6,92747E-04;4,52818E-04;7,39000E-05;1,47315E-03;2,27819E-04;8,41630E-04;3,68904E-04;4,85659E-04;1,09273E-03;1,15733E-03;1,82122E-03;7,28489E-04;1,16644E-03;2,40444E-03;0,00000E+00;3,03068E-05;0,00000E+00;7,10464E-04;1,90901E-04;0,00000E+00;7,87453E-04;1,45698E-03;0,00000E+00;6,07074E-04;2,08442E-03;0,00000E+00;1,65210E-03;1,33390E-03;1,43098E-03;1,52805E-03;1,62513E-03;1,72220E-03;1,81928E-03;1,91635E-03;3,85900E-05;5,97155E-05;1,73699E-05;9,98093E-05;1,62590E-04;8,97939E-05;6,13558E-05;1,70177E-04;3,53337E-04;3,94255E-04;2,98898E-04;1,39290E-04;3,59296E-05;1,04114E-04;2,55841E-04;6,36918E-04;3,04304E-04;1,88367E-04;6,09969E-04;2,07781E-04
827;2,17776E-06;1,04547E-04;1,97135E-04;5,54545E-04;0,00000E+00;3,41413E-05;7,78555E-04;0,00000E+00;0,00000E+00;4,80266E-04;8,42579E-06;2,82119E-04;1,25057E-03;5,92559E-04;1,76377E-04;0,00000E+00;3,37898E-03;1,17585E-04;3,50618E-03;1,19011E-03;0,00000E+00;4,89180E-06;4,34109E-04;3,85980E-04;3,08132E-05;0,00000E+00;2,78143E-03;2,29185E-03;2,39945E-03;9,79874E-05;2,15572E-04;0,00000E+00;1,01373E-03;8,93149E-04;8,95496E-04;8,97844E-04;9,00191E-04;9,02539E-04;9,04886E-04;9,07234E-04;5,04916E-06;4,44520E-05;7,87133E-05;1,62872E-04;1,60809E-04;8,35768E-05;1,67975E-04;2,31600E-04;8,89537E-05;3,19844E-04;7,48763E-05;7,17176E-04;1,62818E-04;6,25323E-04;8,31086E-05;6,24507E-04;6,67945E-04;8,58403E-04;2,37751E-04;7,05784E-04
828;1,07307E-05;1,83622E-04;1,01553E-04;3,30414E-04;1,33615E-04;1,76815E-04;7,58450E-04;7,85550E-04;0,00000E+00;5,87592E-05;1,55000E-03;5,36683E-04;8,78380E-04;2,07601E-04;0,00000E+00;1,77944E-04;3,26230E-04;1,83150E-03;5,93145E-05;6,49560E-04;1,87871E-05;2,96114E-05;2,14624E-05;1,10059E-04;8,51089E-04;5,93145E-05;0,00000E+00;6,49560E-04;3,24780E-04;0,00000E+00;0,00000E+00;8,43057E-04;1,13673E-03;7,11600E-04;7,63377E-04;8,15155E-04;8,66932E-04;9,18710E-04;9,70488E-04;1,02227E-03;5,88573E-05;8,26074E-06;4,03908E-05;1,42685E-04;5,28213E-05;4,21039E-05;2,64641E-04;4,38240E-05;1,31973E-04;8,03527E-05;3,06065E-04;6,07909E-04;6,26090E-05;2,17681E-04;3,93723E-04;2,82833E-04;2,99617E-04;3,36072E-04;9,98220E-05;9,58233E-04
829;3,30746E-05;7,16857E-06;1,65885E-04;6,82673E-05;1,04437E-04;1,72570E-05;5,90037E-04;1,43755E-04;4,30114E-04;6,59509E-04;1,49391E-03;2,99314E-04;4,17938E-04;7,92208E-04;2,37737E-04;7,58282E-04;1,24490E-03;7,92208E-04;2,36598E-03;7,92458E-05;7,16919E-05;2,51464E-04;8,19008E-05;1,48658E-04;0,00000E+00;2,26345E-04;0,00000E+00;0,00000E+00;4,75475E-04;0,00000E+00;0,00000E+00;1,99204E-03;0,00000E+00;6,70005E-04;7,30081E-04;7,90157E-04;8,50233E-04;9,10310E-04;9,70386E-04;1,03046E-03;7,28954E-06;3,15231E-05;9,12523E-05;9,65286E-05;6,14256E-05;1,86270E-04;1,31461E-04;6,41579E-05;2,06421E-04;1,94514E-04;4,22878E-04;3,74737E-04;3,14200E-04;1,38960E-04;1,82529E-04;3,05607E-04;1,77543E-04;5,04006E-04;3,71989E-04;2,04878E-04
830;0,00000E+00;5,75710E-06;9,21136E-05;3,53790E-04;5,78785E-05;3,22832E-04;2,14571E-04;6,61410E-04;1,74558E-03;1,36975E-03;3,00989E-04;6,05765E-04;1,71715E-03;6,44923E-04;5,77881E-04;6,36425E-05;2,57969E-03;0,00000E+00;2,75022E-03;3,93318E-03;1,42990E-04;1,11202E-04;0,00000E+00;0,00000E+00;8,11213E-04;0,00000E+00;0,00000E+00;5,15938E-04;1,54272E-03;6,44923E-04;1,93477E-03;5,09140E-04;0,00000E+00;9,89188E-04;1,05571E-03;1,12223E-03;1,18874E-03;1,25526E-03;1,32178E-03;1,38830E-03;0,00000E+00;1,05669E-05;1,29906E-05;3,73493E-05;5,83397E-06;7,11152E-05;1,63884E-04;8,63343E-05;2,18780E-04;1,63351E-04;2,13628E-04;1,96971E-04;1,14919E-04;4,31933E-05;2,24772E-04;7,26092E-05;6,69547E-04;5,62476E-04;1,85429E-04;3,23311E-04
831;6,81548E-06;0,00000E+00;2,42604E-04;3,35984E-05;2,51988E-06;4,61648E-04;4,63692E-04;9,23852E-04;4,74664E-04;2,16093E-03;7,68706E-04;7,99175E-04;4,39339E-04;7,84811E-04;1,29333E-03;1,25155E-03;4,57355E-04;0,00000E+00;8,26596E-04;3,99370E-03;1,54404E-05;1,33887E-04;1,94083E-04;0,00000E+00;8,75971E-05;0,00000E+00;3,57585E-04;5,57125E-05;1,25353E-04;6,96407E-05;2,08922E-04;2,68189E-03;0,00000E+00;9,30958E-04;1,01825E-03;1,10555E-03;1,19284E-03;1,28013E-03;1,36743E-03;1,45472E-03;0,00000E+00;6,55893E-05;0,00000E+00;1,00370E-04;2,48903E-05;1,90705E-04;3,26891E-04;2,93262E-04;2,73931E-04;1,47028E-04;2,15296E-04;2,85030E-04;5,88069E-06;1,04452E-04;8,44237E-06;6,11949E-04;5,51724E-04;4,87186E-05;1,60932E-04;5,07970E-04
832;7,33404E-05;3,12130E-05;3,60984E-04;8,45895E-05;2,45582E-04;0,00000E+00;5,66028E-04;8,54728E-04;6,62458E-04;1,30684E-04;1,76541E-04;2,55456E-03;1,40586E-03;2,52478E-03;6,31195E-04;2,05138E-03;1,44467E-04;1,33074E-03;2,12362E-03;2,86316E-03;3,99845E-04;0,00000E+00;4,34066E-04;0,00000E+00;1,87624E-03;0,00000E+00;0,00000E+00;3,61166E-04;0,00000E+00;0,00000E+00;0,00000E+00;0,00000E+00;0,00000E+00;0,00000E+00;0,00000E+00;0,00000E+00;0,00000E+00;0,00000E+00;0,00000E+00;0,00000E+00;5,19491E-05;5,32585E-06;2,01310E-05;1,28996E-04;4,71211E-05;1,15963E-04;6,84947E-05;1,27755E-04;1,38965E-04;2,72925E-04;3,80587E-04;5,66155E-04;2,16532E-04;3,22140E-04;0,00000E+00;7,30480E-04;5,19904E-04;2,48097E-04;5,62074E-04;6,66349E-04
833;2,74300E-05;2,92920E-05;2,22974E-04;9,28398E-05;4,97031E-04;2,64004E-04;5,60815E-04;1,30535E-04;4,30059E-04;3,90560E-04;3,24848E-04;5,09603E-04;3,32109E-04;9,52542E-04;0,00000E+00;1,21233E-03;4,31749E-04;1,87884E-03;5,62253E-04;2,09839E-03;0,00000E+00;0,00000E+00;2,73392E-04;0,00000E+00;1,69710E-04;0,00000E+00;0,00000E+00;1,51235E-03;0,00000E+00;0,00000E+00;0,00000E+00;0,00000E+00;0,00000E+00;5,87462E-05;4,10537E-05;2,33612E-05;5,66871E-06;0,00000E+00;0,00000E+00;0,00000E+00;1,73527E-05;3,43615E-05;9,72155E-05;1,34641E-04;4,59240E-05;2,90811E-04;6,94361E-05;2,33692E-05;2,76189E-04;3,24586E-04;2,58058E-04;1,71891E-04;2,74213E-05;3,81467E-04;0,00000E+00;4,02987E-04;2,62482E-04;4,35634E-05;9,62393E-04;6,49808E-04
834;0,00000E+00;0,00000E+00;2,09172E-04;4,88661E-04;2,41580E-04;3,57754E-04;2,25849E-04;8,78354E-04;1,05035E-04;4,00462E-04;0,00000E+00;0,00000E+00;1,41887E-04;6,38615E-04;1,24508E-03;8,12782E-04;2,35182E-03;1,74168E-04;5,08908E-04;1,04501E-03;0,00000E+00;0,00000E+00;0,00000E+00;6,66307E-04;0,00000E+00;0,00000E+00;0,00000E+00;9,81991E-04;3,18188E-03;9,68397E-04;0,00000E+00;9,68397E-04;1,38342E-03;1,40157E-03;1,49977E-03;1,59797E-03;1,69617E-03;1,79437E-03;1,89257E-03;1,99077E-03;1,16338E-05;3,95664E-05;6,51764E-05;9,64633E-05;7,87760E-06;9,41083E-05;4,46504E-05;1,18337E-04;2,63597E-05;1,74870E-04;1,80903E-04;3,10850E-04;1,93616E-04;5,14702E-04;6,70836E-04;3,44639E-04;5,04152E-04;3,72232E-05;2,98963E-04;5,56276E-04
835;5,31077E-05;0,00000E+00;2,36017E-05;2,51004E-04;0,00000E+00;5,06386E-05;9,85417E-05;1,42356E-03;4,81199E-04;8,45443E-04;6,53447E-04;0,00000E+00;2,73516E-03;9,49904E-04;3,29351E-03;0,00000E+00;1,83040E-03;3,79962E-04;6,09357E-03;4,17958E-03;3,00869E-05;9,48436E-05;0,00000E+00;3,41608E-05;5,97416E-04;5,69942E-04;0,00000E+00;2,25444E-04;1,63131E-04;4,96486E-05;0,00000E+00;9,99553E-04;7,09265E-05;3,39147E-04;3,52936E-04;3,66725E-04;3,80514E-04;3,94303E-04;4,08092E-04;4,21882E-04;0,00000E+00;1,39453E-06;9,69463E-05;2,57913E-04;2,57785E-05;2,71986E-04;1,15250E-04;1,33438E-04;2,87530E-05;1,58521E-04;5,77441E-06;1,53984E-05;3,69943E-04;2,93101E-04;3,56826E-04;7,07400E-04;1,92087E-04;3,34171E-04;1,91660E-04;1,00158E-03
836;1,57202E-05;5,99546E-06;0,00000E+00;1,26231E-04;6,37975E-04;0,00000E+00;8,73167E-04;1,38807E-04;3,51733E-04;1,66241E-03;2,65958E-04;2,71193E-04;1,31644E-03;1,32555E-04;0,00000E+00;2,29555E-03;4,86035E-04;2,29555E-03;2,14251E-03;2,25780E-03;0,00000E+00;0,00000E+00;0,00000E+00;0,00000E+00;1,62102E-04;2,29555E-03;6,15367E-04;0,00000E+00;1,53036E-04;3,13184E-03;2,90769E-03;2,44858E-03;3,09295E-04;2,23783E-03;2,40800E-03;2,57817E-03;2,74835E-03;2,91852E-03;3,08869E-03;3,25886E-03;1,09524E-06;0,00000E+00;7,41890E-05;1,05940E-05;1,79864E-05;6,73269E-06;1,36705E-04;1,63817E-04;3,01344E-04;1,99849E-05;4,81697E-04;1,43308E-04;3,05778E-04;4,09980E-04;6,15878E-04;2,47413E-04;2,54093E-04;1,71519E-04;0,00000E+00;6,15297E-06
837;3,73433E-05;9,57825E-05;6,90549E-05;5,44386E-05;6,71552E-04;2,07796E-05;1,97978E-04;3,75047E-04;1,32632E-03;6,02497E-04;6,11270E-04;6,23302E-04;1,18835E-03;3,04660E-04;2,86266E-04;0,00000E+00;1,78504E-03;0,00000E+00;6,67953E-04;1,32019E-03;4,53354E-05;0,00000E+00;1,72637E-04;1,25342E-04;3,72570E-04;0,00000E+00;1,09256E-03;1,33591E-03;0,00000E+00;1,21864E-03;0,00000E+00;0,00000E+00;7,10873E-04;5,43898E-04;5,56795E-04;5,69691E-04;5,82588E-04;5,95484E-04;6,08381E-04;6,21277E-04;0,00000E+00;2,50154E-05;0,00000E+00;3,41542E-05;7,58667E-05;1,65720E-04;8,52389E-05;1,10684E-04;5,37942E-05;3,65311E-04;3,68882E-04;3,66109E-04;4,38564E-04;1,06514E-04;4,87657E-04;3,60895E-04;3,71964E-04;3,71820E-04;1,18101E-04;4,12781E-04
838;6,40001E-07;8,32612E-05;1,96356E-04;0,00000E+00;6,71768E-04;1,09685E-05;6,39355E-04;5,54263E-04;5,39887E-04;1,82252E-04;1,90002E-04;0,00000E+00;7,74880E-05;8,83847E-04;7,40336E-04;5,89231E-04;1,23642E-03;5,89231E-04;1,67835E-03;0,00000E+00;2,39301E-05;0,00000E+00;9,11259E-05;8,40148E-04;0,00000E+00;0,00000E+00;1,67455E-03;2,32554E-03;0,00000E+00;0,00000E+00;0,00000E+00;0,00000E+00;4,41924E-04;2,75833E-04;2,44224E-04;2,12614E-04;1,81004E-04;1,49395E-04;1,17785E-04;8,61751E-05;0,00000E+00;1,80315E-05;1,08997E-04;5,17565E-06;7,15270E-05;1,24199E-04;9,76282E-05;2,76159E-04;0,00000E+00;1,68583E-04;1,03765E-04;2,33150E-04;2,66737E-04;3,68641E-04;6,22598E-04;1,76853E-04;4,23963E-04;7,22259E-04;4,06719E-04;3,12987E-04
839;1,27588E-07;0,00000E+00;5,34847E-05;1,05649E-04;0,00000E+00;2,19238E-04;5,62244E-04;7,79935E-04;5,44994E-06;8,57118E-04;1,86687E-03;1,77777E-06;2,08571E-04;2,38478E-05;3,15586E-03;0,00000E+00;1,50618E-05;1,40720E-03;1,98088E-03;1,25515E-05;3,43331E-04;9,83898E-05;0,00000E+00;8,62935E-05;1,31565E-06;0,00000E+00;0,00000E+00;0,00000E+00;0,00000E+00;3,76544E-06;2,25926E-05;1,75720E-05;7,88337E-04;2,96822E-04;3,28513E-04;3,60204E-04;3,91896E-04;4,23587E-04;4,55278E-04;4,86970E-04;0,00000E+00;6,78652E-07;3,01713E-05;2,97498E-04;1,60454E-04;8,00819E-05;1,29105E-04;0,00000E+00;2,53918E-04;4,63534E-04;1,42739E-04;6,81243E-07;5,00466E-04;2,87112E-04;9,55681E-05;4,77869E-04;1,33838E-04;1,08421E-04;3,80993E-04;5,24250E-04
840;1,48774E-05;4,60219E-05;9,68882E-05;0,00000E+00;2,22843E-04;7,05084E-04;0,00000E+00;7,97595E-04;8,87402E-04;3,72027E-04;3,14625E-04;3,08434E-04;8,32922E-04;2,78078E-03;6,67585E-04;2,14212E-04;2,13115E-03;4,23736E-03;1,17085E-03;2,42752E-03;4,24055E-05;0,00000E+00;0,00000E+00;0,00000E+00;2,09546E-04;6,96190E-04;5,35530E-04;2,14212E-04;0,00000E+00;4,39070E-04;3,65193E-03;2,58452E-03;0,00000E+00;1,92219E-03;2,09534E-03;2,26849E-03;2,44164E-03;2,61479E-03;2,78794E-03;2,96109E-03;0,00000E+00;9,05413E-05;1,50303E-05;5,51434E-05;7,26661E-06;5,98411E-05;1,14812E-04;8,67138E-05;4,83538E-05;7,26661E-05;1,53727E-04;1,95702E-04;3,02967E-04;1,30695E-04;2,72668E-04;3,71060E-04;4,77032E-04;3,47704E-04;1,95871E-04;4,45415E-04
841;5,39919E-06;1,62697E-04;2,18608E-04;4,27088E-05;5,84479E-04;4,72480E-04;0,00000E+00;8,27407E-04;7,12523E-04;3,75234E-04;0,00000E+00;2,28192E-04;1,45035E-04;2,12458E-04;1,61598E-03;2,07676E-03;8,72377E-04;2,32235E-03;2,12458E-04;2,22808E-03;7,46502E-05;0,00000E+00;0,00000E+00;3,25587E-04;2,10168E-04;1,22556E-03;9,42741E-04;4,83325E-04;0,00000E+00;5,31145E-04;1,79121E-03;9,42741E-04;0,00000E+00;8,75789E-04;9,18779E-04;9,61768E-04;1,00476E-03;1,04775E-03;1,09074E-03;1,13372E-03;3,04102E-06;2,53021E-05;2,64592E-05;0,00000E+00;1,47325E-04;2,40232E-04;2,52722E-04;1,52650E-04;7,13404E-06;2,81672E-04;2,95360E-04;2,71939E-04;4,23135E-04;8,30039E-05;5,05758E-04;6,73310E-05;2,76845E-04;2,55452E-04;2,88882E-04;3,28393E-04
842;2,12499E-06;3,21475E-05;1,91835E-04;1,68092E-05;3,92670E-04;7,28370E-05;4,54456E-04;1,02102E-03;6,82313E-04;0,00000E+00;1,57528E-03;9,22269E-04;8,16915E-04;2,31384E-03;2,76580E-03;2,58056E-03;1,99523E-03;2,27996E-03;1,19873E-03;2,09046E-04;0,00000E+00;5,56693E-04;5,76416E-05;1,28143E-04;1,21269E-03;0,00000E+00;0,00000E+00;4,18092E-05;0,00000E+00;2,09046E-04;2,70812E-03;0,00000E+00;0,00000E+00;6,73920E-04;7,15212E-04;7,56505E-04;7,97798E-04;8,39091E-04;8,80384E-04;9,21676E-04;5,75720E-06;2,05510E-06;0,00000E+00;0,00000E+00;6,73593E-05;1,42092E-04;1,33760E-04;2,47195E-04;1,20549E-05;6,05130E-05;3,21528E-04;2,28220E-04;4,73331E-04;1,74923E-04;5,31553E-04;1,67857E-04;4,14092E-04;2,43504E-04;2,78748E-04;3,79329E-04
843;4,31415E-05;2,14845E-04;6,25216E-05;1,32835E-05;2,24184E-04;3,35764E-05;5,07044E-04;1,03401E-03;7,96104E-04;0,00000E+00;2,73480E-04;1,92021E-03;4,57514E-04;1,54204E-03;3,73118E-03;0,00000E+00;2,09252E-04;1,52002E-03;1,32159E-04;2,67104E-03;3,48831E-05;0,00000E+00;0,00000E+00;3,32770E-04;6,34929E-05;7,60008E-04;5,70006E-04;0,00000E+00;1,10133E-04;0,00000E+00;0,00000E+00;2,09252E-04;3,30398E-05;4,94761E-05;2,87401E-05;8,00407E-06;0,00000E+00;0,00000E+00;0,00000E+00;0,00000E+00;1,02465E-06;0,00000E+00;1,40500E-06;7,15878E-05;1,20313E-04;1,46436E-04;0,00000E+00;3,70075E-04;5,83388E-06;1,89290E-05;6,12742E-05;4,07269E-04;4,01110E-05;4,38927E-04;1,84268E-04;2,79221E-05;2,46743E-05;2,76358E-04;3,97991E-04;3,43963E-04
844;4,23859E-05;2,02380E-05;2,69472E-04;1,65429E-04;2,58023E-04;4,18153E-04;3,43632E-04;2,12584E-04;4,96288E-04;5,08841E-04;3,53818E-04;1,05687E-03;8,76807E-04;2,74314E-04;2,02009E-03;6,39210E-05;4,14008E-03;0,00000E+00;2,15725E-03;1,37157E-04;5,66026E-04;0,00000E+00;0,00000E+00;2,79878E-05;7,90725E-04;0,00000E+00;0,00000E+00;0,00000E+00;1,37157E-03;0,00000E+00;0,00000E+00;2,60598E-03;4,11470E-04;1,11393E-03;1,20914E-03;1,30435E-03;1,39956E-03;1,49477E-03;1,58998E-03;1,68519E-03;1,27608E-05;0,00000E+00;5,01161E-05;6,13041E-05;0,00000E+00;2,08993E-05;2,28399E-05;2,33680E-04;9,20023E-05;2,99342E-04;4,62205E-04;1,72016E-04;0,00000E+00;3,54962E-04;2,32469E-05;3,47735E-04;4,92618E-04;4,47518E-04;2,86415E-04;1,42421E-04
845;4,21561E-05;7,41829E-05;2,17275E-04;6,26190E-05;6,67881E-05;4,83323E-04;2,48444E-04;9,15456E-04;3,38143E-04;1,00774E-03;1,00446E-03;1,29062E-03;1,62942E-04;0,00000E+00;1,02336E-03;8,41148E-05;2,01876E-03;0,00000E+00;1,14017E-03;1,16814E-04;1,73175E-04;1,45791E-04;0,00000E+00;3,43711E-04;0,00000E+00;7,00882E-04;0,00000E+00;0,00000E+00;7,00882E-04;0,00000E+00;0,00000E+00;4,67254E-04;0,00000E+00;1,84217E-04;1,81699E-04;1,79181E-04;1,76662E-04;1,74144E-04;1,71626E-04;1,69108E-04;2,42442E-05;0,00000E+00;1,32337E-04;8,46724E-05;0,00000E+00;0,00000E+00;3,00554E-05;1,72136E-04;9,61785E-05;3,47873E-04;2,73068E-04;2,94610E-04;0,00000E+00;3,68772E-04;2,85490E-04;8,88478E-05;4,44011E-04;2,48957E-04;4,38258E-04;5,29019E-04
846;5,33198E-05;1,27343E-05;2,27668E-04;7,03590E-04;4,69264E-04;1,29435E-04;6,28379E-04;5,31790E-04;9,05553E-05;9,05553E-05;2,47244E-03;1,50406E-03;3,20845E-05;2,22082E-03;9,48009E-04;0,00000E+00;1,70832E-04;2,39165E-03;2,51678E-03;2,08127E-03;0,00000E+00;3,90432E-05;0,00000E+00;8,21836E-05;0,00000E+00;1,87698E-04;0,00000E+00;0,00000E+00;3,58530E-04;1,36666E-03;1,53749E-03;1,25132E-04;0,00000E+00;7,35901E-04;7,95863E-04;8,55826E-04;9,15788E-04;9,75750E-04;1,03571E-03;1,09568E-03;6,49265E-06;0,00000E+00;2,39453E-05;8,29907E-05;7,72674E-06;1,99568E-04;1,32255E-04;2,54700E-04;1,22358E-04;1,17107E-04;2,44647E-04;1,17107E-04;1,80321E-04;1,52825E-04;1,09681E-04;1,32072E-04;6,61468E-04;9,19302E-05;1,83976E-04;7,81369E-04
847;4,23243E-05;9,21012E-06;8,06650E-06;1,39033E-04;2,99298E-04;3,93584E-04;7,56689E-04;8,21469E-04;1,12135E-03;1,54514E-03;3,89820E-04;1,92278E-04;2,11286E-03;0,00000E+00;2,83150E-03;2,03629E-03;1,81336E-04;0,00000E+00;1,11465E-04;4,29550E-04;3,51675E-04;0,00000E+00;0,00000E+00;2,92830E-05;1,16838E-05;0,00000E+00;2,70508E-04;2,24291E-03;1,81336E-03;0,00000E+00;0,00000E+00;0,00000E+00;8,91720E-05;4,40256E-04;4,45471E-04;4,50686E-04;4,55901E-04;4,61116E-04;4,66331E-04;4,71546E-04;6,48888E-06;5,05092E-05;1,25136E-05;4,34780E-05;1,64036E-04;1,26528E-04;1,06484E-04;9,44619E-05;0,00000E+00;3,48239E-05;3,44476E-04;8,57807E-05;5,93363E-04;3,28839E-04;6,59123E-04;1,80313E-04;2,80112E-04;4,62309E-04;7,87967E-04;1,35573E-04
848;4,89722E-06;3,01275E-05;1,15962E-04;4,77772E-04;9,27195E-05;4,47624E-04;5,66412E-04;3,33954E-04;1,15154E-03;1,99788E-03;1,98127E-04;1,10036E-03;1,19804E-03;2,30411E-04;2,25523E-03;1,74553E-03;5,37626E-04;9,21645E-04;6,42352E-04;1,30706E-03;1,50161E-04;0,00000E+00;0,00000E+00;3,70524E-04;1,07585E-04;0,00000E+00;5,13882E-04;1,92149E-03;0,00000E+00;7,68037E-05;5,37626E-04;0,00000E+00;9,74704E-04;6,36842E-04;6,70662E-04;7,04482E-04;7,38301E-04;7,72121E-04;8,05940E-04;8,39760E-04;0,00000E+00;0,00000E+00;8,38714E-05;2,63070E-06;2,77907E-05;3,91514E-05;5,35550E-05;1,93890E-04;0,00000E+00;8,10981E-05;9,03197E-05;2,89906E-04;1,62139E-05;3,72539E-05;1,61836E-04;3,70854E-04;3,48375E-04;5,80127E-04;3,98664E-04;1,82014E-04
849;6,18158E-05;1,18650E-04;2,69334E-04;5,63552E-04;3,76380E-04;2,86327E-04;6,13798E-04;3,40460E-04;4,91831E-04;2,68540E-04;1,91450E-04;9,46058E-04;1,34523E-03;2,85232E-03;4,31968E-03;4,45291E-04;1,83435E-03;1,15355E-03;0,00000E+00;2,73136E-03;2,09895E-04;0,00000E+00;0,00000E+00;6,55534E-04;3,88963E-05;0,00000E+00;0,00000E+00;1,48430E-03;2,23523E-03;7,42152E-05;5,19507E-04;2,62968E-04;4,45291E-04;7,24665E-04;7,55143E-04;7,85621E-04;8,16099E-04;8,46577E-04;8,77055E-04;9,07534E-04;0,00000E+00;0,00000E+00;1,13615E-05;1,55665E-04;2,68540E-05;1,26887E-04;7,83017E-05;1,76549E-04;3,97993E-05;3,64486E-04;1,94322E-04;2,86778E-04;1,56675E-05;8,28419E-06;3,38838E-04;1,22303E-04;2,98198E-04;5,13529E-04;1,63296E-04;1,78947E-04
850;2,10054E-05;5,61737E-05;3,01094E-05;2,98770E-04;4,60496E-05;1,23532E-04;2,35912E-04;1,78819E-03;4,24498E-04;7,39281E-04;0,00000E+00;0,00000E+00;1,39888E-03;5,77323E-04;4,11164E-04;0,00000E+00;1,95792E-04;3,91585E-05;4,08623E-03;3,24591E-03;1,55037E-05;0,00000E+00;0,00000E+00;6,85823E-05;0,00000E+00;0,00000E+00;0,00000E+00;1,48590E-03;3,32847E-04;0,00000E+00;1,30016E-03;1,71080E-03;1,11443E-03;1,47828E-03;1,61677E-03;1,75526E-03;1,89375E-03;2,03224E-03;2,17073E-03;2,30922E-03;1,32928E-05;0,00000E+00;3,31734E-05;2,28015E-05;0,00000E+00;2,35875E-04;1,44393E-04;1,58515E-05;2,02702E-04;1,11486E-04;1,83959E-04;7,40191E-04;2,74476E-04;2,48793E-04;6,76139E-05;1,64816E-04;3,46600E-04;4,27499E-04;2,80967E-04;3,70288E-04
851;1,02722E-05;2,32035E-05;0,00000E+00;1,60420E-04;4,72145E-04;2,23433E-04;1,17500E-03;0,00000E+00;1,78055E-04;6,31479E-04;0,00000E+00;1,98969E-03;2,10463E-03;0,00000E+00;0,00000E+00;8,59760E-04;2,73607E-03;2,11563E-03;3,52553E-03;2,26294E-03;0,00000E+00;0,00000E+00;0,00000E+00;6,31849E-04;0,00000E+00;3,42008E-04;8,55020E-04;0,00000E+00;1,71004E-04;1,02602E-03;0,00000E+00;0,00000E+00;6,88756E-04;4,00732E-04;4,10103E-04;4,19473E-04;4,28843E-04;4,38213E-04;4,47584E-04;4,56954E-04;2,44767E-05;0,00000E+00;5,29621E-05;0,00000E+00;2,86159E-05;1,73712E-04;0,00000E+00;9,42158E-05;2,39384E-05;4,24880E-04;2,45611E-04;0,00000E+00;1,08301E-04;8,91809E-05;1,93707E-04;2,53621E-04;2,35878E-04;1,65769E-04;5,89211E-04;4,52450E-04
852;6,63261E-05;2,86622E-05;1,31027E-04;4,85287E-05;3,63358E-04;0,00000E+00;9,60788E-04;3,28444E-04;9,18955E-04;5,33594E-04;1,94611E-04;9,11091E-04;1,39272E-04;0,00000E+00;0,00000E+00;1,03635E-03;0,00000E+00;5,61063E-03;3,50226E-04;1,69626E-03;7,16843E-05;0,00000E+00;2,29298E-04;3,57809E-04;0,00000E+00;5,43171E-04;0,00000E+00;0,00000E+00;0,00000E+00;0,00000E+00;0,00000E+00;2,71586E-04;1,94164E-03;7,20481E-04;7,82397E-04;8,44313E-04;9,06229E-04;9,68145E-04;1,03006E-03;1,09198E-03;2,65635E-05;0,00000E+00;7,44660E-05;3,10080E-06;9,50442E-05;1,05756E-04;5,39119E-06;2,79041E-04;7,95083E-05;1,34915E-04;1,96982E-04;0,00000E+00;0,00000E+00;2,19931E-04;6,86223E-04;3,35235E-04;1,84624E-04;1,49675E-04;2,97486E-04;1,89098E-04
853;2,20556E-05;1,96272E-05;4,35531E-04;3,48497E-04;1,42926E-04;3,84216E-04;8,01179E-04;4,47175E-04;3,30713E-04;7,08874E-04;1,33265E-04;5,30200E-04;7,73955E-04;2,94058E-04;0,00000E+00;1,04511E-03;0,00000E+00;1,36382E-03;0,00000E+00;3,91655E-03;4,44929E-04;0,00000E+00;1,57018E-04;0,00000E+00;0,00000E+00;3,71951E-04;0,00000E+00;2,94058E-04;0,00000E+00;8,82175E-04;1,47029E-04;4,80034E-04;9,29878E-04;6,87466E-04;7,45574E-04;8,03682E-04;8,61790E-04;9,19898E-04;9,78005E-04;1,03611E-03;4,13396E-05;0,00000E+00;1,87571E-05;2,12336E-06;7,98016E-05;1,17227E-04;3,69176E-06;2,92769E-05;0,00000E+00;5,60778E-06;4,59255E-04;0,00000E+00;1,70715E-04;5,43370E-04;4,31826E-04;7,18128E-04;6,78189E-04;3,09323E-04;5,58820E-04;5,18506E-04
854;8,56298E-05;1,93969E-04;3,30943E-05;2,87007E-04;1,13089E-04;5,49896E-04;2,09592E-05;9,35528E-04;5,21749E-04;1,57458E-05;0,00000E+00;8,80508E-06;2,86914E-05;1,24331E-05;1,22528E-03;3,10829E-05;2,04214E-04;0,00000E+00;4,69693E-03;5,45193E-04;2,10783E-04;0,00000E+00;0,00000E+00;7,15323E-04;0,00000E+00;0,00000E+00;2,24636E-03;1,85036E-03;0,00000E+00;3,72994E-05;6,21657E-06;4,20861E-04;0,00000E+00;2,65138E-04;2,33248E-04;2,01357E-04;1,69467E-04;1,37577E-04;1,05686E-04;7,37955E-05;6,82484E-06;2,67679E-05;1,10213E-04;0,00000E+00;3,37411E-06;1,67853E-04;0,00000E+00;0,00000E+00;3,09072E-04;0,00000E+00;1,79952E-05;9,23661E-05;3,52109E-04;1,81078E-04;2,07094E-04;3,64905E-04;2,17067E-04;9,19968E-06;1,88163E-04;1,30199E-04
855;4,19844E-05;0,00000E+00;0,00000E+00;2,82606E-05;5,44685E-05;1,39979E-04;3,33414E-04;1,16586E-03;1,88920E-04;1,40634E-03;1,09672E-03;1,74921E-03;1,07619E-03;0,00000E+00;2,23962E-03;1,94807E-03;4,51596E-04;2,00709E-04;4,40874E-03;5,01773E-05;2,29047E-04;5,21466E-04;0,00000E+00;3,25390E-04;2,36682E-04;0,00000E+00;3,51241E-04;0,00000E+00;4,51596E-04;3,51241E-04;1,76769E-03;3,37469E-03;1,50532E-04;1,71049E-03;1,87003E-03;2,02958E-03;2,18912E-03;2,34867E-03;2,50821E-03;2,66775E-03;2,51375E-06;1,31651E-04;1,23006E-05;2,40615E-05;0,00000E+00;3,61967E-05;2,58391E-04;1,55128E-04;3,05456E-04;4,53904E-06;3,63123E-05;2,32590E-04;1,69625E-05;0,00000E+00;8,87507E-04;3,62814E-04;4,64498E-04;3,14804E-04;1,50500E-04;4,25185E-04
856;3,24536E-05;1,49936E-04;0,00000E+00;2,28962E-04;1,13403E-04;5,12307E-04;0,00000E+00;5,05360E-04;3,44670E-04;1,03847E-03;6,37299E-04;1,78377E-03;2,39640E-03;7,48542E-04;3,13406E-04;1,04469E-03;1,90263E-03;1,80802E-03;1,79076E-03;2,11403E-04;1,69350E-05;0,00000E+00;0,00000E+00;6,06518E-04;4,92770E-04;0,00000E+00;1,26595E-03;5,34673E-04;9,40218E-04;7,31281E-04;1,17628E-03;0,00000E+00;3,13406E-04;6,57957E-04;6,73855E-04;6,89752E-04;7,05650E-04;7,21548E-04;7,37445E-04;7,53343E-04;5,23360E-06;0,00000E+00;0,00000E+00;1,38002E-04;0,00000E+00;5,83675E-05;1,27364E-05;2,71325E-04;3,59293E-04;2,87968E-05;3,75474E-04;1,45099E-04;0,00000E+00;2,62602E-04;4,34478E-04;3,49633E-04;5,01166E-04;2,28521E-04;3,49881E-04;2,97823E-05
857;1,15327E-05;7,43835E-05;1,33277E-04;9,60276E-05;5,62725E-04;2,28857E-04;1,27367E-04;3,95950E-04;8,64248E-05;1,05651E-03;5,86603E-04;4,67030E-04;1,26309E-03;4,98090E-04;8,18514E-04;0,00000E+00;1,41214E-03;6,21005E-04;6,14023E-04;4,77696E-05;5,94158E-05;0,00000E+00;0,00000E+00;1,01853E-03;2,57391E-04;3,27405E-04;2,38848E-04;4,02551E-04;0,00000E+00;0,00000E+00;5,25466E-04;3,27405E-04;4,91108E-04;3,24608E-04;3,24365E-04;3,24121E-04;3,23878E-04;3,23634E-04;3,23391E-04;3,23148E-04;0,00000E+00;0,00000E+00;5,42988E-05;1,45805E-04;0,00000E+00;6,65179E-05;7,39317E-05;6,76805E-05;2,29726E-04;8,64248E-06;1,33958E-04;6,48186E-05;8,63976E-05;3,91406E-04;7,52829E-05;4,55726E-04;4,30637E-04;2,46880E-04;2,33612E-04;2,86861E-04
858;0,00000E+00;8,87497E-05;1,04901E-04;5,19080E-04;4,40511E-04;1,04984E-03;2,79578E-04;4,93623E-05;9,84613E-06;7,34185E-04;1,26235E-04;1,15625E-04;4,53416E-04;1,45127E-04;1,45660E-03;3,62817E-05;2,02903E-04;1,28663E-03;1,94405E-03;5,07830E-03;5,79899E-05;0,00000E+00;0,00000E+00;3,55366E-04;1,34865E-04;0,00000E+00;6,26851E-04;0,00000E+00;1,81409E-05;0,00000E+00;3,29889E-04;0,00000E+00;1,45127E-04;1,12616E-04;1,07596E-04;1,02576E-04;9,75563E-05;9,25365E-05;8,75166E-05;8,24968E-05;6,24416E-05;1,32980E-05;3,10622E-05;1,18148E-04;7,34185E-05;3,68562E-06;5,91368E-05;1,64272E-04;4,11834E-06;4,24528E-05;3,58584E-04;0,00000E+00;9,14138E-05;1,58542E-04;1,09386E-04;2,33790E-04;3,47626E-04;3,98024E-04;0,00000E+00;0,00000E+00
859;6,77701E-06;9,97765E-05;2,12857E-04;3,94179E-05;9,64937E-05;8,05767E-04;5,43631E-04;1,16317E-03;1,59642E-04;4,10098E-04;9,47599E-04;1,87472E-03;6,03335E-04;2,48638E-03;1,18828E-03;5,88262E-04;6,66688E-04;5,21199E-03;1,91185E-03;4,38254E-03;4,19229E-04;0,00000E+00;7,23703E-05;3,21101E-04;4,62464E-04;0,00000E+00;2,94131E-04;0,00000E+00;1,22749E-03;0,00000E+00;2,05892E-03;0,00000E+00;2,95307E-03;1,75058E-03;1,91094E-03;2,07131E-03;2,23167E-03;2,39203E-03;2,55239E-03;2,71276E-03;0,00000E+00;3,27705E-06;3,40207E-05;0,00000E+00;3,01543E-05;6,65300E-05;1,83102E-04;1,03453E-04;9,19989E-05;1,59464E-04;2,01858E-04;3,61851E-05;2,40921E-04;1,93488E-04;2,99515E-04;1,13348E-04;1,14221E-04;2,66176E-04;5,50093E-05;0,00000E+00
860;3,30500E-05;0,00000E+00;7,93417E-05;0,00000E+00;1,30543E-04;7,35541E-04;3,74262E-04;6,42375E-04;1,49616E-03;1,28022E-03;4,26559E-04;7,09887E-04;0,00000E+00;1,80387E-04;8,11743E-04;1,62888E-03;1,65373E-03;1,58352E-03;0,00000E+00;2,10470E-03;0,00000E+00;0,00000E+00;5,51288E-04;4,34405E-04;0,00000E+00;1,25299E-04;1,00239E-03;2,63127E-03;1,51331E-03;0,00000E+00;0,00000E+00;0,00000E+00;8,11743E-04;5,78907E-04;5,69424E-04;5,59942E-04;5,50459E-04;5,40976E-04;5,31493E-04;5,22011E-04;0,00000E+00;2,90692E-05;4,60254E-05;0,00000E+00;4,07946E-05;6,00753E-05;1,45055E-04;1,39958E-04;3,41263E-05;8,97481E-05;3,40476E-04;1,96302E-04;2,13153E-04;4,85543E-04;1,64009E-04;1,02901E-04;2,70116E-04;4,67268E-04;7,44201E-05;1,91933E-04
861;5,05088E-05;0,00000E+00;1,36757E-04;2,71058E-04;2,32864E-04;1,77939E-04;9,06047E-04;9,44093E-05;3,83267E-04;3,85424E-04;1,02771E-03;7,89532E-04;2,82876E-04;0,00000E+00;0,00000E+00;2,43987E-03;3,50229E-03;1,04775E-03;0,00000E+00;1,92585E-04;5,82392E-05;0,00000E+00;1,16142E-04;0,00000E+00;0,00000E+00;3,20975E-05;1,91163E-03;1,59341E-03;6,41950E-05;0,00000E+00;0,00000E+00;0,00000E+00;0,00000E+00;1,64749E-04;1,39002E-04;1,13256E-04;8,75096E-05;6,17632E-05;3,60167E-05;1,02703E-05;0,00000E+00;1,32844E-04;0,00000E+00;0,00000E+00;0,00000E+00;5,97383E-05;2,09607E-04;0,00000E+00;0,00000E+00;0,00000E+00;3,22085E-04;3,77460E-05;2,75107E-04;2,83096E-04;4,45808E-05;2,33087E-05;3,68864E-04;2,40275E-04;3,54004E-04;4,91671E-05
862;0,00000E+00;3,48702E-05;2,28151E-04;3,84736E-04;3,48195E-04;8,29188E-05;2,73760E-05;3,98929E-05;1,33683E-04;9,54876E-05;1,10706E-03;5,76696E-04;1,41807E-03;3,21957E-03;1,46464E-03;2,28462E-03;0,00000E+00;1,43259E-03;5,80568E-04;0,00000E+00;3,43302E-05;0,00000E+00;0,00000E+00;0,00000E+00;1,10646E-04;5,71155E-04;5,27789E-05;0,00000E+00;0,00000E+00;0,00000E+00;0,00000E+00;0,00000E+00;3,25728E-03;1,19912E-03;1,32343E-03;1,44773E-03;1,57204E-03;1,69634E-03;1,82064E-03;1,94495E-03;4,83633E-05;1,38798E-04;5,65117E-05;5,42338E-06;0,00000E+00;0,00000E+00;4,24320E-05;1,57316E-04;7,98792E-06;5,16667E-05;3,81951E-05;5,01310E-05;0,00000E+00;4,46282E-04;3,02552E-04;1,31901E-04;4,52119E-05;2,24684E-04;2,61816E-05;2,65121E-05
863;0,00000E+00;1,30883E-04;4,83824E-04;2,98581E-04;2,67260E-04;1,29561E-04;2,90749E-04;3,78716E-04;6,66312E-04;4,75937E-04;8,41320E-04;1,86301E-04;1,00348E-03;3,95209E-03;1,76258E-03;0,00000E+00;8,49937E-04;3,06174E-03;3,91364E-03;1,01992E-03;2,08306E-05;0,00000E+00;0,00000E+00;0,00000E+00;7,74218E-04;0,00000E+00;7,73027E-04;0,00000E+00;6,79949E-04;0,00000E+00;0,00000E+00;1,01992E-03;3,17710E-03;1,57173E-03;1,71855E-03;1,86537E-03;2,01219E-03;2,15901E-03;2,30583E-03;2,45266E-03;2,18105E-05;3,87922E-05;9,62932E-05;6,48775E-05;3,45984E-05;0,00000E+00;2,77293E-04;9,70700E-05;4,62458E-05;1,92213E-04;1,98063E-04;2,65244E-04;1,25600E-04;6,64113E-05;3,95456E-04;4,16845E-04;2,25349E-04;3,53909E-04;2,33765E-05;5,91789E-05
864;0,00000E+00;0,00000E+00;7,02688E-04;5,12916E-04;1,44471E-04;6,45725E-04;4,32165E-04;8,52872E-04;7,83302E-04;3,13321E-04;4,98859E-04;1,09019E-03;2,24970E-04;1,02363E-03;1,23915E-03;1,15455E-03;2,17435E-03;2,25512E-03;1,88763E-03;1,59899E-03;0,00000E+00;0,00000E+00;0,00000E+00;0,00000E+00;1,91603E-04;0,00000E+00;4,38699E-04;8,65909E-04;2,17243E-03;0,00000E+00;7,21591E-04;8,77398E-04;2,54950E-03;1,77754E-03;1,93613E-03;2,09472E-03;2,25331E-03;2,41191E-03;2,57050E-03;2,72909E-03;4,18622E-06;3,07400E-05;6,11234E-05;3,25572E-05;2,97635E-05;0,00000E+00;1,16767E-04;1,02430E-04;2,73751E-05;1,65353E-04;6,61412E-06;5,23933E-05;1,68982E-04;5,71309E-05;3,70420E-04;2,01241E-04;0,00000E+00;5,82467E-05;2,01098E-05;5,09092E-05
865;2,60151E-06;0,00000E+00;1,66779E-04;3,76682E-04;8,22592E-04;3,64499E-04;2,93690E-05;9,96985E-04;3,73160E-04;9,19724E-04;1,26279E-03;6,86909E-04;0,00000E+00;4,70899E-03;2,83106E-05;1,34168E-03;1,41553E-04;5,20340E-03;5,08565E-04;8,89732E-04;1,29697E-04;0,00000E+00;0,00000E+00;0,00000E+00;0,00000E+00;0,00000E+00;0,00000E+00;4,94409E-04;1,55708E-04;1,63791E-03;7,07765E-05;1,22843E-03;7,07765E-05;7,91159E-04;8,59331E-04;9,27503E-04;9,95675E-04;1,06385E-03;1,13202E-03;1,20019E-03;0,00000E+00;9,72427E-06;8,16084E-05;8,41530E-05;1,85207E-05;0,00000E+00;1,80935E-05;8,59517E-06;2,14236E-06;7,40827E-05;0,00000E+00;3,84147E-06;1,57254E-04;0,00000E+00;4,60488E-04;3,31185E-04;8,09470E-05;1,70978E-04;3,94177E-04;2,85109E-05
866;8,95612E-05;0,00000E+00;2,06617E-05;2,95187E-05;7,67791E-04;8,51669E-04;1,16361E-04;0,00000E+00;8,26468E-05;8,46593E-04;2,25182E-04;1,79714E-03;2,34260E-04;3,42473E-03;0,00000E+00;1,19269E-03;4,44283E-03;4,40529E-04;5,93858E-04;0,00000E+00;0,00000E+00;0,00000E+00;2,88690E-04;0,00000E+00;0,00000E+00;0,00000E+00;0,00000E+00;0,00000E+00;0,00000E+00;0,00000E+00;0,00000E+00;5,02495E-04;4,56814E-04;2,84847E-04;3,10325E-04;3,35802E-04;3,61279E-04;3,86756E-04;4,12234E-04;4,37711E-04;0,00000E+00;3,06355E-05;4,45444E-06;0,00000E+00;8,21349E-05;2,78428E-05;3,53656E-05;2,00237E-04;0,00000E+00;6,19851E-05;4,75257E-04;2,47940E-05;5,30405E-05;1,94876E-04;4,23286E-05;6,63934E-05;1,90085E-04;2,81846E-04;0,00000E+00;7,52024E-05
867;6,17405E-05;1,15457E-04;5,21417E-05;2,29259E-04;1,04283E-04;3,26357E-04;2,62140E-04;0,00000E+00;2,08567E-04;5,42274E-04;4,57293E-05;1,41512E-03;5,91176E-04;1,15281E-03;2,76540E-03;2,18967E-03;3,02340E-03;2,03871E-03;1,49866E-03;9,57252E-04;4,71640E-04;0,00000E+00;4,04223E-04;9,31408E-05;0,00000E+00;0,00000E+00;1,27634E-03;0,00000E+00;1,06361E-04;0,00000E+00;0,00000E+00;1,26809E-03;1,15281E-03;8,11911E-04;8,74479E-04;9,37047E-04;9,99616E-04;1,06218E-03;1,12475E-03;1,18732E-03;0,00000E+00;6,88533E-05;2,98516E-05;0,00000E+00;1,44756E-04;1,72907E-04;8,92485E-05;0,00000E+00;0,00000E+00;1,66047E-04;1,89263E-04;8,18130E-05;1,56307E-04;0,00000E+00;3,86818E-05;2,02245E-04;4,32273E-05;1,43091E-05;2,19401E-04;2,46919E-04
868;5,66924E-05;5,97705E-05;4,24644E-04;6,72385E-04;0,00000E+00;6,57163E-04;4,28401E-05;2,53440E-04;9,09951E-04;0,00000E+00;2,39917E-04;0,00000E+00;0,00000E+00;2,85009E-03;3,61109E-03;2,55998E-03;1,55653E-03;9,36048E-04;1,50887E-03;3,68096E-03;4,30017E-04;0,00000E+00;7,96941E-05;7,82286E-04;0,00000E+00;0,00000E+00;6,60740E-04;0,00000E+00;1,89924E-03;0,00000E+00;1,84418E-03;1,34122E-03;0,00000E+00;1,09425E-03;1,16762E-03;1,24099E-03;1,31436E-03;1,38773E-03;1,46110E-03;1,53447E-03;0,00000E+00;1,80434E-05;1,54537E-05;0,00000E+00;1,61174E-04;1,63837E-04;2,69571E-04;0,00000E+00;1,14182E-04;4,98088E-06;6,00760E-04;9,96176E-06;1,17803E-04;9,35702E-05;2,00250E-05;1,47204E-04;1,45130E-05;5,25172E-05;3,21079E-04;1,54727E-04
869;0,00000E+00;8,29871E-05;2,95383E-04;9,37414E-06;1,58189E-05;1,30533E-03;2,41879E-05;1,33395E-04;5,00032E-04;1,89826E-05;1,25308E-05;1,79400E-03;1,13128E-03;3,49743E-05;5,44223E-03;1,52383E-03;1,81146E-03;3,75901E-03;4,08033E-05;4,15941E-03;0,00000E+00;5,82004E-06;0,00000E+00;1,04847E-03;2,62410E-03;0,00000E+00;5,82905E-06;5,82905E-06;5,82905E-05;0,00000E+00;4,08033E-05;1,52383E-03;3,26534E-03;1,42263E-03;1,51826E-03;1,61389E-03;1,70951E-03;1,80514E-03;1,90077E-03;1,99640E-03;0,00000E+00;1,52812E-06;0,00000E+00;2,05713E-04;0,00000E+00;6,80954E-06;0,00000E+00;4,32596E-06;5,07432E-05;0,00000E+00;1,92521E-04;0,00000E+00;3,21693E-04;0,00000E+00;2,26666E-04;5,17246E-06;1,30595E-05;3,39916E-05;2,16433E-05;9,74068E-06
870;0,00000E+00;1,13549E-04;9,11858E-05;2,52331E-04;5,23074E-04;7,27275E-04;9,99654E-04;4,74386E-05;7,38069E-04;9,48663E-04;6,84015E-04;1,64009E-03;4,02314E-04;1,94945E-03;0,00000E+00;0,00000E+00;3,02529E-03;2,64428E-03;1,56875E-03;1,16523E-03;0,00000E+00;1,56663E-04;9,72648E-05;0,00000E+00;4,57866E-04;0,00000E+00;1,56905E-04;1,03053E-03;2,64428E-03;0,00000E+00;1,09834E-03;0,00000E+00;0,00000E+00;6,72778E-04;6,98662E-04;7,24545E-04;7,50428E-04;7,76312E-04;8,02195E-04;8,28079E-04;0,00000E+00;7,52669E-05;6,85852E-06;1,43555E-04;0,00000E+00;1,83298E-04;7,20361E-05;1,16445E-04;3,56206E-05;0,00000E+00;5,08880E-04;0,00000E+00;0,00000E+00;1,12519E-04;5,73254E-04;1,81826E-04;4,13527E-04;1,71858E-04;5,82591E-04;2,62198E-04
871;0,00000E+00;7,01048E-05;4,80563E-04;6,92393E-05;1,38709E-04;6,26092E-05;4,97092E-04;2,73359E-04;1,30862E-03;7,64399E-04;1,60511E-03;1,27474E-03;0,00000E+00;4,40830E-03;1,54996E-03;6,45818E-04;5,37495E-03;1,53337E-03;1,44583E-03;7,66685E-04;0,00000E+00;0,00000E+00;1,38709E-04;4,52435E-04;7,88349E-04;2,06662E-03;0,00000E+00;1,24586E-03;1,53337E-03;0,00000E+00;0,00000E+00;0,00000E+00;0,00000E+00;1,13146E-04;4,58388E-05;0,00000E+00;0,00000E+00;0,00000E+00;0,00000E+00;0,00000E+00;0,00000E+00;6,98405E-05;2,95543E-05;8,91980E-05;4,08945E-05;4,59230E-05;1,02730E-04;0,00000E+00;1,36839E-04;1,75262E-04;3,84076E-04;7,01048E-05;0,00000E+00;3,62312E-04;2,20740E-04;2,08105E-04;8,84106E-05;6,44653E-05;0,00000E+00;3,77720E-04
872;0,00000E+00;2,43688E-04;1,96567E-04;3,51869E-04;1,73199E-04;4,58639E-04;0,00000E+00;9,98448E-04;1,24652E-03;3,70592E-05;2,93562E-04;4,64607E-04;1,37459E-03;7,85211E-04;2,13285E-03;1,89388E-03;4,05348E-03;4,59514E-03;1,92802E-03;1,91464E-04;6,06438E-05;0,00000E+00;5,54236E-04;1,19584E-04;3,57853E-05;5,46234E-04;0,00000E+00;1,91464E-04;0,00000E+00;0,00000E+00;0,00000E+00;7,65857E-04;0,00000E+00;1,40749E-04;1,31764E-04;1,22779E-04;1,13793E-04;1,04808E-04;9,58225E-05;8,68371E-05;0,00000E+00;5,59368E-06;4,91929E-05;9,92872E-05;1,94689E-05;7,04868E-05;0,00000E+00;3,87527E-05;1,23101E-04;4,63240E-05;1,16813E-04;1,85296E-05;0,00000E+00;5,33511E-05;2,55318E-04;1,60305E-04;1,76630E-04;1,03033E-04;2,10640E-04;3,13135E-04
873;1,65855E-05;7,45112E-05;4,14408E-04;6,05783E-04;4,32425E-04;3,46995E-04;1,17112E-03;2,56496E-04;6,88514E-04;0,00000E+00;2,61546E-03;1,88077E-04;1,02141E-03;5,97537E-04;6,08557E-03;3,44000E-03;1,72716E-03;0,00000E+00;1,59343E-03;7,66291E-04;6,30873E-05;0,00000E+00;4,00231E-04;0,00000E+00;0,00000E+00;1,19507E-03;0,00000E+00;1,05215E-03;1,99179E-03;0,00000E+00;9,95895E-04;2,98768E-03;0,00000E+00;1,48392E-03;1,58798E-03;1,69203E-03;1,79609E-03;1,90015E-03;2,00421E-03;2,10827E-03;0,00000E+00;3,68666E-06;2,54100E-05;1,05970E-05;3,51346E-04;2,06385E-04;1,33996E-05;1,66794E-04;2,86378E-04;1,27213E-05;3,57186E-04;0,00000E+00;3,58681E-05;8,89325E-05;5,85208E-05;1,06961E-04;3,14995E-04;2,25721E-04;2,73593E-04;8,32100E-05
874;5,28729E-05;8,48743E-05;4,13175E-05;3,43467E-04;1,98324E-04;1,98929E-05;9,26830E-04;1,16204E-03;5,47087E-04;0,00000E+00;1,22083E-03;4,74418E-04;5,15297E-04;0,00000E+00;1,51196E-03;1,23706E-03;4,21317E-03;9,13497E-05;1,55294E-03;2,01225E-03;4,34007E-04;0,00000E+00;6,13195E-04;3,99975E-04;0,00000E+00;1,18755E-03;0,00000E+00;2,74901E-04;1,64429E-03;0,00000E+00;1,82699E-04;0,00000E+00;3,65399E-04;2,39286E-04;2,11774E-04;1,84263E-04;1,56751E-04;1,29239E-04;1,01728E-04;7,42160E-05;0,00000E+00;3,14874E-05;0,00000E+00;1,33140E-04;3,71857E-05;2,06839E-04;6,54841E-05;9,27341E-05;0,00000E+00;6,21689E-05;2,65203E-04;8,26349E-05;7,25425E-05;0,00000E+00;1,71804E-04;5,22721E-04;1,92622E-04;1,29212E-04;1,57439E-04;1,14488E-04
875;2,76136E-05;7,30464E-05;4,79858E-05;1,00427E-04;4,16340E-04;1,63188E-05;2,02000E-04;4,07818E-04;3,94563E-04;0,00000E+00;1,66930E-03;2,30140E-03;4,22717E-04;0,00000E+00;0,00000E+00;1,09044E-03;1,61500E-03;2,25581E-03;2,83170E-03;2,06462E-03;3,56032E-04;0,00000E+00;3,92428E-04;3,28114E-04;0,00000E+00;9,74187E-04;0,00000E+00;1,40199E-03;1,34887E-03;0,00000E+00;1,49875E-04;0,00000E+00;2,99750E-04;3,06150E-04;2,85508E-04;2,64865E-04;2,44222E-04;2,23580E-04;2,02937E-04;1,82294E-04;0,00000E+00;1,10505E-05;0,00000E+00;6,67361E-05;1,57329E-04;2,62209E-04;0,00000E+00;0,00000E+00;0,00000E+00;1,40915E-04;1,35577E-05;6,77884E-05;2,46643E-04;0,00000E+00;9,99294E-05;2,36965E-04;4,24900E-04;6,04894E-05;1,27722E-04;2,89153E-04
876;0,00000E+00;1,23439E-04;3,80633E-04;0,00000E+00;6,97624E-04;3,84782E-04;2,43708E-04;6,67773E-04;7,47756E-04;1,75822E-03;1,11204E-04;1,38043E-04;1,58570E-03;2,42956E-03;0,00000E+00;5,20456E-04;2,72914E-03;1,04091E-03;4,30896E-03;4,05436E-03;0,00000E+00;0,00000E+00;2,44145E-05;0,00000E+00;0,00000E+00;0,00000E+00;4,41737E-04;2,30990E-03;5,52172E-03;0,00000E+00;0,00000E+00;0,00000E+00;0,00000E+00;8,87468E-04;9,07257E-04;9,27046E-04;9,46834E-04;9,66623E-04;9,86412E-04;1,00620E-03;0,00000E+00;2,89510E-05;5,63541E-06;2,26957E-05;1,29034E-04;1,37083E-05;0,00000E+00;2,23521E-04;3,50992E-04;2,89890E-04;1,99798E-05;0,00000E+00;4,84078E-04;2,46542E-05;0,00000E+00;5,21081E-04;1,35699E-04;3,26855E-04;4,63337E-04;1,98636E-04
877;1,14859E-05;1,78753E-04;1,44301E-05;4,81489E-05;7,15011E-04;2,28770E-04;1,01750E-04;1,92916E-04;8,45013E-04;7,07730E-04;2,97199E-04;3,26360E-04;2,76365E-04;4,25100E-03;4,25385E-04;1,16981E-03;1,59520E-04;3,05388E-03;0,00000E+00;0,00000E+00;1,34735E-04;0,00000E+00;4,55007E-04;0,00000E+00;0,00000E+00;0,00000E+00;0,00000E+00;3,04669E-03;1,50323E-03;0,00000E+00;6,38078E-04;0,00000E+00;0,00000E+00;5,24931E-04;5,26704E-04;5,28477E-04;5,30251E-04;5,32024E-04;5,33798E-04;5,35571E-04;0,00000E+00;6,47537E-05;2,75008E-05;4,18898E-05;9,62663E-05;1,09491E-04;0,00000E+00;4,24096E-04;1,62584E-04;0,00000E+00;1,30002E-04;0,00000E+00;5,49891E-04;1,81913E-04;3,04883E-04;6,83166E-05;1,40153E-05;5,00748E-05;7,04357E-04;4,87307E-04
878;2,49021E-05;0,00000E+00;3,12853E-05;1,42237E-04;2,56027E-04;6,34529E-04;1,19592E-04;4,18252E-04;0,00000E+00;1,25141E-04;6,44342E-04;9,30275E-04;0,00000E+00;1,86304E-03;4,34218E-03;6,07406E-03;3,45847E-04;0,00000E+00;2,71235E-03;2,35857E-04;2,92113E-04;0,00000E+00;0,00000E+00;4,13080E-04;0,00000E+00;0,00000E+00;7,07570E-04;1,15282E-03;1,51190E-03;0,00000E+00;1,38339E-03;1,17928E-03;3,53785E-04;1,14657E-03;1,22644E-03;1,30631E-03;1,38618E-03;1,46605E-03;1,54592E-03;1,62579E-03;0,00000E+00;3,86445E-06;0,00000E+00;1,43330E-04;1,58461E-04;4,19285E-05;0,00000E+00;2,10000E-04;8,72380E-05;0,00000E+00;3,20034E-05;0,00000E+00;2,61405E-04;2,34878E-04;4,57477E-04;8,96957E-05;2,94594E-04;4,57601E-04;4,29864E-04;2,93756E-04
879;3,72774E-05;0,00000E+00;1,65866E-05;6,11543E-05;3,09117E-04;4,91858E-04;5,23086E-04;4,43491E-04;0,00000E+00;2,65385E-04;0,00000E+00;1,30772E-03;1,50445E-03;2,37186E-03;3,85404E-03;3,35466E-03;0,00000E+00;9,16791E-04;1,16616E-03;1,01820E-03;2,03267E-04;9,15374E-05;0,00000E+00;1,77602E-04;4,80492E-04;7,33432E-04;2,13780E-03;0,00000E+00;2,53514E-04;0,00000E+00;0,00000E+00;1,79053E-03;1,52108E-04;6,58854E-04;6,79420E-04;6,99987E-04;7,20553E-04;7,41119E-04;7,61686E-04;7,82252E-04;0,00000E+00;8,27768E-05;1,07602E-04;7,28201E-05;3,89859E-05;2,73400E-05;1,41952E-04;0,00000E+00;0,00000E+00;3,15145E-04;9,66926E-05;8,29329E-05;2,67224E-04;4,71599E-04;3,07831E-04;1,08295E-04;1,86089E-04;6,92756E-04;3,48630E-05;3,47123E-04
880;0,00000E+00;1,81855E-04;6,24897E-04;2,21030E-04;1,99159E-04;1,72120E-04;9,39778E-04;8,59861E-04;1,21975E-03;1,04454E-04;6,68807E-04;1,83994E-04;1,48036E-05;4,40325E-04;0,00000E+00;2,20163E-04;0,00000E+00;7,72302E-04;7,21688E-05;3,21218E-03;0,00000E+00;0,00000E+00;8,35634E-05;8,86545E-04;1,51295E-05;1,76130E-03;2,64195E-03;0,00000E+00;4,07840E-03;0,00000E+00;4,33013E-05;0,00000E+00;6,60488E-04;6,90790E-04;6,56033E-04;6,21276E-04;5,86520E-04;5,51763E-04;5,17006E-04;4,82250E-04;0,00000E+00;0,00000E+00;0,00000E+00;7,13302E-05;1,30568E-05;5,13181E-06;6,89943E-05;2,42282E-04;1,09225E-06;3,13363E-05;2,74575E-04;1,69738E-05;0,00000E+00;0,00000E+00;4,35785E-04;1,82971E-05;4,64241E-04;3,17060E-04;0,00000E+00;3,81895E-05
881;0,00000E+00;9,35596E-05;3,17702E-04;8,90122E-04;2,90568E-05;4,10215E-04;3,86919E-04;1,04779E-03;1,76652E-03;1,12727E-03;7,22959E-04;1,98567E-03;1,47753E-03;8,83331E-04;0,00000E+00;8,03029E-04;0,00000E+00;3,58270E-03;7,78848E-04;1,96405E-03;0,00000E+00;0,00000E+00;9,01819E-04;2,04612E-04;9,20842E-04;0,00000E+00;0,00000E+00;0,00000E+00;2,37040E-03;0,00000E+00;4,67309E-04;0,00000E+00;4,01514E-04;3,36618E-04;3,15487E-04;2,94356E-04;2,73225E-04;2,52094E-04;2,30963E-04;2,09832E-04;0,00000E+00;0,00000E+00;6,14672E-06;3,73481E-05;2,71665E-04;7,98549E-05;3,71058E-05;2,75200E-04;1,17876E-05;3,38182E-04;1,69091E-04;1,83182E-04;0,00000E+00;9,86009E-05;2,20972E-04;3,60337E-04;6,34982E-05;7,93338E-04;2,20863E-05;7,25254E-04
882;0,00000E+00;7,36189E-05;2,45396E-05;4,63798E-04;4,58399E-04;5,98499E-04;2,69809E-04;4,37427E-04;9,85879E-04;0,00000E+00;7,38678E-04;6,94284E-04;2,91669E-03;9,94680E-04;1,91170E-03;1,34542E-03;0,00000E+00;0,00000E+00;0,00000E+00;1,95646E-03;0,00000E+00;3,67066E-05;0,00000E+00;0,00000E+00;8,53058E-04;0,00000E+00;0,00000E+00;1,32348E-03;1,26596E-03;0,00000E+00;0,00000E+00;0,00000E+00;4,52127E-04;3,71711E-04;3,74335E-04;3,76960E-04;3,79584E-04;3,82208E-04;3,84832E-04;3,87457E-04;0,00000E+00;1,44566E-05;6,92155E-06;0,00000E+00;1,47238E-04;2,75572E-05;0,00000E+00;2,51792E-04;4,45122E-05;0,00000E+00;0,00000E+00;5,32099E-05;1,55221E-04;1,76689E-04;4,45565E-04;4,81667E-04;2,07163E-04;5,36986E-04;2,48704E-05;8,23574E-04
883;5,43572E-05;0,00000E+00;1,54792E-04;5,74117E-04;1,47168E-04;2,65050E-04;6,35208E-04;6,46691E-05;1,66892E-03;6,19168E-04;7,35703E-04;9,21690E-04;1,98986E-03;2,13896E-04;1,81061E-03;7,13996E-04;2,13896E-03;4,49181E-03;3,85012E-03;1,07251E-03;0,00000E+00;6,01649E-06;3,86980E-04;0,00000E+00;6,72619E-04;0,00000E+00;0,00000E+00;2,16929E-04;0,00000E+00;0,00000E+00;6,41687E-04;2,99454E-03;0,00000E+00;1,05160E-03;1,14153E-03;1,23146E-03;1,32139E-03;1,41132E-03;1,50125E-03;1,59118E-03;0,00000E+00;8,99850E-05;0,00000E+00;1,24549E-04;1,45117E-04;3,15059E-04;0,00000E+00;2,92712E-05;7,29589E-06;5,41772E-04;1,93490E-05;8,72151E-06;3,64106E-04;5,85137E-05;4,96736E-05;4,88874E-05;4,16883E-04;2,72363E-04;0,00000E+00;7,71993E-05
884;2,70126E-06;5,76925E-06;3,53524E-05;0,00000E+00;3,84617E-05;4,25522E-05;0,00000E+00;3,72520E-04;1,37743E-03;6,61217E-04;1,26018E-03;7,02165E-04;1,16767E-03;3,32186E-03;0,00000E+00;1,95403E-04;5,64136E-03;8,50357E-05;3,90807E-04;9,77017E-04;0,00000E+00;0,00000E+00;1,41409E-04;0,00000E+00;1,12652E-03;2,55107E-04;1,70071E-04;1,70071E-04;0,00000E+00;0,00000E+00;0,00000E+00;0,00000E+00;0,00000E+00;0,00000E+00;0,00000E+00;0,00000E+00;0,00000E+00;0,00000E+00;0,00000E+00;0,00000E+00;0,00000E+00;6,72342E-05;0,00000E+00;4,80589E-05;2,92147E-05;4,96697E-05;9,41173E-05;5,27332E-05;0,00000E+00;3,84617E-05;6,15387E-05;1,19231E-04;6,18770E-05;2,18117E-05;0,00000E+00;9,70165E-05;4,37784E-04;1,31441E-04;1,16940E-04;0,00000E+00
885;8,18087E-06;1,26247E-04;1,18664E-04;3,07647E-04;2,94478E-04;1,66636E-04;0,00000E+00;5,97141E-04;1,45747E-03;1,40651E-03;0,00000E+00;7,29535E-04;1,98099E-04;1,09315E-04;0,00000E+00;0,00000E+00;5,15067E-04;2,57534E-04;0,00000E+00;4,37260E-04;0,00000E+00;0,00000E+00;0,00000E+00;0,00000E+00;4,58338E-04;7,72601E-04;5,15067E-04;5,15067E-04;0,00000E+00;0,00000E+00;0,00000E+00;0,00000E+00;8,74520E-04;3,32313E-04;3,39338E-04;3,46363E-04;3,53388E-04;3,60413E-04;3,67438E-04;3,74463E-04;0,00000E+00;0,00000E+00;0,00000E+00;2,01712E-04;3,49447E-05;1,50427E-04;2,66191E-04;0,00000E+00;2,48167E-05;1,85703E-04;3,54479E-04;3,80873E-04;6,92320E-05;0,00000E+00;0,00000E+00;2,93818E-04;0,00000E+00;1,47065E-04;3,54158E-04;0,00000E+00
886;0,00000E+00;1,73767E-04;6,74255E-05;2,22198E-04;4,53014E-04;9,46836E-05;0,00000E+00;6,87686E-04;5,96485E-04;7,81521E-04;7,60187E-04;1,00173E-03;0,00000E+00;1,47660E-03;0,00000E+00;1,41449E-03;1,23768E-03;0,00000E+00;1,06087E-03;1,30932E-03;8,40038E-05;0,00000E+00;3,19887E-04;0,00000E+00;1,37244E-03;0,00000E+00;0,00000E+00;3,00579E-03;0,00000E+00;0,00000E+00;0,00000E+00;0,00000E+00;1,38096E-03;5,97650E-04;6,04340E-04;6,11030E-04;6,17720E-04;6,24410E-04;6,31100E-04;6,37791E-04;0,00000E+00;3,18670E-05;0,00000E+00;1,10643E-04;3,11889E-04;0,00000E+00;3,92703E-04;3,57868E-05;2,74809E-05;3,93316E-05;9,55195E-05;1,12376E-05;3,93381E-05;5,92090E-05;0,00000E+00;0,00000E+00;3,96130E-04;1,31137E-04;0,00000E+00;9,84873E-05
887;6,83117E-05;3,62687E-04;2,33974E-04;5,46766E-06;5,05931E-05;2,13602E-04;4,96871E-04;3,08378E-06;5,25923E-04;1,69156E-03;7,45139E-04;1,56909E-03;1,82939E-03;2,57119E-03;3,27243E-03;0,00000E+00;2,79644E-04;2,33745E-04;2,16490E-03;1,91586E-03;5,56074E-04;0,00000E+00;0,00000E+00;0,00000E+00;1,59258E-03;0,00000E+00;0,00000E+00;5,09987E-06;9,96178E-04;2,03995E-05;5,09987E-06;1,52996E-05;0,00000E+00;2,40148E-05;0,00000E+00;0,00000E+00;0,00000E+00;0,00000E+00;0,00000E+00;0,00000E+00;0,00000E+00;7,52039E-07;0,00000E+00;4,80376E-05;1,71002E-04;1,18723E-05;3,06241E-04;7,09941E-05;8,84413E-05;0,00000E+00;1,90301E-04;3,17168E-04;2,96073E-04;2,67177E-04;5,95063E-04;6,23540E-04;9,24150E-05;3,15836E-04;2,89299E-04;1,33751E-04
888;5,54895E-06;1,19091E-04;4,53957E-05;1,89095E-04;3,25046E-04;3,75395E-04;3,90444E-04;1,01149E-04;9,47644E-04;1,58016E-04;1,36647E-03;7,89765E-04;1,21600E-03;0,00000E+00;0,00000E+00;1,67403E-03;1,50549E-03;1,38289E-03;2,95351E-03;1,50549E-03;2,64914E-05;1,09007E-04;0,00000E+00;0,00000E+00;1,90730E-04;2,18351E-04;7,27837E-05;1,67277E-04;2,22568E-03;6,69109E-04;8,95115E-04;5,01831E-04;7,27837E-05;8,33255E-04;8,89365E-04;9,45476E-04;1,00159E-03;1,05770E-03;1,11381E-03;1,16992E-03;0,00000E+00;2,46671E-05;1,48565E-05;0,00000E+00;6,05276E-05;3,69681E-06;8,66888E-06;2,59571E-04;1,65234E-05;0,00000E+00;0,00000E+00;1,64600E-04;1,53653E-05;2,05393E-04;0,00000E+00;2,08487E-04;0,00000E+00;2,11469E-04;2,50229E-04;1,36742E-04
889;2,56082E-05;1,01288E-04;2,55906E-05;1,34216E-05;3,53973E-04;6,54278E-05;0,00000E+00;0,00000E+00;6,24641E-04;1,39460E-03;7,90583E-04;0,00000E+00;2,56790E-04;0,00000E+00;0,00000E+00;3,57647E-03;4,24340E-04;1,90285E-03;3,84799E-03;1,98026E-03;0,00000E+00;1,49993E-04;0,00000E+00;0,00000E+00;2,62444E-04;3,00450E-04;1,00150E-04;1,27302E-03;3,00450E-04;0,00000E+00;1,00150E-03;0,00000E+00;1,00150E-04;4,27390E-04;4,45811E-04;4,64232E-04;4,82652E-04;5,01073E-04;5,19494E-04;5,37914E-04;0,00000E+00;0,00000E+00;5,29232E-05;0,00000E+00;1,98327E-04;5,08679E-06;1,21434E-04;0,00000E+00;6,55511E-05;1,27953E-04;0,00000E+00;3,54442E-04;6,59335E-05;3,15777E-05;0,00000E+00;3,00243E-04;4,66028E-04;2,29049E-04;4,41571E-04;2,05167E-04
890;2,01781E-05;1,88561E-05;5,80187E-06;0,00000E+00;6,38206E-05;1,37990E-04;0,00000E+00;7,66326E-04;3,48112E-05;1,48974E-03;1,79240E-04;0,00000E+00;0,00000E+00;4,43564E-03;2,11221E-04;2,88618E-04;9,62062E-05;2,95709E-03;5,77237E-04;1,71629E-03;0,00000E+00;0,00000E+00;0,00000E+00;0,00000E+00;0,00000E+00;2,11221E-03;1,47855E-03;2,88618E-04;0,00000E+00;0,00000E+00;4,22442E-04;0,00000E+00;4,22442E-04;2,92792E-04;2,72473E-04;2,52155E-04;2,31837E-04;2,11518E-04;1,91200E-04;1,70882E-04;0,00000E+00;2,42256E-05;7,36403E-06;2,89391E-05;1,59607E-04;0,00000E+00;2,88980E-04;4,70266E-04;2,17497E-04;3,34722E-04;2,10178E-04;2,90094E-05;2,77698E-04;7,15927E-06;0,00000E+00;6,98120E-05;6,34553E-04;3,97827E-04;2,20503E-05;5,10809E-04
891;2,63007E-05;2,34050E-04;3,55054E-04;1,06921E-04;2,62136E-04;0,00000E+00;7,66160E-05;1,11646E-05;3,90305E-04;1,46980E-04;8,89925E-04;0,00000E+00;1,06145E-03;6,57888E-04;3,72576E-03;4,43130E-04;1,78125E-03;0,00000E+00;6,18726E-03;0,00000E+00;0,00000E+00;0,00000E+00;7,48961E-05;0,00000E+00;0,00000E+00;3,69275E-05;0,00000E+00;2,06987E-04;2,06987E-04;0,00000E+00;2,06987E-03;0,00000E+00;2,80842E-04;7,03065E-04;7,68702E-04;8,34340E-04;8,99978E-04;9,65616E-04;1,03125E-03;1,09689E-03;0,00000E+00;1,59397E-04;6,16639E-05;6,35085E-05;1,31068E-04;3,06710E-04;1,10939E-04;1,67578E-04;2,30465E-04;2,05964E-04;7,48961E-05;1,87240E-04;3,93270E-04;9,24187E-05;2,59878E-04;0,00000E+00;2,76628E-04;6,05565E-04;0,00000E+00;0,00000E+00
892;0,00000E+00;5,30104E-05;1,37656E-04;5,53653E-04;2,31318E-04;0,00000E+00;7,84410E-04;1,38466E-04;1,20945E-03;5,50625E-04;1,83237E-04;4,02432E-04;1,31133E-03;1,38340E-04;0,00000E+00;4,11066E-03;1,24506E-03;2,45058E-03;6,91698E-04;8,52377E-04;1,51863E-04;0,00000E+00;3,08424E-04;0,00000E+00;0,00000E+00;4,57981E-04;0,00000E+00;0,00000E+00;3,19641E-04;7,45830E-04;0,00000E+00;0,00000E+00;2,76679E-04;2,13335E-04;2,16553E-04;2,19771E-04;2,22989E-04;2,26207E-04;2,29425E-04;2,32643E-04;0,00000E+00;2,09489E-05;5,29455E-05;1,84799E-04;6,26486E-05;2,30827E-04;0,00000E+00;0,00000E+00;4,18745E-05;9,63825E-06;0,00000E+00;0,00000E+00;1,79944E-04;1,07039E-04;3,35412E-05;5,13248E-04;2,74947E-04;5,48511E-04;1,46523E-04;1,48372E-05
893;1,34794E-05;1,54294E-04;3,19876E-04;3,79749E-04;1,49848E-04;0,00000E+00;5,51477E-04;8,10976E-04;7,11599E-04;0,00000E+00;1,18701E-04;2,60696E-04;8,49480E-04;1,41444E-03;0,00000E+00;1,58749E-03;8,84025E-04;5,65401E-03;2,47527E-03;2,85064E-03;9,83773E-05;1,14746E-03;1,99798E-04;0,00000E+00;0,00000E+00;2,07064E-04;8,84025E-04;0,00000E+00;2,07064E-04;4,83150E-04;1,23764E-03;0,00000E+00;1,94486E-03;1,16534E-03;1,26879E-03;1,37223E-03;1,47568E-03;1,57913E-03;1,68258E-03;1,78602E-03;0,00000E+00;1,35708E-05;0,00000E+00;0,00000E+00;1,04559E-04;1,75286E-05;0,00000E+00;2,14714E-04;1,20415E-04;3,82313E-05;9,59627E-05;1,11957E-04;2,47206E-04;2,66697E-04;3,00071E-04;7,58326E-04;3,63851E-05;4,58934E-04;9,49176E-05;2,31200E-04
894;3,42083E-05;3,39362E-07;1,69681E-07;0,00000E+00;2,88458E-06;0,00000E+00;0,00000E+00;6,65965E-04;8,85585E-05;3,39362E-07;8,49069E-04;6,93308E-04;2,40478E-06;2,45308E-03;0,00000E+00;7,34235E-04;1,72353E-03;4,40635E-03;2,45495E-03;3,18919E-03;0,00000E+00;0,00000E+00;3,57288E-04;0,00000E+00;0,00000E+00;0,00000E+00;0,00000E+00;0,00000E+00;7,50304E-06;0,00000E+00;6,56516E-06;7,46427E-04;1,22372E-03;6,41806E-04;7,05568E-04;7,69330E-04;8,33092E-04;8,96853E-04;9,60615E-04;1,02438E-03;0,00000E+00;8,02015E-06;0,00000E+00;1,17555E-04;6,65461E-05;8,09820E-07;1,95485E-06;1,70845E-06;0,00000E+00;3,98513E-04;0,00000E+00;0,00000E+00;1,28696E-06;0,00000E+00;6,82181E-07;4,75564E-07;2,58779E-04;2,96463E-04;1,03422E-04;2,74269E-06
895;6,34856E-06;9,26126E-05;7,05188E-05;1,14785E-04;5,40240E-04;0,00000E+00;5,36822E-04;0,00000E+00;1,29133E-04;4,50958E-04;1,35936E-03;0,00000E+00;8,53007E-04;1,05391E-03;4,28256E-04;0,00000E+00;3,21693E-03;1,75651E-04;1,40521E-03;1,69071E-03;3,39111E-05;0,00000E+00;5,72019E-04;0,00000E+00;0,00000E+00;0,00000E+00;4,99632E-04;4,28256E-04;1,69071E-03;0,00000E+00;1,22956E-03;2,28347E-03;0,00000E+00;1,24362E-03;1,33790E-03;1,43217E-03;1,52644E-03;1,62072E-03;1,71499E-03;1,80926E-03;0,00000E+00;1,63726E-05;0,00000E+00;6,78808E-05;5,28891E-05;1,84295E-04;3,95870E-04;3,97017E-04;1,13427E-04;7,10234E-05;2,58267E-05;3,87400E-05;2,41029E-04;1,51378E-04;1,27763E-04;8,90662E-05;3,27025E-04;2,36309E-05;5,27661E-04;6,03121E-04
896;9,41063E-06;1,27070E-04;3,41735E-04;7,44512E-04;1,80924E-04;1,24441E-04;9,43945E-04;4,75116E-04;1,01850E-03;1,24626E-03;4,29953E-04;5,39589E-04;5,96823E-04;0,00000E+00;9,20535E-04;1,57147E-03;2,47588E-03;0,00000E+00;1,14288E-03;4,23209E-04;5,02672E-05;0,00000E+00;0,00000E+00;0,00000E+00;1,49747E-04;0,00000E+00;7,40616E-04;6,34814E-04;1,99468E-03;0,00000E+00;0,00000E+00;0,00000E+00;0,00000E+00;3,12323E-04;3,11184E-04;3,10045E-04;3,08906E-04;3,07767E-04;3,06627E-04;3,05488E-04;0,00000E+00;2,42696E-05;0,00000E+00;4,71115E-05;1,33531E-04;4,83649E-05;1,12167E-04;1,14211E-04;1,68135E-04;4,54205E-04;2,57977E-04;2,12503E-04;1,50795E-04;2,88178E-04;0,00000E+00;5,07075E-04;3,91836E-04;6,53462E-04;7,69814E-04;4,31012E-04
897;9,01547E-05;3,02117E-05;6,93408E-05;2,26524E-04;4,41259E-05;6,39021E-04;2,03427E-04;1,15877E-04;2,79516E-04;3,97289E-04;1,21414E-03;6,39153E-04;0,00000E+00;6,45016E-04;4,99695E-04;3,60835E-03;2,50443E-03;0,00000E+00;2,78740E-04;3,65509E-03;0,00000E+00;2,68341E-04;0,00000E+00;6,58981E-04;3,65220E-05;0,00000E+00;0,00000E+00;0,00000E+00;3,60835E-03;0,00000E+00;0,00000E+00;0,00000E+00;0,00000E+00;3,75900E-04;3,73617E-04;3,71334E-04;3,69051E-04;3,66768E-04;3,64485E-04;3,62202E-04;0,00000E+00;9,51155E-05;0,00000E+00;0,00000E+00;2,36006E-04;1,09205E-05;1,65996E-05;0,00000E+00;2,44053E-04;8,51000E-05;5,35815E-05;3,78222E-05;3,67777E-05;6,15550E-04;4,17033E-04;7,23287E-04;3,10904E-04;1,59374E-04;1,92479E-04;7,27799E-05
898;6,83888E-05;1,16850E-04;0,00000E+00;2,01962E-04;4,23080E-04;1,77851E-04;1,67502E-04;6,89076E-04;9,40280E-05;1,69232E-04;9,25614E-05;1,52466E-03;2,96953E-04;2,44986E-03;2,30137E-03;3,71230E-05;4,02367E-03;1,72230E-03;0,00000E+00;2,59861E-04;0,00000E+00;0,00000E+00;1,88056E-04;0,00000E+00;0,00000E+00;0,00000E+00;5,56845E-04;1,07644E-03;1,29918E-03;6,45863E-04;3,44460E-03;2,22738E-04;1,50701E-03;1,92870E-03;2,09458E-03;2,26046E-03;2,42633E-03;2,59221E-03;2,75809E-03;2,92397E-03;0,00000E+00;0,00000E+00;6,59162E-05;3,56032E-05;1,26587E-04;3,78954E-04;6,63152E-05;0,00000E+00;0,00000E+00;0,00000E+00;4,23080E-05;0,00000E+00;1,59085E-04;4,55819E-05;1,83595E-04;1,95744E-04;7,63147E-05;2,51684E-04;5,61563E-05;3,47362E-04
899;1,11754E-05;0,00000E+00;1,39230E-04;0,00000E+00;1,29644E-04;9,49954E-04;3,99167E-04;1,34796E-03;5,61902E-04;2,90537E-04;0,00000E+00;4,15239E-04;8,01373E-04;1,91609E-03;9,03078E-04;6,93005E-04;6,83202E-04;1,09938E-04;3,29813E-04;1,00321E-03;0,00000E+00;5,48839E-05;8,85124E-04;0,00000E+00;2,88093E-04;0,00000E+00;2,36962E-03;7,69564E-04;9,69834E-04;0,00000E+00;0,00000E+00;8,59897E-04;7,69564E-04;6,45239E-04;6,47752E-04;6,50265E-04;6,52777E-04;6,55290E-04;6,57802E-04;6,60315E-04;0,00000E+00;0,00000E+00;5,04906E-05;1,75105E-04;0,00000E+00;2,69131E-04;1,13288E-04;0,00000E+00;3,32775E-05;7,95597E-05;2,29093E-05;0,00000E+00;4,38701E-04;1,75973E-04;1,04243E-04;1,01786E-04;2,49413E-04;2,10235E-04;2,16796E-04;2,99362E-04
900;7,20565E-06;4,98582E-05;3,72302E-04;0,00000E+00;6,64776E-05;1,13000E-03;5,43259E-04;4,50062E-04;1,94724E-04;1,74936E-03;3,15958E-04;2,67737E-04;8,92444E-04;1,96597E-03;2,12657E-04;3,54428E-04;1,17321E-03;1,54065E-03;5,80099E-04;2,02093E-03;1,16382E-04;8,12473E-05;1,02597E-04;0,00000E+00;1,85756E-04;0,00000E+00;1,41771E-04;4,96199E-04;3,01042E-03;0,00000E+00;0,00000E+00;1,83721E-04;3,98690E-03;1,94372E-03;2,12309E-03;2,30247E-03;2,48184E-03;2,66121E-03;2,84059E-03;3,01996E-03;0,00000E+00;1,20409E-05;1,02869E-04;6,83297E-05;0,00000E+00;4,68051E-05;6,75424E-05;0,00000E+00;1,46582E-04;5,12984E-05;6,41231E-06;1,66194E-05;2,71495E-04;0,00000E+00;4,45441E-05;3,56679E-04;3,54227E-04;3,08277E-04;0,00000E+00;2,55841E-05
901;2,97542E-05;0,00000E+00;2,31377E-04;6,16875E-04;4,40155E-06;3,70857E-06;4,41669E-06;6,13947E-04;1,18828E-03;9,68340E-06;4,18398E-06;0,00000E+00;2,59088E-04;0,00000E+00;2,52615E-03;2,67616E-05;4,80213E-03;1,94629E-05;0,00000E+00;0,00000E+00;1,54116E-06;0,00000E+00;0,00000E+00;3,31824E-04;3,97189E-04;2,27354E-03;4,86574E-06;0,00000E+00;0,00000E+00;0,00000E+00;0,00000E+00;2,43287E-06;1,45972E-05;0,00000E+00;0,00000E+00;0,00000E+00;0,00000E+00;0,00000E+00;0,00000E+00;0,00000E+00;0,00000E+00;1,24171E-05;0,00000E+00;6,92210E-05;1,32046E-06;0,00000E+00;1,35395E-04;5,26070E-05;3,68207E-07;2,52248E-04;1,10039E-06;1,32046E-06;4,10879E-06;0,00000E+00;7,04351E-04;5,24287E-06;2,56500E-06;3,75854E-05;0,00000E+00;3,20328E-04
902;6,40717E-05;0,00000E+00;2,11779E-04;7,60025E-04;3,25814E-04;2,74518E-04;3,26935E-04;3,33374E-04;0,00000E+00;7,16790E-04;4,74076E-04;2,52693E-04;5,09724E-04;0,00000E+00;1,22336E-03;2,13388E-03;1,80087E-04;1,44070E-03;6,88140E-04;0,00000E+00;1,14080E-04;2,67196E-04;5,53325E-04;0,00000E+00;0,00000E+00;0,00000E+00;3,60174E-04;1,52920E-04;0,00000E+00;0,00000E+00;3,82300E-04;5,62387E-04;1,53928E-03;7,91152E-04;8,60778E-04;9,30403E-04;1,00003E-03;1,06965E-03;1,13928E-03;1,20891E-03;0,00000E+00;0,00000E+00;0,00000E+00;0,00000E+00;9,77441E-05;0,00000E+00;0,00000E+00;1,09350E-04;1,48761E-04;7,20793E-05;8,14534E-05;1,32327E-04;3,44497E-04;0,00000E+00;0,00000E+00;6,01326E-04;2,20098E-04;2,66504E-04;1,26176E-04;4,24922E-04
903;4,23573E-05;0,00000E+00;1,09654E-04;4,68505E-04;0,00000E+00;1,97980E-04;3,53673E-04;3,90220E-04;0,00000E+00;0,00000E+00;2,29182E-04;3,52338E-04;2,88641E-03;0,00000E+00;1,70577E-03;2,13221E-04;0,00000E+00;1,06066E-03;3,68692E-03;0,00000E+00;0,00000E+00;3,72560E-04;9,90828E-04;0,00000E+00;0,00000E+00;1,66676E-03;0,00000E+00;2,48607E-03;0,00000E+00;0,00000E+00;5,33053E-04;1,74524E-03;6,39663E-04;9,40850E-04;9,71765E-04;1,00268E-03;1,03360E-03;1,06451E-03;1,09543E-03;1,12634E-03;0,00000E+00;2,23440E-05;6,18573E-05;1,03800E-04;1,37068E-04;0,00000E+00;0,00000E+00;0,00000E+00;1,69419E-04;1,33005E-04;1,23361E-04;8,93403E-05;2,16205E-04;1,18395E-04;0,00000E+00;8,92767E-04;1,81934E-04;2,03849E-04;2,80118E-04;1,09406E-03
904;8,98063E-06;0,00000E+00;2,32491E-05;1,30351E-04;0,00000E+00;4,19759E-05;1,93166E-04;1,90847E-03;1,48396E-03;7,41979E-04;0,00000E+00;2,15141E-04;4,61291E-04;2,96194E-03;0,00000E+00;0,00000E+00;2,27841E-04;6,80566E-04;5,78271E-04;0,00000E+00;0,00000E+00;0,00000E+00;4,64981E-05;0,00000E+00;0,00000E+00;3,53388E-04;0,00000E+00;4,81892E-04;0,00000E+00;4,55683E-04;0,00000E+00;2,07974E-03;1,13921E-03;1,20280E-03;1,32002E-03;1,43724E-03;1,55446E-03;1,67168E-03;1,78890E-03;1,90613E-03;0,00000E+00;1,59368E-05;3,05550E-05;2,20078E-05;3,93666E-05;0,00000E+00;1,22116E-04;2,45949E-04;2,75865E-04;2,11650E-04;1,29208E-04;8,71840E-06;8,03499E-04;5,05349E-05;1,10483E-04;1,26247E-04;2,96371E-05;2,27133E-04;1,78752E-04;5,36905E-04
905;4,97906E-05;0,00000E+00;4,72540E-04;4,95965E-04;5,27731E-04;1,22991E-04;0,00000E+00;3,29090E-04;1,63813E-03;0,00000E+00;8,98406E-04;1,23070E-04;1,56291E-03;4,35391E-03;8,70781E-04;3,91852E-03;3,65644E-03;4,48377E-03;2,26290E-03;1,30335E-04;0,00000E+00;0,00000E+00;1,88642E-04;0,00000E+00;0,00000E+00;0,00000E+00;0,00000E+00;0,00000E+00;8,70781E-04;3,13462E-03;0,00000E+00;0,00000E+00;0,00000E+00;6,30890E-04;6,67995E-04;7,05099E-04;7,42204E-04;7,79309E-04;8,16413E-04;8,53518E-04;0,00000E+00;8,12878E-05;0,00000E+00;5,81320E-05;1,96502E-06;1,45878E-04;0,00000E+00;1,02811E-04;2,47106E-04;0,00000E+00;2,16492E-04;7,47983E-05;2,75149E-05;0,00000E+00;3,37755E-04;9,91324E-05;4,24499E-04;6,20813E-04;0,00000E+00;3,02498E-05
906;2,74392E-05;2,71312E-05;1,29042E-04;4,50178E-04;1,81847E-04;7,17344E-04;1,86683E-04;4,35261E-04;1,02888E-03;2,17050E-04;1,83995E-04;7,43947E-04;1,23044E-04;9,59761E-04;0,00000E+00;4,79881E-04;2,36359E-03;1,14121E-03;3,03148E-03;1,14777E-03;7,59979E-05;0,00000E+00;1,27055E-03;0,00000E+00;0,00000E+00;0,00000E+00;1,19970E-04;0,00000E+00;0,00000E+00;2,85302E-04;0,00000E+00;7,19821E-04;2,39940E-04;1,61441E-04;1,49823E-04;1,38205E-04;1,26587E-04;1,14969E-04;1,03350E-04;9,17324E-05;0,00000E+00;5,60951E-05;9,48912E-05;9,32858E-05;6,45211E-06;1,15928E-04;0,00000E+00;0,00000E+00;1,54335E-04;0,00000E+00;3,78056E-04;5,16169E-05;1,40998E-04;1,87481E-04;6,91729E-05;6,29661E-04;3,43117E-04;2,11987E-04;3,46462E-04;3,49921E-04
907;1,52733E-05;1,31490E-04;1,43247E-04;2,50580E-04;5,38043E-04;1,74504E-04;7,19941E-04;2,42276E-04;3,14119E-04;7,65428E-04;4,25520E-04;1,89168E-04;4,74519E-04;5,34226E-04;1,78148E-03;2,67113E-04;4,16397E-03;2,37531E-03;3,30782E-03;4,00669E-04;4,23022E-05;0,00000E+00;3,62445E-04;7,80025E-04;1,34865E-03;0,00000E+00;1,65032E-03;0,00000E+00;0,00000E+00;0,00000E+00;1,18766E-03;1,19244E-03;1,33556E-04;5,59095E-04;5,52270E-04;5,45445E-04;5,38620E-04;5,31795E-04;5,24970E-04;5,18145E-04;0,00000E+00;7,13512E-05;1,03323E-04;2,74476E-05;0,00000E+00;5,02692E-05;1,17880E-05;0,00000E+00;1,30844E-04;1,79059E-05;1,92222E-04;0,00000E+00;2,81949E-05;1,70642E-04;4,07934E-04;1,69304E-04;9,68070E-05;1,07163E-04;7,10046E-04;1,39488E-04
908;3,80717E-05;0,00000E+00;4,82497E-05;8,68723E-05;7,55572E-06;0,00000E+00;1,35388E-05;1,23959E-03;7,55572E-06;0,00000E+00;1,10173E-04;1,20983E-03;1,31408E-04;1,25288E-04;3,33125E-03;3,12720E-03;4,43977E-03;3,13221E-05;8,35255E-05;0,00000E+00;0,00000E+00;9,80301E-04;0,00000E+00;1,57079E-03;1,91305E-03;0,00000E+00;8,35255E-05;0,00000E+00;6,09212E-03;0,00000E+00;0,00000E+00;0,00000E+00;7,30848E-05;4,78246E-04;4,17816E-04;3,57385E-04;2,96955E-04;2,36524E-04;1,76093E-04;1,15663E-04;0,00000E+00;1,03845E-04;3,92289E-05;4,29140E-06;1,01222E-04;1,01183E-04;0,00000E+00;2,42038E-04;0,00000E+00;9,74438E-05;1,71707E-04;0,00000E+00;1,67800E-04;2,57433E-04;4,97033E-04;3,48660E-04;1,23837E-05;0,00000E+00;4,24307E-04;2,14104E-04
909;5,66287E-05;0,00000E+00;2,32559E-04;4,89529E-04;1,29422E-04;1,15669E-04;5,07414E-04;0,00000E+00;2,89584E-04;0,00000E+00;0,00000E+00;3,76165E-04;0,00000E+00;2,76575E-03;2,65580E-04;1,60241E-03;1,69629E-03;5,36515E-04;2,75861E-03;1,50495E-03;5,60793E-05;3,57124E-04;0,00000E+00;0,00000E+00;1,49032E-03;0,00000E+00;1,43071E-03;0,00000E+00;4,46025E-03;0,00000E+00;0,00000E+00;8,85267E-05;1,25187E-03;9,97086E-04;1,02744E-03;1,05780E-03;1,08815E-03;1,11851E-03;1,14886E-03;1,17922E-03;0,00000E+00;5,27439E-05;0,00000E+00;7,35073E-05;1,45600E-04;1,72587E-04;3,16318E-05;0,00000E+00;0,00000E+00;1,44954E-04;2,65883E-04;8,00813E-06;9,43858E-05;0,00000E+00;0,00000E+00;4,64181E-04;2,12121E-04;1,66737E-04;1,82857E-04;1,23278E-04
910;6,71882E-05;1,51083E-04;3,18686E-04;2,02699E-04;0,00000E+00;4,22714E-04;5,73702E-04;9,59419E-04;1,57239E-03;2,41733E-04;9,33499E-04;1,05929E-03;0,00000E+00;7,05838E-04;3,30880E-03;8,06672E-04;2,13968E-03;1,16912E-03;3,01566E-03;1,88120E-03;6,38757E-05;4,16896E-05;0,00000E+00;0,00000E+00;1,84475E-03;0,00000E+00;0,00000E+00;0,00000E+00;1,71106E-03;0,00000E+00;0,00000E+00;9,35917E-04;0,00000E+00;3,90129E-04;3,87422E-04;3,84716E-04;3,82009E-04;3,79302E-04;3,76595E-04;3,73888E-04;0,00000E+00;1,42299E-04;0,00000E+00;0,00000E+00;4,53250E-05;0,00000E+00;3,60294E-05;0,00000E+00;0,00000E+00;7,29716E-05;1,18579E-04;9,12145E-06;1,76293E-04;0,00000E+00;0,00000E+00;5,08523E-04;3,96197E-04;2,34856E-04;1,80266E-04;1,40416E-04
911;3,78661E-05;2,04689E-05;1,22813E-05;2,99393E-04;0,00000E+00;3,94201E-05;3,52102E-05;1,55590E-03;1,88314E-04;3,27502E-05;2,15420E-03;1,96058E-03;0,00000E+00;0,00000E+00;1,89665E-03;2,23403E-03;2,48903E-04;3,38532E-03;4,42348E-03;2,26276E-05;0,00000E+00;5,64815E-06;0,00000E+00;0,00000E+00;2,36828E-04;0,00000E+00;0,00000E+00;0,00000E+00;6,78827E-05;0,00000E+00;9,92901E-04;8,57814E-04;4,96451E-04;7,28825E-04;8,01327E-04;8,73830E-04;9,46333E-04;1,01884E-03;1,09134E-03;1,16384E-03;0,00000E+00;1,92788E-05;5,70007E-05;0,00000E+00;1,40867E-04;0,00000E+00;0,00000E+00;0,00000E+00;1,87841E-05;1,57181E-04;4,26635E-04;0,00000E+00;1,02488E-04;1,10831E-04;3,91193E-04;5,95166E-04;5,36771E-05;1,39666E-04;1,02407E-04;6,56765E-04
912;4,36577E-06;1,55221E-04;3,50374E-05;0,00000E+00;1,86485E-04;2,34677E-04;0,00000E+00;4,56146E-04;0,00000E+00;4,67928E-04;3,70665E-04;8,14071E-04;0,00000E+00;2,34064E-03;4,00851E-04;0,00000E+00;1,07766E-03;3,43586E-04;5,11234E-03;9,73495E-04;0,00000E+00;0,00000E+00;5,54561E-04;0,00000E+00;1,35553E-03;0,00000E+00;3,43586E-04;0,00000E+00;0,00000E+00;2,29058E-04;0,00000E+00;4,50948E-03;6,87173E-04;1,57996E-03;1,71104E-03;1,84213E-03;1,97321E-03;2,10430E-03;2,23538E-03;2,36646E-03;0,00000E+00;6,41787E-05;3,36050E-05;0,00000E+00;6,87083E-05;2,32684E-05;0,00000E+00;0,00000E+00;0,00000E+00;1,16696E-04;4,14411E-05;1,87994E-04;3,62670E-05;5,19169E-04;2,35155E-04;1,45183E-05;4,93992E-04;1,68093E-04;7,08745E-05;9,00416E-05
913;1,04119E-05;6,79476E-05;2,12727E-04;1,85888E-04;4,44748E-04;0,00000E+00;1,07920E-04;5,03240E-04;0,00000E+00;7,02658E-04;0,00000E+00;0,00000E+00;7,82438E-04;9,55989E-04;9,55989E-04;4,16122E-04;5,54829E-04;1,92908E-03;2,60551E-03;2,32169E-03;0,00000E+00;0,00000E+00;1,13658E-03;0,00000E+00;0,00000E+00;0,00000E+00;8,19419E-04;5,54829E-04;0,00000E+00;5,46279E-04;0,00000E+00;1,50227E-03;1,63884E-03;1,06953E-03;1,14475E-03;1,21998E-03;1,29520E-03;1,37043E-03;1,44565E-03;1,52088E-03;0,00000E+00;9,90523E-05;1,01379E-04;5,22613E-05;1,86375E-04;9,07188E-05;9,08638E-05;0,00000E+00;0,00000E+00;2,48049E-04;3,24687E-04;3,21400E-04;1,59699E-04;3,82066E-04;1,68151E-04;2,63208E-04;1,61986E-04;5,51194E-05;3,02553E-04;3,47682E-04
914;6,74491E-05;0,00000E+00;3,30858E-04;4,89850E-04;0,00000E+00;1,92659E-04;1,13334E-03;1,47325E-03;8,00306E-04;1,80362E-03;6,65654E-04;0,00000E+00;7,68857E-04;1,32706E-03;2,21177E-04;1,27350E-03;2,23487E-04;1,99521E-03;2,26995E-03;0,00000E+00;0,00000E+00;1,65626E-04;0,00000E+00;0,00000E+00;0,00000E+00;0,00000E+00;0,00000E+00;2,23487E-04;0,00000E+00;1,99059E-03;1,99059E-03;0,00000E+00;0,00000E+00;9,15596E-04;9,94879E-04;1,07416E-03;1,15344E-03;1,23273E-03;1,31201E-03;1,39129E-03;0,00000E+00;1,55625E-05;1,72208E-04;2,10510E-05;3,78017E-05;4,07377E-04;3,66002E-05;0,00000E+00;0,00000E+00;2,52708E-05;9,09748E-05;5,05416E-06;2,39603E-04;2,49465E-05;6,77319E-05;9,20741E-05;4,66379E-04;0,00000E+00;3,88360E-04;1,40047E-04
915;6,40335E-06;1,39106E-04;5,92628E-04;1,68299E-04;7,29388E-04;2,74355E-04;5,78469E-04;6,82204E-04;1,91464E-03;9,68023E-04;3,25001E-04;0,00000E+00;1,32957E-05;4,59388E-04;1,18938E-03;0,00000E+00;1,03708E-04;5,03944E-04;1,03708E-04;3,37051E-04;1,64240E-05;0,00000E+00;1,28699E-04;4,54086E-05;1,45265E-03;1,24123E-03;1,29635E-04;0,00000E+00;3,27563E-03;1,46728E-03;0,00000E+00;4,69106E-03;0,00000E+00;2,04304E-03;2,17874E-03;2,31444E-03;2,45014E-03;2,58584E-03;2,72154E-03;2,85724E-03;0,00000E+00;0,00000E+00;1,28580E-05;4,31529E-05;2,27934E-04;1,02385E-04;0,00000E+00;5,09995E-05;0,00000E+00;3,46226E-04;2,85247E-04;7,30708E-05;3,72354E-04;0,00000E+00;1,88584E-05;0,00000E+00;2,19744E-04;3,38985E-04;1,21278E-03;2,17751E-04
916;9,67559E-06;1,54685E-05;0,00000E+00;6,64575E-04;0,00000E+00;3,07955E-04;7,98262E-04;1,04807E-03;0,00000E+00;3,71245E-04;0,00000E+00;2,56794E-04;8,76902E-05;2,12946E-03;1,41455E-03;3,26344E-04;6,83995E-04;0,00000E+00;1,66303E-03;3,20202E-03;1,08323E-04;0,00000E+00;2,47497E-04;2,99488E-04;2,85062E-04;1,53899E-03;8,54994E-04;2,17563E-04;0,00000E+00;1,36799E-03;0,00000E+00;1,78746E-03;0,00000E+00;7,30818E-04;7,50277E-04;7,69736E-04;7,89195E-04;8,08654E-04;8,28113E-04;8,47571E-04;0,00000E+00;0,00000E+00;0,00000E+00;0,00000E+00;1,47605E-05;1,04978E-04;0,00000E+00;8,80700E-05;0,00000E+00;5,38567E-04;1,65906E-04;3,09371E-05;0,00000E+00;0,00000E+00;1,24379E-04;0,00000E+00;1,92559E-04;0,00000E+00;0,00000E+00;1,08218E-04
917;3,72597E-05;0,00000E+00;0,00000E+00;1,80717E-04;3,13673E-04;4,18805E-04;8,49332E-04;1,10199E-03;2,09116E-04;0,00000E+00;0,00000E+00;9,36915E-04;4,93943E-04;6,20645E-04;1,77327E-04;2,77032E-03;3,27490E-03;0,00000E+00;1,37589E-03;5,03607E-03;0,00000E+00;0,00000E+00;0,00000E+00;0,00000E+00;2,32344E-04;0,00000E+00;0,00000E+00;1,77327E-04;3,85282E-04;0,00000E+00;1,15585E-03;6,20645E-04;0,00000E+00;5,65413E-04;6,14712E-04;6,64010E-04;7,13309E-04;7,62607E-04;8,11906E-04;8,61205E-04;0,00000E+00;2,20946E-05;0,00000E+00;6,59837E-06;1,16589E-04;1,63841E-04;4,58889E-05;7,17826E-05;0,00000E+00;4,81230E-05;1,59316E-04;2,78821E-04;1,83007E-04;2,36537E-04;1,16767E-04;1,22101E-04;4,52947E-04;5,44248E-04;2,64918E-04;5,05433E-04
918;1,85173E-05;2,39523E-04;0,00000E+00;4,98076E-06;5,90710E-05;4,62482E-06;4,57117E-04;8,71572E-04;1,31684E-03;1,00852E-04;3,59500E-04;1,46756E-03;1,87171E-03;0,00000E+00;0,00000E+00;5,08596E-03;9,02597E-05;0,00000E+00;6,42647E-03;1,23168E-03;0,00000E+00;0,00000E+00;1,91618E-03;7,32224E-04;1,16862E-03;3,62335E-03;0,00000E+00;3,90207E-03;1,06188E-05;1,39360E-03;3,18564E-05;0,00000E+00;0,00000E+00;0,00000E+00;0,00000E+00;0,00000E+00;0,00000E+00;0,00000E+00;0,00000E+00;0,00000E+00;0,00000E+00;6,08950E-07;0,00000E+00;1,33836E-04;2,88173E-06;2,15738E-06;3,16634E-04;2,44457E-04;0,00000E+00;0,00000E+00;5,82299E-04;7,68460E-06;3,87504E-04;6,51921E-06;3,70066E-05;4,62681E-04;1,58124E-04;5,39957E-04;7,35555E-04;1,25691E-05
919;0,00000E+00;0,00000E+00;5,53583E-04;1,10453E-04;1,49111E-04;6,92377E-05;0,00000E+00;7,20956E-05;1,92141E-03;5,21889E-04;0,00000E+00;3,89121E-04;8,21162E-04;1,58973E-03;2,80825E-03;2,47255E-03;7,94863E-05;3,96504E-03;0,00000E+00;3,32915E-03;0,00000E+00;5,30500E-04;0,00000E+00;0,00000E+00;2,91613E-04;5,76928E-03;1,64837E-03;2,26650E-03;4,32696E-03;4,12091E-04;0,00000E+00;1,03332E-03;0,00000E+00;1,03453E-03;9,75499E-04;9,16467E-04;8,57436E-04;7,98405E-04;7,39374E-04;6,80343E-04;0,00000E+00;9,45280E-05;0,00000E+00;8,75187E-05;0,00000E+00;1,13043E-04;3,19033E-04;9,73093E-05;4,67766E-05;0,00000E+00;0,00000E+00;1,89321E-04;2,82737E-04;0,00000E+00;0,00000E+00;1,41066E-04;8,84101E-04;1,06935E-05;2,00788E-04;5,14430E-04
920;0,00000E+00;0,00000E+00;7,73651E-05;4,44781E-05;0,00000E+00;4,31659E-04;4,30372E-05;1,10817E-04;3,28599E-04;0,00000E+00;8,56162E-04;0,00000E+00;1,99747E-03;3,60516E-03;1,46613E-03;0,00000E+00;2,94324E-03;1,34395E-03;9,95669E-04;3,66532E-04;0,00000E+00;1,82983E-04;0,00000E+00;0,00000E+00;4,48233E-04;8,29724E-04;0,00000E+00;3,31890E-04;1,49350E-03;0,00000E+00;0,00000E+00;5,23909E-03;0,00000E+00;1,86542E-03;2,02998E-03;2,19453E-03;2,35909E-03;2,52364E-03;2,68820E-03;2,85276E-03;0,00000E+00;1,63138E-05;0,00000E+00;6,99556E-05;0,00000E+00;1,73756E-04;0,00000E+00;0,00000E+00;0,00000E+00;2,40182E-04;1,50114E-05;3,31565E-05;0,00000E+00;9,26171E-05;3,41991E-04;6,79625E-04;2,73728E-04;6,10870E-05;3,39799E-04;8,50689E-05
921;0,00000E+00;0,00000E+00;0,00000E+00;9,81547E-06;9,65311E-04;7,17729E-05;1,41284E-04;4,60901E-04;6,96544E-04;0,00000E+00;1,39055E-03;1,67939E-03;2,36754E-03;2,56346E-04;0,00000E+00;2,03260E-03;3,16330E-03;2,03260E-03;4,03085E-03;0,00000E+00;0,00000E+00;7,61046E-04;0,00000E+00;0,00000E+00;0,00000E+00;1,83104E-04;0,00000E+00;7,32417E-05;3,29587E-04;0,00000E+00;0,00000E+00;8,05658E-04;0,00000E+00;3,04945E-04;3,31470E-04;3,57994E-04;3,84519E-04;4,11043E-04;4,37567E-04;4,64092E-04;0,00000E+00;3,60013E-06;0,00000E+00;2,86165E-05;0,00000E+00;0,00000E+00;1,66438E-04;1,02850E-04;1,34587E-04;5,30035E-05;4,85968E-04;2,75803E-04;2,95005E-04;1,62243E-04;7,54707E-05;1,02130E-04;6,02717E-04;1,80761E-04;7,79067E-04;0,00000E+00
922;6,79396E-05;1,20919E-04;0,00000E+00;5,43729E-05;7,91469E-04;2,42970E-04;2,52125E-04;5,87841E-04;8,79410E-04;1,83508E-04;5,14251E-04;1,26220E-03;1,92691E-03;3,40254E-03;1,01431E-04;4,56438E-04;3,85898E-03;0,00000E+00;2,20842E-03;1,25735E-03;0,00000E+00;1,26592E-05;0,00000E+00;8,88230E-05;1,92722E-03;6,08584E-04;5,57869E-04;0,00000E+00;0,00000E+00;1,45823E-03;2,02861E-04;1,45823E-03;0,00000E+00;6,41478E-04;6,51673E-04;6,61868E-04;6,72063E-04;6,82258E-04;6,92453E-04;7,02648E-04;0,00000E+00;9,97148E-06;5,17596E-06;6,94844E-06;7,69484E-05;1,03037E-05;1,01315E-04;0,00000E+00;7,59586E-05;3,95735E-04;1,36499E-04;2,41838E-04;4,90758E-04;1,13221E-05;5,30333E-04;1,55381E-04;1,60149E-04;0,00000E+00;3,03700E-04;7,68697E-04
923;0,00000E+00;0,00000E+00;3,16356E-04;2,24141E-04;0,00000E+00;7,50273E-04;3,62794E-04;6,34404E-04;8,60489E-04;1,17406E-03;1,84480E-03;0,00000E+00;5,62164E-04;2,79776E-04;3,13211E-04;2,52855E-03;2,10889E-03;0,00000E+00;3,52448E-03;4,81076E-03;0,00000E+00;3,90908E-05;5,06170E-05;2,74279E-04;1,67105E-03;3,13825E-03;1,72266E-03;0,00000E+00;0,00000E+00;1,39888E-04;6,26421E-04;5,59551E-04;0,00000E+00;1,99951E-04;1,19097E-04;3,82419E-05;0,00000E+00;0,00000E+00;0,00000E+00;0,00000E+00;0,00000E+00;3,07912E-05;1,95522E-05;2,14563E-05;5,06170E-05;3,18170E-05;0,00000E+00;0,00000E+00;1,77763E-04;0,00000E+00;1,41665E-05;7,59255E-05;2,77487E-04;3,49618E-05;0,00000E+00;9,92609E-05;7,37427E-05;0,00000E+00;5,61632E-04;5,17266E-04
924;0,00000E+00;0,00000E+00;4,47039E-04;1,20314E-04;4,17684E-05;1,00550E-04;1,77362E-04;3,10146E-04;1,42312E-03;9,65241E-04;4,41045E-04;0,00000E+00;0,00000E+00;1,36776E-04;6,92600E-04;1,93231E-03;3,41941E-04;0,00000E+00;9,57434E-04;8,20657E-04;0,00000E+00;6,91530E-04;2,47456E-05;2,02170E-04;2,15054E-04;6,15493E-04;0,00000E+00;0,00000E+00;2,53953E-03;6,83881E-05;0,00000E+00;4,66002E-03;0,00000E+00;1,78916E-03;1,94262E-03;2,09607E-03;2,24952E-03;2,40297E-03;2,55642E-03;2,70987E-03;0,00000E+00;0,00000E+00;1,74491E-06;0,00000E+00;2,47456E-05;0,00000E+00;0,00000E+00;0,00000E+00;0,00000E+00;2,29726E-04;1,67074E-04;3,71183E-05;1,36282E-04;0,00000E+00;0,00000E+00;0,00000E+00;3,60512E-05;0,00000E+00;1,69284E-04;1,14281E-04
925;0,00000E+00;0,00000E+00;2,27745E-04;2,73999E-04;0,00000E+00;2,39182E-04;2,40048E-04;5,87590E-05;2,34409E-05;0,00000E+00;7,42741E-05;4,06412E-04;1,00417E-03;1,39869E-03;1,29565E-04;2,75517E-03;0,00000E+00;6,47814E-03;0,00000E+00;2,56083E-03;0,00000E+00;9,07742E-04;7,71051E-04;6,12417E-04;2,26351E-05;7,23097E-03;0,00000E+00;3,91632E-03;0,00000E+00;1,39869E-03;0,00000E+00;0,00000E+00;8,39212E-04;5,03093E-04;3,77995E-04;2,52897E-04;1,27798E-04;2,70024E-06;0,00000E+00;0,00000E+00;0,00000E+00;0,00000E+00;7,85118E-05;1,72469E-04;0,00000E+00;0,00000E+00;0,00000E+00;0,00000E+00;0,00000E+00;3,28966E-04;2,37513E-04;1,75807E-05;9,11743E-06;0,00000E+00;1,30890E-05;6,02228E-05;5,16129E-04;4,28499E-04;1,92482E-04;2,96741E-04
926;6,78461E-05;1,02768E-05;1,23322E-04;1,02619E-04;0,00000E+00;5,00251E-04;1,98590E-04;7,61333E-04;2,07804E-04;1,23322E-04;6,58442E-04;4,65838E-04;0,00000E+00;0,00000E+00;2,05745E-03;4,03707E-03;1,02245E-03;4,12116E-03;1,93130E-03;3,82866E-04;5,39748E-05;0,00000E+00;5,54145E-04;0,00000E+00;2,00661E-04;2,10576E-03;0,00000E+00;0,00000E+00;1,24967E-03;0,00000E+00;6,81636E-04;0,00000E+00;0,00000E+00;1,92833E-04;1,56743E-04;1,20652E-04;8,45613E-05;4,84707E-05;1,23800E-05;0,00000E+00;0,00000E+00;7,44561E-06;0,00000E+00;2,33475E-05;0,00000E+00;0,00000E+00;0,00000E+00;9,19761E-05;0,00000E+00;0,00000E+00;8,65851E-05;2,17514E-04;2,60700E-04;3,04348E-04;1,16035E-04;7,21095E-04;1,19776E-04;2,66324E-04;4,35972E-04;4,03106E-04
927;5,99623E-05;9,08263E-06;1,08992E-04;1,38913E-04;2,62545E-04;0,00000E+00;0,00000E+00;2,12495E-04;6,75116E-04;4,09043E-04;0,00000E+00;8,21213E-04;1,16942E-03;1,24386E-03;2,25441E-03;8,34079E-03;2,76943E-03;3,79948E-03;3,77998E-03;0,00000E+00;4,77029E-05;3,10484E-04;0,00000E+00;0,00000E+00;0,00000E+00;1,45117E-03;0,00000E+00;0,00000E+00;1,10445E-03;6,21928E-04;6,02429E-04;2,69502E-03;0,00000E+00;1,25873E-03;1,35834E-03;1,45795E-03;1,55756E-03;1,65716E-03;1,75677E-03;1,85638E-03;0,00000E+00;6,58042E-06;0,00000E+00;2,06345E-05;0,00000E+00;0,00000E+00;0,00000E+00;3,88993E-04;3,13756E-05;0,00000E+00;0,00000E+00;5,44958E-05;3,34032E-04;4,77248E-04;0,00000E+00;1,65463E-04;5,15675E-04;5,12029E-04;8,28455E-05;1,67783E-04
928;0,00000E+00;9,62403E-05;2,74972E-04;5,11704E-06;2,29649E-04;1,32389E-04;3,15335E-04;2,75708E-04;2,48688E-05;1,44091E-03;0,00000E+00;1,74019E-03;9,78358E-04;4,58192E-05;4,91700E-03;2,44369E-04;6,87288E-05;9,92750E-05;7,63654E-05;0,00000E+00;0,00000E+00;1,14371E-05;1,09989E-04;0,00000E+00;2,54899E-03;5,34558E-05;0,00000E+00;0,00000E+00;0,00000E+00;3,06262E-03;0,00000E+00;1,31516E-03;6,99134E-03;3,37985E-03;3,69196E-03;4,00408E-03;4,31620E-03;4,62832E-03;4,94044E-03;5,25256E-03;0,00000E+00;1,49414E-04;0,00000E+00;0,00000E+00;1,51235E-04;0,00000E+00;0,00000E+00;1,13347E-05;4,71609E-05;1,37486E-04;2,74972E-04;0,00000E+00;2,63132E-04;1,77324E-04;0,00000E+00;3,85331E-04;1,50962E-05;1,43831E-05;3,76216E-04;5,92613E-04
929;2,11824E-05;2,38108E-05;1,58739E-04;5,28975E-04;4,95016E-04;3,97220E-04;0,00000E+00;1,08727E-03;5,07964E-04;7,87012E-04;1,57618E-03;0,00000E+00;1,16925E-03;2,28009E-04;5,26438E-04;2,01801E-03;1,01767E-03;3,50959E-04;5,26438E-04;4,73565E-03;0,00000E+00;0,00000E+00;0,00000E+00;7,68338E-05;8,36498E-04;0,00000E+00;0,00000E+00;8,59505E-04;3,19212E-03;0,00000E+00;0,00000E+00;1,14004E-03;0,00000E+00;7,72874E-04;8,05261E-04;8,37648E-04;8,70035E-04;9,02422E-04;9,34808E-04;9,67195E-04;0,00000E+00;1,43759E-06;0,00000E+00;1,20211E-05;5,15641E-05;2,31619E-04;9,61146E-05;0,00000E+00;5,17626E-05;4,76216E-05;4,82327E-04;4,41128E-04;2,40673E-05;0,00000E+00;0,00000E+00;2,98036E-04;2,68159E-04;6,25375E-04;8,44611E-05;2,36969E-04
930;4,43354E-05;3,65216E-05;5,63929E-04;3,42672E-04;0,00000E+00;1,21804E-04;0,00000E+00;6,10321E-04;8,46591E-04;3,97172E-04;5,43046E-04;0,00000E+00;0,00000E+00;3,72891E-04;8,07465E-04;3,09528E-03;2,88920E-03;1,47054E-03;1,36680E-03;1,57427E-03;0,00000E+00;4,18854E-04;4,72244E-04;1,17850E-04;5,86298E-04;0,00000E+00;0,00000E+00;2,69155E-04;5,59336E-04;0,00000E+00;0,00000E+00;3,54246E-03;0,00000E+00;1,10535E-03;1,19470E-03;1,28405E-03;1,37339E-03;1,46274E-03;1,55208E-03;1,64143E-03;0,00000E+00;1,13696E-05;0,00000E+00;1,84383E-05;1,18061E-04;9,46987E-05;6,41152E-05;1,88684E-04;0,00000E+00;7,30432E-05;4,00088E-04;1,70434E-04;0,00000E+00;0,00000E+00;0,00000E+00;3,24136E-04;3,83537E-04;6,54800E-04;2,83387E-04;3,50409E-04
931;1,42486E-04;0,00000E+00;6,16383E-04;3,49897E-04;2,62423E-04;2,48190E-05;0,00000E+00;0,00000E+00;1,16841E-03;3,56146E-04;7,64687E-04;1,64357E-03;1,78519E-03;7,59805E-05;2,90098E-04;2,03069E-03;6,72407E-03;1,89951E-04;4,75554E-03;2,00652E-03;0,00000E+00;8,53460E-05;9,62248E-05;0,00000E+00;1,19465E-04;1,16039E-03;0,00000E+00;1,16039E-03;1,27436E-03;1,16039E-03;7,25245E-03;7,21815E-04;0,00000E+00;2,63528E-03;2,85207E-03;3,06887E-03;3,28566E-03;3,50245E-03;3,71924E-03;3,93603E-03;0,00000E+00;1,86738E-06;0,00000E+00;2,88158E-04;2,40562E-05;1,92959E-05;0,00000E+00;3,84464E-05;0,00000E+00;0,00000E+00;7,90418E-05;7,87268E-05;3,67453E-04;9,71456E-05;0,00000E+00;0,00000E+00;3,27703E-04;3,93997E-04;1,90922E-04;7,64189E-04
932;1,00332E-04;0,00000E+00;0,00000E+00;9,30576E-05;5,26873E-04;0,00000E+00;1,14720E-03;8,23213E-04;0,00000E+00;0,00000E+00;0,00000E+00;0,00000E+00;9,77402E-04;4,90106E-03;2,52503E-04;1,26251E-04;6,31257E-05;0,00000E+00;3,15629E-04;1,89377E-04;3,99885E-05;0,00000E+00;1,89888E-04;0,00000E+00;7,13515E-04;3,27116E-03;0,00000E+00;6,31257E-05;6,31257E-05;0,00000E+00;0,00000E+00;5,44562E-04;0,00000E+00;3,70042E-05;0,00000E+00;0,00000E+00;0,00000E+00;0,00000E+00;0,00000E+00;0,00000E+00;0,00000E+00;6,24574E-05;0,00000E+00;8,75829E-05;0,00000E+00;0,00000E+00;6,39078E-05;6,38837E-05;0,00000E+00;4,43349E-04;1,40627E-04;0,00000E+00;2,01183E-04;9,11791E-05;2,29577E-05;3,53642E-04;4,28497E-04;0,00000E+00;1,04172E-04;1,89582E-04
933;0,00000E+00;0,00000E+00;0,00000E+00;8,88217E-04;9,41673E-05;4,03739E-04;8,92212E-04;0,00000E+00;6,09866E-05;0,00000E+00;2,17395E-04;7,16179E-04;9,50755E-04;0,00000E+00;2,54799E-03;3,46994E-04;2,53314E-03;2,52819E-03;8,67486E-04;2,03740E-03;1,09906E-04;0,00000E+00;2,51113E-04;0,00000E+00;7,06682E-04;2,25546E-03;0,00000E+00;1,52186E-03;1,01623E-03;0,00000E+00;0,00000E+00;0,00000E+00;0,00000E+00;1,05977E-04;4,40096E-05;0,00000E+00;0,00000E+00;0,00000E+00;0,00000E+00;0,00000E+00;0,00000E+00;5,52315E-06;0,00000E+00;8,76135E-05;2,28700E-05;5,13644E-05;1,75647E-04;4,59863E-04;0,00000E+00;1,52467E-04;4,03579E-04;4,57400E-05;0,00000E+00;0,00000E+00;6,30979E-05;3,72006E-04;3,88705E-04;5,21525E-04;6,33984E-04;4,45946E-04
934;0,00000E+00;0,00000E+00;0,00000E+00;9,76220E-04;0,00000E+00;1,69436E-04;6,16846E-04;5,90791E-04;2,55941E-05;4,04034E-04;9,12338E-05;1,09133E-03;3,99001E-04;3,07067E-03;1,05722E-03;2,79152E-04;9,90266E-04;4,68998E-03;0,00000E+00;1,47406E-03;0,00000E+00;0,00000E+00;0,00000E+00;0,00000E+00;2,96572E-04;0,00000E+00;0,00000E+00;3,91569E-03;5,37840E-03;0,00000E+00;1,39576E-03;1,95406E-03;0,00000E+00;1,98225E-03;2,10203E-03;2,22182E-03;2,34161E-03;2,46139E-03;2,58118E-03;2,70097E-03;0,00000E+00;7,09253E-05;0,00000E+00;2,18049E-05;9,59780E-06;2,15560E-05;0,00000E+00;2,32306E-04;0,00000E+00;6,39853E-05;3,92263E-04;2,96969E-04;0,00000E+00;0,00000E+00;5,75296E-04;4,51543E-04;7,35784E-05;7,07084E-04;1,84296E-04;3,03769E-04
935;9,47957E-06;1,90041E-04;0,00000E+00;4,99903E-06;0,00000E+00;8,12313E-05;2,90225E-05;0,00000E+00;0,00000E+00;2,69948E-05;2,36231E-03;7,04457E-05;1,53032E-04;2,23813E-04;4,72413E-04;0,00000E+00;0,00000E+00;1,00716E-03;2,25016E-03;1,49208E-04;0,00000E+00;9,31111E-06;0,00000E+00;4,79024E-04;1,69392E-04;3,23204E-04;4,20165E-03;6,46408E-04;2,98417E-04;0,00000E+00;7,46042E-05;3,87845E-03;0,00000E+00;1,40807E-03;1,48128E-03;1,55450E-03;1,62771E-03;1,70092E-03;1,77413E-03;1,84734E-03;0,00000E+00;1,17730E-04;0,00000E+00;9,75073E-05;0,00000E+00;3,78927E-06;1,34733E-04;1,52640E-04;3,66869E-04;6,13978E-04;4,35203E-04;0,00000E+00;7,08731E-05;0,00000E+00;2,54693E-04;1,37099E-04;4,25948E-05;1,27602E-03;4,99173E-04;3,11670E-05
936;6,75864E-05;0,00000E+00;6,90989E-05;2,94994E-05;2,76396E-04;5,79154E-04;4,48609E-04;0,00000E+00;7,18629E-04;6,01530E-04;1,97050E-04;4,15702E-04;9,03044E-04;1,32072E-03;8,80483E-04;6,11089E-04;2,13881E-03;6,24880E-03;6,49195E-03;8,80483E-04;0,00000E+00;4,74420E-04;0,00000E+00;1,95926E-03;0,00000E+00;0,00000E+00;0,00000E+00;0,00000E+00;1,76097E-03;0,00000E+00;4,40241E-04;0,00000E+00;0,00000E+00;1,09010E-04;6,89915E-05;2,89731E-05;0,00000E+00;0,00000E+00;0,00000E+00;0,00000E+00;0,00000E+00;1,61060E-04;0,00000E+00;5,27773E-05;0,00000E+00;1,46514E-04;1,09175E-04;3,09213E-05;0,00000E+00;0,00000E+00;7,74199E-04;1,38198E-05;5,95608E-04;2,72849E-04;7,72866E-04;4,32304E-04;0,00000E+00;8,88405E-05;6,05416E-05;8,64695E-04
937;8,37144E-06;0,00000E+00;4,96650E-05;0,00000E+00;1,98660E-04;7,17356E-05;8,46919E-04;0,00000E+00;5,16516E-04;9,20188E-04;3,95869E-03;0,00000E+00;0,00000E+00;3,88415E-03;0,00000E+00;4,39221E-04;1,53728E-03;7,74490E-04;1,97650E-03;2,49696E-03;0,00000E+00;3,01498E-04;0,00000E+00;5,76941E-04;1,30866E-03;1,94208E-03;0,00000E+00;0,00000E+00;0,00000E+00;0,00000E+00;0,00000E+00;0,00000E+00;0,00000E+00;0,00000E+00;0,00000E+00;0,00000E+00;0,00000E+00;0,00000E+00;0,00000E+00;0,00000E+00;1,38990E-05;4,31791E-05;0,00000E+00;0,00000E+00;0,00000E+00;2,44243E-04;7,84700E-05;3,21714E-04;4,19896E-05;0,00000E+00;4,49632E-04;9,93299E-06;1,27495E-04;1,96110E-04;4,40696E-04;7,07759E-04;8,40960E-04;7,46495E-05;0,00000E+00;4,89310E-04
938;0,00000E+00;2,28802E-04;1,40801E-04;1,66875E-03;0,00000E+00;2,47173E-05;5,04591E-04;2,57376E-05;4,22403E-04;0,00000E+00;2,84413E-03;0,00000E+00;7,27577E-05;3,11300E-03;3,89125E-03;0,00000E+00;1,77405E-03;2,45925E-04;5,67520E-05;9,45866E-06;1,79754E-05;0,00000E+00;0,00000E+00;0,00000E+00;1,83547E-03;0,00000E+00;9,45866E-05;0,00000E+00;3,78347E-05;3,89125E-04;4,72933E-05;0,00000E+00;6,22600E-03;2,28663E-03;2,50991E-03;2,73319E-03;2,95647E-03;3,17975E-03;3,40303E-03;3,62631E-03;0,00000E+00;3,87444E-06;4,96421E-05;4,85970E-06;0,00000E+00;1,03145E-04;0,00000E+00;6,38149E-07;0,00000E+00;5,38271E-04;7,15128E-04;0,00000E+00;1,19808E-05;0,00000E+00;3,31355E-04;1,55874E-05;1,53847E-04;0,00000E+00;1,30075E-05;1,02956E-03
939;0,00000E+00;4,94888E-05;0,00000E+00;2,19950E-04;0,00000E+00;7,20284E-04;0,00000E+00;7,50015E-04;0,00000E+00;4,94888E-05;0,00000E+00;5,16584E-04;2,12022E-03;5,47079E-04;0,00000E+00;0,00000E+00;6,33958E-03;7,98710E-03;2,20088E-03;2,75634E-04;6,10460E-04;0,00000E+00;0,00000E+00;1,19770E-04;5,73450E-04;0,00000E+00;4,94466E-03;6,83849E-04;1,10254E-03;1,09416E-03;1,37817E-03;8,20618E-04;1,64124E-03;1,72812E-03;1,81799E-03;1,90787E-03;1,99775E-03;2,08762E-03;2,17750E-03;2,26737E-03;0,00000E+00;1,24109E-04;0,00000E+00;2,07201E-04;6,18609E-05;1,25999E-04;8,14496E-05;1,85962E-05;0,00000E+00;3,73439E-04;4,72606E-04;1,23722E-04;3,49132E-04;0,00000E+00;2,98699E-04;4,54232E-04;1,98272E-04;3,12801E-04;3,79049E-04;1,71413E-04
940;1,37266E-05;5,49489E-05;0,00000E+00;2,44217E-04;6,35193E-04;0,00000E+00;0,00000E+00;0,00000E+00;1,56355E-03;7,39003E-04;1,27726E-03;8,28596E-04;0,00000E+00;6,07439E-04;0,00000E+00;1,62042E-03;1,35035E-03;9,11159E-04;6,07439E-04;0,00000E+00;9,61991E-05;3,37066E-04;6,84054E-04;1,32984E-04;7,78264E-04;0,00000E+00;3,51004E-03;7,59299E-04;3,24084E-03;1,48495E-03;0,00000E+00;9,11159E-04;4,52302E-03;2,62938E-03;2,80369E-03;2,97800E-03;3,15230E-03;3,32661E-03;3,50091E-03;3,67522E-03;0,00000E+00;1,76167E-04;0,00000E+00;7,28214E-05;6,86862E-05;0,00000E+00;9,04360E-05;2,00429E-04;0,00000E+00;8,24234E-05;8,00040E-04;1,37372E-04;3,99098E-04;7,53656E-04;2,94553E-04;1,36942E-04;2,91332E-04;9,28646E-04;0,00000E+00;2,65542E-04
941;1,11731E-06;0,00000E+00;0,00000E+00;0,00000E+00;5,17035E-05;0,00000E+00;1,16840E-03;0,00000E+00;5,71856E-04;2,03876E-04;2,04093E-03;2,07578E-05;0,00000E+00;3,68604E-03;0,00000E+00;5,41459E-04;1,09916E-04;0,00000E+00;0,00000E+00;4,09560E-03;0,00000E+00;2,74365E-05;5,56807E-05;2,33124E-03;2,15803E-03;4,09560E-04;8,79326E-05;0,00000E+00;2,63798E-04;2,19832E-05;0,00000E+00;0,00000E+00;1,29162E-02;4,41727E-03;4,82734E-03;5,23742E-03;5,64749E-03;6,05757E-03;6,46764E-03;6,87772E-03;1,46556E-05;1,33269E-05;0,00000E+00;1,12227E-04;1,48195E-04;6,24068E-05;2,19512E-04;4,39464E-05;0,00000E+00;1,48195E-04;1,25801E-04;0,00000E+00;5,08025E-04;6,13461E-05;7,44750E-04;1,11468E-05;6,53501E-04;2,12617E-04;0,00000E+00;3,48322E-04
942;5,37196E-05;0,00000E+00;8,85303E-04;0,00000E+00;6,29427E-04;3,70639E-04;1,50449E-03;3,63583E-04;4,10570E-05;0,00000E+00;2,75418E-03;0,00000E+00;0,00000E+00;3,25210E-03;2,97246E-03;2,84381E-03;4,79506E-03;0,00000E+00;3,70597E-03;8,14544E-03;0,00000E+00;0,00000E+00;0,00000E+00;0,00000E+00;0,00000E+00;0,00000E+00;0,00000E+00;1,13467E-04;0,00000E+00;0,00000E+00;9,75630E-04;0,00000E+00;0,00000E+00;2,77117E-04;3,03593E-04;3,30068E-04;3,56544E-04;3,83020E-04;4,09495E-04;4,35971E-04;0,00000E+00;1,43869E-04;1,07869E-04;0,00000E+00;4,01959E-04;5,24355E-04;1,35569E-04;1,53106E-05;4,92195E-05;4,59787E-04;5,13212E-05;0,00000E+00;8,07919E-04;0,00000E+00;3,94244E-05;0,00000E+00;3,54885E-04;8,75029E-05;7,02046E-04;2,52814E-04
943;0,00000E+00;0,00000E+00;1,03951E-04;0,00000E+00;6,93007E-05;7,90665E-04;5,46379E-04;1,15810E-04;6,93007E-05;1,09703E-03;1,64688E-04;0,00000E+00;0,00000E+00;0,00000E+00;1,72371E-03;9,57616E-04;3,98944E-03;0,00000E+00;5,06117E-03;5,74570E-04;0,00000E+00;0,00000E+00;0,00000E+00;0,00000E+00;7,94492E-04;0,00000E+00;0,00000E+00;1,91523E-04;0,00000E+00;1,51591E-03;0,00000E+00;0,00000E+00;0,00000E+00;2,25768E-04;2,25519E-04;2,25269E-04;2,25019E-04;2,24770E-04;2,24520E-04;2,24270E-04;0,00000E+00;0,00000E+00;0,00000E+00;0,00000E+00;1,81914E-04;1,51300E-04;7,52300E-05;2,58431E-05;4,97095E-04;4,20598E-04;2,92320E-04;4,57098E-05;4,49488E-04;1,69212E-04;0,00000E+00;1,28110E-04;4,54332E-04;1,35960E-04;3,65376E-04;4,61912E-04
944;0,00000E+00;0,00000E+00;0,00000E+00;3,17140E-04;0,00000E+00;3,53010E-05;6,13731E-04;3,57736E-04;0,00000E+00;2,34624E-04;1,69573E-03;0,00000E+00;2,02257E-03;0,00000E+00;0,00000E+00;7,88817E-04;6,48420E-04;0,00000E+00;1,70741E-03;1,57763E-03;0,00000E+00;0,00000E+00;9,98990E-04;0,00000E+00;2,44373E-03;0,00000E+00;7,88817E-04;3,54968E-03;0,00000E+00;4,26830E-03;4,33850E-03;0,00000E+00;0,00000E+00;1,90014E-03;1,96113E-03;2,02213E-03;2,08312E-03;2,14411E-03;2,20511E-03;2,26610E-03;0,00000E+00;9,69341E-05;0,00000E+00;0,00000E+00;0,00000E+00;8,20543E-05;1,60896E-05;0,00000E+00;1,06314E-04;1,95520E-05;2,93740E-04;4,73593E-04;2,48083E-04;1,68266E-04;0,00000E+00;7,27364E-04;0,00000E+00;3,47444E-04;6,68776E-05;1,32569E-03
945;7,61541E-06;1,64232E-05;0,00000E+00;2,29484E-05;7,74509E-05;2,05138E-03;6,04080E-04;0,00000E+00;8,12954E-04;3,40784E-04;1,84056E-04;3,42865E-04;4,39064E-04;9,95445E-03;0,00000E+00;5,13714E-04;0,00000E+00;7,26210E-04;1,11305E-03;0,00000E+00;0,00000E+00;1,92345E-04;6,19607E-05;0,00000E+00;2,69238E-04;0,00000E+00;0,00000E+00;4,28095E-04;0,00000E+00;7,26210E-04;1,54114E-03;0,00000E+00;8,56190E-04;8,75512E-04;9,53185E-04;1,03086E-03;1,10853E-03;1,18620E-03;1,26388E-03;1,34155E-03;0,00000E+00;9,73196E-05;0,00000E+00;0,00000E+00;0,00000E+00;2,58198E-04;8,01677E-05;0,00000E+00;0,00000E+00;2,88154E-04;0,00000E+00;8,51960E-05;1,53309E-04;0,00000E+00;7,61568E-04;1,89740E-04;0,00000E+00;8,68192E-04;9,34132E-04;3,48636E-04
946;1,98132E-05;1,01843E-05;0,00000E+00;3,91639E-04;3,23718E-04;1,94036E-04;3,46628E-04;0,00000E+00;3,64717E-03;2,43464E-03;4,78865E-04;0,00000E+00;1,71967E-03;1,33654E-03;3,37751E-03;1,33654E-03;1,57617E-03;0,00000E+00;4,02168E-03;2,25167E-04;0,00000E+00;5,00429E-04;1,61205E-04;0,00000E+00;7,00485E-04;6,75502E-04;0,00000E+00;1,11379E-03;0,00000E+00;0,00000E+00;4,00963E-03;0,00000E+00;2,22757E-03;1,93044E-03;2,09728E-03;2,26413E-03;2,43097E-03;2,59782E-03;2,76467E-03;2,93151E-03;5,80128E-05;8,44591E-05;0,00000E+00;0,00000E+00;0,00000E+00;0,00000E+00;3,97972E-05;0,00000E+00;0,00000E+00;3,22410E-04;0,00000E+00;2,21657E-04;0,00000E+00;5,02681E-05;4,59950E-04;2,54142E-04;0,00000E+00;5,70369E-04;5,87336E-04;1,02635E-03
947;4,17186E-05;3,74243E-06;3,96004E-04;1,21976E-04;8,36917E-04;0,00000E+00;2,83833E-04;1,10295E-04;1,21661E-03;7,00851E-04;0,00000E+00;0,00000E+00;2,12156E-04;0,00000E+00;1,24113E-03;2,91845E-03;5,79196E-04;0,00000E+00;1,87293E-03;8,27422E-05;0,00000E+00;0,00000E+00;1,32001E-04;7,98652E-04;1,52956E-03;2,48227E-04;0,00000E+00;0,00000E+00;0,00000E+00;7,29611E-04;3,28325E-03;0,00000E+00;0,00000E+00;7,99702E-04;8,27749E-04;8,55795E-04;8,83841E-04;9,11887E-04;9,39934E-04;9,67980E-04;2,13180E-05;7,14193E-05;0,00000E+00;0,00000E+00;3,30003E-05;0,00000E+00;3,69326E-04;0,00000E+00;0,00000E+00;0,00000E+00;1,65002E-04;4,62004E-04;3,08054E-04;1,84720E-05;3,00919E-05;1,84979E-04;0,00000E+00;3,76944E-04;1,82058E-04;9,21781E-05
948;0,00000E+00;0,00000E+00;0,00000E+00;5,19548E-05;2,16486E-04;1,01308E-03;0,00000E+00;7,37720E-04;0,00000E+00;1,40278E-04;3,33360E-03;5,49105E-04;0,00000E+00;1,16304E-03;4,61754E-03;3,87680E-03;4,65216E-03;0,00000E+00;2,27921E-04;1,13960E-04;0,00000E+00;4,26691E-05;2,80556E-04;2,49488E-05;9,62052E-04;0,00000E+00;7,75360E-04;1,16304E-03;5,69801E-05;4,00194E-03;0,00000E+00;7,40742E-04;1,16304E-03;1,38077E-03;1,46212E-03;1,54346E-03;1,62481E-03;1,70616E-03;1,78751E-03;1,86886E-03;0,00000E+00;1,52065E-04;3,77997E-05;5,85508E-06;1,48515E-04;7,87636E-05;0,00000E+00;0,00000E+00;4,31188E-05;0,00000E+00;5,66986E-05;1,11374E-04;6,61594E-05;6,05841E-04;0,00000E+00;3,10731E-04;0,00000E+00;4,57079E-04;1,44883E-03;3,88953E-04
949;0,00000E+00;0,00000E+00;1,76585E-05;4,70894E-04;9,37143E-04;2,55058E-04;5,06265E-04;1,21149E-03;4,23804E-04;1,27141E-03;9,23212E-04;1,84327E-04;0,00000E+00;0,00000E+00;3,59701E-03;1,36646E-03;3,90416E-04;0,00000E+00;2,54831E-03;1,07895E-03;0,00000E+00;1,84710E-04;0,00000E+00;1,08001E-04;6,46377E-04;0,00000E+00;0,00000E+00;0,00000E+00;2,46661E-04;2,21995E-03;0,00000E+00;3,59701E-03;1,56166E-03;2,11459E-03;2,31568E-03;2,51677E-03;2,71786E-03;2,91896E-03;3,12005E-03;3,32114E-03;0,00000E+00;1,16012E-04;1,63631E-04;2,53460E-05;1,20394E-04;0,00000E+00;2,09252E-04;0,00000E+00;1,86657E-04;1,23610E-04;2,45442E-04;1,78503E-04;7,39708E-04;0,00000E+00;0,00000E+00;3,06159E-04;0,00000E+00;6,34566E-04;2,71364E-04;5,15231E-04
950;2,10373E-05;0,00000E+00;9,66943E-06;1,01224E-03;2,39630E-04;1,39664E-04;2,77220E-04;5,81717E-04;1,90948E-03;1,65472E-03;1,07499E-03;1,50795E-03;2,03767E-03;0,00000E+00;8,76039E-04;7,48242E-04;2,20055E-03;0,00000E+00;8,55134E-04;5,94984E-03;0,00000E+00;0,00000E+00;0,00000E+00;0,00000E+00;0,00000E+00;0,00000E+00;0,00000E+00;6,62255E-03;9,93383E-04;0,00000E+00;3,31128E-04;3,19393E-03;2,84190E-03;2,82850E-03;3,06000E-03;3,29149E-03;3,52299E-03;3,75448E-03;3,98598E-03;4,21747E-03;1,89584E-05;1,33199E-04;3,63291E-04;0,00000E+00;4,83471E-06;0,00000E+00;2,52618E-04;2,68083E-04;0,00000E+00;6,76860E-05;0,00000E+00;8,98614E-04;3,18127E-04;2,58732E-04;5,21843E-04;1,35502E-05;0,00000E+00;3,96710E-04;0,00000E+00;9,68334E-04
951;8,64173E-06;0,00000E+00;9,06927E-04;9,70874E-04;3,21112E-04;7,14290E-04;0,00000E+00;1,47353E-03;5,87839E-04;0,00000E+00;6,64559E-05;0,00000E+00;1,87449E-03;0,00000E+00;0,00000E+00;4,06146E-03;2,84302E-03;2,84302E-03;7,80951E-03;0,00000E+00;0,00000E+00;0,00000E+00;0,00000E+00;0,00000E+00;0,00000E+00;1,54569E-04;2,03073E-03;3,24490E-03;0,00000E+00;3,09138E-05;0,00000E+00;7,77111E-04;4,27785E-03;2,16167E-03;2,34089E-03;2,52011E-03;2,69933E-03;2,87856E-03;3,05778E-03;3,23700E-03;0,00000E+00;1,11433E-05;0,00000E+00;0,00000E+00;0,00000E+00;1,57016E-06;6,60411E-04;0,00000E+00;0,00000E+00;2,20440E-04;3,91505E-05;1,06825E-03;2,67012E-04;5,89362E-04;4,92360E-05;2,09319E-04;0,00000E+00;5,46400E-05;4,24979E-04;0,00000E+00
952;7,43465E-05;0,00000E+00;2,16527E-04;5,49004E-04;8,66107E-04;5,79165E-05;0,00000E+00;0,00000E+00;0,00000E+00;0,00000E+00;7,87514E-04;0,00000E+00;8,57906E-05;0,00000E+00;1,50565E-03;5,01884E-04;0,00000E+00;0,00000E+00;1,46705E-03;6,69178E-04;4,50401E-04;0,00000E+00;1,21068E-04;0,00000E+00;0,00000E+00;1,99897E-03;0,00000E+00;3,45745E-03;0,00000E+00;2,65958E-04;0,00000E+00;3,19149E-03;1,86170E-03;1,98276E-03;2,13024E-03;2,27773E-03;2,42521E-03;2,57269E-03;2,72017E-03;2,86766E-03;0,00000E+00;1,20538E-04;2,13424E-05;0,00000E+00;9,83675E-05;2,20056E-05;6,33536E-05;2,14451E-04;0,00000E+00;9,08008E-05;5,63821E-04;2,40585E-05;3,84416E-04;0,00000E+00;0,00000E+00;4,72000E-04;0,00000E+00;2,47573E-04;3,15600E-04;3,49449E-04
953;0,00000E+00;0,00000E+00;0,00000E+00;5,27174E-04;4,38970E-04;0,00000E+00;5,50601E-04;0,00000E+00;2,30459E-03;0,00000E+00;1,65982E-04;1,86150E-03;6,59913E-05;9,09871E-04;1,15817E-03;3,11567E-03;3,33619E-03;4,54936E-03;5,14741E-04;2,63777E-03;3,46455E-04;0,00000E+00;9,31270E-05;1,59355E-03;0,00000E+00;5,14741E-04;0,00000E+00;0,00000E+00;0,00000E+00;2,12303E-03;0,00000E+00;0,00000E+00;1,21316E-03;6,09402E-04;6,25157E-04;6,40911E-04;6,56665E-04;6,72419E-04;6,88174E-04;7,03928E-04;0,00000E+00;1,82964E-04;1,64169E-05;0,00000E+00;7,56657E-05;2,22201E-04;1,80617E-05;2,67269E-04;0,00000E+00;3,99073E-04;3,39227E-04;4,38970E-04;8,07160E-04;0,00000E+00;5,14740E-04;0,00000E+00;1,59881E-04;1,90437E-04;3,93070E-04;3,53270E-04
954;1,42091E-06;1,90298E-05;7,22553E-07;2,67612E-05;4,33532E-06;2,84027E-03;9,90329E-04;0,00000E+00;1,25548E-03;7,61192E-04;0,00000E+00;5,95923E-04;1,63844E-05;4,79253E-05;1,19813E-04;0,00000E+00;7,24035E-03;1,19813E-04;4,20734E-04;0,00000E+00;0,00000E+00;0,00000E+00;0,00000E+00;0,00000E+00;0,00000E+00;4,28722E-04;7,98754E-06;1,75726E-04;0,00000E+00;0,00000E+00;0,00000E+00;3,87447E-03;0,00000E+00;1,26168E-03;1,38859E-03;1,51550E-03;1,64242E-03;1,76933E-03;1,89624E-03;2,02315E-03;0,00000E+00;5,23494E-07;2,89843E-04;5,47181E-07;1,80638E-06;2,83991E-06;2,91310E-04;2,27625E-04;0,00000E+00;2,32693E-04;3,04477E-04;6,28463E-04;3,55282E-04;1,40892E-04;5,17792E-04;0,00000E+00;0,00000E+00;4,09114E-04;0,00000E+00;4,68715E-04
955;5,06095E-05;6,50637E-06;2,57357E-05;9,53172E-04;1,54414E-04;1,87955E-04;5,18977E-04;0,00000E+00;1,33825E-03;4,68459E-04;3,71086E-04;3,39581E-04;5,83575E-04;1,70699E-03;4,55517E-03;0,00000E+00;3,12947E-03;4,69902E-03;0,00000E+00;7,19254E-04;0,00000E+00;0,00000E+00;3,12306E-04;0,00000E+00;0,00000E+00;2,84498E-04;1,29145E-03;6,25895E-03;3,02087E-03;0,00000E+00;0,00000E+00;3,70488E-03;0,00000E+00;2,04699E-03;2,15028E-03;2,25358E-03;2,35687E-03;2,46017E-03;2,56347E-03;2,66676E-03;0,00000E+00;5,87139E-05;0,00000E+00;1,94893E-05;6,43391E-05;1,01151E-04;5,59102E-04;1,91943E-05;9,79712E-05;2,84541E-04;1,82178E-04;7,46914E-04;1,51841E-05;8,02860E-05;2,75912E-04;7,29414E-05;2,65412E-04;5,36703E-04;3,75862E-04;0,00000E+00
956;1,41301E-05;4,43878E-05;0,00000E+00;1,49030E-04;2,51487E-04;1,92527E-04;2,29288E-04;0,00000E+00;0,00000E+00;4,79854E-04;3,80113E-04;8,72868E-04;0,00000E+00;0,00000E+00;2,94700E-04;0,00000E+00;0,00000E+00;4,42050E-04;3,89213E-03;3,23884E-03;0,00000E+00;0,00000E+00;1,62764E-03;0,00000E+00;2,76840E-03;1,11204E-03;1,03145E-03;4,72616E-03;3,09435E-03;0,00000E+00;0,00000E+00;1,70144E-03;0,00000E+00;8,43742E-04;7,52116E-04;6,60490E-04;5,68864E-04;4,77238E-04;3,85612E-04;2,93987E-04;0,00000E+00;1,41255E-04;3,54667E-05;0,00000E+00;0,00000E+00;0,00000E+00;1,65561E-04;1,31296E-04;2,47620E-04;1,58442E-04;5,13544E-04;5,56292E-04;2,20969E-04;8,22390E-05;6,74048E-05;9,20525E-04;4,91699E-04;7,92938E-05;3,85005E-04;5,41999E-04
957;6,05056E-07;2,62471E-04;0,00000E+00;2,82419E-04;1,12872E-03;0,00000E+00;6,41027E-04;1,49459E-03;0,00000E+00;8,94361E-04;5,31346E-04;2,24818E-05;2,11253E-04;0,00000E+00;4,53146E-03;4,11951E-03;0,00000E+00;4,53146E-03;5,11007E-03;1,07140E-04;0,00000E+00;0,00000E+00;2,05058E-04;0,00000E+00;1,19806E-03;2,93127E-03;3,29560E-03;1,02628E-03;0,00000E+00;0,00000E+00;0,00000E+00;2,93127E-03;3,70756E-03;2,32671E-03;2,46588E-03;2,60506E-03;2,74423E-03;2,88340E-03;3,02257E-03;3,16174E-03;1,56256E-04;7,85377E-05;6,45836E-05;0,00000E+00;0,00000E+00;0,00000E+00;3,01481E-04;6,17071E-04;4,73912E-04;1,07688E-06;4,98445E-04;2,15376E-05;8,79598E-06;5,97786E-04;2,88630E-06;3,62179E-05;1,09522E-03;0,00000E+00;4,53208E-04;5,39504E-04
958;7,60767E-05;0,00000E+00;0,00000E+00;5,61665E-04;0,00000E+00;8,02353E-05;3,18518E-04;9,95598E-04;3,55517E-04;6,49926E-04;1,54450E-03;3,12392E-03;0,00000E+00;2,46398E-03;6,14079E-04;1,22816E-04;0,00000E+00;4,19107E-03;3,68447E-04;3,55397E-03;8,53370E-04;6,13130E-05;0,00000E+00;3,93228E-04;0,00000E+00;3,92241E-03;0,00000E+00;2,39489E-03;0,00000E+00;0,00000E+00;1,75780E-03;6,88532E-03;8,59710E-04;3,09307E-03;3,33376E-03;3,57444E-03;3,81512E-03;4,05580E-03;4,29648E-03;4,53717E-03;1,92821E-05;1,60984E-05;0,00000E+00;0,00000E+00;4,44397E-05;0,00000E+00;3,56554E-04;3,45423E-04;0,00000E+00;1,11099E-05;3,85373E-04;1,62482E-04;0,00000E+00;3,01602E-04;0,00000E+00;5,62421E-04;2,36716E-04;9,87231E-04;4,11679E-05;5,00251E-04
959;0,00000E+00;0,00000E+00;1,86323E-04;1,06963E-03;0,00000E+00;3,31589E-04;4,26035E-04;4,67053E-04;6,61847E-04;0,00000E+00;0,00000E+00;3,81451E-03;6,60159E-04;4,92818E-04;8,21363E-04;1,64273E-04;0,00000E+00;0,00000E+00;4,92818E-04;1,14991E-03;0,00000E+00;8,20094E-05;0,00000E+00;0,00000E+00;1,61926E-03;1,64273E-03;0,00000E+00;0,00000E+00;0,00000E+00;0,00000E+00;3,46711E-03;7,98145E-03;1,40737E-03;3,91946E-03;4,28427E-03;4,64909E-03;5,01390E-03;5,37871E-03;5,74352E-03;6,10834E-03;0,00000E+00;1,14340E-04;0,00000E+00;3,52751E-05;5,94404E-05;5,23086E-05;6,13309E-05;2,32424E-04;1,36383E-04;4,10797E-04;3,24065E-04;0,00000E+00;0,00000E+00;5,18366E-04;0,00000E+00;2,37476E-04;3,39312E-04;8,66580E-04;0,00000E+00;0,00000E+00
960;0,00000E+00;0,00000E+00;4,12875E-04;1,07132E-03;2,13625E-04;2,55529E-05;6,12456E-04;1,72213E-04;2,12293E-05;0,00000E+00;2,36910E-03;3,46251E-04;8,82567E-04;0,00000E+00;0,00000E+00;3,93590E-04;5,90385E-03;1,18077E-03;0,00000E+00;0,00000E+00;0,00000E+00;0,00000E+00;0,00000E+00;0,00000E+00;1,84496E-04;3,93590E-03;0,00000E+00;1,96795E-03;7,87180E-04;0,00000E+00;2,64017E-04;9,09393E-04;1,60369E-03;1,12226E-03;1,15864E-03;1,19502E-03;1,23141E-03;1,26779E-03;1,30417E-03;1,34055E-03;0,00000E+00;1,05743E-05;0,00000E+00;1,75005E-05;0,00000E+00;5,95995E-06;3,04271E-05;1,38542E-05;1,55393E-05;3,65550E-04;3,18440E-05;4,27250E-04;0,00000E+00;1,30981E-05;0,00000E+00;3,71568E-04;8,16723E-04;7,10381E-05;4,33009E-04;3,28856E-04
961;0,00000E+00;0,00000E+00;0,00000E+00;0,00000E+00;5,77904E-05;2,31867E-04;1,65684E-04;2,87497E-04;1,92635E-04;0,00000E+00;4,12004E-04;5,98602E-04;2,18407E-04;0,00000E+00;1,38418E-03;0,00000E+00;1,79780E-03;4,44985E-03;5,50232E-03;0,00000E+00;0,00000E+00;0,00000E+00;0,00000E+00;1,94299E-03;0,00000E+00;6,13626E-03;6,33938E-04;4,66034E-03;0,00000E+00;0,00000E+00;0,00000E+00;8,49345E-04;1,90673E-03;1,00245E-03;9,33500E-04;8,64546E-04;7,95592E-04;7,26638E-04;6,57684E-04;5,88730E-04;1,52403E-06;1,00662E-04;3,52542E-05;6,51413E-05;2,58168E-04;0,00000E+00;0,00000E+00;4,31014E-05;1,28917E-04;1,44476E-04;1,17604E-03;1,43365E-04;4,01489E-04;0,00000E+00;2,30552E-04;2,29456E-04;0,00000E+00;1,70571E-04;4,36568E-04;3,08977E-04
962;0,00000E+00;0,00000E+00;0,00000E+00;0,00000E+00;9,84398E-05;4,47931E-04;1,54393E-03;1,47087E-04;3,28133E-04;0,00000E+00;7,01804E-04;6,89067E-04;1,36996E-03;2,43248E-04;2,35780E-03;0,00000E+00;3,62738E-04;2,72053E-03;2,54343E-03;6,08120E-03;0,00000E+00;0,00000E+00;0,00000E+00;7,45544E-04;0,00000E+00;7,65164E-03;0,00000E+00;4,97164E-03;0,00000E+00;0,00000E+00;0,00000E+00;4,06907E-03;3,03420E-03;2,58637E-03;2,69418E-03;2,80199E-03;2,90980E-03;3,01761E-03;3,12542E-03;3,23323E-03;1,65230E-05;5,64619E-05;6,48950E-05;0,00000E+00;1,89641E-04;0,00000E+00;2,89720E-05;1,88297E-04;2,19597E-04;2,46099E-04;9,84398E-05;2,86055E-04;0,00000E+00;0,00000E+00;3,24372E-04;3,90853E-04;2,24402E-04;1,96349E-04;3,50357E-04;2,70988E-04
963;4,37024E-05;0,00000E+00;0,00000E+00;0,00000E+00;0,00000E+00;5,92318E-04;2,32900E-04;2,58231E-04;4,01007E-03;1,10623E-03;2,13595E-03;1,39018E-03;1,84208E-04;3,48428E-03;3,05723E-03;0,00000E+00;0,00000E+00;2,29292E-03;1,34704E-04;5,32622E-03;0,00000E+00;0,00000E+00;0,00000E+00;4,72273E-04;3,00431E-03;3,75271E-03;3,05723E-03;4,49014E-04;0,00000E+00;0,00000E+00;0,00000E+00;4,02310E-03;3,59211E-04;1,21049E-03;1,18614E-03;1,16178E-03;1,13742E-03;1,11307E-03;1,08871E-03;1,06435E-03;2,57079E-06;0,00000E+00;3,43694E-06;0,00000E+00;3,04633E-05;3,29974E-04;5,34796E-06;1,75902E-04;0,00000E+00;0,00000E+00;9,67949E-04;1,56512E-04;0,00000E+00;5,11890E-04;5,98761E-05;1,25954E-03;1,09906E-03;3,62443E-05;8,96021E-05;7,41840E-04
964;0,00000E+00;2,53226E-05;4,91004E-04;5,89859E-04;0,00000E+00;1,05191E-03;0,00000E+00;4,05962E-04;0,00000E+00;2,36344E-04;1,58757E-03;8,81092E-05;5,74208E-04;1,73534E-03;3,69252E-03;7,01297E-03;7,46483E-04;1,62267E-03;1,58628E-03;0,00000E+00;0,00000E+00;0,00000E+00;4,11745E-04;4,73828E-04;9,78083E-05;0,00000E+00;3,76764E-03;8,39794E-04;0,00000E+00;8,39326E-03;1,86621E-04;5,03526E-03;0,00000E+00;3,20111E-03;3,41741E-03;3,63371E-03;3,85001E-03;4,06631E-03;4,28261E-03;4,49891E-03;0,00000E+00;6,99913E-05;1,56549E-04;0,00000E+00;8,44086E-05;0,00000E+00;0,00000E+00;6,29539E-06;0,00000E+00;0,00000E+00;7,59677E-05;0,00000E+00;1,06299E-04;0,00000E+00;1,22082E-04;8,86549E-04;5,16178E-04;4,51605E-04;7,36104E-04;0,00000E+00
965;0,00000E+00;5,36221E-05;4,15452E-04;3,55387E-04;6,73560E-04;1,53259E-03;0,00000E+00;0,00000E+00;0,00000E+00;1,59501E-03;4,00166E-04;2,49359E-03;1,21592E-03;2,96386E-03;0,00000E+00;2,76626E-03;1,58072E-03;5,92771E-04;3,35904E-03;2,55954E-03;0,00000E+00;2,90408E-04;3,57480E-04;8,95884E-04;2,07115E-04;0,00000E+00;1,58072E-03;1,77831E-03;0,00000E+00;3,78931E-03;3,95181E-04;0,00000E+00;0,00000E+00;7,75603E-04;7,69220E-04;7,62836E-04;7,56453E-04;7,50070E-04;7,43686E-04;7,37303E-04;0,00000E+00;8,17243E-05;1,47527E-04;1,35490E-04;1,78740E-04;5,90925E-05;0,00000E+00;1,33309E-05;0,00000E+00;4,20975E-05;1,60866E-04;1,26292E-04;6,87707E-04;0,00000E+00;2,82079E-05;8,42054E-04;5,85557E-04;7,51294E-04;1,90207E-04;5,18442E-04
966;0,00000E+00;0,00000E+00;3,69367E-05;5,11950E-04;7,75560E-04;3,30268E-04;0,00000E+00;2,25307E-04;2,69647E-04;1,35298E-03;1,00317E-04;9,30176E-04;9,55383E-04;0,00000E+00;1,49042E-03;0,00000E+00;0,00000E+00;0,00000E+00;0,00000E+00;3,62249E-03;4,72072E-04;6,30847E-04;0,00000E+00;5,40518E-04;5,85850E-04;2,98085E-03;2,98085E-03;0,00000E+00;0,00000E+00;5,83315E-05;0,00000E+00;3,72606E-04;2,60824E-03;1,01970E-03;1,03443E-03;1,04915E-03;1,06387E-03;1,07859E-03;1,09332E-03;1,10804E-03;0,00000E+00;6,69021E-06;3,57195E-05;3,39657E-05;0,00000E+00;1,48138E-05;5,76928E-04;0,00000E+00;0,00000E+00;1,05533E-05;4,38177E-04;3,16600E-05;1,72400E-04;4,99100E-04;7,07138E-06;1,92255E-04;7,95099E-04;5,89362E-04;1,53721E-04;2,33741E-04
967;7,08354E-05;0,00000E+00;0,00000E+00;9,71550E-04;2,96581E-05;7,13965E-05;1,06286E-04;9,91247E-05;2,96581E-04;8,34782E-04;1,20851E-03;0,00000E+00;8,40650E-04;1,05408E-03;0,00000E+00;2,04912E-03;8,19647E-04;9,00636E-03;6,55718E-04;0,00000E+00;0,00000E+00;0,00000E+00;0,00000E+00;0,00000E+00;0,00000E+00;3,46659E-03;5,98457E-03;0,00000E+00;0,00000E+00;1,40544E-03;0,00000E+00;7,02718E-04;6,52335E-03;3,00805E-03;3,21083E-03;3,41361E-03;3,61639E-03;3,81917E-03;4,02196E-03;4,22474E-03;1,50875E-05;0,00000E+00;1,34472E-04;8,54413E-05;0,00000E+00;2,08156E-05;0,00000E+00;0,00000E+00;0,00000E+00;0,00000E+00;5,50904E-04;1,48291E-05;0,00000E+00;8,23430E-05;0,00000E+00;4,45402E-04;8,21106E-04;2,56782E-04;3,12454E-04;6,70312E-04
968;2,15133E-05;0,00000E+00;4,05448E-05;3,18670E-04;7,65786E-05;1,84349E-04;2,74436E-04;1,00125E-03;7,65786E-04;1,89653E-03;1,34892E-03;0,00000E+00;2,17060E-03;0,00000E+00;0,00000E+00;7,30785E-03;2,11637E-03;1,48146E-03;1,69309E-03;2,68924E-03;0,00000E+00;0,00000E+00;0,00000E+00;0,00000E+00;0,00000E+00;1,69309E-03;2,75128E-03;0,00000E+00;0,00000E+00;4,25797E-03;1,12052E-03;0,00000E+00;2,32800E-03;1,96984E-03;2,09845E-03;2,22706E-03;2,35567E-03;2,48429E-03;2,61290E-03;2,74151E-03;8,01928E-06;0,00000E+00;3,43077E-05;7,29172E-05;0,00000E+00;1,56190E-04;2,66918E-05;0,00000E+00;0,00000E+00;0,00000E+00;2,92809E-04;3,82893E-05;7,09653E-05;2,12613E-04;0,00000E+00;5,96582E-04;5,34866E-04;5,40970E-04;1,81482E-04;4,00490E-04
969;0,00000E+00;0,00000E+00;4,80384E-04;3,76915E-05;5,34472E-04;0,00000E+00;0,00000E+00;2,33840E-04;0,00000E+00;3,30743E-04;5,81990E-04;0,00000E+00;0,00000E+00;0,00000E+00;2,58492E-03;8,38756E-03;3,32346E-03;7,38548E-04;0,00000E+00;1,95157E-03;0,00000E+00;8,29582E-04;8,01708E-04;4,85061E-04;1,54830E-03;0,00000E+00;1,84637E-03;0,00000E+00;0,00000E+00;1,33593E-03;3,51561E-04;6,64693E-03;0,00000E+00;2,23660E-03;2,39317E-03;2,54975E-03;2,70633E-03;2,86290E-03;3,01948E-03;3,17606E-03;2,51604E-06;0,00000E+00;1,07640E-05;2,55377E-04;4,00854E-04;3,21415E-05;8,37451E-06;0,00000E+00;4,75052E-04;0,00000E+00;3,99252E-04;0,00000E+00;2,22653E-05;2,06099E-04;0,00000E+00;8,42534E-04;9,52458E-04;4,47116E-04;3,86770E-05;9,20684E-04
970;3,26964E-05;8,96416E-05;2,72613E-04;6,69788E-04;8,77443E-04;0,00000E+00;2,66669E-04;5,33333E-04;6,64643E-04;5,32051E-04;1,51686E-03;3,47111E-04;1,13106E-03;6,24922E-03;7,35202E-04;5,66083E-03;1,10106E-03;4,70425E-03;0,00000E+00;1,46982E-03;1,00075E-03;0,00000E+00;0,00000E+00;0,00000E+00;5,38596E-04;9,54251E-04;5,73307E-03;0,00000E+00;0,00000E+00;0,00000E+00;0,00000E+00;0,00000E+00;1,24903E-03;5,69171E-04;5,39251E-04;5,09332E-04;4,79412E-04;4,49492E-04;4,19572E-04;3,89653E-04;0,00000E+00;6,01351E-06;2,25102E-04;6,03418E-05;1,66266E-05;0,00000E+00;0,00000E+00;1,98094E-05;1,66642E-05;0,00000E+00;7,38211E-04;5,31209E-05;7,76037E-04;3,28265E-04;2,22817E-04;1,02356E-04;5,81350E-04;9,87525E-05;5,04722E-05;4,70934E-04
971;1,39715E-05;3,15421E-04;6,19835E-04;1,01212E-03;1,41454E-03;0,00000E+00;5,26824E-04;2,72959E-04;8,16694E-04;1,11402E-03;1,34362E-03;0,00000E+00;0,00000E+00;0,00000E+00;5,05797E-03;4,51412E-04;9,98295E-03;2,69109E-03;1,53938E-03;3,10774E-03;1,35187E-03;1,42722E-03;0,00000E+00;0,00000E+00;1,65610E-03;4,47356E-03;2,93418E-03;0,00000E+00;0,00000E+00;4,39824E-04;0,00000E+00;1,53938E-03;1,57994E-03;1,03709E-03;1,02067E-03;1,00425E-03;9,87827E-04;9,71407E-04;9,54987E-04;9,38568E-04;0,00000E+00;1,84906E-05;0,00000E+00;1,85542E-04;1,29306E-04;0,00000E+00;2,09540E-04;6,09110E-05;1,51089E-04;0,00000E+00;6,02038E-05;1,63339E-04;0,00000E+00;0,00000E+00;7,99781E-05;3,14729E-04;8,69459E-05;8,95357E-04;1,55194E-04;6,20545E-05
972;5,09339E-06;1,45043E-05;1,81304E-04;1,06421E-03;2,03061E-04;0,00000E+00;0,00000E+00;2,67085E-03;7,99120E-04;4,06122E-04;5,23319E-04;0,00000E+00;1,88757E-04;0,00000E+00;1,84391E-03;0,00000E+00;5,34975E-03;2,40510E-04;2,03352E-03;7,21529E-04;8,88747E-05;7,04056E-04;9,32306E-04;0,00000E+00;0,00000E+00;2,03352E-03;2,94465E-03;0,00000E+00;0,00000E+00;1,60340E-04;0,00000E+00;1,66543E-03;2,57657E-03;1,41282E-03;1,48347E-03;1,55412E-03;1,62477E-03;1,69543E-03;1,76608E-03;1,83673E-03;0,00000E+00;0,00000E+00;0,00000E+00;1,26076E-05;4,71391E-05;0,00000E+00;7,63889E-05;0,00000E+00;1,47816E-04;0,00000E+00;8,13624E-04;0,00000E+00;3,10821E-04;0,00000E+00;2,91564E-05;7,46562E-04;1,28715E-04;3,64267E-04;4,55564E-04;1,11641E-05
973;5,85574E-05;4,35196E-04;3,59611E-04;5,66136E-04;4,88356E-05;9,19937E-04;0,00000E+00;0,00000E+00;2,22337E-03;1,38961E-03;3,77176E-04;0,00000E+00;1,03817E-04;0,00000E+00;1,01223E-03;1,61957E-03;6,14463E-03;6,74823E-05;4,60847E-03;1,34965E-03;9,28808E-05;0,00000E+00;0,00000E+00;0,00000E+00;0,00000E+00;0,00000E+00;0,00000E+00;0,00000E+00;2,02447E-04;1,98768E-03;6,74823E-05;2,68827E-03;7,68078E-04;1,55383E-03;1,70759E-03;1,86135E-03;2,01511E-03;2,16887E-03;2,32263E-03;2,47639E-03;0,00000E+00;7,55085E-05;2,93960E-05;1,97313E-04;3,47402E-05;0,00000E+00;9,27236E-05;8,68358E-05;0,00000E+00;4,89691E-04;2,53059E-04;7,32533E-05;4,05370E-05;2,94322E-04;0,00000E+00;9,24977E-04;4,25432E-04;1,65331E-03;0,00000E+00;0,00000E+00
974;5,53468E-06;6,44333E-05;1,02059E-04;0,00000E+00;1,71822E-04;0,00000E+00;5,08346E-04;0,00000E+00;1,18207E-03;0,00000E+00;2,26342E-03;0,00000E+00;3,65268E-04;1,96010E-03;3,56142E-03;5,69828E-03;0,00000E+00;2,37428E-04;0,00000E+00;6,70867E-03;1,12803E-04;0,00000E+00;0,00000E+00;9,53593E-04;0,00000E+00;2,61347E-03;0,00000E+00;1,52453E-03;7,12285E-04;2,37428E-04;2,37428E-04;0,00000E+00;2,17789E-04;2,26545E-04;1,72430E-04;1,18315E-04;6,41999E-05;1,00847E-05;0,00000E+00;0,00000E+00;0,00000E+00;0,00000E+00;7,22390E-05;9,69769E-05;1,97012E-05;0,00000E+00;8,48364E-05;3,40604E-04;0,00000E+00;8,19867E-04;7,12638E-04;2,57733E-04;0,00000E+00;8,01853E-04;1,84815E-04;4,69340E-04;8,81773E-04;3,51598E-04;0,00000E+00;2,42626E-04
975;4,45502E-05;6,69456E-05;2,38605E-05;4,95893E-05;6,69456E-04;0,00000E+00;1,54874E-03;0,00000E+00;8,78883E-04;2,14226E-03;1,33256E-03;0,00000E+00;0,00000E+00;7,91305E-04;0,00000E+00;0,00000E+00;0,00000E+00;0,00000E+00;1,85014E-03;7,91305E-04;0,00000E+00;0,00000E+00;0,00000E+00;3,84971E-04;0,00000E+00;1,05507E-03;3,70029E-04;1,72555E-03;2,59020E-03;0,00000E+00;0,00000E+00;0,00000E+00;8,79228E-05;4,36597E-04;4,17527E-04;3,98458E-04;3,79388E-04;3,60318E-04;3,41248E-04;3,22178E-04;0,00000E+00;6,06281E-05;2,17987E-04;3,91501E-05;4,14263E-05;0,00000E+00;0,00000E+00;1,24570E-04;1,40007E-04;2,13426E-04;8,10960E-04;0,00000E+00;0,00000E+00;2,53545E-04;7,46107E-05;6,58544E-04;2,54920E-04;1,41942E-04;0,00000E+00;9,79495E-05
976;1,18820E-04;0,00000E+00;0,00000E+00;1,03325E-03;2,65724E-04;3,46735E-04;1,65614E-04;1,31933E-03;2,31064E-05;9,24256E-05;0,00000E+00;0,00000E+00;4,38496E-03;1,21330E-03;8,94013E-04;0,00000E+00;0,00000E+00;1,59224E-03;6,38581E-05;0,00000E+00;0,00000E+00;9,56391E-05;0,00000E+00;0,00000E+00;1,66899E-03;5,17477E-03;0,00000E+00;6,38581E-05;0,00000E+00;0,00000E+00;9,57871E-04;3,19290E-04;0,00000E+00;1,43338E-04;5,40394E-05;0,00000E+00;0,00000E+00;0,00000E+00;0,00000E+00;0,00000E+00;0,00000E+00;0,00000E+00;0,00000E+00;2,04516E-04;2,88830E-06;4,86519E-05;0,00000E+00;0,00000E+00;3,01225E-04;2,88068E-04;7,20169E-05;5,77660E-06;2,94118E-04;3,99896E-04;0,00000E+00;6,05523E-04;0,00000E+00;1,69247E-04;9,85333E-04;8,89255E-05
977;8,79548E-05;0,00000E+00;0,00000E+00;6,95742E-04;1,70071E-03;0,00000E+00;6,41145E-04;4,48459E-04;1,27535E-03;3,57810E-04;0,00000E+00;0,00000E+00;3,80326E-04;5,13409E-03;3,67952E-03;1,96644E-03;2,62193E-03;0,00000E+00;2,47216E-04;0,00000E+00;3,46025E-04;4,24790E-04;0,00000E+00;0,00000E+00;0,00000E+00;2,18494E-03;3,05891E-03;2,47216E-04;0,00000E+00;0,00000E+00;3,70824E-03;1,45457E-03;0,00000E+00;1,55003E-03;1,63647E-03;1,72291E-03;1,80935E-03;1,89579E-03;1,98223E-03;2,06867E-03;0,00000E+00;0,00000E+00;0,00000E+00;2,02065E-04;2,10640E-05;1,88348E-04;1,17106E-04;2,94823E-05;0,00000E+00;1,18590E-04;1,38355E-04;2,23631E-05;0,00000E+00;3,41448E-04;7,94624E-05;5,53950E-05;2,30361E-04;5,62362E-04;3,00471E-05;5,87671E-04
978;4,79565E-06;0,00000E+00;1,36565E-04;0,00000E+00;2,88945E-04;0,00000E+00;1,07670E-03;2,51038E-03;2,01212E-03;0,00000E+00;8,11341E-04;3,56380E-04;1,35481E-03;9,42728E-04;9,39462E-05;8,45516E-04;1,12735E-03;0,00000E+00;5,66127E-03;3,39676E-03;1,48781E-04;2,34503E-05;0,00000E+00;0,00000E+00;0,00000E+00;3,95880E-03;3,57975E-03;2,64192E-03;0,00000E+00;1,50967E-03;0,00000E+00;9,39462E-05;4,52901E-03;2,21000E-03;2,31807E-03;2,42614E-03;2,53421E-03;2,64227E-03;2,75034E-03;2,85841E-03;0,00000E+00;0,00000E+00;2,88892E-05;8,68823E-05;3,83904E-05;0,00000E+00;5,03525E-05;6,36032E-05;0,00000E+00;5,09903E-05;5,71607E-04;2,38988E-04;3,18704E-04;9,47261E-04;6,74715E-04;5,97942E-04;6,46183E-04;4,30600E-04;1,68626E-04;4,20004E-04
979;7,25127E-06;2,58116E-05;3,74284E-05;1,10469E-04;1,14718E-05;0,00000E+00;0,00000E+00;1,72537E-04;1,34626E-03;2,29437E-05;0,00000E+00;5,86039E-04;0,00000E+00;0,00000E+00;0,00000E+00;3,72381E-03;2,89629E-03;8,27512E-04;0,00000E+00;1,65502E-03;5,24207E-04;0,00000E+00;0,00000E+00;1,08698E-03;1,66162E-04;0,00000E+00;5,07266E-04;4,13756E-04;0,00000E+00;1,90225E-04;3,08652E-03;0,00000E+00;0,00000E+00;7,86313E-04;8,29536E-04;8,72760E-04;9,15983E-04;9,59207E-04;1,00243E-03;1,04565E-03;1,17987E-05;9,35034E-06;9,70708E-06;1,84237E-04;2,43284E-04;0,00000E+00;0,00000E+00;0,00000E+00;0,00000E+00;0,00000E+00;5,98854E-04;0,00000E+00;3,93064E-04;1,31120E-04;7,68683E-06;4,01900E-05;0,00000E+00;6,41944E-05;5,68993E-04;4,34005E-04
980;2,93629E-05;1,85521E-04;0,00000E+00;8,37332E-04;2,48955E-04;4,87486E-05;5,22510E-04;1,10475E-03;2,01779E-03;9,29068E-05;0,00000E+00;0,00000E+00;0,00000E+00;2,23858E-04;0,00000E+00;0,00000E+00;1,79086E-03;5,59644E-03;0,00000E+00;0,00000E+00;0,00000E+00;0,00000E+00;0,00000E+00;2,94049E-04;6,72847E-04;0,00000E+00;2,05410E-03;0,00000E+00;0,00000E+00;7,70286E-04;2,56115E-03;2,46243E-03;0,00000E+00;1,61369E-03;1,73445E-03;1,85520E-03;1,97595E-03;2,09671E-03;2,21746E-03;2,33821E-03;4,77772E-05;3,78627E-05;3,93073E-05;6,90085E-05;6,07505E-05;0,00000E+00;0,00000E+00;0,00000E+00;0,00000E+00;0,00000E+00;3,64503E-04;0,00000E+00;0,00000E+00;5,43832E-04;3,11266E-05;3,61385E-04;2,95020E-04;6,46592E-05;2,15493E-04;3,57554E-04
981;0,00000E+00;1,93600E-04;5,97904E-04;4,82743E-04;8,83282E-05;2,75266E-04;7,32080E-04;7,64877E-04;3,53313E-04;0,00000E+00;0,00000E+00;5,50692E-04;1,39567E-03;9,76434E-05;0,00000E+00;0,00000E+00;7,81147E-04;1,09947E-02;0,00000E+00;7,77600E-04;0,00000E+00;8,73448E-04;1,82888E-03;1,28260E-04;0,00000E+00;0,00000E+00;7,77600E-04;0,00000E+00;0,00000E+00;4,27680E-03;3,11395E-03;4,57328E-03;0,00000E+00;2,79017E-03;3,00629E-03;3,22241E-03;3,43854E-03;3,65466E-03;3,87078E-03;4,08691E-03;0,00000E+00;5,09630E-05;0,00000E+00;3,01005E-05;2,64985E-05;0,00000E+00;0,00000E+00;0,00000E+00;0,00000E+00;6,68246E-04;1,10860E-03;0,00000E+00;0,00000E+00;3,04192E-04;4,71333E-04;8,66448E-05;1,28683E-04;1,31363E-05;9,39948E-05;0,00000E+00
982;1,63118E-05;1,93545E-04;1,93545E-04;7,45505E-04;0,00000E+00;0,00000E+00;6,83589E-05;2,58749E-04;2,38436E-05;2,71581E-03;5,09962E-04;0,00000E+00;2,85270E-03;2,56747E-03;0,00000E+00;1,31791E-04;0,00000E+00;0,00000E+00;1,97604E-03;6,58954E-05;0,00000E+00;1,64484E-05;0,00000E+00;0,00000E+00;0,00000E+00;8,23284E-04;1,97686E-04;0,00000E+00;0,00000E+00;1,31791E-04;0,00000E+00;0,00000E+00;0,00000E+00;1,11819E-05;0,00000E+00;0,00000E+00;0,00000E+00;0,00000E+00;0,00000E+00;0,00000E+00;0,00000E+00;1,88796E-04;0,00000E+00;8,79415E-05;0,00000E+00;1,95609E-04;1,86231E-04;0,00000E+00;9,71447E-05;0,00000E+00;0,00000E+00;3,09671E-04;0,00000E+00;3,82122E-04;6,30485E-04;2,16978E-04;3,12634E-04;1,37288E-03;0,00000E+00;7,38064E-04
983;3,55115E-05;0,00000E+00;0,00000E+00;0,00000E+00;0,00000E+00;0,00000E+00;2,74296E-04;1,40827E-04;9,56744E-05;1,46237E-03;2,24653E-03;0,00000E+00;3,58295E-04;0,00000E+00;0,00000E+00;5,28821E-04;0,00000E+00;0,00000E+00;4,49498E-03;1,89468E-03;7,37667E-05;6,60005E-05;0,00000E+00;0,00000E+00;0,00000E+00;2,75094E-03;7,93232E-04;0,00000E+00;0,00000E+00;5,28821E-04;0,00000E+00;0,00000E+00;0,00000E+00;5,66718E-05;1,00556E-05;0,00000E+00;0,00000E+00;0,00000E+00;0,00000E+00;0,00000E+00;0,00000E+00;1,38633E-04;6,53651E-05;0,00000E+00;0,00000E+00;0,00000E+00;2,39535E-04;0,00000E+00;0,00000E+00;1,26407E-04;6,95236E-04;1,68542E-04;0,00000E+00;0,00000E+00;3,20539E-05;0,00000E+00;1,53071E-03;4,26864E-04;1,60138E-04;4,28680E-04
984;1,49800E-05;0,00000E+00;0,00000E+00;1,51042E-03;0,00000E+00;0,00000E+00;0,00000E+00;1,81104E-04;1,60212E-03;5,04587E-04;8,44787E-05;2,28049E-03;1,51142E-04;3,62267E-03;0,00000E+00;4,42771E-03;0,00000E+00;4,02519E-04;3,62267E-03;1,09023E-03;6,04834E-04;0,00000E+00;0,00000E+00;0,00000E+00;4,21922E-04;4,91220E-04;0,00000E+00;0,00000E+00;0,00000E+00;3,62267E-03;0,00000E+00;0,00000E+00;0,00000E+00;5,98092E-04;6,25703E-04;6,53314E-04;6,80925E-04;7,08536E-04;7,36146E-04;7,63757E-04;0,00000E+00;0,00000E+00;2,75734E-05;0,00000E+00;0,00000E+00;0,00000E+00;2,07615E-04;0,00000E+00;0,00000E+00;5,33229E-05;2,93276E-04;2,89568E-04;0,00000E+00;8,08753E-04;4,87964E-05;0,00000E+00;8,59194E-04;0,00000E+00;6,75521E-05;1,53148E-04
985;0,00000E+00;9,64911E-06;3,02365E-04;0,00000E+00;0,00000E+00;5,99561E-04;6,79802E-04;0,00000E+00;0,00000E+00;2,68730E-03;1,12697E-03;0,00000E+00;2,53205E-03;3,05808E-03;0,00000E+00;3,77940E-03;0,00000E+00;5,44556E-03;1,42223E-04;0,00000E+00;0,00000E+00;0,00000E+00;1,28655E-04;1,91283E-04;2,28964E-04;7,11114E-05;2,25546E-03;0,00000E+00;0,00000E+00;1,51785E-02;0,00000E+00;1,22929E-03;0,00000E+00;3,07452E-03;3,27096E-03;3,46740E-03;3,66384E-03;3,86028E-03;4,05672E-03;4,25315E-03;0,00000E+00;0,00000E+00;1,99583E-05;4,87144E-06;0,00000E+00;0,00000E+00;0,00000E+00;5,64121E-04;0,00000E+00;0,00000E+00;0,00000E+00;0,00000E+00;0,00000E+00;0,00000E+00;7,88225E-05;2,70435E-05;1,21832E-04;3,78596E-04;0,00000E+00;0,00000E+00
986;0,00000E+00;1,69476E-04;9,72681E-05;3,28395E-05;8,86668E-05;1,00193E-03;0,00000E+00;0,00000E+00;0,00000E+00;0,00000E+00;0,00000E+00;0,00000E+00;1,85678E-03;0,00000E+00;0,00000E+00;1,81039E-03;0,00000E+00;3,88960E-03;3,23312E-03;0,00000E+00;0,00000E+00;0,00000E+00;1,72768E-03;0,00000E+00;0,00000E+00;3,45439E-03;2,68815E-04;0,00000E+00;0,00000E+00;1,01035E-02;0,00000E+00;3,30443E-03;0,00000E+00;2,49346E-03;2,60926E-03;2,72506E-03;2,84085E-03;2,95665E-03;3,07245E-03;3,18825E-03;0,00000E+00;0,00000E+00;2,38005E-04;8,55614E-05;0,00000E+00;1,24462E-05;0,00000E+00;1,26953E-04;1,11260E-04;0,00000E+00;2,21667E-05;0,00000E+00;0,00000E+00;0,00000E+00;2,76000E-04;4,43925E-04;1,36479E-03;1,36663E-03;2,35888E-04;0,00000E+00
987;0,00000E+00;5,24171E-05;0,00000E+00;2,40082E-04;3,49447E-05;5,79395E-04;0,00000E+00;0,00000E+00;0,00000E+00;0,00000E+00;0,00000E+00;0,00000E+00;1,38359E-03;0,00000E+00;0,00000E+00;2,89725E-04;0,00000E+00;5,24038E-03;2,33349E-03;0,00000E+00;0,00000E+00;0,00000E+00;4,89226E-04;0,00000E+00;0,00000E+00;1,25548E-03;0,00000E+00;0,00000E+00;0,00000E+00;4,08753E-03;3,81349E-03;7,72601E-04;5,08465E-03;3,81089E-03;4,16788E-03;4,52486E-03;4,88184E-03;5,23883E-03;5,59581E-03;5,95280E-03;0,00000E+00;0,00000E+00;6,40663E-05;1,71597E-04;3,83298E-04;4,90521E-06;2,52335E-05;0,00000E+00;4,38490E-05;0,00000E+00;4,70659E-05;0,00000E+00;0,00000E+00;0,00000E+00;1,97081E-03;1,34667E-04;9,70630E-04;1,74992E-03;9,29664E-05;3,54031E-04
988;1,73276E-05;1,61193E-04;7,25640E-05;4,65708E-04;5,80512E-05;0,00000E+00;6,58660E-04;0,00000E+00;8,70768E-05;1,12835E-03;0,00000E+00;0,00000E+00;0,00000E+00;6,38859E-03;3,39483E-03;1,60433E-04;4,45481E-04;0,00000E+00;6,63781E-03;1,60433E-04;1,59477E-04;0,00000E+00;0,00000E+00;4,21475E-04;1,68167E-04;0,00000E+00;2,67288E-03;0,00000E+00;8,82383E-04;7,57317E-03;0,00000E+00;0,00000E+00;1,60433E-04;1,51895E-03;1,58422E-03;1,64948E-03;1,71475E-03;1,78002E-03;1,84529E-03;1,91056E-03;0,00000E+00;0,00000E+00;7,95643E-05;5,17275E-04;0,00000E+00;0,00000E+00;0,00000E+00;0,00000E+00;1,74626E-04;4,35384E-05;5,89184E-04;3,22386E-04;1,69344E-04;3,48084E-04;1,75040E-04;1,12943E-04;1,76128E-04;5,11830E-04;1,22899E-03;8,20230E-04
989;1,38665E-04;7,12122E-05;8,62751E-04;3,63820E-04;1,96463E-04;0,00000E+00;1,26026E-03;0,00000E+00;1,62399E-03;0,00000E+00;0,00000E+00;3,71671E-04;0,00000E+00;3,52921E-03;2,44330E-03;1,33018E-03;0,00000E+00;2,62408E-03;1,35739E-03;5,42955E-04;3,84068E-04;4,58504E-04;0,00000E+00;1,42640E-03;1,94441E-03;3,14889E-03;0,00000E+00;7,87223E-04;2,98625E-03;0,00000E+00;0,00000E+00;0,00000E+00;5,42955E-04;2,66446E-04;1,59619E-04;5,27915E-05;0,00000E+00;0,00000E+00;0,00000E+00;0,00000E+00;0,00000E+00;0,00000E+00;4,68668E-05;2,98158E-04;0,00000E+00;0,00000E+00;1,09389E-04;1,94743E-04;2,05436E-05;1,47347E-04;2,21021E-04;0,00000E+00;1,23787E-03;0,00000E+00;5,92390E-04;0,00000E+00;1,00289E-03;2,15476E-04;1,10378E-03;1,31558E-03
990;2,78965E-05;2,28360E-04;5,81514E-04;3,61840E-04;0,00000E+00;1,37193E-03;7,11728E-05;0,00000E+00;9,51886E-04;0,00000E+00;2,90212E-03;1,29567E-04;0,00000E+00;0,00000E+00;0,00000E+00;2,74432E-04;0,00000E+00;4,06478E-03;0,00000E+00;4,50000E-04;5,99101E-04;1,59838E-04;0,00000E+00;1,18220E-03;4,79434E-04;1,09773E-03;0,00000E+00;2,74432E-04;2,70000E-03;4,95001E-03;2,70000E-03;8,10001E-03;4,50000E-03;6,08938E-03;6,64343E-03;7,19748E-03;7,75152E-03;8,30557E-03;8,85962E-03;9,41366E-03;0,00000E+00;0,00000E+00;1,63381E-05;2,88108E-04;0,00000E+00;0,00000E+00;4,40112E-04;3,41131E-04;0,00000E+00;0,00000E+00;1,62828E-04;0,00000E+00;2,31739E-04;3,01385E-04;5,45525E-04;1,14089E-03;2,01016E-03;3,69201E-05;6,58607E-04;3,89756E-04
991;0,00000E+00;9,78865E-05;3,29373E-04;0,00000E+00;0,00000E+00;1,18936E-03;0,00000E+00;0,00000E+00;1,15836E-03;2,72380E-04;0,00000E+00;6,44650E-04;1,15808E-03;2,27568E-03;0,00000E+00;4,73956E-03;4,70477E-04;0,00000E+00;9,10273E-04;4,55136E-04;0,00000E+00;5,28725E-04;2,04285E-04;0,00000E+00;3,57807E-03;0,00000E+00;1,22324E-03;4,55136E-03;4,09623E-03;6,37191E-03;0,00000E+00;5,91677E-03;0,00000E+00;3,66101E-03;3,85464E-03;4,04828E-03;4,24192E-03;4,43556E-03;4,62920E-03;4,82283E-03;0,00000E+00;0,00000E+00;0,00000E+00;1,95621E-04;0,00000E+00;0,00000E+00;0,00000E+00;1,71406E-04;0,00000E+00;0,00000E+00;2,64054E-04;7,41090E-04;3,03040E-04;8,40264E-05;1,93918E-04;6,14686E-04;1,24007E-05;1,26589E-04;5,63309E-04;9,50700E-04
992;0,00000E+00;3,07604E-04;1,02980E-04;1,14422E-04;0,00000E+00;5,57788E-04;0,00000E+00;8,60462E-05;5,93170E-04;7,84303E-04;0,00000E+00;0,00000E+00;3,48057E-03;8,53804E-04;0,00000E+00;5,41886E-04;3,63152E-03;1,13840E-03;3,41521E-03;0,00000E+00;0,00000E+00;5,41048E-04;5,88228E-04;0,00000E+00;0,00000E+00;1,42301E-03;5,51446E-03;0,00000E+00;1,70761E-03;5,69202E-04;0,00000E+00;0,00000E+00;0,00000E+00;3,41373E-04;2,59651E-04;1,77929E-04;9,62074E-05;1,44857E-05;0,00000E+00;0,00000E+00;0,00000E+00;3,26418E-05;0,00000E+00;2,04168E-04;2,18833E-04;0,00000E+00;3,89819E-04;5,31956E-04;0,00000E+00;0,00000E+00;5,89664E-04;1,80215E-04;9,98322E-04;4,00791E-04;5,58377E-04;3,83003E-04;2,23244E-04;4,79372E-04;0,00000E+00;7,92642E-05
993;7,95806E-05;7,45592E-06;2,98237E-05;6,14215E-04;1,30742E-03;1,61539E-04;0,00000E+00;2,49195E-05;1,77306E-03;0,00000E+00;2,07133E-04;9,09829E-04;4,22671E-05;2,47267E-04;9,63537E-04;0,00000E+00;6,59379E-04;7,07445E-03;9,89068E-04;0,00000E+00;7,62969E-05;0,00000E+00;1,74323E-04;0,00000E+00;0,00000E+00;1,10110E-02;1,40665E-02;4,81769E-04;4,94534E-04;1,64845E-04;1,44531E-03;0,00000E+00;0,00000E+00;6,56206E-04;3,77557E-04;9,89082E-05;0,00000E+00;0,00000E+00;0,00000E+00;0,00000E+00;0,00000E+00;9,45326E-06;0,00000E+00;0,00000E+00;6,33754E-05;0,00000E+00;1,12894E-04;5,31179E-04;0,00000E+00;0,00000E+00;1,56574E-04;5,21915E-05;1,56601E-04;4,60015E-05;0,00000E+00;3,13450E-05;1,70510E-03;3,32656E-05;6,62524E-04;2,29554E-05
994;6,72380E-05;0,00000E+00;4,15423E-04;3,21314E-04;4,15423E-04;0,00000E+00;0,00000E+00;2,97707E-03;8,11480E-05;5,68036E-04;5,39521E-04;0,00000E+00;3,22853E-03;0,00000E+00;0,00000E+00;0,00000E+00;1,83694E-03;1,81553E-03;2,62186E-03;1,02418E-02;1,77582E-05;5,59796E-05;8,11480E-05;6,38265E-04;1,74357E-03;4,99805E-03;1,37770E-03;0,00000E+00;1,03060E-03;0,00000E+00;3,55104E-03;2,24265E-04;3,67387E-03;2,27157E-03;2,37520E-03;2,47883E-03;2,58246E-03;2,68610E-03;2,78973E-03;2,89336E-03;9,85988E-06;0,00000E+00;7,03035E-05;9,43786E-05;0,00000E+00;5,69539E-06;1,40233E-04;5,54087E-04;0,00000E+00;1,72439E-04;4,83523E-04;2,33300E-04;2,90845E-04;0,00000E+00;5,56718E-05;1,99004E-04;8,14931E-04;9,56903E-04;3,15767E-04;0,00000E+00
995;1,32261E-04;8,47888E-05;0,00000E+00;1,78840E-04;0,00000E+00;0,00000E+00;3,24116E-04;8,06932E-04;1,93147E-04;1,46508E-03;1,68754E-03;0,00000E+00;1,43873E-03;4,06166E-03;0,00000E+00;0,00000E+00;0,00000E+00;3,07247E-03;1,86827E-03;1,09491E-02;4,22679E-05;1,33242E-04;1,93147E-04;1,79279E-03;1,39881E-04;7,21253E-03;1,56218E-03;1,24974E-03;3,39125E-03;4,06166E-03;8,00688E-04;5,33792E-04;0,00000E+00;1,26777E-03;1,17328E-03;1,07879E-03;9,84297E-04;8,89808E-04;7,95318E-04;7,00828E-04;0,00000E+00;0,00000E+00;0,00000E+00;0,00000E+00;0,00000E+00;1,35561E-05;3,33780E-04;3,60134E-04;0,00000E+00;4,10438E-04;4,58725E-04;1,17708E-03;2,30852E-04;0,00000E+00;1,13627E-04;4,73665E-04;2,11044E-04;3,66043E-04;3,00761E-04;6,52623E-04
996;0,00000E+00;1,86571E-05;0,00000E+00;0,00000E+00;0,00000E+00;0,00000E+00;3,40464E-04;0,00000E+00;7,51021E-04;2,48761E-05;2,95581E-04;1,71488E-03;1,05766E-04;5,04486E-03;0,00000E+00;0,00000E+00;0,00000E+00;3,31959E-03;0,00000E+00;4,12494E-04;0,00000E+00;0,00000E+00;0,00000E+00;6,02036E-05;0,00000E+00;4,12494E-04;8,62635E-04;1,31278E-03;6,87490E-04;8,93736E-04;4,15112E-03;0,00000E+00;0,00000E+00;1,49620E-03;1,60536E-03;1,71452E-03;1,82368E-03;1,93283E-03;2,04199E-03;2,15115E-03;0,00000E+00;0,00000E+00;1,32394E-05;0,00000E+00;1,40816E-04;0,00000E+00;0,00000E+00;0,00000E+00;0,00000E+00;0,00000E+00;2,34694E-04;1,36819E-04;5,07972E-05;6,95047E-04;2,50028E-05;0,00000E+00;6,83841E-05;6,47430E-05;7,79753E-04;1,43604E-04
997;1,37165E-05;3,20829E-04;0,00000E+00;0,00000E+00;0,00000E+00;0,00000E+00;2,09970E-04;5,54248E-04;9,27678E-04;6,83552E-04;0,00000E+00;7,12837E-04;7,61163E-04;3,21051E-03;0,00000E+00;0,00000E+00;0,00000E+00;2,69871E-04;0,00000E+00;0,00000E+00;0,00000E+00;3,36818E-05;0,00000E+00;0,00000E+00;0,00000E+00;0,00000E+00;0,00000E+00;5,39743E-04;0,00000E+00;0,00000E+00;0,00000E+00;1,21442E-03;3,66639E-03;1,80641E-03;2,00168E-03;2,19694E-03;2,39221E-03;2,58748E-03;2,78275E-03;2,97802E-03;0,00000E+00;0,00000E+00;1,50649E-04;1,41280E-04;0,00000E+00;6,98334E-05;1,60715E-05;6,37261E-05;2,36787E-04;0,00000E+00;2,61171E-04;0,00000E+00;0,00000E+00;0,00000E+00;0,00000E+00;1,40464E-03;2,48963E-04;6,09367E-04;3,04256E-04;8,93486E-04
998;2,61488E-05;2,71557E-04;3,11767E-04;4,61877E-05;1,24707E-03;2,10146E-03;4,00284E-04;0,00000E+00;1,76851E-03;1,30311E-03;2,81539E-03;1,21450E-04;6,39975E-03;4,71771E-03;0,00000E+00;0,00000E+00;0,00000E+00;5,14478E-04;0,00000E+00;1,72323E-03;0,00000E+00;6,42104E-05;0,00000E+00;0,00000E+00;0,00000E+00;3,44647E-03;0,00000E+00;1,02896E-03;0,00000E+00;6,89293E-04;0,00000E+00;2,31515E-03;6,89293E-04;1,13632E-03;1,19484E-03;1,25336E-03;1,31188E-03;1,37040E-03;1,42892E-03;1,48744E-03;0,00000E+00;0,00000E+00;1,96902E-05;0,00000E+00;0,00000E+00;0,00000E+00;1,12736E-04;5,86533E-04;4,87785E-04;3,11767E-04;4,18857E-04;0,00000E+00;8,36715E-04;1,92354E-04;0,00000E+00;1,30436E-04;1,61013E-03;1,03821E-04;9,33833E-04;1,43981E-04
999;2,35967E-04;1,04073E-04;1,47026E-04;1,36419E-03;1,19898E-03;3,04766E-04;0,00000E+00;5,10422E-04;0,00000E+00;1,83262E-03;1,86000E-03;0,00000E+00;1,87202E-03;8,49118E-03;0,00000E+00;0,00000E+00;1,68824E-02;1,12549E-03;0,00000E+00;8,12836E-03;1,06945E-03;0,00000E+00;0,00000E+00;0,00000E+00;0,00000E+00;2,75081E-03;4,50197E-03;1,12549E-03;0,00000E+00;9,99650E-05;0,00000E+00;1,12549E-03;2,35095E-03;1,41624E-03;1,46521E-03;1,51418E-03;1,56315E-03;1,61213E-03;1,66110E-03;1,71007E-03;0,00000E+00;0,00000E+00;0,00000E+00;0,00000E+00;2,54530E-05;1,14331E-04;1,19063E-05;6,74435E-05;1,61796E-04;1,97932E-04;0,00000E+00;0,00000E+00;1,21345E-04;1,84956E-03;0,00000E+00;1,49808E-03;1,64679E-04;0,00000E+00;6,87354E-05;2,08809E-05
1000;2,32155E-05;6,70411E-05;4,13190E-05;6,62135E-05;0,00000E+00;0,00000E+00;2,36921E-03;1,51441E-03;0,00000E+00;8,99473E-04;0,00000E+00;0,00000E+00;2,45715E-03;0,00000E+00;1,64692E-04;2,79976E-03;4,58952E-03;4,73235E-03;6,65589E-03;9,13532E-04;1,04328E-04;0,00000E+00;1,65276E-04;1,44221E-04;0,00000E+00;3,01722E-03;1,15284E-03;1,64692E-03;6,39472E-03;1,97630E-03;9,88151E-04;0,00000E+00;0,00000E+00;1,48119E-03;1,49211E-03;1,50302E-03;1,51393E-03;1,52484E-03;1,53575E-03;1,54667E-03;0,00000E+00;0,00000E+00;0,00000E+00;2,65969E-04;3,72451E-05;4,10343E-04;3,53619E-04;0,00000E+00;1,24628E-05;0,00000E+00;8,93882E-05;0,00000E+00;2,89281E-04;1,52958E-04;0,00000E+00;2,92282E-04;1,42098E-03;0,00000E+00;1,15418E-03;6,36069E-05
