;;;;;;;;;;;;;;;;;;;;;;;;;;;;;;;;;;;;;;;;;;;;;;;;;;;;;;;;;;;;
;;;;;;;;;;;;;;;;;;;;;;;;;;;;;;;;;;;;;;;;;;;;;;;;;;;;;;;;;;;;
;;;;;;;;;;;;;;;;;;;;;;;;;;;;;;;;;;;;;;;;;;;;;;;;;;;;;;;;;;;;
Device number: 2016951;;;;;;;;;;;;;;;;;;;;;;;;;;;;;;;;;;;;;;;;;;;;;;;;;;;;;;;;;;;;
Name;#1;#2;#3;#4;#5;#7;#8;#9;#10;#11;#12;#13;#14;#15;#16;#17;#18;#19;#20;#21;#22;#23;#24;#25;#26;#27;#28;#29;#30;#31;#32;#33;#34;#35;#36;#37;#38;#39;#40;#41;#42;#43;#44;#45;#46;#47;#48;#49;#50;#51;#52;#53;#54;#55;#56;#57;#58;#59;#60;#61
Measuring mode;Irradiance;Irradiance;Irradiance;Irradiance;Irradiance;Irradiance;Irradiance;Irradiance;Irradiance;Irradiance;Irradiance;Irradiance;Irradiance;Irradiance;Irradiance;Irradiance;Irradiance;Irradiance;Irradiance;Irradiance;Irradiance;Irradiance;Irradiance;Irradiance;Irradiance;Irradiance;Irradiance;Irradiance;Irradiance;Irradiance;Irradiance;Irradiance;Irradiance;Irradiance;Irradiance;Irradiance;Irradiance;Irradiance;Irradiance;Irradiance;Irradiance;Irradiance;Irradiance;Irradiance;Irradiance;Irradiance;Irradiance;Irradiance;Irradiance;Irradiance;Irradiance;Irradiance;Irradiance;Irradiance;Irradiance;Irradiance;Irradiance;Irradiance;Irradiance;Irradiance
Correction;UV;UV;UV;UV;UV;UV;UV;UV;UV;UV;UV;UV;UV;UV;UV;UV;UV;UV;UV;UV;UV;UV;UV;UV;UV;UV;UV;UV;UV;UV;UV;UV;UV;UV;UV;UV;UV;UV;UV;UV;UV;UV;UV;UV;UV;UV;UV;UV;UV;UV;UV;UV;UV;UV;UV;UV;UV;UV;UV;UV
Date;27-02-2026;27-02-2026;27-02-2026;27-02-2026;27-02-2026;27-02-2026;27-02-2026;27-02-2026;27-02-2026;27-02-2026;27-02-2026;27-02-2026;27-02-2026;27-02-2026;27-02-2026;27-02-2026;27-02-2026;27-02-2026;27-02-2026;27-02-2026;27-02-2026;27-02-2026;27-02-2026;27-02-2026;27-02-2026;27-02-2026;27-02-2026;27-02-2026;27-02-2026;27-02-2026;27-02-2026;27-02-2026;27-02-2026;27-02-2026;27-02-2026;27-02-2026;27-02-2026;27-02-2026;27-02-2026;27-02-2026;27-02-2026;27-02-2026;27-02-2026;27-02-2026;27-02-2026;27-02-2026;27-02-2026;27-02-2026;27-02-2026;27-02-2026;27-02-2026;27-02-2026;27-02-2026;27-02-2026;27-02-2026;27-02-2026;27-02-2026;27-02-2026;27-02-2026;27-02-2026
Time;12:47:31;12:47:41;12:47:50;12:48:02;12:48:09;12:48:28;12:49:57;12:50:05;12:50:14;12:50:22;12:52:17;12:52:30;12:55:01;12:55:08;12:55:15;12:55:22;12:55:34;12:55:46;12:55:56;12:56:09;12:57:34;12:57:53;12:58:00;12:58:29;12:58:36;12:58:42;12:58:56;12:59:01;12:59:06;12:59:14;12:59:31;12:59:36;12:59:40;12:59:45;12:59:50;12:59:54;13:00:13;13:00:17;13:00:24;13:00:28;13:00:46;13:00:51;13:00:55;13:01:00;13:01:04;13:01:08;13:01:12;13:01:17;13:01:21;13:01:27;13:01:32;13:01:37;13:01:41;13:01:46;13:01:50;13:01:54;13:01:59;13:02:03;13:02:07;13:02:12
Sync. frequency [Hz];0,00;0,00;0,00;0,00;0,00;0,00;0,00;0,00;0,00;0,00;0,00;0,00;0,00;0,00;0,00;0,00;0,00;0,00;0,00;0,00;0,00;0,00;0,00;0,00;0,00;0,00;0,00;0,00;0,00;0,00;0,00;0,00;0,00;0,00;0,00;0,00;0,00;0,00;0,00;0,00;0,00;0,00;0,00;0,00;0,00;0,00;0,00;0,00;0,00;0,00;0,00;0,00;0,00;0,00;0,00;0,00;0,00;0,00;0,00;0,00
T_int [ms];100,00;41,41;25,00;20,02;15,99;12,50;12,50;10,52;9,43;8,77;4,52;4,52;4,52;4,52;4,52;4,52;4,52;4,52;4,52;4,52;401,37;179,77;117,98;87,53;69,61;57,89;50,00;44,58;39,95;36,11;33,06;30,40;28,41;25,00;25,00;25,00;25,00;21,29;20,42;19,64;708,46;330,71;222,80;170,23;139,56;119,28;100,00;100,00;85,74;79,13;72,29;67,88;63,48;59,91;57,08;50,00;50,00;50,00;50,00;50,00
Averages;1;1;1;1;1;1;1;1;1;1;1;1;1;1;1;1;1;1;1;1;1;1;1;1;1;1;1;1;1;1;1;1;1;1;1;1;1;1;1;1;1;1;1;1;1;1;1;1;1;1;1;1;1;1;1;1;1;1;1;1
;;;;;;;;;;;;;;;;;;;;;;;;;;;;;;;;;;;;;;;;;;;;;;;;;;;;;;;;;;;;
Ev [lx] (CIE1931 2°);5,671E+03;1,349E+04;2,118E+04;2,884E+04;3,624E+04;4,344E+04;5,040E+04;5,746E+04;6,423E+04;7,109E+04;7,799E+04;8,445E+04;9,038E+04;9,667E+04;1,028E+05;1,087E+05;1,146E+05;1,203E+05;1,259E+05;1,313E+05;3,084E+01;7,226E+01;1,135E+02;1,550E+02;1,956E+02;2,357E+02;2,754E+02;3,159E+02;3,551E+02;3,951E+02;4,329E+02;4,709E+02;5,077E+02;5,465E+02;5,842E+02;6,219E+02;6,550E+02;6,941E+02;7,282E+02;7,621E+02;1,138E+00;1,947E+00;3,187E+00;4,346E+00;5,706E+00;6,812E+00;8,505E+00;1,032E+01;1,041E+01;1,112E+01;1,355E+01;1,390E+01;1,538E+01;1,760E+01;1,900E+01;2,018E+01;2,070E+01;2,150E+01;2,386E+01;2,443E+01
Ee [W/sqm] (230-1000nm);1,801E+01;4,273E+01;6,695E+01;9,108E+01;1,142E+02;1,368E+02;1,588E+02;1,809E+02;2,020E+02;2,234E+02;2,460E+02;2,655E+02;2,845E+02;3,042E+02;3,234E+02;3,422E+02;3,607E+02;3,789E+02;3,963E+02;4,129E+02;5,675E-01;1,338E+00;2,111E+00;2,870E+00;3,695E+00;4,377E+00;5,232E+00;5,987E+00;6,686E+00;7,461E+00;8,220E+00;9,027E+00;9,742E+00;1,055E+01;1,118E+01;1,199E+01;1,266E+01;1,348E+01;1,410E+01;1,486E+01;5,855E-01;1,341E+00;2,095E+00;2,828E+00;3,595E+00;4,294E+00;5,038E+00;5,726E+00;6,389E+00;7,062E+00;7,771E+00;8,440E+00;9,111E+00;9,747E+00;1,043E+01;1,111E+01;1,176E+01;1,233E+01;1,300E+01;1,361E+01
CCT [K] (CIE1931 2°);5538;5520;5508;5499;5490;5484;5487;5476;5479;5470;5490;5478;5481;5479;5477;5478;5476;5482;5484;5474;0;0;0;0;0;0;0;0;0;0;0;0;0;0;0;0;0;0;0;0;0;0;0;0;0;0;0;0;0;0;0;0;0;0;0;0;0;0;0;0
;;;;;;;;;;;;;;;;;;;;;;;;;;;;;;;;;;;;;;;;;;;;;;;;;;;;;;;;;;;;
Chrom. Coord. (CIE1931 2°);;;;;;;;;;;;;;;;;;;;;;;;;;;;;;;;;;;;;;;;;;;;;;;;;;;;;;;;;;;;
x;0,3316;0,3321;0,3323;0,3326;0,3328;0,3329;0,3329;0,3331;0,3330;0,3333;0,3328;0,3331;0,3330;0,3330;0,3331;0,3331;0,3331;0,3330;0,3329;0,3332;0,7206;0,7198;0,7186;0,7185;0,7172;0,7195;0,7183;0,7190;0,7192;0,7186;0,7195;0,7183;0,7198;0,7191;0,7198;0,7186;0,7201;0,7187;0,7192;0,7204;0,6224;0,6576;0,6557;0,6781;0,6665;0,6778;0,6446;0,6588;0,6843;0,7005;0,6811;0,6926;0,6914;0,6644;0,6928;0,6956;0,6853;0,7023;0,7024;0,6873
y;0,3460;0,3469;0,3476;0,3482;0,3484;0,3486;0,3486;0,3491;0,3490;0,3493;0,3489;0,3493;0,3492;0,3493;0,3492;0,3491;0,3492;0,3491;0,3491;0,3494;0,2768;0,2775;0,2776;0,2773;0,2768;0,2775;0,2768;0,2776;0,2780;0,2776;0,2780;0,2773;0,2776;0,2774;0,2780;0,2780;0,2775;0,2780;0,2778;0,2781;0,3054;0,2589;0,2627;0,2685;0,2824;0,2765;0,2637;0,2826;0,2707;0,2677;0,2779;0,2671;0,2697;0,2657;0,2839;0,2823;0,2697;0,2695;0,2783;0,2654
;;;;;;;;;;;;;;;;;;;;;;;;;;;;;;;;;;;;;;;;;;;;;;;;;;;;;;;;;;;;
PAR;;;;;;;;;;;;;;;;;;;;;;;;;;;;;;;;;;;;;;;;;;;;;;;;;;;;;;;;;;;;
Begin [nm];400;400;400;400;400;400;400;400;400;400;400;400;400;400;400;400;400;400;400;400;400;400;400;400;400;400;400;400;400;400;400;400;400;400;400;400;400;400;400;400;400;400;400;400;400;400;400;400;400;400;400;400;400;400;400;400;400;400;400;400
End [nm];700;700;700;700;700;700;700;700;700;700;700;700;700;700;700;700;700;700;700;700;700;700;700;700;700;700;700;700;700;700;700;700;700;700;700;700;700;700;700;700;700;700;700;700;700;700;700;700;700;700;700;700;700;700;700;700;700;700;700;700
Ephot (Begin..End) [umol/s sqm];8,06008E+01;1,91071E+02;2,99339E+02;4,06870E+02;5,10679E+02;6,11687E+02;7,09792E+02;8,07901E+02;9,02900E+02;9,98693E+02;1,09563E+03;1,18535E+03;1,26939E+03;1,35692E+03;1,44337E+03;1,52571E+03;1,60906E+03;1,68968E+03;1,76770E+03;1,84273E+03;3,06830E+00;7,20014E+00;1,13385E+01;1,55720E+01;1,97138E+01;2,38439E+01;2,79674E+01;3,21042E+01;3,61665E+01;4,03813E+01;4,43548E+01;4,84822E+01;5,24853E+01;5,65736E+01;6,05044E+01;6,44994E+01;6,85109E+01;7,25344E+01;7,64923E+01;8,03675E+01;2,49204E-01;5,90402E-01;9,57633E-01;1,33871E+00;1,72070E+00;2,12413E+00;2,55410E+00;2,96519E+00;3,38737E+00;3,82552E+00;4,28406E+00;4,72502E+00;5,18311E+00;5,66347E+00;6,12863E+00;6,59050E+00;7,07124E+00;7,55438E+00;8,03310E+00;8,53207E+00
;;;;;;;;;;;;;;;;;;;;;;;;;;;;;;;;;;;;;;;;;;;;;;;;;;;;;;;;;;;;
;;;;;;;;;;;;;;;;;;;;;;;;;;;;;;;;;;;;;;;;;;;;;;;;;;;;;;;;;;;;
Wavelength [nm];Ee [W/(sqm*nm)];Ee [W/(sqm*nm)];Ee [W/(sqm*nm)];Ee [W/(sqm*nm)];Ee [W/(sqm*nm)];Ee [W/(sqm*nm)];Ee [W/(sqm*nm)];Ee [W/(sqm*nm)];Ee [W/(sqm*nm)];Ee [W/(sqm*nm)];Ee [W/(sqm*nm)];Ee [W/(sqm*nm)];Ee [W/(sqm*nm)];Ee [W/(sqm*nm)];Ee [W/(sqm*nm)];Ee [W/(sqm*nm)];Ee [W/(sqm*nm)];Ee [W/(sqm*nm)];Ee [W/(sqm*nm)];Ee [W/(sqm*nm)];Ee [W/(sqm*nm)];Ee [W/(sqm*nm)];Ee [W/(sqm*nm)];Ee [W/(sqm*nm)];Ee [W/(sqm*nm)];Ee [W/(sqm*nm)];Ee [W/(sqm*nm)];Ee [W/(sqm*nm)];Ee [W/(sqm*nm)];Ee [W/(sqm*nm)];Ee [W/(sqm*nm)];Ee [W/(sqm*nm)];Ee [W/(sqm*nm)];Ee [W/(sqm*nm)];Ee [W/(sqm*nm)];Ee [W/(sqm*nm)];Ee [W/(sqm*nm)];Ee [W/(sqm*nm)];Ee [W/(sqm*nm)];Ee [W/(sqm*nm)];Ee [W/(sqm*nm)];Ee [W/(sqm*nm)];Ee [W/(sqm*nm)];Ee [W/(sqm*nm)];Ee [W/(sqm*nm)];Ee [W/(sqm*nm)];Ee [W/(sqm*nm)];Ee [W/(sqm*nm)];Ee [W/(sqm*nm)];Ee [W/(sqm*nm)];Ee [W/(sqm*nm)];Ee [W/(sqm*nm)];Ee [W/(sqm*nm)];Ee [W/(sqm*nm)];Ee [W/(sqm*nm)];Ee [W/(sqm*nm)];Ee [W/(sqm*nm)];Ee [W/(sqm*nm)];Ee [W/(sqm*nm)];Ee [W/(sqm*nm)]
300;0,00000E+00;0,00000E+00;3,22703E-04;0,00000E+00;5,55072E-04;1,13608E-03;8,97104E-04;3,06752E-03;9,41209E-05;7,08429E-04;1,49812E-03;2,99624E-03;9,98748E-04;0,00000E+00;3,78117E-03;0,00000E+00;7,98998E-03;0,00000E+00;5,88698E-04;9,81163E-04;2,21133E-05;0,00000E+00;0,00000E+00;0,00000E+00;0,00000E+00;0,00000E+00;7,09921E-04;0,00000E+00;0,00000E+00;2,36808E-04;0,00000E+00;0,00000E+00;0,00000E+00;6,77727E-04;9,03467E-05;0,00000E+00;0,00000E+00;4,62315E-04;4,34652E-05;0,00000E+00;0,00000E+00;8,31978E-05;2,74459E-04;0,00000E+00;1,45658E-04;1,32551E-04;2,04139E-04;3,16213E-04;1,46780E-04;0,00000E+00;0,00000E+00;0,00000E+00;1,67781E-04;0,00000E+00;0,00000E+00;4,51733E-04;8,87560E-05;2,13014E-04;1,35520E-04;3,37273E-04
301;0,00000E+00;0,00000E+00;1,90656E-05;2,71371E-03;5,36472E-04;0,00000E+00;5,71967E-05;1,26845E-03;1,81934E-03;0,00000E+00;1,58072E-04;5,37366E-03;1,05381E-04;0,00000E+00;2,84490E-03;1,26438E-03;4,00400E-03;8,85066E-03;0,00000E+00;0,00000E+00;1,42482E-05;0,00000E+00;0,00000E+00;1,30670E-04;0,00000E+00;0,00000E+00;5,24303E-05;0,00000E+00;0,00000E+00;1,97995E-05;0,00000E+00;0,00000E+00;0,00000E+00;1,04845E-03;9,53278E-06;1,48689E-03;0,00000E+00;2,23879E-05;0,00000E+00;0,00000E+00;0,00000E+00;0,00000E+00;4,06410E-04;0,00000E+00;1,58789E-04;1,39859E-05;0,00000E+00;3,33647E-05;1,11182E-05;1,44542E-04;2,37327E-04;0,00000E+00;5,85572E-04;0,00000E+00;0,00000E+00;4,76639E-05;0,00000E+00;0,00000E+00;7,57742E-04;2,85939E-04
302;0,00000E+00;5,10991E-04;3,10942E-05;0,00000E+00;9,72300E-05;3,10942E-04;4,23202E-04;1,40492E-03;8,24341E-05;0,00000E+00;8,59334E-04;0,00000E+00;9,45268E-04;0,00000E+00;3,50875E-03;0,00000E+00;5,27987E-03;0,00000E+00;0,00000E+00;0,00000E+00;0,00000E+00;2,16208E-06;1,64722E-05;4,80784E-04;4,30229E-04;0,00000E+00;8,55089E-05;2,37328E-04;3,89163E-05;8,78986E-04;0,00000E+00;9,57078E-04;0,00000E+00;2,95394E-04;7,77354E-05;1,45314E-03;2,17659E-04;2,48475E-04;2,59061E-04;7,91603E-05;0,00000E+00;0,00000E+00;0,00000E+00;0,00000E+00;4,16956E-04;4,56194E-05;2,41938E-04;2,59000E-04;6,16985E-05;1,00279E-04;6,22012E-04;1,03067E-04;5,83337E-04;0,00000E+00;1,63424E-04;3,10942E-05;0,00000E+00;4,66412E-05;2,19375E-04;0,00000E+00
303;0,00000E+00;0,00000E+00;1,59346E-04;0,00000E+00;1,12035E-03;1,59346E-03;5,57036E-04;7,57350E-04;4,22445E-04;7,93951E-04;4,40378E-03;0,00000E+00;7,92307E-03;0,00000E+00;0,00000E+00;1,09961E-03;4,40218E-03;0,00000E+00;0,00000E+00;0,00000E+00;0,00000E+00;1,10799E-05;8,44139E-05;2,95828E-04;4,57583E-04;1,71827E-05;7,56509E-04;3,57006E-04;1,99432E-04;0,00000E+00;0,00000E+00;2,94486E-04;0,00000E+00;1,63316E-03;3,98366E-04;3,98366E-04;1,11542E-03;3,27053E-04;0,00000E+00;4,05668E-04;0,00000E+00;0,00000E+00;0,00000E+00;0,00000E+00;0,00000E+00;2,92158E-04;4,97595E-05;3,78448E-04;1,04413E-04;0,00000E+00;0,00000E+00;6,30759E-04;0,00000E+00;0,00000E+00;8,37490E-04;1,59346E-04;9,94708E-05;2,39020E-04;4,37720E-04;0,00000E+00
304;0,00000E+00;0,00000E+00;3,79267E-04;6,31480E-04;1,63964E-03;0,00000E+00;7,60238E-04;0,00000E+00;0,00000E+00;1,08358E-03;1,04816E-03;0,00000E+00;7,69594E-03;0,00000E+00;0,00000E+00;6,04278E-03;1,80089E-03;0,00000E+00;2,44571E-03;0,00000E+00;0,00000E+00;0,00000E+00;6,69723E-05;1,62487E-04;2,73035E-04;2,34508E-05;4,34422E-04;4,87239E-04;5,53790E-04;3,93866E-04;0,00000E+00;4,01912E-04;0,00000E+00;1,62908E-04;0,00000E+00;0,00000E+00;1,26422E-04;1,33708E-03;0,00000E+00;6,43698E-04;0,00000E+00;0,00000E+00;0,00000E+00;0,00000E+00;5,66165E-05;9,29180E-05;4,07271E-05;2,52845E-04;4,92692E-04;0,00000E+00;0,00000E+00;1,39997E-04;0,00000E+00;2,37398E-04;0,00000E+00;0,00000E+00;1,35757E-04;0,00000E+00;5,43027E-04;0,00000E+00
305;0,00000E+00;7,27069E-04;5,22956E-04;2,97811E-04;3,72869E-04;0,00000E+00;6,88181E-04;1,22656E-03;1,59639E-03;2,45218E-04;2,87169E-03;0,00000E+00;3,07416E-03;0,00000E+00;9,50947E-04;2,14206E-03;0,00000E+00;4,27926E-03;7,81004E-03;0,00000E+00;0,00000E+00;5,98144E-05;1,59182E-04;7,66302E-05;5,56101E-04;1,48597E-04;0,00000E+00;9,64812E-04;2,61171E-04;2,45306E-04;1,17091E-03;0,00000E+00;0,00000E+00;0,00000E+00;7,74204E-04;5,16136E-04;1,52201E-03;1,22817E-03;0,00000E+00;3,03573E-04;0,00000E+00;6,50287E-05;1,93049E-05;1,13700E-04;4,21104E-05;6,24808E-06;0,00000E+00;7,85919E-04;2,15317E-04;4,62020E-04;2,08244E-04;1,90091E-04;0,00000E+00;7,93994E-04;0,00000E+00;0,00000E+00;0,00000E+00;0,00000E+00;1,29034E-04;0,00000E+00
306;0,00000E+00;1,03217E-03;2,41232E-05;0,00000E+00;5,08210E-04;2,16701E-04;4,82465E-05;8,58450E-04;1,54816E-03;9,43790E-04;1,66671E-04;0,00000E+00;4,29220E-03;2,99442E-03;5,45663E-03;7,78550E-03;0,00000E+00;3,29443E-03;4,65887E-03;5,98885E-04;0,00000E+00;9,46008E-05;1,23743E-04;0,00000E+00;1,94640E-04;1,04177E-05;0,00000E+00;7,36019E-04;0,00000E+00;4,17530E-06;1,80271E-03;8,91038E-05;0,00000E+00;0,00000E+00;5,42773E-05;5,77936E-04;7,52625E-04;5,66539E-05;9,28565E-04;1,79297E-03;0,00000E+00;4,55899E-06;2,08036E-04;7,97117E-06;1,08033E-06;0,00000E+00;3,52138E-04;4,67388E-05;1,61480E-04;3,23909E-05;3,89306E-04;1,33268E-05;3,41368E-04;4,78156E-05;6,64376E-04;3,79226E-04;7,04277E-04;2,16701E-04;1,71572E-04;1,08350E-04
307;1,28021E-05;4,12208E-05;1,36556E-04;0,00000E+00;0,00000E+00;3,95597E-04;3,75529E-04;2,49333E-03;1,58110E-03;0,00000E+00;0,00000E+00;0,00000E+00;0,00000E+00;0,00000E+00;1,22653E-03;0,00000E+00;4,74481E-03;0,00000E+00;2,10880E-03;1,13218E-03;0,00000E+00;1,89904E-05;0,00000E+00;0,00000E+00;3,47609E-04;0,00000E+00;2,56043E-05;0,00000E+00;0,00000E+00;0,00000E+00;9,03559E-05;2,80749E-05;3,35731E-04;1,19487E-04;0,00000E+00;0,00000E+00;8,99606E-04;0,00000E+00;1,40129E-03;3,64236E-04;0,00000E+00;0,00000E+00;0,00000E+00;0,00000E+00;9,17321E-06;0,00000E+00;0,00000E+00;5,04269E-04;1,94678E-04;0,00000E+00;9,20170E-05;4,59263E-04;0,00000E+00;0,00000E+00;0,00000E+00;0,00000E+00;0,00000E+00;2,56043E-05;2,14868E-04;4,29215E-04
308;7,32261E-05;2,43718E-04;5,70601E-04;9,85629E-05;0,00000E+00;8,55901E-04;1,56915E-03;1,87569E-03;2,16064E-03;4,49995E-04;1,52693E-03;0,00000E+00;3,49012E-03;0,00000E+00;5,12506E-03;0,00000E+00;0,00000E+00;1,30880E-03;0,00000E+00;4,73083E-03;0,00000E+00;7,93515E-05;8,36256E-06;5,63586E-05;4,63300E-04;0,00000E+00;1,06988E-04;0,00000E+00;6,17406E-04;2,73225E-04;3,77553E-04;4,09401E-04;0,00000E+00;4,99276E-04;7,49827E-04;0,00000E+00;5,70601E-04;0,00000E+00;0,00000E+00;0,00000E+00;0,00000E+00;0,00000E+00;0,00000E+00;1,15915E-05;1,01956E-04;0,00000E+00;0,00000E+00;2,13975E-04;0,00000E+00;0,00000E+00;2,46663E-04;1,57613E-04;0,00000E+00;0,00000E+00;0,00000E+00;0,00000E+00;0,00000E+00;1,06988E-04;4,99276E-04;0,00000E+00
309;2,41541E-05;7,19861E-04;0,00000E+00;6,59241E-04;1,15600E-03;0,00000E+00;0,00000E+00;2,58886E-03;2,98474E-03;5,50834E-04;4,59361E-03;0,00000E+00;4,95335E-03;0,00000E+00;0,00000E+00;2,38395E-03;1,70282E-03;2,96434E-03;5,10846E-03;0,00000E+00;0,00000E+00;0,00000E+00;2,19136E-04;6,89880E-05;3,23617E-04;0,00000E+00;0,00000E+00;1,03659E-04;9,09990E-04;4,62425E-04;4,19339E-04;3,57544E-04;0,00000E+00;1,84845E-04;1,04109E-03;0,00000E+00;0,00000E+00;0,00000E+00;0,00000E+00;2,35291E-04;0,00000E+00;0,00000E+00;0,00000E+00;1,04677E-04;3,53817E-04;0,00000E+00;0,00000E+00;1,54037E-04;0,00000E+00;0,00000E+00;0,00000E+00;0,00000E+00;1,45593E-04;0,00000E+00;0,00000E+00;0,00000E+00;0,00000E+00;0,00000E+00;0,00000E+00;4,31304E-04
310;0,00000E+00;2,61996E-04;0,00000E+00;2,23144E-04;7,38424E-04;0,00000E+00;0,00000E+00;1,21329E-04;8,12121E-04;4,02136E-03;1,12879E-03;0,00000E+00;2,82198E-04;4,58667E-04;0,00000E+00;1,44636E-03;2,08150E-03;5,64397E-04;7,16182E-03;0,00000E+00;0,00000E+00;0,00000E+00;8,65491E-05;0,00000E+00;2,93428E-04;0,00000E+00;0,00000E+00;4,61766E-04;6,38990E-05;5,30206E-05;1,73736E-04;0,00000E+00;2,19065E-04;7,65830E-05;5,10553E-05;1,65964E-04;8,29820E-04;0,00000E+00;0,00000E+00;7,31256E-04;0,00000E+00;0,00000E+00;0,00000E+00;3,74900E-05;1,14322E-04;0,00000E+00;2,28200E-04;3,12765E-04;0,00000E+00;0,00000E+00;0,00000E+00;3,36182E-04;6,03206E-05;0,00000E+00;0,00000E+00;0,00000E+00;5,80874E-04;0,00000E+00;0,00000E+00;9,25532E-04
311;0,00000E+00;3,78414E-04;0,00000E+00;0,00000E+00;1,04995E-05;3,34296E-03;6,26806E-04;0,00000E+00;0,00000E+00;1,35391E-03;0,00000E+00;0,00000E+00;1,27033E-02;5,79280E-03;5,77424E-04;2,32826E-03;5,56778E-05;0,00000E+00;6,55582E-03;0,00000E+00;0,00000E+00;0,00000E+00;0,00000E+00;0,00000E+00;2,34761E-04;0,00000E+00;2,08935E-04;1,69469E-05;0,00000E+00;7,23259E-05;2,36995E-04;2,57733E-04;8,86416E-06;8,35741E-04;0,00000E+00;6,71549E-06;3,35774E-05;0,00000E+00;1,27899E-04;9,56491E-04;0,00000E+00;0,00000E+00;0,00000E+00;0,00000E+00;9,35687E-05;1,53268E-04;9,23380E-06;2,45125E-04;2,74145E-04;0,00000E+00;4,33535E-04;9,05533E-05;0,00000E+00;0,00000E+00;0,00000E+00;0,00000E+00;2,35042E-05;0,00000E+00;0,00000E+00;3,02197E-05
312;1,49447E-04;3,69592E-04;0,00000E+00;2,19334E-04;3,73050E-04;5,87330E-04;0,00000E+00;0,00000E+00;4,86587E-04;0,00000E+00;2,91250E-03;3,46339E-03;0,00000E+00;0,00000E+00;0,00000E+00;3,23867E-03;6,04972E-03;1,96349E-03;0,00000E+00;5,44102E-03;1,48618E-05;7,65731E-06;0,00000E+00;0,00000E+00;2,83865E-04;0,00000E+00;0,00000E+00;4,11710E-05;9,57242E-04;1,01656E-04;0,00000E+00;0,00000E+00;0,00000E+00;0,00000E+00;2,93665E-04;0,00000E+00;2,38603E-04;3,23286E-04;0,00000E+00;1,16816E-04;0,00000E+00;1,52622E-05;0,00000E+00;7,73848E-05;0,00000E+00;6,45687E-05;6,42392E-05;4,12966E-05;0,00000E+00;0,00000E+00;2,57030E-04;3,23444E-05;0,00000E+00;0,00000E+00;0,00000E+00;0,00000E+00;5,70839E-04;0,00000E+00;1,33707E-04;5,50622E-05
313;3,78262E-04;8,74642E-04;0,00000E+00;2,48313E-04;2,20760E-03;2,10511E-03;0,00000E+00;4,72551E-04;2,37663E-03;1,13369E-04;0,00000E+00;5,45417E-03;0,00000E+00;0,00000E+00;0,00000E+00;3,78817E-03;2,54528E-03;1,81806E-03;2,19820E-03;3,63612E-04;5,32676E-05;2,74453E-05;0,00000E+00;0,00000E+00;3,14228E-04;0,00000E+00;9,94247E-05;1,92170E-04;8,23337E-05;3,64357E-04;1,80444E-04;0,00000E+00;0,00000E+00;1,59079E-04;1,25140E-03;0,00000E+00;1,41198E-03;1,15872E-03;0,00000E+00;6,21185E-04;3,22780E-05;5,47028E-05;0,00000E+00;0,00000E+00;0,00000E+00;1,73790E-04;2,60074E-04;1,48015E-04;0,00000E+00;0,00000E+00;1,59252E-04;1,46471E-04;1,40961E-04;3,31913E-05;0,00000E+00;0,00000E+00;0,00000E+00;0,00000E+00;2,44001E-04;3,56433E-04
314;0,00000E+00;1,32075E-04;0,00000E+00;2,73187E-04;9,57710E-04;0,00000E+00;0,00000E+00;5,19887E-04;8,56543E-04;1,33328E-03;0,00000E+00;0,00000E+00;4,68671E-03;5,35624E-03;0,00000E+00;9,67360E-04;0,00000E+00;2,34336E-03;6,10082E-03;1,33906E-03;0,00000E+00;0,00000E+00;0,00000E+00;2,24881E-04;3,45705E-04;0,00000E+00;1,09384E-04;4,90732E-05;0,00000E+00;0,00000E+00;1,98519E-04;4,98073E-05;1,01263E-03;1,75015E-04;2,18768E-04;1,81697E-04;6,12552E-04;0,00000E+00;0,00000E+00;2,22778E-04;3,55113E-05;0,00000E+00;0,00000E+00;0,00000E+00;6,50965E-05;3,39215E-04;4,79567E-05;1,51414E-04;0,00000E+00;0,00000E+00;2,93236E-04;2,28062E-04;1,55082E-04;3,65162E-05;0,00000E+00;0,00000E+00;0,00000E+00;0,00000E+00;8,75074E-05;2,65863E-04
315;0,00000E+00;0,00000E+00;0,00000E+00;0,00000E+00;0,00000E+00;1,30623E-03;0,00000E+00;0,00000E+00;3,08962E-03;4,63707E-03;0,00000E+00;3,60997E-03;1,73752E-03;2,88823E-03;4,51246E-04;0,00000E+00;0,00000E+00;8,68761E-04;4,52392E-03;4,96435E-04;0,00000E+00;1,70300E-04;0,00000E+00;8,33711E-05;2,93203E-05;3,52563E-05;0,00000E+00;0,00000E+00;0,00000E+00;0,00000E+00;3,70415E-04;3,54154E-04;3,75415E-04;0,00000E+00;0,00000E+00;6,73612E-05;0,00000E+00;0,00000E+00;0,00000E+00;6,23519E-04;0,00000E+00;0,00000E+00;2,01534E-04;0,00000E+00;2,41334E-05;1,56580E-04;5,61344E-06;5,61344E-05;0,00000E+00;0,00000E+00;1,08712E-04;2,48089E-05;3,53668E-04;0,00000E+00;0,00000E+00;0,00000E+00;0,00000E+00;0,00000E+00;3,26558E-04;5,64337E-04
316;1,52217E-04;6,12640E-05;0,00000E+00;0,00000E+00;0,00000E+00;1,98734E-05;0,00000E+00;1,44692E-03;4,61008E-05;6,37331E-05;0,00000E+00;5,49232E-05;0,00000E+00;1,37308E-05;6,86540E-06;0,00000E+00;0,00000E+00;0,00000E+00;4,80578E-05;1,68269E-03;0,00000E+00;2,59099E-06;0,00000E+00;0,00000E+00;4,46088E-07;5,36400E-07;0,00000E+00;0,00000E+00;0,00000E+00;9,83583E-04;9,26486E-04;5,10727E-06;0,00000E+00;0,00000E+00;8,11821E-04;0,00000E+00;0,00000E+00;9,53290E-04;0,00000E+00;9,13692E-04;0,00000E+00;0,00000E+00;3,06619E-06;0,00000E+00;0,00000E+00;5,20660E-07;0,00000E+00;0,00000E+00;0,00000E+00;0,00000E+00;1,75470E-04;0,00000E+00;5,38081E-06;0,00000E+00;0,00000E+00;0,00000E+00;0,00000E+00;0,00000E+00;2,07924E-04;8,07357E-06
317;1,44135E-04;2,98344E-04;1,94978E-05;0,00000E+00;1,15895E-03;9,74888E-04;2,90858E-03;1,26705E-03;0,00000E+00;5,00228E-04;6,37342E-03;3,23310E-04;2,37094E-03;0,00000E+00;9,16433E-03;0,00000E+00;4,55245E-03;5,33100E-03;9,10489E-04;5,00769E-03;0,00000E+00;0,00000E+00;3,49054E-05;0,00000E+00;5,75901E-05;0,00000E+00;8,23629E-05;1,74946E-04;0,00000E+00;0,00000E+00;9,34243E-04;6,41374E-05;6,27441E-04;0,00000E+00;0,00000E+00;4,11814E-04;0,00000E+00;5,80292E-04;0,00000E+00;0,00000E+00;1,37607E-05;1,68108E-04;2,36137E-04;2,41916E-05;0,00000E+00;1,55363E-04;8,23629E-05;0,00000E+00;0,00000E+00;0,00000E+00;0,00000E+00;3,64008E-04;0,00000E+00;0,00000E+00;2,16441E-04;8,23629E-05;0,00000E+00;0,00000E+00;3,48949E-04;4,50810E-04
318;0,00000E+00;0,00000E+00;1,40483E-04;2,48290E-04;2,48694E-04;3,20662E-03;8,53317E-04;7,62198E-04;0,00000E+00;3,71755E-03;0,00000E+00;1,01069E-03;7,41171E-03;3,07719E-03;3,03206E-03;4,39599E-04;1,31880E-03;1,01069E-03;2,19799E-04;0,00000E+00;0,00000E+00;0,00000E+00;0,00000E+00;0,00000E+00;8,75610E-05;0,00000E+00;0,00000E+00;5,46893E-04;0,00000E+00;0,00000E+00;0,00000E+00;2,00497E-04;3,75447E-04;3,97661E-05;0,00000E+00;3,97661E-05;0,00000E+00;0,00000E+00;0,00000E+00;0,00000E+00;4,30167E-05;0,00000E+00;1,02588E-04;4,67204E-05;1,13976E-04;6,66769E-05;0,00000E+00;0,00000E+00;1,15950E-05;0,00000E+00;1,37523E-05;2,92915E-04;0,00000E+00;0,00000E+00;2,78669E-04;0,00000E+00;0,00000E+00;0,00000E+00;6,09512E-05;2,01435E-04
319;0,00000E+00;2,16528E-04;1,40095E-04;4,00036E-04;2,51153E-04;1,60637E-04;1,07597E-03;1,47156E-03;4,75421E-04;4,21990E-03;0,00000E+00;0,00000E+00;0,00000E+00;3,10762E-03;0,00000E+00;7,74347E-04;1,99264E-03;0,00000E+00;2,21973E-04;0,00000E+00;0,00000E+00;1,66258E-05;5,06664E-05;0,00000E+00;1,93214E-04;0,00000E+00;3,88546E-04;0,00000E+00;4,11476E-04;2,48309E-04;5,42434E-04;0,00000E+00;1,20983E-03;4,01593E-05;0,00000E+00;2,79264E-04;4,18434E-04;0,00000E+00;6,58651E-04;0,00000E+00;0,00000E+00;0,00000E+00;0,00000E+00;8,22974E-05;1,15103E-04;6,73362E-05;0,00000E+00;0,00000E+00;4,65687E-05;0,00000E+00;9,65778E-05;2,95811E-04;0,00000E+00;0,00000E+00;2,81425E-04;0,00000E+00;5,97763E-05;0,00000E+00;0,00000E+00;1,40095E-04
320;1,98787E-05;4,07422E-04;1,97083E-05;4,92215E-05;8,70237E-04;0,00000E+00;6,72809E-04;7,05769E-04;3,67550E-04;6,74172E-04;9,66906E-03;0,00000E+00;3,51602E-03;0,00000E+00;0,00000E+00;8,45948E-03;2,17868E-04;1,31851E-03;3,07652E-03;0,00000E+00;0,00000E+00;5,48153E-06;1,67048E-05;0,00000E+00;6,37030E-05;0,00000E+00;1,28104E-04;0,00000E+00;2,84941E-04;4,12170E-04;1,78841E-04;0,00000E+00;7,48737E-04;0,00000E+00;0,00000E+00;7,88332E-05;3,76503E-04;0,00000E+00;2,17158E-04;3,03646E-04;0,00000E+00;6,01092E-06;0,00000E+00;1,15775E-05;2,42145E-04;4,99967E-05;3,97574E-05;0,00000E+00;3,59266E-04;0,00000E+00;2,72628E-05;2,92851E-05;2,81834E-04;0,00000E+00;0,00000E+00;5,16846E-04;6,16069E-04;0,00000E+00;0,00000E+00;1,97083E-05
321;2,95526E-04;7,13659E-04;0,00000E+00;0,00000E+00;1,11563E-05;1,37912E-03;2,16719E-03;1,05982E-06;1,82811E-03;0,00000E+00;1,08898E-03;0,00000E+00;0,00000E+00;7,39511E-06;2,72244E-03;2,95804E-05;2,71154E-05;2,73723E-03;4,90039E-03;0,00000E+00;0,00000E+00;0,00000E+00;0,00000E+00;0,00000E+00;6,08642E-06;0,00000E+00;0,00000E+00;6,08170E-04;1,95358E-06;0,00000E+00;0,00000E+00;0,00000E+00;0,00000E+00;2,22987E-06;4,45974E-07;7,89854E-04;1,57659E-03;1,73774E-03;3,27601E-06;6,24455E-06;2,04587E-07;0,00000E+00;0,00000E+00;0,00000E+00;0,00000E+00;4,12931E-05;2,34136E-06;2,00688E-06;1,72599E-04;0,00000E+00;3,07222E-04;3,69375E-05;1,75636E-07;2,47386E-04;0,00000E+00;0,00000E+00;0,00000E+00;0,00000E+00;4,43513E-04;0,00000E+00
322;0,00000E+00;0,00000E+00;0,00000E+00;0,00000E+00;2,15018E-03;3,63528E-04;0,00000E+00;2,31259E-04;1,60626E-04;0,00000E+00;0,00000E+00;0,00000E+00;5,58147E-04;1,27876E-03;0,00000E+00;5,78481E-03;4,68878E-03;2,55752E-03;0,00000E+00;0,00000E+00;0,00000E+00;0,00000E+00;2,13977E-05;0,00000E+00;1,05246E-03;0,00000E+00;0,00000E+00;1,65773E-04;3,37812E-04;2,93628E-04;0,00000E+00;1,32868E-04;3,55438E-05;3,85588E-04;7,71176E-05;3,08470E-04;6,62801E-04;4,52781E-04;8,63195E-04;1,31117E-03;3,53771E-05;0,00000E+00;0,00000E+00;2,66939E-05;0,00000E+00;0,00000E+00;4,70504E-04;4,53058E-04;1,39191E-04;0,00000E+00;1,06678E-04;1,13609E-04;3,03708E-05;1,28722E-04;0,00000E+00;0,00000E+00;6,05880E-05;0,00000E+00;3,85588E-05;6,05880E-05
323;0,00000E+00;4,77825E-05;0,00000E+00;6,42427E-04;6,22034E-04;1,33964E-03;6,33176E-04;1,35067E-04;2,44540E-03;5,64046E-04;1,53114E-03;1,96861E-03;2,44569E-03;3,49976E-03;1,53114E-03;3,63478E-03;0,00000E+00;0,00000E+00;1,31241E-03;3,93723E-03;0,00000E+00;9,35569E-05;2,02774E-04;1,01726E-04;7,10629E-05;0,00000E+00;4,15522E-04;2,23112E-04;0,00000E+00;8,26336E-04;3,29181E-04;3,73922E-04;1,00028E-04;2,37441E-04;0,00000E+00;5,54029E-04;1,64825E-03;0,00000E+00;1,51330E-03;1,35636E-03;0,00000E+00;0,00000E+00;0,00000E+00;7,51227E-05;0,00000E+00;0,00000E+00;2,04504E-04;2,98390E-04;2,99772E-04;0,00000E+00;5,47427E-05;0,00000E+00;0,00000E+00;1,65137E-05;1,03995E-04;0,00000E+00;1,70508E-04;0,00000E+00;0,00000E+00;1,70508E-04
324;2,93511E-05;4,46874E-05;0,00000E+00;6,00813E-04;0,00000E+00;2,96081E-04;1,76620E-03;0,00000E+00;4,82114E-03;2,03355E-03;1,43196E-03;3,13895E-03;8,18265E-04;8,14003E-03;3,37875E-03;2,60992E-03;0,00000E+00;9,73394E-04;1,22740E-03;3,68219E-03;0,00000E+00;8,74968E-05;1,33322E-04;9,51362E-05;8,75423E-05;0,00000E+00;3,88606E-04;0,00000E+00;0,00000E+00;0,00000E+00;8,40545E-04;4,82748E-05;0,00000E+00;2,22061E-04;0,00000E+00;5,18141E-04;0,00000E+00;0,00000E+00;1,06557E-03;6,59549E-04;2,07147E-06;7,98765E-05;0,00000E+00;5,17260E-05;2,10312E-05;0,00000E+00;1,85051E-05;2,20133E-04;3,23741E-05;0,00000E+00;5,11967E-05;0,00000E+00;4,62367E-04;1,54440E-05;9,72585E-05;0,00000E+00;0,00000E+00;0,00000E+00;0,00000E+00;2,93511E-05
325;8,76560E-06;3,28728E-04;0,00000E+00;0,00000E+00;0,00000E+00;7,77865E-04;1,28406E-03;7,39415E-04;8,83067E-04;6,71515E-04;1,71980E-03;3,87601E-04;0,00000E+00;1,45351E-03;5,81402E-04;2,44045E-03;4,29950E-04;2,90701E-04;6,01929E-03;0,00000E+00;0,00000E+00;0,00000E+00;3,13177E-04;0,00000E+00;6,29623E-06;0,00000E+00;0,00000E+00;3,48975E-04;0,00000E+00;0,00000E+00;5,70841E-04;1,44171E-05;0,00000E+00;0,00000E+00;4,66719E-04;0,00000E+00;0,00000E+00;0,00000E+00;1,08111E-03;0,00000E+00;3,35576E-05;2,38549E-05;0,00000E+00;1,54478E-05;6,28089E-06;3,91280E-04;0,00000E+00;1,82422E-04;3,17533E-04;0,00000E+00;2,42108E-04;0,00000E+00;2,29987E-04;0,00000E+00;0,00000E+00;0,00000E+00;2,72253E-04;0,00000E+00;1,16680E-04;2,42125E-04
326;0,00000E+00;1,67834E-04;9,26670E-05;2,43131E-05;1,66041E-05;3,89399E-05;4,60199E-05;8,80865E-04;7,37012E-04;3,53192E-05;0,00000E+00;7,82665E-05;4,63914E-03;1,53660E-03;6,78515E-04;6,14638E-03;7,73190E-03;1,50005E-02;2,59034E-03;1,07616E-04;2,30877E-05;3,93836E-06;0,00000E+00;0,00000E+00;0,00000E+00;7,64379E-07;1,41600E-05;0,00000E+00;0,00000E+00;1,22542E-05;1,54873E-04;0,00000E+00;1,14162E-03;0,00000E+00;5,30999E-06;0,00000E+00;3,53999E-06;5,44076E-04;9,07610E-04;3,83019E-05;0,00000E+00;2,14084E-06;0,00000E+00;7,79826E-07;0,00000E+00;0,00000E+00;7,87669E-04;4,20541E-04;1,95331E-04;0,00000E+00;3,52517E-04;2,04774E-04;1,45978E-04;0,00000E+00;4,05864E-05;7,43991E-04;0,00000E+00;0,00000E+00;3,70668E-04;2,31667E-04
327;0,00000E+00;0,00000E+00;5,16387E-04;9,98320E-04;8,43251E-04;1,64022E-03;2,34404E-03;0,00000E+00;1,64280E-04;2,45122E-03;2,28338E-04;3,67037E-03;1,20514E-03;1,02752E-03;7,51412E-03;0,00000E+00;2,80774E-03;7,39571E-03;1,31930E-03;4,87551E-03;0,00000E+00;1,76075E-04;0,00000E+00;0,00000E+00;0,00000E+00;3,13861E-05;5,81422E-04;1,04250E-04;0,00000E+00;5,03169E-04;6,04548E-04;1,35891E-04;1,63586E-04;0,00000E+00;2,18033E-04;0,00000E+00;1,45355E-04;1,69784E-04;0,00000E+00;1,62530E-03;6,55998E-06;8,79050E-05;0,00000E+00;5,02212E-05;6,29019E-05;9,09133E-05;0,00000E+00;1,60847E-04;3,32591E-04;0,00000E+00;0,00000E+00;0,00000E+00;0,00000E+00;5,17163E-05;0,00000E+00;1,50328E-04;1,03277E-05;2,47866E-04;1,03277E-04;0,00000E+00
328;0,00000E+00;2,84701E-04;1,33581E-03;0,00000E+00;9,70680E-04;1,06865E-04;1,17552E-03;5,60336E-04;1,67518E-03;2,58938E-03;5,58658E-03;1,18135E-03;0,00000E+00;4,83018E-03;3,29252E-03;0,00000E+00;2,06737E-03;3,54406E-03;2,95338E-04;2,70184E-03;0,00000E+00;3,71534E-05;2,49819E-05;0,00000E+00;0,00000E+00;0,00000E+00;0,00000E+00;2,69680E-04;1,72145E-04;0,00000E+00;0,00000E+00;3,51530E-04;4,23172E-04;0,00000E+00;0,00000E+00;0,00000E+00;0,00000E+00;4,39206E-04;0,00000E+00;1,36030E-04;1,69697E-05;5,64442E-05;0,00000E+00;4,70827E-05;1,90876E-04;2,35179E-04;0,00000E+00;4,00744E-05;2,25455E-04;0,00000E+00;0,00000E+00;0,00000E+00;0,00000E+00;1,33782E-04;2,23755E-04;4,21251E-04;2,67163E-05;6,41191E-04;2,67163E-04;5,89473E-05
329;0,00000E+00;1,12156E-03;5,77589E-04;0,00000E+00;7,56110E-04;0,00000E+00;1,84829E-03;2,68781E-03;1,09696E-03;1,64649E-04;7,89529E-03;0,00000E+00;0,00000E+00;1,90588E-03;2,29187E-03;0,00000E+00;3,83102E-03;0,00000E+00;0,00000E+00;1,33412E-03;0,00000E+00;1,60647E-05;1,68789E-04;0,00000E+00;0,00000E+00;0,00000E+00;0,00000E+00;2,91515E-04;1,51044E-04;2,39929E-04;4,80451E-04;1,89997E-04;0,00000E+00;0,00000E+00;0,00000E+00;0,00000E+00;0,00000E+00;8,81712E-04;1,20213E-03;0,00000E+00;0,00000E+00;4,95255E-05;0,00000E+00;0,00000E+00;2,47071E-05;6,05287E-05;0,00000E+00;0,00000E+00;1,21156E-04;0,00000E+00;0,00000E+00;0,00000E+00;1,36481E-04;0,00000E+00;1,96328E-04;2,75850E-04;0,00000E+00;0,00000E+00;0,00000E+00;5,17218E-05
330;2,08781E-04;1,01641E-03;6,12694E-04;9,48056E-04;7,37203E-05;0,00000E+00;5,02950E-04;5,10809E-03;0,00000E+00;6,94065E-04;1,37524E-03;0,00000E+00;0,00000E+00;2,09817E-03;3,19806E-03;6,71416E-03;1,04248E-03;0,00000E+00;0,00000E+00;0,00000E+00;0,00000E+00;4,37147E-06;5,60532E-05;0,00000E+00;1,09065E-04;0,00000E+00;0,00000E+00;7,93263E-05;0,00000E+00;6,52887E-05;1,88150E-04;5,17012E-05;0,00000E+00;0,00000E+00;1,51841E-04;3,79602E-04;6,83283E-04;1,48803E-03;8,84811E-04;0,00000E+00;5,35812E-06;0,00000E+00;1,36302E-04;0,00000E+00;0,00000E+00;1,64709E-05;0,00000E+00;2,46741E-04;1,38181E-04;0,00000E+00;2,62555E-05;0,00000E+00;4,25830E-04;9,50430E-05;0,00000E+00;6,45323E-04;0,00000E+00;0,00000E+00;4,17562E-04;6,07363E-04
331;1,39277E-06;1,34535E-05;9,84050E-04;3,46837E-04;0,00000E+00;0,00000E+00;1,67133E-05;0,00000E+00;0,00000E+00;1,34076E-03;0,00000E+00;0,00000E+00;0,00000E+00;0,00000E+00;1,12611E-03;1,53966E-04;2,02126E-03;2,46345E-04;4,37463E-03;7,69828E-05;0,00000E+00;0,00000E+00;0,00000E+00;6,53043E-04;7,31701E-05;0,00000E+00;9,35108E-05;1,66692E-04;4,47221E-04;7,30599E-04;1,68810E-04;0,00000E+00;0,00000E+00;0,00000E+00;8,79397E-04;0,00000E+00;2,63819E-04;1,30838E-05;2,72825E-05;3,35819E-04;0,00000E+00;7,31258E-05;0,00000E+00;0,00000E+00;4,72591E-05;0,00000E+00;7,66025E-06;4,39699E-05;0,00000E+00;0,00000E+00;1,34865E-05;1,12850E-05;3,80961E-04;1,24768E-03;0,00000E+00;0,00000E+00;7,03518E-04;5,71608E-04;0,00000E+00;2,73569E-04
332;3,42661E-05;4,94227E-04;4,11193E-04;4,27899E-04;1,30072E-04;8,31938E-05;4,11193E-04;0,00000E+00;1,65417E-04;2,44540E-03;2,29919E-04;0,00000E+00;1,37951E-03;0,00000E+00;3,78799E-03;4,24782E-03;2,23887E-03;6,06078E-03;0,00000E+00;2,00895E-03;0,00000E+00;0,00000E+00;0,00000E+00;0,00000E+00;2,46129E-04;0,00000E+00;1,37064E-04;4,61186E-04;1,71545E-04;0,00000E+00;8,81010E-04;1,71040E-05;0,00000E+00;3,32775E-04;2,49581E-04;2,07985E-04;0,00000E+00;3,21899E-04;8,74933E-04;2,64746E-05;2,42198E-05;0,00000E+00;9,33503E-06;0,00000E+00;0,00000E+00;0,00000E+00;1,88464E-04;1,03992E-05;6,67084E-05;0,00000E+00;3,31806E-04;3,61903E-04;2,45728E-05;0,00000E+00;0,00000E+00;0,00000E+00;1,45589E-04;1,66388E-04;0,00000E+00;3,33456E-04
333;0,00000E+00;4,62339E-04;0,00000E+00;0,00000E+00;3,12857E-04;2,00103E-04;0,00000E+00;9,14782E-04;3,97872E-04;1,70061E-03;2,04239E-03;0,00000E+00;3,31810E-03;0,00000E+00;0,00000E+00;1,95711E-03;2,95721E-03;2,34045E-03;0,00000E+00;2,76508E-04;0,00000E+00;4,28259E-05;0,00000E+00;0,00000E+00;0,00000E+00;0,00000E+00;0,00000E+00;0,00000E+00;0,00000E+00;0,00000E+00;0,00000E+00;4,11397E-05;4,06484E-04;9,54389E-04;7,92780E-04;5,00258E-04;3,84940E-05;0,00000E+00;4,89969E-04;5,04674E-04;5,82549E-05;1,74597E-05;2,24532E-05;0,00000E+00;0,00000E+00;7,26120E-05;0,00000E+00;1,40495E-04;1,60451E-04;0,00000E+00;2,26310E-04;2,02668E-04;5,91042E-05;0,00000E+00;8,42984E-05;0,00000E+00;3,50181E-04;4,00207E-04;0,00000E+00;2,25116E-04
334;9,79413E-05;4,63265E-04;0,00000E+00;0,00000E+00;0,00000E+00;1,11933E-04;0,00000E+00;1,02451E-03;1,63211E-03;3,53105E-03;4,63773E-03;1,23737E-03;0,00000E+00;0,00000E+00;2,16541E-03;7,05685E-04;3,62027E-03;1,94063E-03;3,40278E-03;3,40278E-03;2,78877E-05;3,55100E-05;0,00000E+00;0,00000E+00;3,21600E-04;0,00000E+00;3,35799E-04;0,00000E+00;0,00000E+00;3,87472E-05;0,00000E+00;0,00000E+00;4,84791E-04;1,27673E-04;3,27490E-04;6,15631E-04;5,35616E-04;3,94315E-04;6,85191E-04;3,65661E-04;1,57995E-05;1,44771E-05;0,00000E+00;0,00000E+00;0,00000E+00;6,02077E-05;2,23866E-04;2,77645E-04;0,00000E+00;0,00000E+00;4,39263E-04;0,00000E+00;1,32246E-04;0,00000E+00;6,98978E-05;7,27564E-04;0,00000E+00;1,39916E-04;0,00000E+00;0,00000E+00
335;4,10498E-04;1,02387E-04;3,67396E-04;9,17572E-05;0,00000E+00;2,82656E-05;1,46958E-04;6,71710E-05;2,94456E-03;3,61735E-03;8,59278E-04;6,40459E-03;2,43685E-03;0,00000E+00;5,46813E-04;0,00000E+00;5,74854E-03;0,00000E+00;8,59278E-04;3,29613E-03;7,04227E-06;0,00000E+00;0,00000E+00;0,00000E+00;8,12112E-05;0,00000E+00;8,47967E-05;0,00000E+00;0,00000E+00;4,16758E-04;5,00085E-04;0,00000E+00;1,91244E-03;5,14354E-04;4,23983E-05;1,55461E-04;1,27195E-04;1,04869E-03;1,73026E-04;0,00000E+00;3,98972E-06;0,00000E+00;0,00000E+00;0,00000E+00;0,00000E+00;4,62017E-05;5,65311E-05;1,01041E-04;0,00000E+00;0,00000E+00;3,43061E-04;0,00000E+00;3,80650E-04;0,00000E+00;1,28730E-04;1,83726E-04;0,00000E+00;3,53320E-05;0,00000E+00;0,00000E+00
336;4,79396E-05;6,05866E-05;9,02408E-04;7,34630E-05;1,29345E-03;2,62519E-03;7,39350E-04;2,76227E-03;2,22994E-03;0,00000E+00;1,36033E-03;0,00000E+00;9,06889E-04;1,02165E-03;0,00000E+00;0,00000E+00;4,76397E-03;1,00253E-03;9,56373E-05;0,00000E+00;0,00000E+00;0,00000E+00;0,00000E+00;9,66897E-05;0,00000E+00;0,00000E+00;1,55724E-05;8,13145E-04;0,00000E+00;0,00000E+00;2,55997E-04;0,00000E+00;0,00000E+00;3,28149E-04;3,46054E-06;5,74260E-04;0,00000E+00;4,93855E-04;8,16208E-04;0,00000E+00;2,81660E-05;0,00000E+00;9,20524E-06;2,04816E-04;1,17781E-05;3,43885E-04;3,76953E-04;4,92223E-04;0,00000E+00;0,00000E+00;0,00000E+00;0,00000E+00;0,00000E+00;2,73868E-04;1,21252E-05;4,62094E-05;0,00000E+00;0,00000E+00;4,70237E-04;8,72279E-05
337;1,23425E-04;1,12808E-03;2,56370E-04;1,31008E-03;5,01302E-04;0,00000E+00;1,52054E-03;1,24273E-03;1,55674E-03;5,62165E-05;0,00000E+00;0,00000E+00;0,00000E+00;3,02765E-03;0,00000E+00;0,00000E+00;5,29228E-03;1,70552E-03;3,12256E-03;2,07105E-03;0,00000E+00;0,00000E+00;3,34307E-05;5,28784E-05;0,00000E+00;0,00000E+00;2,77707E-04;6,97494E-04;0,00000E+00;1,77492E-04;1,40001E-04;4,86532E-05;0,00000E+00;1,57766E-04;6,17126E-05;0,00000E+00;0,00000E+00;3,79501E-04;2,26662E-04;0,00000E+00;8,92857E-05;0,00000E+00;0,00000E+00;0,00000E+00;2,27705E-04;1,65332E-05;1,38853E-04;4,93019E-06;0,00000E+00;1,86915E-05;0,00000E+00;0,00000E+00;2,32996E-05;1,64587E-04;2,16232E-04;1,81312E-04;0,00000E+00;5,91623E-05;3,39419E-04;1,32010E-04
338;0,00000E+00;1,09195E-04;6,23908E-04;0,00000E+00;1,27104E-03;0,00000E+00;9,04355E-05;1,50439E-03;1,41430E-03;3,34587E-04;0,00000E+00;0,00000E+00;0,00000E+00;3,84469E-03;0,00000E+00;0,00000E+00;2,74925E-03;0,00000E+00;4,04677E-03;5,34695E-03;0,00000E+00;0,00000E+00;1,14878E-04;1,44261E-04;0,00000E+00;0,00000E+00;0,00000E+00;5,31969E-04;0,00000E+00;4,06972E-04;0,00000E+00;1,11557E-04;0,00000E+00;3,61742E-04;0,00000E+00;1,08233E-04;0,00000E+00;4,98775E-04;0,00000E+00;0,00000E+00;0,00000E+00;0,00000E+00;0,00000E+00;0,00000E+00;4,05003E-05;3,79089E-05;0,00000E+00;1,13044E-05;0,00000E+00;4,28577E-05;2,12104E-04;0,00000E+00;5,34236E-05;3,77381E-04;0,00000E+00;2,03480E-04;0,00000E+00;1,35653E-04;0,00000E+00;9,04355E-05
339;2,67442E-04;2,26044E-04;4,57306E-04;4,00762E-04;1,21229E-03;0,00000E+00;1,06977E-04;0,00000E+00;7,79384E-05;1,67607E-04;0,00000E+00;0,00000E+00;0,00000E+00;5,43900E-03;1,47823E-03;1,77388E-03;0,00000E+00;2,95647E-03;3,60644E-03;4,87481E-04;0,00000E+00;0,00000E+00;3,11476E-05;3,46711E-04;0,00000E+00;0,00000E+00;0,00000E+00;1,64863E-04;0,00000E+00;3,70316E-05;3,64032E-04;0,00000E+00;0,00000E+00;3,74419E-04;0,00000E+00;8,81951E-05;2,13954E-04;4,80420E-04;0,00000E+00;9,53205E-04;0,00000E+00;4,85214E-05;5,40166E-05;0,00000E+00;0,00000E+00;0,00000E+00;0,00000E+00;4,14535E-04;0,00000E+00;0,00000E+00;1,72836E-04;0,00000E+00;0,00000E+00;1,78563E-04;0,00000E+00;4,27907E-04;0,00000E+00;0,00000E+00;2,13954E-04;0,00000E+00
340;1,17657E-04;6,12404E-04;1,02725E-03;9,63994E-05;2,07086E-03;9,95424E-04;2,58539E-03;1,52071E-03;0,00000E+00;0,00000E+00;3,14401E-03;0,00000E+00;0,00000E+00;4,53262E-03;4,67859E-03;1,99869E-03;1,96501E-03;7,11149E-04;7,11149E-04;0,00000E+00;0,00000E+00;0,00000E+00;0,00000E+00;2,37892E-04;3,83036E-04;0,00000E+00;0,00000E+00;0,00000E+00;0,00000E+00;2,05811E-04;7,32771E-04;0,00000E+00;0,00000E+00;4,45571E-04;0,00000E+00;3,55509E-04;5,14644E-05;9,06489E-05;8,70491E-05;2,29284E-04;0,00000E+00;1,16713E-05;1,29932E-05;0,00000E+00;0,00000E+00;0,00000E+00;5,33263E-04;9,97123E-05;0,00000E+00;6,73908E-05;1,96713E-04;2,35679E-04;0,00000E+00;4,29514E-05;0,00000E+00;1,02929E-04;1,77754E-04;0,00000E+00;2,64770E-04;0,00000E+00
341;6,12057E-05;1,47044E-05;4,05938E-06;3,54841E-05;0,00000E+00;1,76560E-03;0,00000E+00;8,68214E-05;9,58674E-04;9,25742E-05;0,00000E+00;8,97497E-05;2,46812E-04;1,77436E-03;1,89171E-03;5,60936E-04;6,87824E-03;0,00000E+00;3,14124E-04;2,06605E-03;0,00000E+00;0,00000E+00;0,00000E+00;2,08697E-05;4,37370E-06;0,00000E+00;8,11876E-06;3,15041E-04;0,00000E+00;0,00000E+00;0,00000E+00;0,00000E+00;0,00000E+00;4,01272E-04;0,00000E+00;0,00000E+00;7,22290E-04;9,42396E-04;9,82548E-04;9,86587E-04;1,41600E-05;1,21337E-05;2,70156E-05;0,00000E+00;6,11412E-05;0,00000E+00;0,00000E+00;2,04696E-04;1,17003E-04;0,00000E+00;5,61541E-06;0,00000E+00;0,00000E+00;0,00000E+00;2,81200E-04;0,00000E+00;7,22290E-04;3,21018E-04;8,02545E-05;1,21781E-05
342;2,10869E-05;2,54727E-04;6,33086E-05;5,53397E-04;1,31576E-04;0,00000E+00;0,00000E+00;2,50398E-03;1,67838E-03;1,44375E-03;2,32578E-04;1,39970E-03;3,84918E-03;0,00000E+00;8,74815E-03;8,86444E-03;4,66215E-03;9,30310E-04;6,29443E-03;4,54904E-03;0,00000E+00;0,00000E+00;5,34980E-05;3,43503E-04;6,82107E-05;0,00000E+00;1,47656E-04;1,41581E-04;0,00000E+00;0,00000E+00;0,00000E+00;3,46036E-05;0,00000E+00;0,00000E+00;0,00000E+00;0,00000E+00;8,41559E-05;0,00000E+00;0,00000E+00;1,04762E-03;2,22726E-06;0,00000E+00;0,00000E+00;0,00000E+00;5,67037E-05;3,08670E-05;0,00000E+00;8,96073E-05;0,00000E+00;0,00000E+00;8,75759E-05;0,00000E+00;9,94280E-05;8,77941E-06;0,00000E+00;1,68312E-04;0,00000E+00;0,00000E+00;0,00000E+00;2,53043E-04
343;1,14403E-05;5,52537E-05;1,87689E-04;1,40626E-04;1,40129E-03;0,00000E+00;1,27629E-03;2,67961E-03;0,00000E+00;0,00000E+00;5,05871E-04;0,00000E+00;0,00000E+00;0,00000E+00;1,65986E-03;2,52935E-04;2,52935E-03;2,02348E-03;3,03523E-03;3,31973E-03;0,00000E+00;0,00000E+00;1,16361E-04;8,20960E-05;0,00000E+00;0,00000E+00;1,39606E-04;3,71100E-04;0,00000E+00;2,33897E-04;5,67723E-05;2,60484E-04;0,00000E+00;0,00000E+00;0,00000E+00;0,00000E+00;1,83044E-04;0,00000E+00;0,00000E+00;0,00000E+00;4,84442E-06;1,13507E-05;2,94844E-05;0,00000E+00;3,36216E-05;9,07405E-05;3,75378E-05;5,72014E-05;7,66167E-05;0,00000E+00;1,68762E-04;0,00000E+00;3,19745E-04;1,90958E-05;0,00000E+00;6,85160E-04;0,00000E+00;9,38446E-05;5,63067E-05;1,37283E-04
344;1,60012E-04;3,54209E-04;1,42486E-04;8,39416E-04;1,59707E-03;2,13350E-03;2,78238E-03;1,27622E-03;1,27263E-03;0,00000E+00;0,00000E+00;0,00000E+00;2,94813E-03;5,89625E-04;1,26010E-03;4,42219E-03;0,00000E+00;8,84438E-04;6,19107E-03;2,52020E-03;0,00000E+00;2,22524E-05;0,00000E+00;3,25571E-05;0,00000E+00;0,00000E+00;7,12430E-05;3,47054E-04;6,67553E-05;1,77565E-04;4,30992E-05;1,40611E-04;1,87742E-04;0,00000E+00;0,00000E+00;0,00000E+00;0,00000E+00;0,00000E+00;0,00000E+00;5,43152E-04;0,00000E+00;8,61697E-06;7,62475E-05;0,00000E+00;1,21070E-04;1,63246E-04;2,84972E-05;2,00016E-04;5,81643E-05;0,00000E+00;1,28117E-04;0,00000E+00;7,85603E-05;2,22573E-05;0,00000E+00;8,28939E-04;2,66687E-05;7,12430E-05;4,27458E-05;0,00000E+00
345;1,22306E-04;1,04001E-03;0,00000E+00;1,64011E-04;6,00710E-04;1,58462E-03;1,23622E-03;2,55371E-04;1,01860E-03;0,00000E+00;1,14728E-03;0,00000E+00;1,42481E-03;5,10353E-03;2,29456E-03;4,04935E-03;4,97154E-03;4,02225E-03;6,35746E-03;0,00000E+00;0,00000E+00;4,98136E-06;1,02628E-04;1,97614E-04;0,00000E+00;0,00000E+00;4,84320E-04;6,69582E-05;1,88132E-04;0,00000E+00;4,18564E-04;0,00000E+00;7,72635E-04;0,00000E+00;3,45943E-04;1,03783E-03;0,00000E+00;8,12454E-04;1,44002E-03;1,21589E-04;5,37133E-05;0,00000E+00;1,20579E-05;0,00000E+00;8,33589E-05;4,70340E-05;0,00000E+00;9,66664E-05;0,00000E+00;1,53014E-04;0,00000E+00;5,09639E-05;0,00000E+00;4,98247E-06;0,00000E+00;1,31340E-04;1,78941E-04;0,00000E+00;5,53509E-04;1,38377E-04
346;2,16380E-06;4,13526E-04;0,00000E+00;8,55351E-04;6,76611E-05;1,40455E-03;1,53080E-03;2,35122E-03;8,07075E-04;3,63162E-03;1,67440E-04;4,35020E-03;8,41335E-04;1,09374E-02;5,16761E-03;2,12726E-03;0,00000E+00;4,81870E-03;3,07417E-03;9,35037E-03;5,68856E-05;6,35038E-05;6,41915E-06;1,97766E-05;8,20003E-05;0,00000E+00;2,28322E-04;2,42688E-06;0,00000E+00;6,38287E-04;1,24922E-04;0,00000E+00;0,00000E+00;1,00238E-03;7,61072E-04;1,73104E-05;0,00000E+00;2,09230E-04;1,86355E-04;7,91548E-04;2,95422E-05;0,00000E+00;0,00000E+00;0,00000E+00;1,36334E-04;0,00000E+00;1,90268E-05;1,11363E-04;4,68540E-04;0,00000E+00;1,62410E-04;0,00000E+00;3,51858E-04;5,41763E-06;2,85623E-04;1,29828E-05;1,94742E-05;5,75278E-05;0,00000E+00;0,00000E+00
347;4,00267E-05;0,00000E+00;4,48564E-04;0,00000E+00;1,25162E-03;6,81205E-04;1,19328E-04;0,00000E+00;0,00000E+00;3,14100E-03;2,30847E-03;1,97869E-03;7,88885E-04;0,00000E+00;1,64891E-03;3,29781E-04;0,00000E+00;2,63825E-03;7,58497E-03;1,31913E-03;0,00000E+00;3,40256E-05;8,84998E-05;3,01774E-04;0,00000E+00;7,04415E-05;0,00000E+00;3,34590E-05;1,27593E-04;1,39079E-04;1,35354E-04;0,00000E+00;1,43536E-04;1,78992E-04;1,22336E-04;2,59045E-04;2,24282E-04;4,20367E-04;4,99248E-05;2,27841E-04;0,00000E+00;0,00000E+00;0,00000E+00;0,00000E+00;3,28718E-05;0,00000E+00;0,00000E+00;2,64519E-04;3,47936E-05;0,00000E+00;8,30544E-05;0,00000E+00;5,22268E-04;7,46921E-05;2,61318E-04;2,80939E-04;2,68488E-04;2,68488E-04;0,00000E+00;1,01946E-05
348;2,17838E-05;2,64057E-04;9,58489E-04;4,55154E-04;1,02309E-03;4,35677E-04;8,74769E-04;1,21265E-03;9,66297E-05;2,61053E-03;0,00000E+00;0,00000E+00;5,71495E-03;5,43951E-03;1,81317E-03;1,00732E-03;0,00000E+00;1,81317E-03;3,42487E-03;2,21610E-03;0,00000E+00;1,03118E-04;0,00000E+00;9,34493E-05;1,83265E-04;1,50519E-04;0,00000E+00;4,29241E-04;2,72639E-04;5,49639E-04;1,37813E-04;0,00000E+00;3,06707E-04;7,28974E-05;2,61406E-04;4,35677E-05;9,53078E-04;8,56006E-05;1,06679E-04;0,00000E+00;0,00000E+00;1,92874E-05;7,77071E-05;0,00000E+00;3,18351E-04;0,00000E+00;0,00000E+00;1,50921E-04;0,00000E+00;0,00000E+00;4,52009E-05;0,00000E+00;6,35520E-04;0,00000E+00;0,00000E+00;2,17838E-04;1,82244E-05;0,00000E+00;0,00000E+00;9,46813E-05
349;1,30219E-04;2,60546E-04;0,00000E+00;3,40693E-04;2,55935E-04;2,08351E-04;2,21742E-03;9,07694E-04;2,14369E-03;1,80298E-03;2,01534E-03;0,00000E+00;5,60714E-03;4,07159E-03;2,22091E-03;7,53999E-04;5,75810E-04;1,64510E-03;1,00491E-02;1,65880E-03;0,00000E+00;3,00083E-05;1,21412E-04;2,33771E-05;1,37178E-04;0,00000E+00;0,00000E+00;3,21297E-04;3,25956E-05;4,29292E-04;6,93988E-04;0,00000E+00;4,58358E-05;5,45654E-05;3,64615E-04;8,33405E-04;3,54675E-04;9,81543E-04;4,46394E-04;0,00000E+00;0,00000E+00;1,44370E-05;7,56996E-05;0,00000E+00;1,85716E-04;9,82541E-05;1,56263E-04;8,68106E-05;0,00000E+00;0,00000E+00;7,20539E-05;0,00000E+00;1,28935E-04;0,00000E+00;0,00000E+00;3,12527E-04;1,36413E-05;2,34395E-04;4,16702E-04;5,45654E-05
350;9,60351E-05;2,59090E-04;0,00000E+00;0,00000E+00;0,00000E+00;4,52473E-05;2,77855E-03;2,09321E-03;4,76090E-03;1,06279E-03;5,68074E-03;2,99604E-03;3,93326E-03;1,12352E-03;3,93263E-03;4,49407E-03;2,37208E-03;6,25239E-05;6,11969E-03;0,00000E+00;0,00000E+00;1,57310E-06;2,63668E-05;1,93521E-05;0,00000E+00;0,00000E+00;6,77555E-05;3,79966E-04;7,07873E-06;7,04036E-05;1,28310E-04;1,28156E-03;9,95408E-06;0,00000E+00;7,91827E-05;1,19732E-03;0,00000E+00;5,97058E-04;9,69426E-05;8,62468E-05;0,00000E+00;0,00000E+00;3,80784E-06;0,00000E+00;0,00000E+00;1,49146E-04;6,78132E-05;1,10117E-04;2,37073E-04;0,00000E+00;2,73398E-04;0,00000E+00;2,66838E-05;2,26191E-04;0,00000E+00;1,01749E-04;2,37144E-04;5,09032E-05;9,04945E-05;2,03267E-04
351;1,46337E-05;0,00000E+00;5,79365E-04;1,51813E-04;0,00000E+00;4,25669E-03;1,91779E-03;2,34294E-03;0,00000E+00;6,30796E-04;3,26160E-03;2,48877E-05;8,99428E-03;1,57153E-03;5,57026E-04;0,00000E+00;1,24438E-04;2,73764E-04;3,26160E-03;2,03850E-03;0,00000E+00;8,58186E-05;0,00000E+00;5,14415E-06;1,45540E-05;0,00000E+00;0,00000E+00;1,65458E-04;1,02512E-04;0,00000E+00;0,00000E+00;0,00000E+00;0,00000E+00;0,00000E+00;0,00000E+00;0,00000E+00;4,42566E-04;1,05746E-05;5,74905E-04;0,00000E+00;0,00000E+00;6,80759E-07;0,00000E+00;5,29011E-06;3,83181E-04;3,81052E-04;7,87968E-06;1,01310E-05;0,00000E+00;1,17941E-04;1,09001E-05;6,63329E-06;1,83160E-04;1,50315E-05;3,74697E-05;3,82727E-05;3,31925E-04;1,10642E-04;0,00000E+00;8,35277E-04
352;3,16195E-04;2,65055E-04;8,03296E-04;2,25855E-03;4,05615E-04;1,92589E-03;7,58338E-04;1,05525E-03;5,29063E-04;0,00000E+00;6,61826E-04;3,17147E-04;1,19958E-03;4,44006E-03;2,89562E-03;0,00000E+00;2,79908E-03;3,48862E-03;1,21335E-03;1,10304E-04;0,00000E+00;5,89774E-05;5,92023E-05;9,40519E-05;1,85464E-04;0,00000E+00;4,98906E-05;0,00000E+00;7,55591E-04;1,10530E-04;1,50909E-04;0,00000E+00;5,26828E-05;0,00000E+00;0,00000E+00;0,00000E+00;1,79606E-04;1,34754E-04;4,21486E-04;0,00000E+00;0,00000E+00;8,67502E-06;0,00000E+00;6,74127E-05;0,00000E+00;3,24701E-04;1,55292E-04;1,29101E-04;0,00000E+00;1,81279E-05;1,38902E-04;8,45290E-05;1,12985E-04;1,91548E-04;4,77482E-04;5,07672E-04;0,00000E+00;0,00000E+00;0,00000E+00;7,74607E-04
353;2,71607E-04;8,54030E-04;0,00000E+00;7,66702E-04;1,67906E-03;6,68571E-04;1,58786E-03;2,26217E-03;1,38918E-03;0,00000E+00;1,38577E-03;1,17336E-03;1,84770E-03;9,77800E-04;2,66534E-03;0,00000E+00;3,71394E-03;1,95560E-03;2,54058E-03;2,30962E-04;0,00000E+00;1,90533E-04;1,23962E-04;1,20305E-04;0,00000E+00;0,00000E+00;1,04464E-04;5,95234E-05;1,67009E-04;2,31436E-04;4,76513E-04;0,00000E+00;1,10311E-04;0,00000E+00;0,00000E+00;1,06142E-04;3,76071E-04;4,15462E-05;0,00000E+00;0,00000E+00;0,00000E+00;0,00000E+00;0,00000E+00;0,00000E+00;0,00000E+00;0,00000E+00;1,14911E-04;0,00000E+00;0,00000E+00;1,11780E-05;2,08007E-04;0,00000E+00;0,00000E+00;0,00000E+00;4,64883E-05;4,17857E-05;5,30711E-05;2,47665E-04;0,00000E+00;1,41523E-04
354;0,00000E+00;5,88157E-04;5,56749E-04;1,91853E-04;1,40588E-03;6,07362E-04;0,00000E+00;1,30773E-03;2,08412E-04;0,00000E+00;0,00000E+00;8,69037E-04;3,07732E-03;5,20030E-03;2,67257E-03;1,11903E-03;8,69037E-04;1,44839E-03;0,00000E+00;0,00000E+00;0,00000E+00;1,23901E-04;1,17975E-04;4,49064E-05;0,00000E+00;0,00000E+00;0,00000E+00;4,40854E-05;6,55929E-05;2,80330E-04;5,01634E-04;6,24344E-04;0,00000E+00;0,00000E+00;4,04908E-04;7,87202E-04;4,04908E-04;6,25105E-04;9,91450E-04;0,00000E+00;3,75068E-05;0,00000E+00;0,00000E+00;0,00000E+00;0,00000E+00;6,36488E-05;0,00000E+00;1,39187E-04;2,06610E-04;8,27889E-06;1,89065E-04;0,00000E+00;0,00000E+00;0,00000E+00;3,44311E-05;0,00000E+00;3,93065E-05;1,83431E-04;5,06135E-05;4,08498E-04
355;0,00000E+00;7,83782E-05;1,19007E-04;9,33766E-04;3,75563E-04;7,89937E-04;0,00000E+00;2,82367E-03;0,00000E+00;3,76346E-03;4,74323E-03;0,00000E+00;1,75238E-03;6,42974E-03;7,41080E-03;9,68923E-04;3,64864E-04;0,00000E+00;0,00000E+00;0,00000E+00;0,00000E+00;0,00000E+00;2,52176E-05;0,00000E+00;0,00000E+00;0,00000E+00;0,00000E+00;1,48073E-04;0,00000E+00;2,42727E-04;8,18119E-05;1,33456E-04;0,00000E+00;0,00000E+00;6,14639E-04;1,51463E-04;1,52562E-04;1,27041E-04;9,39276E-04;1,09234E-03;8,01721E-06;0,00000E+00;0,00000E+00;0,00000E+00;1,18249E-04;1,36051E-05;1,32022E-04;1,12266E-04;4,41635E-05;0,00000E+00;9,87973E-05;0,00000E+00;0,00000E+00;0,00000E+00;2,89117E-05;6,60111E-05;0,00000E+00;2,64045E-04;1,08188E-05;1,96935E-04
356;5,43093E-05;0,00000E+00;5,79299E-04;8,42389E-04;8,78335E-04;1,15860E-03;6,40457E-05;3,26143E-05;0,00000E+00;5,21630E-05;6,80417E-03;5,05714E-05;2,27572E-04;2,27572E-04;1,01143E-04;1,55474E-03;1,26429E-04;1,26429E-04;1,09583E-02;7,58572E-05;0,00000E+00;0,00000E+00;0,00000E+00;2,61321E-06;1,64297E-06;6,25431E-05;1,44825E-04;1,09875E-04;5,43772E-04;9,50158E-06;6,95153E-04;7,52417E-06;4,50760E-04;0,00000E+00;1,09793E-04;0,00000E+00;0,00000E+00;1,70062E-04;7,09230E-04;0,00000E+00;1,93717E-06;0,00000E+00;0,00000E+00;0,00000E+00;1,29715E-04;9,29795E-05;3,62062E-05;0,00000E+00;0,00000E+00;0,00000E+00;3,91455E-04;2,35878E-05;0,00000E+00;3,24528E-05;1,80327E-05;3,20229E-05;3,88849E-05;2,74482E-05;0,00000E+00;2,17237E-04
357;0,00000E+00;2,40132E-04;2,58541E-04;3,54186E-04;1,12647E-03;7,95509E-05;1,58968E-03;1,77501E-03;0,00000E+00;6,46823E-04;0,00000E+00;1,94620E-03;4,03108E-03;2,82190E-03;1,58395E-03;4,38962E-03;1,56772E-03;1,56772E-03;2,54082E-03;9,40632E-04;0,00000E+00;2,76572E-06;0,00000E+00;3,24040E-05;2,03729E-05;1,71772E-05;6,96071E-05;8,81218E-04;0,00000E+00;4,89579E-04;4,71862E-04;9,33000E-05;8,48600E-04;0,00000E+00;1,48076E-03;2,38653E-04;0,00000E+00;0,00000E+00;0,00000E+00;0,00000E+00;3,24425E-05;4,51024E-06;0,00000E+00;0,00000E+00;1,78129E-05;4,04518E-05;0,00000E+00;0,00000E+00;0,00000E+00;0,00000E+00;2,64954E-04;2,92490E-04;0,00000E+00;4,02416E-04;2,58448E-04;4,86580E-04;4,82174E-04;3,40358E-04;0,00000E+00;5,96632E-05
358;1,74593E-05;9,38289E-04;9,17684E-04;0,00000E+00;1,28345E-04;1,64179E-04;1,64179E-03;3,07759E-03;0,00000E+00;0,00000E+00;0,00000E+00;2,72239E-03;3,07454E-03;4,24612E-03;6,80599E-04;0,00000E+00;4,43912E-03;9,65027E-04;1,36120E-03;0,00000E+00;0,00000E+00;2,02759E-05;1,47985E-04;0,00000E+00;0,00000E+00;3,54505E-05;1,43656E-04;8,51987E-05;0,00000E+00;7,67243E-04;0,00000E+00;0,00000E+00;0,00000E+00;0,00000E+00;2,46268E-04;6,32210E-04;2,09511E-04;6,56055E-04;8,55008E-05;0,00000E+00;1,14724E-04;1,72273E-05;0,00000E+00;0,00000E+00;3,67625E-05;3,44103E-05;0,00000E+00;3,49185E-05;1,22178E-04;0,00000E+00;1,41944E-04;0,00000E+00;1,51270E-04;0,00000E+00;7,19072E-05;2,19619E-04;0,00000E+00;1,74593E-05;0,00000E+00;3,50104E-04
359;1,76084E-04;3,28270E-04;2,84819E-04;5,64141E-04;2,11897E-03;1,00392E-03;7,02745E-04;2,09319E-03;0,00000E+00;0,00000E+00;0,00000E+00;4,71663E-03;4,29350E-04;6,47795E-03;2,49704E-03;4,99408E-03;3,56913E-03;7,15583E-04;9,71071E-03;1,10980E-03;0,00000E+00;1,08024E-05;1,09733E-04;0,00000E+00;0,00000E+00;0,00000E+00;7,27843E-04;2,90407E-05;0,00000E+00;0,00000E+00;0,00000E+00;0,00000E+00;4,41711E-04;0,00000E+00;0,00000E+00;1,03571E-04;5,06728E-04;1,13485E-03;6,34002E-05;0,00000E+00;7,21819E-05;5,87206E-06;0,00000E+00;0,00000E+00;1,52861E-04;1,15727E-04;0,00000E+00;2,76873E-04;9,05971E-05;0,00000E+00;5,20778E-05;0,00000E+00;1,12169E-04;0,00000E+00;0,00000E+00;2,58927E-05;2,50980E-05;2,38829E-04;0,00000E+00;1,68302E-04
360;3,44510E-05;2,74421E-04;0,00000E+00;1,09220E-03;1,76731E-03;2,28995E-03;1,31725E-03;3,02641E-03;1,72152E-04;0,00000E+00;3,58920E-04;9,96050E-04;0,00000E+00;7,03094E-04;1,96300E-03;2,84924E-03;4,00671E-03;0,00000E+00;2,05069E-03;2,34365E-04;0,00000E+00;0,00000E+00;0,00000E+00;0,00000E+00;0,00000E+00;2,80427E-05;1,53705E-04;2,18492E-04;0,00000E+00;0,00000E+00;1,96418E-04;0,00000E+00;9,32798E-05;0,00000E+00;0,00000E+00;5,84422E-04;7,42022E-05;1,36923E-04;0,00000E+00;0,00000E+00;2,74973E-05;0,00000E+00;0,00000E+00;0,00000E+00;3,22810E-05;2,44390E-05;8,11697E-05;2,31575E-04;3,21877E-04;0,00000E+00;1,09977E-05;0,00000E+00;0,00000E+00;0,00000E+00;0,00000E+00;6,49357E-05;5,30016E-06;4,77014E-05;0,00000E+00;0,00000E+00
361;1,95601E-04;4,29411E-05;5,85589E-05;8,61262E-04;1,75261E-03;6,14067E-04;2,28887E-03;2,31514E-03;7,90096E-04;0,00000E+00;6,61398E-03;7,56933E-03;2,48979E-04;2,73877E-04;3,93144E-03;0,00000E+00;0,00000E+00;1,87135E-03;1,52800E-03;3,14515E-03;0,00000E+00;1,06493E-05;1,35648E-04;0,00000E+00;7,66352E-05;0,00000E+00;6,70956E-05;4,29190E-04;3,11573E-04;3,26649E-04;7,53015E-04;0,00000E+00;6,88494E-04;6,75680E-05;2,84511E-04;0,00000E+00;7,11277E-05;1,58685E-05;0,00000E+00;0,00000E+00;2,50994E-05;0,00000E+00;0,00000E+00;2,40254E-04;1,27414E-05;0,00000E+00;0,00000E+00;3,49101E-05;0,00000E+00;0,00000E+00;2,64826E-05;0,00000E+00;2,30620E-05;0,00000E+00;3,35393E-05;0,00000E+00;0,00000E+00;0,00000E+00;0,00000E+00;2,25227E-06
362;2,43091E-05;2,70036E-04;7,21873E-04;1,02989E-03;1,04181E-03;7,10865E-04;3,70379E-03;1,91371E-03;7,50980E-04;1,66311E-04;3,99001E-03;1,22770E-03;3,06924E-03;4,23609E-03;1,93484E-03;1,50487E-03;0,00000E+00;3,79058E-03;5,15686E-03;0,00000E+00;0,00000E+00;1,31277E-04;0,00000E+00;0,00000E+00;0,00000E+00;0,00000E+00;3,88701E-04;4,39114E-04;0,00000E+00;4,78689E-04;0,00000E+00;1,43935E-04;6,84522E-05;8,32930E-04;3,88945E-05;1,94473E-05;1,36131E-04;1,95615E-04;0,00000E+00;2,47547E-05;0,00000E+00;0,00000E+00;0,00000E+00;0,00000E+00;0,00000E+00;0,00000E+00;0,00000E+00;4,30347E-04;0,00000E+00;0,00000E+00;3,26459E-04;0,00000E+00;3,91515E-04;0,00000E+00;4,81590E-04;0,00000E+00;0,00000E+00;0,00000E+00;0,00000E+00;1,15277E-04
363;1,36125E-04;7,26010E-04;3,08403E-04;7,68438E-04;3,21454E-04;3,22931E-04;8,07327E-05;9,59277E-04;9,14632E-04;3,45208E-04;1,13642E-03;0,00000E+00;3,78808E-04;1,78494E-03;4,01611E-03;3,12364E-03;2,84106E-03;1,73835E-03;5,57302E-03;1,70464E-03;0,00000E+00;3,33577E-05;0,00000E+00;0,00000E+00;0,00000E+00;0,00000E+00;0,00000E+00;1,35822E-04;2,57324E-04;3,85420E-04;0,00000E+00;2,98764E-04;1,42085E-04;0,00000E+00;8,07327E-05;4,03664E-05;2,82565E-04;4,42622E-04;1,25858E-04;5,13829E-05;1,45105E-05;0,00000E+00;0,00000E+00;0,00000E+00;6,13839E-06;0,00000E+00;0,00000E+00;0,00000E+00;0,00000E+00;0,00000E+00;1,30356E-04;0,00000E+00;2,49552E-04;0,00000E+00;1,41438E-04;0,00000E+00;8,56674E-05;0,00000E+00;2,22735E-04;2,67316E-04
364;6,33105E-05;1,22310E-04;2,27918E-04;1,19628E-03;9,25701E-04;1,07588E-03;4,89037E-04;2,67297E-03;1,36825E-03;0,00000E+00;2,19137E-03;0,00000E+00;2,79949E-04;0,00000E+00;0,00000E+00;0,00000E+00;5,34328E-03;5,44468E-03;3,88071E-03;1,25977E-03;0,00000E+00;1,13064E-04;0,00000E+00;0,00000E+00;0,00000E+00;0,00000E+00;2,44518E-04;2,74247E-05;2,20772E-04;1,74119E-04;0,00000E+00;0,00000E+00;0,00000E+00;4,89037E-05;4,89037E-04;0,00000E+00;1,95615E-04;3,27109E-04;9,30125E-05;0,00000E+00;1,07236E-05;0,00000E+00;1,64622E-05;0,00000E+00;1,32968E-05;2,35745E-04;0,00000E+00;0,00000E+00;0,00000E+00;0,00000E+00;2,31635E-04;0,00000E+00;1,99466E-05;0,00000E+00;6,42567E-05;0,00000E+00;6,33105E-05;0,00000E+00;1,64607E-04;2,34473E-04
365;0,00000E+00;4,95635E-04;3,78909E-04;9,30778E-04;1,03513E-03;4,81669E-04;4,14582E-03;1,61962E-03;4,15851E-04;0,00000E+00;1,68398E-03;3,49058E-03;0,00000E+00;2,79246E-03;0,00000E+00;0,00000E+00;3,13401E-03;1,96797E-03;3,37172E-03;2,44341E-03;0,00000E+00;1,88234E-05;4,01455E-05;0,00000E+00;0,00000E+00;0,00000E+00;4,62545E-04;8,91207E-04;6,51561E-06;7,20850E-06;0,00000E+00;1,19448E-03;3,33430E-04;1,04120E-05;7,98787E-04;0,00000E+00;4,20557E-04;0,00000E+00;0,00000E+00;0,00000E+00;8,91392E-05;3,81915E-05;3,50492E-06;0,00000E+00;1,86514E-06;5,01918E-05;0,00000E+00;7,89395E-05;0,00000E+00;0,00000E+00;1,38004E-04;0,00000E+00;4,97413E-05;0,00000E+00;1,36807E-05;9,47273E-05;0,00000E+00;3,15758E-04;4,42061E-04;3,64418E-05
366;0,00000E+00;1,30284E-04;0,00000E+00;1,59466E-05;1,08031E-04;7,66201E-05;2,05389E-03;3,15938E-04;0,00000E+00;3,36991E-03;2,35279E-04;1,17640E-04;3,76447E-04;3,96034E-03;2,58807E-04;3,43726E-03;3,12045E-03;5,77581E-03;4,70559E-05;6,61023E-03;0,00000E+00;1,92180E-05;0,00000E+00;0,00000E+00;0,00000E+00;3,67652E-06;2,12834E-06;0,00000E+00;1,72957E-04;0,00000E+00;6,83453E-05;0,00000E+00;4,25621E-04;0,00000E+00;1,38193E-04;6,90965E-05;0,00000E+00;2,22256E-04;1,04228E-05;0,00000E+00;8,32468E-05;0,00000E+00;0,00000E+00;8,12676E-06;6,10013E-06;5,35296E-06;3,28208E-04;0,00000E+00;1,11704E-05;0,00000E+00;1,67269E-04;9,40632E-06;0,00000E+00;0,00000E+00;5,59303E-06;1,27700E-05;3,45482E-05;0,00000E+00;0,00000E+00;1,72741E-04
367;0,00000E+00;1,79342E-04;0,00000E+00;2,03504E-04;3,53504E-04;1,01548E-03;1,89785E-03;1,93638E-03;8,99130E-04;3,32444E-03;4,46056E-03;2,64686E-03;4,80406E-03;2,94711E-03;3,30279E-03;7,29010E-04;7,57942E-03;6,00507E-04;1,95438E-03;1,81370E-03;0,00000E+00;0,00000E+00;0,00000E+00;0,00000E+00;0,00000E+00;4,69182E-05;2,71610E-05;1,26795E-04;5,89542E-05;0,00000E+00;2,05391E-04;0,00000E+00;0,00000E+00;0,00000E+00;0,00000E+00;9,42089E-05;0,00000E+00;1,09733E-03;1,33012E-04;1,67887E-04;9,77619E-05;0,00000E+00;0,00000E+00;1,03710E-04;1,38601E-04;1,23599E-04;0,00000E+00;0,00000E+00;1,42552E-04;0,00000E+00;3,90962E-05;1,20040E-04;0,00000E+00;0,00000E+00;7,13760E-05;1,62966E-04;1,88418E-05;0,00000E+00;0,00000E+00;0,00000E+00
368;0,00000E+00;2,36794E-04;1,98038E-04;3,29733E-04;1,56156E-03;6,72558E-04;2,17072E-03;7,84369E-04;3,27176E-03;1,11809E-03;7,59603E-03;2,38475E-03;2,37166E-03;3,29693E-03;1,82436E-03;1,51757E-03;4,63206E-03;1,82436E-04;6,10218E-03;4,48154E-03;0,00000E+00;0,00000E+00;0,00000E+00;0,00000E+00;0,00000E+00;0,00000E+00;0,00000E+00;8,00725E-04;1,84688E-04;2,97066E-04;0,00000E+00;0,00000E+00;0,00000E+00;0,00000E+00;3,30063E-05;7,24213E-04;0,00000E+00;6,90864E-04;0,00000E+00;3,49489E-04;5,00829E-05;0,00000E+00;0,00000E+00;0,00000E+00;1,26470E-04;1,91186E-04;0,00000E+00;0,00000E+00;6,73676E-05;0,00000E+00;2,06946E-04;0,00000E+00;0,00000E+00;0,00000E+00;0,00000E+00;1,15522E-04;3,92226E-05;1,65031E-05;0,00000E+00;0,00000E+00
369;2,22231E-04;2,54207E-04;1,26983E-03;1,47161E-03;2,44149E-03;1,56378E-03;1,12241E-03;1,58277E-03;1,03908E-03;1,06694E-03;3,90215E-03;5,68914E-03;1,76018E-03;4,55595E-03;1,61258E-03;2,32738E-03;5,41593E-04;1,94558E-03;3,98875E-03;8,01531E-03;0,00000E+00;0,00000E+00;5,94831E-05;0,00000E+00;0,00000E+00;0,00000E+00;0,00000E+00;7,13221E-04;4,59879E-05;2,20473E-04;0,00000E+00;4,61699E-04;0,00000E+00;0,00000E+00;2,44962E-05;3,91940E-04;0,00000E+00;0,00000E+00;0,00000E+00;0,00000E+00;6,02834E-05;0,00000E+00;0,00000E+00;0,00000E+00;0,00000E+00;1,34922E-04;0,00000E+00;1,28660E-04;1,59131E-04;0,00000E+00;9,31866E-05;0,00000E+00;2,57954E-04;0,00000E+00;8,19647E-05;8,57368E-05;0,00000E+00;1,22481E-05;0,00000E+00;0,00000E+00
370;4,21721E-04;2,71459E-04;7,80397E-04;2,64559E-04;3,94329E-04;1,91675E-03;2,01770E-05;2,06346E-03;0,00000E+00;1,93498E-03;7,72680E-04;2,54908E-03;0,00000E+00;8,36434E-04;5,57623E-05;1,49359E-03;0,00000E+00;3,90336E-04;9,95729E-04;1,11525E-03;0,00000E+00;5,82212E-05;1,14213E-04;5,12465E-05;0,00000E+00;0,00000E+00;0,00000E+00;6,78904E-05;0,00000E+00;8,28138E-05;2,71362E-04;9,35691E-04;0,00000E+00;0,00000E+00;0,00000E+00;4,18657E-04;0,00000E+00;0,00000E+00;7,32225E-05;0,00000E+00;4,50835E-05;0,00000E+00;0,00000E+00;6,14840E-05;0,00000E+00;1,69157E-05;1,49520E-05;2,77434E-05;2,35328E-05;0,00000E+00;4,13668E-05;0,00000E+00;5,56235E-05;0,00000E+00;1,76743E-05;0,00000E+00;8,97122E-05;2,09328E-04;0,00000E+00;0,00000E+00
371;0,00000E+00;9,78578E-04;1,45270E-03;1,89183E-05;1,18431E-05;4,04607E-04;2,27246E-05;0,00000E+00;1,04462E-03;1,04765E-03;0,00000E+00;1,44088E-03;4,32264E-03;4,18686E-05;2,88176E-03;2,70995E-03;5,90498E-04;3,98336E-03;8,00424E-03;3,60220E-03;0,00000E+00;0,00000E+00;0,00000E+00;0,00000E+00;2,57463E-04;3,27124E-06;2,29992E-04;1,39377E-04;2,39466E-04;0,00000E+00;1,71844E-05;1,55733E-05;0,00000E+00;8,47223E-04;7,95362E-05;1,95513E-04;7,95362E-05;3,91534E-04;0,00000E+00;0,00000E+00;8,16662E-05;0,00000E+00;4,38764E-05;3,89356E-06;2,03538E-06;0,00000E+00;0,00000E+00;0,00000E+00;2,28030E-04;0,00000E+00;9,01522E-05;0,00000E+00;0,00000E+00;0,00000E+00;2,83435E-04;0,00000E+00;0,00000E+00;3,78744E-06;0,00000E+00;1,62928E-04
372;4,32353E-06;4,80566E-04;3,92160E-04;2,53553E-04;6,18390E-04;2,30940E-03;5,81274E-04;2,05491E-04;2,42234E-03;1,98611E-03;4,77949E-04;7,64718E-04;1,91180E-03;6,56737E-04;0,00000E+00;3,00311E-03;4,32898E-03;6,62933E-04;5,89205E-03;4,77949E-04;0,00000E+00;0,00000E+00;0,00000E+00;0,00000E+00;0,00000E+00;4,38430E-05;2,53807E-05;3,98530E-04;6,92930E-04;0,00000E+00;2,30315E-04;2,08723E-04;0,00000E+00;1,55647E-04;1,06599E-03;0,00000E+00;1,08328E-03;1,19214E-04;0,00000E+00;8,80555E-05;8,19684E-05;0,00000E+00;0,00000E+00;5,21838E-05;2,72793E-05;4,71209E-05;0,00000E+00;0,00000E+00;0,00000E+00;0,00000E+00;1,19616E-05;2,54775E-05;0,00000E+00;0,00000E+00;3,78444E-04;0,00000E+00;0,00000E+00;5,07614E-05;6,05294E-05;5,18823E-05
373;9,12413E-06;4,40673E-05;5,94530E-04;3,02256E-04;9,70045E-04;8,02923E-04;5,83944E-04;7,21259E-04;3,20846E-04;8,32304E-04;1,67757E-03;1,94828E-03;5,70688E-03;1,37236E-03;0,00000E+00;3,18267E-03;2,62246E-03;3,31540E-03;3,34466E-04;7,02903E-03;0,00000E+00;0,00000E+00;5,12897E-05;0,00000E+00;0,00000E+00;0,00000E+00;9,07674E-05;1,01803E-04;4,75711E-04;1,25682E-04;0,00000E+00;0,00000E+00;0,00000E+00;3,28469E-04;3,63070E-04;4,53837E-04;3,64965E-05;5,32923E-04;0,00000E+00;3,39879E-04;1,27013E-04;0,00000E+00;0,00000E+00;1,33301E-05;0,00000E+00;1,18465E-04;1,05895E-04;0,00000E+00;0,00000E+00;0,00000E+00;5,66331E-05;1,98627E-04;0,00000E+00;7,57531E-05;4,79544E-05;2,42046E-04;1,96663E-04;6,05116E-05;1,27738E-04;1,54873E-04
374;7,49449E-05;6,20512E-04;2,28241E-04;7,62799E-04;0,00000E+00;3,42605E-04;2,56954E-04;8,27591E-04;6,96180E-04;1,09872E-03;5,04623E-04;9,62443E-04;5,04892E-03;8,93124E-03;1,18355E-03;3,06029E-03;2,60381E-03;1,89234E-03;7,25732E-04;6,67200E-03;0,00000E+00;0,00000E+00;1,11290E-04;0,00000E+00;1,38425E-04;0,00000E+00;3,04013E-04;7,67972E-05;4,69875E-04;4,50604E-04;9,71543E-05;0,00000E+00;0,00000E+00;2,56954E-04;6,59320E-04;3,42362E-04;0,00000E+00;4,52310E-04;0,00000E+00;1,16212E-04;3,94652E-05;0,00000E+00;5,76647E-05;1,00559E-05;0,00000E+00;1,84893E-04;1,33416E-04;3,21192E-05;1,24871E-05;0,00000E+00;2,36797E-05;1,09279E-04;2,69853E-04;5,71460E-05;0,00000E+00;1,82593E-04;1,48357E-04;4,56482E-05;0,00000E+00;3,42362E-05
375;1,70012E-05;6,78255E-04;6,12083E-04;6,07714E-04;6,95984E-04;1,96961E-03;3,17435E-03;2,78319E-03;1,57821E-03;2,31130E-03;0,00000E+00;3,23670E-03;6,39526E-03;7,36182E-03;4,57434E-03;3,09023E-03;3,05116E-03;0,00000E+00;4,72081E-03;3,25133E-03;0,00000E+00;0,00000E+00;1,10797E-04;0,00000E+00;3,14017E-05;0,00000E+00;5,34324E-05;0,00000E+00;1,07834E-03;8,07115E-05;2,20394E-05;3,20319E-04;0,00000E+00;5,82898E-05;8,74348E-05;1,66932E-04;0,00000E+00;1,14079E-05;1,36249E-04;0,00000E+00;6,28337E-05;4,62704E-05;1,30812E-05;7,35469E-05;0,00000E+00;6,20121E-05;5,38767E-05;7,28623E-06;2,83268E-06;1,05479E-04;2,50163E-04;0,00000E+00;6,12160E-05;0,00000E+00;0,00000E+00;0,00000E+00;0,00000E+00;0,00000E+00;0,00000E+00;5,00795E-04
376;8,37736E-05;4,96907E-04;1,92674E-05;1,55350E-04;1,13689E-03;1,11000E-03;1,28449E-04;0,00000E+00;4,30455E-03;3,78311E-03;1,12905E-03;2,04741E-03;1,00480E-03;0,00000E+00;5,58970E-03;5,14734E-04;6,13532E-03;1,77495E-05;3,87953E-03;8,62186E-03;0,00000E+00;0,00000E+00;0,00000E+00;0,00000E+00;1,72994E-05;0,00000E+00;0,00000E+00;0,00000E+00;4,01906E-05;6,66968E-06;0,00000E+00;5,03607E-04;7,57827E-04;3,21123E-05;6,05964E-04;0,00000E+00;3,53235E-05;3,77082E-06;5,19313E-04;4,08762E-06;0,00000E+00;0,00000E+00;0,00000E+00;0,00000E+00;0,00000E+00;0,00000E+00;4,54473E-05;0,00000E+00;0,00000E+00;0,00000E+00;1,11054E-05;0,00000E+00;0,00000E+00;0,00000E+00;3,07595E-05;0,00000E+00;4,67318E-04;0,00000E+00;1,12393E-05;9,08946E-05
377;1,60972E-04;5,77898E-04;5,17856E-04;2,73974E-04;2,69283E-04;5,33513E-04;2,63818E-03;3,34882E-04;2,33222E-03;2,28566E-03;1,82488E-03;6,51317E-03;0,00000E+00;2,25015E-03;3,56215E-03;7,56022E-03;2,16999E-03;2,60697E-04;4,59855E-03;3,64976E-03;0,00000E+00;0,00000E+00;0,00000E+00;0,00000E+00;2,93450E-04;0,00000E+00;4,69727E-05;2,28296E-04;5,90304E-04;9,79618E-05;0,00000E+00;7,75745E-05;2,90021E-04;4,71653E-04;2,19206E-04;0,00000E+00;6,12764E-04;2,57631E-04;0,00000E+00;6,00373E-05;9,39287E-06;0,00000E+00;1,93260E-05;0,00000E+00;4,48770E-05;0,00000E+00;2,34864E-05;0,00000E+00;0,00000E+00;0,00000E+00;2,82238E-04;6,91997E-05;0,00000E+00;0,00000E+00;1,51123E-04;3,13152E-05;1,88661E-04;1,48747E-04;1,88565E-04;0,00000E+00
378;1,98833E-04;5,80044E-04;7,09716E-04;6,80073E-04;1,15637E-03;1,49621E-03;1,64706E-03;1,46214E-03;1,00067E-03;5,55901E-04;2,46373E-03;3,19985E-03;6,15932E-04;4,93123E-03;3,79325E-04;4,15754E-03;1,32764E-03;0,00000E+00;3,79325E-03;3,69559E-03;0,00000E+00;1,16226E-05;0,00000E+00;0,00000E+00;8,62650E-05;0,00000E+00;1,02941E-04;5,00313E-04;0,00000E+00;0,00000E+00;0,00000E+00;1,14550E-04;2,71756E-04;0,00000E+00;9,26130E-04;0,00000E+00;2,05882E-04;4,43226E-04;2,38749E-04;0,00000E+00;2,05846E-05;0,00000E+00;4,23531E-05;0,00000E+00;9,83484E-05;0,00000E+00;5,14706E-05;0,00000E+00;0,00000E+00;0,00000E+00;2,61067E-04;1,51652E-04;0,00000E+00;0,00000E+00;1,95374E-04;8,25568E-05;6,96465E-05;3,25981E-04;5,14706E-05;1,53222E-04
379;8,03029E-05;4,02622E-04;3,06817E-04;2,09433E-04;1,29393E-03;1,98342E-03;1,09843E-03;1,86494E-03;0,00000E+00;4,27305E-04;2,76113E-03;7,10173E-04;1,99128E-03;6,50501E-04;2,16834E-03;3,84628E-03;0,00000E+00;0,00000E+00;2,38517E-03;6,31003E-03;0,00000E+00;8,93396E-06;0,00000E+00;0,00000E+00;2,39514E-04;0,00000E+00;1,76533E-04;0,00000E+00;1,96393E-04;0,00000E+00;5,93308E-05;6,68752E-04;1,03563E-04;0,00000E+00;3,42626E-04;0,00000E+00;0,00000E+00;4,60657E-04;8,55916E-04;0,00000E+00;0,00000E+00;0,00000E+00;0,00000E+00;0,00000E+00;0,00000E+00;0,00000E+00;5,88443E-05;1,96148E-05;2,28770E-05;0,00000E+00;8,14004E-05;0,00000E+00;0,00000E+00;0,00000E+00;0,00000E+00;1,07070E-05;5,35352E-05;3,92295E-05;0,00000E+00;1,17778E-04
380;7,61088E-05;2,48221E-04;8,99616E-04;1,15662E-05;2,02737E-04;2,96390E-04;2,08595E-03;3,08153E-04;0,00000E+00;1,44639E-04;1,04613E-03;3,92632E-03;3,58365E-04;4,92126E-03;1,35330E-03;9,94939E-04;6,45038E-03;4,20677E-03;3,64811E-03;5,02589E-03;0,00000E+00;0,00000E+00;5,37583E-05;0,00000E+00;5,65499E-05;0,00000E+00;7,77399E-04;3,41448E-04;4,63690E-05;0,00000E+00;1,40082E-05;1,37105E-04;2,47697E-04;0,00000E+00;0,00000E+00;3,55175E-04;0,00000E+00;1,08762E-04;1,58755E-04;1,29173E-04;3,58095E-06;0,00000E+00;0,00000E+00;0,00000E+00;0,00000E+00;0,00000E+00;1,38933E-05;4,63110E-06;5,40133E-06;0,00000E+00;1,92188E-05;0,00000E+00;0,00000E+00;0,00000E+00;2,22229E-05;2,28327E-04;0,00000E+00;4,65915E-04;7,61088E-05;0,00000E+00
381;0,00000E+00;6,08260E-04;1,25375E-03;4,28715E-05;8,01161E-04;3,41615E-04;1,58453E-05;1,31815E-03;1,00368E-03;4,62729E-03;0,00000E+00;5,03523E-03;1,31373E-04;6,29403E-03;4,02457E-03;1,02179E-04;5,21039E-03;7,65502E-03;2,48148E-04;5,89818E-03;0,00000E+00;0,00000E+00;1,80971E-04;0,00000E+00;6,63919E-06;0,00000E+00;8,54037E-05;3,83148E-04;0,00000E+00;7,88366E-05;0,00000E+00;0,00000E+00;5,01019E-05;1,84862E-05;3,37497E-04;0,00000E+00;0,00000E+00;6,20216E-06;9,06177E-04;9,06670E-04;0,00000E+00;3,01284E-05;0,00000E+00;0,00000E+00;0,00000E+00;0,00000E+00;1,56864E-04;0,00000E+00;4,98039E-05;0,00000E+00;8,24135E-05;2,51632E-04;0,00000E+00;0,00000E+00;0,00000E+00;8,54037E-05;0,00000E+00;0,00000E+00;0,00000E+00;6,60220E-06
382;3,88779E-05;4,92791E-04;1,11047E-03;1,06818E-03;8,84141E-05;3,67573E-04;2,64299E-04;2,34683E-03;2,45949E-03;1,66337E-03;1,01584E-03;9,37702E-04;2,89457E-03;1,40655E-03;4,92052E-03;2,40761E-03;4,09385E-03;1,70434E-03;4,92052E-03;4,91147E-03;0,00000E+00;0,00000E+00;0,00000E+00;0,00000E+00;1,10741E-04;4,88424E-05;0,00000E+00;0,00000E+00;0,00000E+00;0,00000E+00;0,00000E+00;6,97570E-05;0,00000E+00;3,08349E-04;8,80996E-04;1,97924E-04;0,00000E+00;1,03452E-04;0,00000E+00;6,16787E-04;1,39686E-05;0,00000E+00;0,00000E+00;0,00000E+00;0,00000E+00;1,77784E-05;2,49343E-04;3,53436E-06;8,24436E-06;0,00000E+00;1,24494E-04;0,00000E+00;0,00000E+00;2,35978E-05;3,71516E-05;8,48245E-05;0,00000E+00;2,82748E-05;0,00000E+00;1,38399E-04
383;1,82487E-04;6,99801E-04;4,70794E-04;7,97481E-04;2,39168E-04;1,18367E-03;1,00988E-03;1,63764E-03;2,26397E-03;1,50081E-03;4,52719E-03;2,81566E-03;3,82121E-03;3,73507E-03;3,16042E-03;2,70483E-03;2,64740E-03;1,81413E-03;2,32313E-03;2,29441E-03;0,00000E+00;0,00000E+00;0,00000E+00;0,00000E+00;0,00000E+00;1,10317E-04;0,00000E+00;8,49499E-05;7,89960E-05;0,00000E+00;2,67286E-04;3,44417E-04;0,00000E+00;7,57413E-05;1,76730E-04;4,47036E-04;0,00000E+00;8,89400E-05;0,00000E+00;0,00000E+00;3,15498E-05;0,00000E+00;0,00000E+00;3,70779E-06;0,00000E+00;5,60296E-05;2,22774E-05;7,98279E-06;1,86209E-05;1,19647E-04;1,43555E-04;9,29844E-06;0,00000E+00;5,32985E-05;8,39116E-05;1,91587E-04;0,00000E+00;6,38623E-05;1,38859E-04;6,38623E-05
384;2,11749E-04;3,92619E-04;9,17092E-04;1,80536E-04;5,96868E-04;1,15196E-03;3,12609E-03;2,15800E-03;1,85639E-03;1,93157E-03;4,39438E-03;5,61655E-04;4,99371E-03;3,24618E-03;2,12219E-03;1,29820E-03;3,99551E-03;1,46030E-03;5,84327E-03;1,59820E-03;0,00000E+00;0,00000E+00;1,22541E-04;0,00000E+00;1,55768E-04;0,00000E+00;7,22868E-05;6,83813E-05;6,35886E-05;0,00000E+00;2,69818E-04;2,09863E-04;0,00000E+00;6,09688E-05;5,03694E-04;0,00000E+00;0,00000E+00;7,15932E-05;0,00000E+00;0,00000E+00;0,00000E+00;0,00000E+00;0,00000E+00;2,98463E-06;0,00000E+00;1,27785E-05;1,13511E-04;7,22868E-05;8,43093E-05;9,63111E-05;1,62493E-04;4,74194E-05;0,00000E+00;0,00000E+00;0,00000E+00;7,22868E-05;0,00000E+00;5,42151E-05;1,11776E-04;0,00000E+00
385;3,35399E-05;7,29308E-04;8,93705E-04;1,14706E-03;8,66268E-04;1,32976E-03;8,51189E-04;2,27675E-03;3,33564E-03;1,89532E-03;6,42669E-04;2,05450E-03;4,12954E-03;9,93735E-03;6,15387E-03;1,12612E-03;2,27278E-03;1,02725E-03;2,10521E-03;2,44999E-03;0,00000E+00;0,00000E+00;3,03237E-05;0,00000E+00;3,85460E-05;0,00000E+00;1,78879E-05;0,00000E+00;1,74452E-04;1,28669E-04;4,35147E-04;1,47105E-05;4,08857E-05;0,00000E+00;8,94397E-05;0,00000E+00;0,00000E+00;0,00000E+00;0,00000E+00;0,00000E+00;2,78725E-05;0,00000E+00;0,00000E+00;0,00000E+00;4,16152E-05;5,84287E-05;8,49100E-05;1,10813E-04;1,15696E-04;0,00000E+00;4,02101E-05;1,81002E-04;0,00000E+00;0,00000E+00;0,00000E+00;1,34044E-04;2,09081E-04;1,34160E-05;0,00000E+00;0,00000E+00
386;9,91392E-05;1,22698E-05;9,68038E-04;9,54827E-04;1,95228E-03;3,17260E-03;1,25271E-03;7,24464E-05;1,31013E-03;1,73336E-03;5,72154E-03;1,50626E-03;1,93333E-03;7,95856E-03;2,55156E-03;4,50755E-03;3,47329E-03;9,66663E-04;4,57495E-03;5,84511E-03;0,00000E+00;0,00000E+00;0,00000E+00;0,00000E+00;0,00000E+00;0,00000E+00;2,74369E-05;0,00000E+00;0,00000E+00;0,00000E+00;1,53687E-05;0,00000E+00;3,57684E-06;1,21616E-03;0,00000E+00;6,34519E-04;1,21942E-05;0,00000E+00;1,24410E-05;0,00000E+00;3,91839E-05;1,07545E-06;0,00000E+00;0,00000E+00;2,04003E-05;0,00000E+00;8,84605E-05;1,11850E-04;2,37038E-06;0,00000E+00;1,12456E-05;0,00000E+00;5,60277E-06;2,42715E-04;7,12110E-06;0,00000E+00;0,00000E+00;0,00000E+00;2,73529E-04;2,64383E-05
387;1,71792E-04;2,56151E-04;3,41965E-04;2,25389E-03;1,02968E-03;0,00000E+00;1,81111E-03;1,46726E-03;1,62044E-03;1,88661E-03;3,41269E-03;1,40036E-03;5,11113E-03;1,36508E-03;5,79367E-03;3,34317E-03;6,49359E-03;1,96019E-03;4,35802E-03;5,91533E-03;0,00000E+00;0,00000E+00;0,00000E+00;0,00000E+00;0,00000E+00;0,00000E+00;5,55681E-04;7,10656E-06;0,00000E+00;6,14143E-05;3,59179E-04;0,00000E+00;7,24420E-05;1,90086E-04;1,01379E-04;0,00000E+00;2,46969E-04;2,97614E-05;5,15718E-04;0,00000E+00;0,00000E+00;2,17812E-05;0,00000E+00;0,00000E+00;2,94938E-05;0,00000E+00;1,85227E-04;1,67838E-04;4,80074E-05;0,00000E+00;2,71583E-04;0,00000E+00;1,13473E-04;0,00000E+00;1,44224E-04;0,00000E+00;6,33621E-05;0,00000E+00;1,85227E-04;0,00000E+00
388;8,98378E-05;1,42709E-04;2,99459E-05;7,10505E-04;0,00000E+00;9,17495E-04;9,63370E-04;1,19920E-03;1,69084E-03;2,68445E-03;2,53564E-03;4,20141E-03;3,47593E-03;1,64816E-03;3,47593E-03;3,38084E-03;5,64179E-03;2,48633E-03;4,20141E-03;2,53564E-03;0,00000E+00;0,00000E+00;0,00000E+00;1,96539E-05;8,23782E-05;0,00000E+00;1,83499E-04;4,25195E-05;0,00000E+00;1,45127E-04;1,65262E-04;0,00000E+00;0,00000E+00;4,49189E-04;2,39567E-04;0,00000E+00;0,00000E+00;7,03286E-05;6,23263E-04;0,00000E+00;3,15670E-05;0,00000E+00;0,00000E+00;0,00000E+00;1,64355E-05;0,00000E+00;0,00000E+00;1,16279E-04;3,34403E-05;0,00000E+00;1,03562E-04;8,44777E-05;5,41999E-05;0,00000E+00;0,00000E+00;0,00000E+00;1,49730E-04;0,00000E+00;0,00000E+00;0,00000E+00
389;1,98682E-04;6,64509E-04;5,96045E-04;6,20260E-04;9,31902E-04;2,36062E-03;1,80313E-03;2,10963E-03;2,61139E-03;3,04912E-03;2,49729E-03;7,49926E-03;0,00000E+00;4,67982E-03;3,47755E-03;4,10064E-03;2,23779E-03;2,72669E-03;2,55747E-03;3,22940E-03;0,00000E+00;0,00000E+00;0,00000E+00;1,65193E-05;6,92397E-05;0,00000E+00;1,54233E-04;2,16230E-05;0,00000E+00;0,00000E+00;1,07040E-03;0,00000E+00;2,33112E-04;0,00000E+00;3,64250E-04;0,00000E+00;4,63590E-04;0,00000E+00;3,24325E-04;3,79356E-04;7,79466E-05;7,75998E-05;0,00000E+00;0,00000E+00;1,38142E-05;5,55225E-05;0,00000E+00;9,63955E-06;1,24659E-04;0,00000E+00;5,72583E-05;2,05156E-04;4,55555E-05;0,00000E+00;0,00000E+00;0,00000E+00;0,00000E+00;0,00000E+00;0,00000E+00;1,15898E-04
390;1,90796E-04;5,07520E-04;1,09450E-03;1,86635E-03;1,11149E-03;2,89025E-03;1,88099E-03;1,60660E-03;1,09874E-03;8,83380E-04;3,15887E-03;5,06957E-03;4,71162E-04;5,81405E-03;4,21314E-03;5,71773E-03;7,06743E-04;6,83706E-03;5,65394E-03;8,53428E-03;0,00000E+00;0,00000E+00;0,00000E+00;0,00000E+00;2,29608E-04;0,00000E+00;0,00000E+00;2,15114E-04;0,00000E+00;0,00000E+00;2,70134E-04;0,00000E+00;6,13361E-05;3,83592E-04;9,58407E-05;6,39319E-04;1,21979E-04;8,00776E-04;8,53359E-05;9,98156E-05;9,02326E-05;2,36399E-05;0,00000E+00;0,00000E+00;0,00000E+00;1,46090E-05;8,52426E-05;0,00000E+00;3,78322E-05;0,00000E+00;1,50657E-05;5,09952E-05;0,00000E+00;0,00000E+00;0,00000E+00;0,00000E+00;0,00000E+00;0,00000E+00;0,00000E+00;1,15737E-04
391;1,28258E-04;2,95028E-04;5,87853E-04;1,38188E-03;2,33916E-03;5,15584E-05;1,24159E-03;1,32170E-03;2,12225E-03;1,61810E-03;3,49271E-04;2,05701E-03;5,82273E-03;5,42596E-03;1,26657E-04;7,97569E-03;3,35215E-03;4,45634E-03;3,32049E-03;4,48801E-03;0,00000E+00;0,00000E+00;2,07105E-05;0,00000E+00;3,08615E-06;0,00000E+00;0,00000E+00;2,24058E-04;6,27362E-06;0,00000E+00;0,00000E+00;0,00000E+00;5,04111E-06;5,31649E-05;3,06100E-04;0,00000E+00;0,00000E+00;0,00000E+00;4,29324E-04;1,09382E-05;3,79381E-05;0,00000E+00;0,00000E+00;0,00000E+00;0,00000E+00;0,00000E+00;6,89625E-05;7,51894E-06;0,00000E+00;0,00000E+00;0,00000E+00;0,00000E+00;0,00000E+00;0,00000E+00;0,00000E+00;0,00000E+00;7,33026E-05;0,00000E+00;1,00253E-05;1,95474E-04
392;1,79201E-04;1,09879E-04;1,86697E-04;1,18010E-03;1,57690E-03;2,03451E-03;2,65959E-03;1,65882E-03;1,69977E-03;2,90752E-03;3,15165E-03;4,50589E-03;5,27137E-03;2,71855E-03;3,43306E-03;5,11968E-03;5,95902E-03;4,27637E-03;3,21453E-03;4,75739E-03;0,00000E+00;0,00000E+00;3,85666E-05;0,00000E+00;8,36503E-05;0,00000E+00;1,70628E-05;1,30617E-04;1,70047E-04;0,00000E+00;8,60194E-06;0,00000E+00;1,36640E-04;1,16458E-04;3,60749E-04;3,29881E-04;0,00000E+00;0,00000E+00;2,99083E-04;4,12319E-04;1,44506E-05;6,87927E-06;0,00000E+00;0,00000E+00;0,00000E+00;0,00000E+00;2,56163E-04;2,20864E-04;4,97516E-05;0,00000E+00;0,00000E+00;1,67578E-05;0,00000E+00;0,00000E+00;0,00000E+00;0,00000E+00;0,00000E+00;0,00000E+00;2,71735E-04;0,00000E+00
393;1,96406E-04;6,36263E-04;8,03002E-04;8,00884E-04;9,11354E-04;1,99356E-03;3,34470E-03;1,87950E-03;2,49529E-03;1,91981E-03;2,72128E-03;1,60947E-03;2,95849E-03;7,66759E-03;0,00000E+00;3,57405E-03;9,15776E-03;3,62642E-03;4,48646E-03;1,42758E-03;0,00000E+00;0,00000E+00;9,55112E-05;0,00000E+00;0,00000E+00;0,00000E+00;4,22565E-05;1,28302E-04;0,00000E+00;8,63984E-05;2,13030E-05;0,00000E+00;0,00000E+00;3,11985E-04;2,81710E-05;8,16960E-04;0,00000E+00;0,00000E+00;3,44895E-05;2,86874E-04;6,00077E-05;4,84826E-05;0,00000E+00;0,00000E+00;0,00000E+00;1,74371E-05;1,62839E-04;4,22565E-05;1,71728E-04;5,25691E-05;0,00000E+00;4,15012E-05;7,37204E-05;0,00000E+00;1,27534E-04;0,00000E+00;0,00000E+00;0,00000E+00;0,00000E+00;0,00000E+00
394;1,93289E-04;7,70790E-04;1,31137E-03;1,05304E-03;1,45514E-03;1,56316E-03;1,61898E-03;2,71477E-03;3,22573E-03;1,95341E-03;3,51670E-03;1,57162E-03;6,63174E-04;2,70654E-03;2,48690E-03;5,20967E-03;7,74102E-03;4,95757E-03;4,92253E-03;3,52140E-03;0,00000E+00;0,00000E+00;7,62723E-05;0,00000E+00;0,00000E+00;0,00000E+00;1,49977E-04;1,12068E-04;1,87706E-05;7,54666E-05;0,00000E+00;9,86689E-05;0,00000E+00;5,72463E-04;8,99860E-05;0,00000E+00;1,49977E-04;0,00000E+00;0,00000E+00;0,00000E+00;2,11558E-05;2,74671E-05;0,00000E+00;0,00000E+00;0,00000E+00;1,52308E-05;4,99601E-05;0,00000E+00;6,86158E-05;4,59177E-05;0,00000E+00;0,00000E+00;6,43927E-05;0,00000E+00;1,11397E-04;0,00000E+00;0,00000E+00;0,00000E+00;0,00000E+00;0,00000E+00
395;1,21496E-04;5,96196E-04;6,50433E-04;1,04113E-03;1,94761E-03;2,04556E-03;1,04955E-03;2,24294E-03;1,85329E-03;4,41541E-03;4,79557E-03;9,04457E-04;5,11872E-03;3,14220E-03;7,02104E-04;3,07270E-03;6,02011E-03;7,53612E-03;6,08204E-03;5,94162E-03;0,00000E+00;0,00000E+00;2,15333E-05;0,00000E+00;0,00000E+00;0,00000E+00;4,23416E-05;1,52277E-04;5,29932E-06;1,34282E-04;0,00000E+00;2,78563E-05;0,00000E+00;8,46831E-05;2,58154E-04;0,00000E+00;4,23416E-05;6,37719E-04;0,00000E+00;0,00000E+00;2,05330E-05;0,00000E+00;0,00000E+00;0,00000E+00;0,00000E+00;0,00000E+00;9,69788E-05;2,03656E-04;8,65832E-05;0,00000E+00;0,00000E+00;0,00000E+00;0,00000E+00;0,00000E+00;0,00000E+00;3,10332E-04;0,00000E+00;0,00000E+00;0,00000E+00;0,00000E+00
396;3,63898E-04;4,80620E-06;5,22178E-04;8,67296E-04;1,42312E-03;4,42277E-05;6,83729E-04;3,33463E-03;2,57123E-03;2,94177E-03;2,60163E-03;5,10547E-03;2,80801E-03;3,69117E-03;2,55274E-04;5,50742E-03;5,50742E-03;1,85536E-03;3,77504E-04;8,31054E-03;0,00000E+00;3,69036E-07;0,00000E+00;1,34436E-05;0,00000E+00;0,00000E+00;3,09594E-06;0,00000E+00;0,00000E+00;2,44961E-06;5,16470E-05;5,81944E-06;4,21975E-05;0,00000E+00;8,84555E-07;7,07644E-06;3,53822E-06;7,27088E-06;0,00000E+00;0,00000E+00;0,00000E+00;1,04939E-04;1,09180E-06;1,94859E-06;8,27316E-05;5,56184E-07;3,53822E-06;0,00000E+00;0,00000E+00;0,00000E+00;0,00000E+00;1,95467E-06;0,00000E+00;0,00000E+00;0,00000E+00;0,00000E+00;4,84933E-04;0,00000E+00;6,92762E-05;0,00000E+00
397;3,01297E-04;3,47122E-04;7,07892E-04;3,52318E-04;2,41780E-03;1,86609E-03;2,17680E-03;2,40565E-03;3,70963E-04;2,67974E-03;3,26722E-03;1,87831E-03;9,39155E-04;5,84148E-03;1,10489E-04;6,98420E-03;6,76322E-03;3,12671E-03;6,15163E-03;6,28734E-03;0,00000E+00;1,50703E-05;0,00000E+00;1,03172E-05;0,00000E+00;8,63259E-06;1,41421E-04;0,00000E+00;6,25458E-06;1,27713E-04;6,82896E-04;2,95184E-04;6,35736E-05;0,00000E+00;1,86045E-04;3,68938E-04;1,44490E-04;4,37759E-04;0,00000E+00;1,52670E-04;1,23443E-05;1,19698E-05;4,45857E-05;7,95743E-05;0,00000E+00;2,27128E-05;1,81971E-04;0,00000E+00;2,04000E-05;0,00000E+00;3,80215E-05;7,98228E-05;7,87241E-06;0,00000E+00;0,00000E+00;4,49767E-05;0,00000E+00;0,00000E+00;0,00000E+00;0,00000E+00
398;2,25690E-04;7,03719E-04;9,57557E-04;1,27399E-03;1,59508E-03;8,07650E-04;1,84806E-03;3,07046E-03;2,50894E-03;3,46632E-03;3,41319E-03;6,20180E-03;4,41477E-03;3,34514E-03;1,03257E-03;3,93251E-03;6,07177E-03;2,67726E-03;4,37771E-03;3,54290E-03;0,00000E+00;0,00000E+00;0,00000E+00;0,00000E+00;0,00000E+00;2,31892E-05;4,02727E-05;3,19927E-05;1,68013E-05;2,06008E-04;0,00000E+00;1,54555E-04;0,00000E+00;0,00000E+00;5,73875E-04;2,14788E-04;5,70494E-05;3,78325E-04;0,00000E+00;4,10109E-04;5,46334E-05;1,01480E-05;0,00000E+00;0,00000E+00;0,00000E+00;0,00000E+00;1,00682E-04;1,42623E-05;9,36128E-05;0,00000E+00;1,02135E-04;0,00000E+00;2,11472E-05;0,00000E+00;0,00000E+00;1,68359E-04;0,00000E+00;0,00000E+00;0,00000E+00;1,42623E-04
399;1,57386E-04;2,77999E-04;8,18662E-04;1,19491E-03;1,27725E-03;1,32993E-03;7,42628E-04;3,06542E-03;2,67012E-03;2,11870E-03;2,47544E-03;2,62397E-03;3,77336E-03;4,97620E-03;4,86255E-03;3,95958E-03;7,58779E-03;1,97360E-03;3,34072E-03;6,07833E-03;2,09216E-05;0,00000E+00;0,00000E+00;0,00000E+00;0,00000E+00;0,00000E+00;1,11964E-04;2,97959E-05;0,00000E+00;1,22616E-04;1,27001E-04;0,00000E+00;1,47788E-04;0,00000E+00;2,43369E-04;0,00000E+00;1,93087E-04;6,57375E-05;0,00000E+00;1,06890E-04;1,99991E-05;1,90438E-05;1,25633E-05;0,00000E+00;0,00000E+00;0,00000E+00;1,39955E-04;1,32830E-05;1,01441E-04;7,07470E-05;0,00000E+00;1,95871E-04;0,00000E+00;0,00000E+00;0,00000E+00;4,42767E-05;0,00000E+00;0,00000E+00;4,19866E-05;1,32830E-04
400;6,43743E-05;5,07614E-04;1,50146E-04;1,57260E-03;1,50194E-03;1,97728E-03;1,15590E-03;2,76174E-03;2,22717E-03;3,41910E-03;1,36313E-03;2,89783E-03;6,07069E-03;1,37196E-03;4,71240E-03;4,28662E-03;6,63840E-03;6,76267E-03;1,17757E-02;4,66509E-03;6,39745E-06;0,00000E+00;1,00704E-04;6,26478E-05;2,62585E-05;2,36809E-04;3,42366E-05;0,00000E+00;0,00000E+00;0,00000E+00;3,88346E-05;3,00634E-05;1,09529E-04;7,31141E-05;2,56774E-05;0,00000E+00;3,35252E-04;4,49376E-04;0,00000E+00;3,26851E-05;0,00000E+00;5,82325E-06;3,84163E-06;8,05316E-05;0,00000E+00;0,00000E+00;9,76313E-05;0,00000E+00;1,37217E-04;3,31828E-05;1,13783E-04;1,27213E-04;0,00000E+00;0,00000E+00;0,00000E+00;0,00000E+00;0,00000E+00;0,00000E+00;1,22510E-04;9,13927E-05
401;2,14601E-04;7,27449E-04;7,17625E-04;1,17832E-03;2,23890E-03;2,14782E-03;2,60193E-03;4,13393E-03;2,16185E-03;3,33400E-03;3,76899E-03;1,03552E-03;3,96254E-03;5,70039E-03;4,43741E-03;6,66809E-03;7,91710E-03;8,90674E-03;7,88518E-03;1,11334E-02;0,00000E+00;3,08731E-05;0,00000E+00;0,00000E+00;0,00000E+00;0,00000E+00;1,35006E-04;0,00000E+00;1,80680E-06;3,07397E-05;0,00000E+00;0,00000E+00;2,22312E-06;1,77602E-04;0,00000E+00;3,60908E-07;0,00000E+00;2,60688E-04;1,63077E-04;0,00000E+00;2,24955E-05;5,37031E-05;0,00000E+00;0,00000E+00;5,81860E-07;0,00000E+00;0,00000E+00;2,07522E-06;0,00000E+00;7,98167E-07;0,00000E+00;1,99382E-06;1,22402E-04;0,00000E+00;0,00000E+00;4,44004E-05;6,66006E-05;0,00000E+00;0,00000E+00;1,55401E-04
402;4,45667E-04;5,16025E-04;9,78725E-04;1,72905E-03;2,20765E-03;2,09583E-03;2,79033E-03;2,88395E-03;4,78504E-03;5,05203E-03;1,02863E-02;6,31891E-03;4,81827E-03;6,31181E-03;3,51240E-03;5,65496E-03;7,54516E-03;8,22333E-03;5,33720E-03;1,05315E-02;0,00000E+00;0,00000E+00;0,00000E+00;0,00000E+00;3,60740E-05;0,00000E+00;1,76196E-04;0,00000E+00;1,99274E-04;0,00000E+00;0,00000E+00;4,50558E-05;2,17067E-04;0,00000E+00;0,00000E+00;3,52393E-05;0,00000E+00;5,36127E-05;3,35381E-05;6,97402E-05;6,92148E-05;0,00000E+00;1,53691E-05;0,00000E+00;5,68131E-05;0,00000E+00;0,00000E+00;2,32303E-04;1,33125E-05;1,09667E-04;6,31575E-06;1,94678E-04;0,00000E+00;0,00000E+00;0,00000E+00;1,36970E-05;0,00000E+00;0,00000E+00;0,00000E+00;0,00000E+00
403;3,17827E-04;8,92702E-04;1,67295E-03;1,95528E-03;2,34925E-03;2,81703E-03;1,33989E-03;4,38058E-03;3,07806E-03;4,16022E-03;7,08228E-03;4,80673E-03;6,11919E-03;3,24712E-03;8,01970E-03;7,23565E-03;9,05936E-03;7,49552E-03;1,13733E-02;9,08927E-03;1,65662E-05;0,00000E+00;1,50290E-05;0,00000E+00;1,03556E-04;0,00000E+00;4,43279E-05;0,00000E+00;6,56144E-05;0,00000E+00;0,00000E+00;1,87666E-04;0,00000E+00;0,00000E+00;0,00000E+00;5,31935E-05;1,24118E-04;1,53904E-04;9,62767E-05;2,00201E-04;4,16249E-05;1,07231E-05;4,41196E-05;0,00000E+00;0,00000E+00;0,00000E+00;1,19685E-04;8,51921E-05;5,88959E-05;9,10977E-05;1,81304E-05;5,22427E-05;0,00000E+00;0,00000E+00;0,00000E+00;7,47818E-05;0,00000E+00;0,00000E+00;0,00000E+00;2,65968E-05
404;7,36932E-05;1,00768E-03;1,33741E-03;2,12793E-03;1,99788E-03;3,09448E-03;3,72472E-03;3,84411E-03;4,28911E-03;4,18853E-03;7,88672E-03;3,89197E-03;1,08231E-02;5,24484E-03;6,05048E-03;9,32850E-03;1,22537E-02;8,26315E-03;1,06661E-02;8,40760E-03;2,92232E-05;0,00000E+00;9,77668E-05;0,00000E+00;6,57032E-05;0,00000E+00;4,33489E-05;2,49155E-04;4,90642E-05;0,00000E+00;0,00000E+00;5,70381E-05;0,00000E+00;0,00000E+00;0,00000E+00;3,39502E-04;1,21377E-04;3,06891E-05;0,00000E+00;0,00000E+00;1,19891E-05;1,44376E-05;7,62462E-05;0,00000E+00;0,00000E+00;0,00000E+00;1,17042E-04;4,57360E-05;2,78438E-05;2,47708E-05;1,44611E-04;5,10889E-05;0,00000E+00;0,00000E+00;0,00000E+00;3,46792E-05;0,00000E+00;1,17607E-04;1,30674E-05;2,60094E-05
405;1,97546E-04;8,31076E-04;1,63308E-03;2,55578E-03;1,70821E-03;2,20297E-03;2,68710E-03;6,04790E-03;4,97123E-03;5,61299E-03;9,31937E-03;5,84472E-03;1,07979E-02;7,74947E-03;6,17812E-03;4,85900E-03;8,04084E-03;9,98038E-03;9,50926E-03;1,53453E-02;4,31250E-06;0,00000E+00;2,75085E-05;0,00000E+00;2,17576E-05;2,96734E-05;1,71779E-05;8,25074E-05;1,62476E-05;7,13567E-05;0,00000E+00;2,82532E-05;3,32554E-04;0,00000E+00;0,00000E+00;9,52000E-05;0,00000E+00;1,01627E-05;0,00000E+00;0,00000E+00;5,73133E-05;1,30848E-06;2,52489E-05;0,00000E+00;0,00000E+00;0,00000E+00;0,00000E+00;1,51454E-05;8,26631E-05;8,20284E-06;4,78879E-05;0,00000E+00;1,89423E-04;0,00000E+00;0,00000E+00;1,71779E-05;0,00000E+00;3,89454E-05;4,32727E-06;0,00000E+00
406;3,42335E-04;9,56280E-04;1,24441E-03;3,15422E-03;2,74198E-03;4,27547E-03;3,50754E-03;4,08069E-03;6,46767E-03;6,46996E-03;8,05431E-03;8,51581E-03;7,11327E-03;6,39782E-03;8,51667E-03;1,03919E-02;1,34724E-02;1,20699E-02;1,48964E-02;1,65761E-02;0,00000E+00;0,00000E+00;0,00000E+00;8,53310E-05;0,00000E+00;1,34259E-07;3,62859E-04;0,00000E+00;1,86959E-04;3,22858E-07;0,00000E+00;4,91511E-04;1,50466E-06;0,00000E+00;2,56081E-04;6,40202E-04;8,53602E-05;0,00000E+00;0,00000E+00;0,00000E+00;3,63875E-05;6,45280E-05;0,00000E+00;0,00000E+00;0,00000E+00;0,00000E+00;2,13401E-05;0,00000E+00;7,50304E-05;0,00000E+00;0,00000E+00;0,00000E+00;8,57056E-07;0,00000E+00;0,00000E+00;1,49458E-04;0,00000E+00;1,49380E-04;1,28040E-04;4,26801E-05
407;3,99066E-04;7,83906E-04;9,62489E-04;2,58418E-03;2,56830E-03;3,13687E-03;4,64060E-03;3,24869E-03;5,34947E-03;6,57009E-03;9,68673E-03;1,24629E-02;8,48955E-03;9,63672E-03;1,17432E-02;1,08125E-02;1,04762E-02;1,41716E-02;1,45435E-02;1,75379E-02;0,00000E+00;0,00000E+00;0,00000E+00;0,00000E+00;1,48149E-05;1,77715E-04;2,06253E-05;0,00000E+00;0,00000E+00;0,00000E+00;3,21712E-05;0,00000E+00;0,00000E+00;1,35880E-04;0,00000E+00;0,00000E+00;5,77509E-05;0,00000E+00;0,00000E+00;0,00000E+00;5,53145E-06;0,00000E+00;7,40372E-05;0,00000E+00;0,00000E+00;0,00000E+00;1,71466E-05;0,00000E+00;4,99958E-05;1,82456E-05;0,00000E+00;3,78902E-05;0,00000E+00;4,29308E-05;3,61340E-06;8,72726E-05;6,18759E-05;4,95008E-05;6,85862E-05;0,00000E+00
408;5,33260E-04;1,03062E-03;1,83504E-03;2,09292E-03;2,50906E-03;3,04529E-03;4,01411E-03;4,64344E-03;6,57990E-03;9,17497E-03;9,48624E-03;1,16784E-02;1,20223E-02;1,49009E-02;1,51141E-02;1,65174E-02;1,27599E-02;1,69416E-02;1,96902E-02;1,81646E-02;1,02497E-05;0,00000E+00;0,00000E+00;4,70000E-06;4,59397E-05;1,42129E-05;6,39572E-05;0,00000E+00;0,00000E+00;0,00000E+00;1,93458E-05;2,70652E-05;0,00000E+00;1,84610E-04;0,00000E+00;0,00000E+00;1,79080E-04;5,79696E-05;0,00000E+00;0,00000E+00;1,71525E-05;0,00000E+00;2,87061E-06;0,00000E+00;0,00000E+00;0,00000E+00;0,00000E+00;0,00000E+00;0,00000E+00;7,73735E-05;0,00000E+00;0,00000E+00;5,18452E-05;0,00000E+00;1,12048E-05;2,17454E-04;1,91872E-04;1,53497E-04;1,06962E-04;0,00000E+00
409;4,44873E-04;9,48613E-04;2,16125E-03;2,43825E-03;2,76413E-03;5,76212E-03;5,60804E-03;6,44869E-03;3,99594E-03;7,03334E-03;9,81297E-03;1,16997E-02;1,48220E-02;1,48631E-02;1,53601E-02;1,62191E-02;2,11387E-02;1,79854E-02;2,08050E-02;2,36200E-02;1,06873E-05;1,70927E-05;0,00000E+00;1,89427E-05;8,82848E-06;1,48197E-05;0,00000E+00;0,00000E+00;0,00000E+00;3,40377E-04;0,00000E+00;2,82208E-05;0,00000E+00;8,57911E-05;0,00000E+00;0,00000E+00;0,00000E+00;2,04773E-04;9,02866E-05;0,00000E+00;0,00000E+00;0,00000E+00;0,00000E+00;0,00000E+00;0,00000E+00;0,00000E+00;0,00000E+00;0,00000E+00;0,00000E+00;2,16836E-05;2,72038E-04;2,71605E-05;5,40587E-05;0,00000E+00;1,18431E-04;2,45820E-05;2,45820E-05;2,45820E-04;1,11528E-04;0,00000E+00
410;6,98870E-04;1,15034E-03;2,95960E-03;3,92418E-03;3,44401E-03;6,00010E-03;6,38425E-03;7,13031E-03;6,93474E-03;1,02518E-02;1,36576E-02;1,28414E-02;1,23659E-02;1,31313E-02;2,03005E-02;1,57858E-02;2,35968E-02;1,74936E-02;2,34219E-02;2,50944E-02;6,05737E-06;6,12298E-06;0,00000E+00;1,42889E-05;3,16256E-06;0,00000E+00;0,00000E+00;1,81789E-05;0,00000E+00;1,21931E-04;4,90270E-05;1,06634E-04;1,14103E-04;0,00000E+00;0,00000E+00;4,53833E-04;1,62083E-04;2,42029E-04;3,23427E-05;8,25271E-05;0,00000E+00;0,00000E+00;7,27483E-06;0,00000E+00;0,00000E+00;0,00000E+00;1,05354E-04;0,00000E+00;1,89040E-05;0,00000E+00;1,42292E-04;3,36074E-05;0,00000E+00;0,00000E+00;8,50184E-05;8,80583E-06;8,80583E-06;8,80583E-05;0,00000E+00;3,24166E-05
411;6,34182E-04;2,00444E-03;2,49531E-03;4,12318E-03;5,07283E-03;5,22460E-03;6,84161E-03;8,59473E-03;1,13935E-02;1,20675E-02;1,46387E-02;1,35051E-02;1,79119E-02;1,79265E-02;1,96347E-02;2,44045E-02;2,14223E-02;2,06589E-02;3,29647E-02;3,00909E-02;1,23326E-07;0,00000E+00;0,00000E+00;1,88505E-07;0,00000E+00;0,00000E+00;0,00000E+00;1,12795E-04;0,00000E+00;1,94314E-04;2,43559E-04;2,65956E-04;1,43454E-04;0,00000E+00;8,01906E-05;9,23991E-06;3,29997E-06;3,87502E-06;0,00000E+00;1,68023E-06;1,83934E-05;0,00000E+00;2,26432E-05;0,00000E+00;0,00000E+00;0,00000E+00;2,14498E-06;0,00000E+00;8,22216E-05;0,00000E+00;9,79759E-05;4,86148E-07;0,00000E+00;1,17120E-04;8,67196E-07;0,00000E+00;0,00000E+00;0,00000E+00;0,00000E+00;8,08506E-05
412;4,97453E-04;1,97982E-03;3,36329E-03;4,20398E-03;6,01188E-03;6,69559E-03;8,68243E-03;1,04573E-02;1,01630E-02;1,37513E-02;1,71214E-02;1,65118E-02;1,89953E-02;2,42446E-02;2,47295E-02;2,69472E-02;2,86934E-02;2,45822E-02;3,41633E-02;3,51213E-02;0,00000E+00;3,22624E-05;0,00000E+00;2,00798E-04;6,58489E-05;0,00000E+00;0,00000E+00;0,00000E+00;1,83579E-05;0,00000E+00;0,00000E+00;1,02531E-04;0,00000E+00;0,00000E+00;3,31418E-05;2,31992E-04;7,33399E-06;0,00000E+00;0,00000E+00;0,00000E+00;1,75425E-05;5,54412E-07;2,46880E-05;0,00000E+00;0,00000E+00;1,84456E-05;2,38355E-05;2,85233E-05;0,00000E+00;5,32926E-05;7,13047E-05;0,00000E+00;2,44991E-04;1,24468E-04;2,30459E-04;1,46680E-05;2,55620E-04;0,00000E+00;0,00000E+00;1,46680E-05
413;8,30742E-04;1,59875E-03;3,49308E-03;4,64407E-03;6,43407E-03;8,58551E-03;1,03442E-02;1,17029E-02;1,27675E-02;1,46982E-02;2,01864E-02;2,07823E-02;2,03420E-02;2,39003E-02;2,83565E-02;2,97071E-02;3,50439E-02;3,59369E-02;3,99514E-02;4,21069E-02;0,00000E+00;0,00000E+00;0,00000E+00;7,93030E-05;2,54711E-04;0,00000E+00;0,00000E+00;0,00000E+00;7,13877E-05;2,08759E-05;0,00000E+00;3,46015E-04;0,00000E+00;2,26149E-04;0,00000E+00;0,00000E+00;1,45363E-04;1,77038E-04;0,00000E+00;9,59558E-05;0,00000E+00;1,87099E-06;8,33155E-05;0,00000E+00;2,97081E-05;6,22492E-05;8,04384E-05;1,23751E-05;0,00000E+00;1,79848E-04;2,94150E-05;0,00000E+00;7,79781E-05;0,00000E+00;1,40922E-04;4,95005E-05;2,47503E-04;0,00000E+00;3,01531E-05;4,95005E-05
414;8,70023E-04;2,22071E-03;4,17266E-03;5,01767E-03;7,40181E-03;9,90739E-03;1,19390E-02;1,31739E-02;1,45621E-02;1,82644E-02;1,63729E-02;2,17658E-02;2,28224E-02;2,83912E-02;3,02490E-02;3,58119E-02;3,85305E-02;4,24105E-02;4,49609E-02;5,09984E-02;0,00000E+00;0,00000E+00;6,65091E-05;9,43163E-06;4,36307E-05;0,00000E+00;0,00000E+00;7,54349E-05;1,03323E-05;2,28621E-05;0,00000E+00;1,47495E-04;0,00000E+00;4,94277E-04;1,79354E-04;0,00000E+00;1,76927E-04;1,93882E-04;2,47029E-04;1,05085E-04;2,37338E-06;0,00000E+00;0,00000E+00;2,96325E-05;3,25346E-05;0,00000E+00;0,00000E+00;0,00000E+00;0,00000E+00;0,00000E+00;2,28400E-05;0,00000E+00;2,64878E-05;2,80662E-04;0,00000E+00;0,00000E+00;0,00000E+00;0,00000E+00;3,30220E-05;0,00000E+00
415;9,01360E-04;2,78907E-03;4,23993E-03;6,39789E-03;9,23796E-03;1,04801E-02;1,37080E-02;1,46926E-02;1,86869E-02;1,98818E-02;2,00270E-02;2,61247E-02;2,79221E-02;3,65053E-02;3,67179E-02;3,99138E-02;4,55797E-02;5,00445E-02;5,38803E-02;5,89544E-02;0,00000E+00;0,00000E+00;4,47888E-05;0,00000E+00;3,13339E-06;0,00000E+00;0,00000E+00;2,93560E-05;0,00000E+00;0,00000E+00;0,00000E+00;5,73988E-05;0,00000E+00;2,74416E-04;6,97969E-05;0,00000E+00;1,74492E-05;3,14312E-04;9,61331E-05;0,00000E+00;9,23617E-07;2,24826E-05;7,34178E-05;1,15317E-05;0,00000E+00;3,74005E-05;0,00000E+00;0,00000E+00;0,00000E+00;0,00000E+00;0,00000E+00;4,38139E-05;1,03079E-05;1,34043E-04;7,81558E-05;0,00000E+00;1,18964E-04;0,00000E+00;0,00000E+00;0,00000E+00
416;1,21451E-03;3,11016E-03;5,20781E-03;7,19429E-03;1,07288E-02;1,18844E-02;1,63624E-02;1,90436E-02;2,07444E-02;2,33279E-02;3,16004E-02;3,21854E-02;3,79781E-02;3,90732E-02;4,48221E-02;4,85639E-02;5,69738E-02;6,03865E-02;6,02813E-02;6,84362E-02;0,00000E+00;0,00000E+00;7,18100E-07;0,00000E+00;1,33265E-05;0,00000E+00;1,11319E-04;4,16176E-05;0,00000E+00;0,00000E+00;2,24478E-04;0,00000E+00;0,00000E+00;6,77771E-06;0,00000E+00;2,22638E-04;0,00000E+00;1,19382E-05;0,00000E+00;0,00000E+00;7,85639E-06;8,53934E-07;2,36067E-05;0,00000E+00;0,00000E+00;1,42055E-06;0,00000E+00;0,00000E+00;0,00000E+00;0,00000E+00;3,46476E-04;1,66414E-06;1,46134E-05;4,73953E-05;2,95502E-04;0,00000E+00;2,27156E-04;0,00000E+00;0,00000E+00;0,00000E+00
417;1,51654E-03;3,19511E-03;5,36937E-03;7,71849E-03;1,10722E-02;1,38983E-02;1,75785E-02;2,22778E-02;2,49855E-02;2,79466E-02;3,57927E-02;3,42004E-02;4,06808E-02;4,69121E-02;4,92815E-02;5,40166E-02;6,17038E-02;6,81855E-02;7,12505E-02;7,72533E-02;1,95948E-06;0,00000E+00;0,00000E+00;0,00000E+00;6,77898E-05;2,58128E-04;1,73025E-04;0,00000E+00;1,18998E-05;0,00000E+00;0,00000E+00;2,60635E-05;1,67335E-05;0,00000E+00;1,26773E-05;6,29180E-05;2,83131E-04;0,00000E+00;3,85149E-05;3,20356E-04;1,34206E-06;1,43751E-05;2,54472E-05;0,00000E+00;0,00000E+00;0,00000E+00;3,14590E-05;0,00000E+00;1,84822E-05;0,00000E+00;8,76835E-06;2,54898E-04;0,00000E+00;5,29014E-06;2,77621E-05;1,19614E-04;2,21853E-05;1,88754E-04;0,00000E+00;2,39346E-04
418;1,47027E-03;3,84262E-03;7,13800E-03;9,20749E-03;1,30637E-02;1,57527E-02;2,01682E-02;2,41982E-02;2,69886E-02;3,19706E-02;3,41198E-02;4,19941E-02;5,06663E-02;5,58496E-02;6,02458E-02;6,68446E-02;6,72548E-02;7,61306E-02;8,26373E-02;9,64841E-02;1,69875E-06;0,00000E+00;1,73375E-05;0,00000E+00;4,40772E-05;0,00000E+00;0,00000E+00;0,00000E+00;2,40824E-04;1,22732E-04;3,09358E-05;9,75841E-05;6,26517E-05;0,00000E+00;4,74649E-05;0,00000E+00;0,00000E+00;0,00000E+00;0,00000E+00;0,00000E+00;1,60925E-05;5,58833E-05;1,59779E-05;7,61011E-05;0,00000E+00;2,00066E-05;0,00000E+00;3,06821E-05;6,91989E-05;0,00000E+00;3,28295E-05;4,01783E-05;9,12967E-05;1,98068E-05;1,03944E-04;3,55987E-05;8,98818E-05;6,13643E-05;0,00000E+00;1,30528E-04
419;1,58118E-03;4,93336E-03;7,93859E-03;1,06084E-02;1,56826E-02;1,88788E-02;2,29107E-02;2,69542E-02;3,15755E-02;3,76037E-02;4,02525E-02;4,87549E-02;5,41806E-02;6,52045E-02;6,77338E-02;7,56235E-02;8,08012E-02;8,76419E-02;9,60041E-02;1,00704E-01;2,01547E-06;0,00000E+00;2,05700E-05;0,00000E+00;5,22951E-05;0,00000E+00;0,00000E+00;0,00000E+00;2,32864E-04;4,90698E-04;6,81135E-05;3,41582E-05;0,00000E+00;2,07682E-04;0,00000E+00;0,00000E+00;2,07682E-05;4,14584E-04;2,03411E-04;0,00000E+00;1,31312E-05;1,34359E-05;6,99110E-06;2,06191E-04;0,00000E+00;4,98537E-05;2,07682E-05;3,64026E-05;6,05558E-05;2,62457E-05;0,00000E+00;1,08860E-04;1,73751E-04;0,00000E+00;0,00000E+00;0,00000E+00;8,08948E-06;7,28053E-05;0,00000E+00;0,00000E+00
420;1,90208E-03;5,21436E-03;8,61487E-03;1,25769E-02;1,70637E-02;2,11066E-02;2,76411E-02;3,00102E-02;3,66024E-02;4,29627E-02;5,37385E-02;5,90974E-02;6,23515E-02;7,13140E-02;7,83763E-02;8,40476E-02;9,48028E-02;1,02538E-01;1,15577E-01;1,20739E-01;0,00000E+00;0,00000E+00;1,16911E-05;0,00000E+00;1,98149E-05;0,00000E+00;0,00000E+00;9,28207E-05;0,00000E+00;1,45328E-04;1,59253E-04;1,43854E-05;0,00000E+00;3,90913E-04;0,00000E+00;0,00000E+00;8,74631E-06;2,39385E-04;3,89627E-04;0,00000E+00;0,00000E+00;4,62824E-06;6,03964E-06;7,71697E-05;0,00000E+00;6,88173E-05;8,46087E-05;0,00000E+00;2,55024E-05;1,10531E-05;0,00000E+00;1,47689E-04;2,75561E-05;5,75578E-05;1,20823E-05;0,00000E+00;0,00000E+00;0,00000E+00;0,00000E+00;0,00000E+00
421;2,45635E-03;5,45013E-03;9,85673E-03;1,61364E-02;1,91658E-02;2,43545E-02;3,03731E-02;3,47943E-02;4,19749E-02;4,68345E-02;5,77013E-02;6,53226E-02;7,62750E-02;8,34133E-02;8,81783E-02;1,02281E-01;1,08833E-01;1,19044E-01;1,29385E-01;1,36868E-01;0,00000E+00;0,00000E+00;6,63479E-07;9,81134E-06;1,12451E-06;0,00000E+00;0,00000E+00;5,26765E-06;0,00000E+00;0,00000E+00;4,23913E-04;1,41248E-04;0,00000E+00;1,54627E-04;0,00000E+00;0,00000E+00;0,00000E+00;2,05364E-04;1,01362E-04;0,00000E+00;0,00000E+00;6,23231E-05;1,38938E-04;1,60941E-06;0,00000E+00;4,64797E-05;4,30525E-06;0,00000E+00;0,00000E+00;0,00000E+00;3,56392E-05;5,75252E-05;5,41138E-05;3,26645E-06;6,85680E-07;0,00000E+00;0,00000E+00;6,87029E-05;0,00000E+00;0,00000E+00
422;2,87497E-03;7,11887E-03;1,20701E-02;1,70733E-02;2,37194E-02;2,90478E-02;3,45606E-02;4,35644E-02;4,91616E-02;5,81151E-02;6,55214E-02;7,66882E-02;8,74587E-02;9,55297E-02;1,02937E-01;1,16154E-01;1,30714E-01;1,34333E-01;1,46495E-01;1,59878E-01;7,46535E-06;0,00000E+00;0,00000E+00;1,07576E-04;1,91165E-04;2,35271E-06;0,00000E+00;0,00000E+00;0,00000E+00;1,03978E-04;2,16787E-04;0,00000E+00;0,00000E+00;0,00000E+00;0,00000E+00;3,26877E-05;1,30898E-04;2,11630E-04;6,66986E-06;7,64697E-05;0,00000E+00;3,25908E-05;5,50174E-06;7,20077E-06;0,00000E+00;0,00000E+00;9,34985E-05;0,00000E+00;6,13078E-05;0,00000E+00;7,27145E-05;0,00000E+00;1,48390E-04;1,13669E-05;6,57790E-05;0,00000E+00;1,05131E-04;0,00000E+00;0,00000E+00;1,18750E-04
423;2,98502E-03;7,93925E-03;1,35818E-02;1,97410E-02;2,65555E-02;3,33795E-02;4,14758E-02;4,91136E-02;6,07647E-02;6,78012E-02;7,82671E-02;8,80631E-02;1,00869E-01;1,11991E-01;1,23113E-01;1,35121E-01;1,46208E-01;1,56953E-01;1,67865E-01;1,82105E-01;3,66758E-05;0,00000E+00;6,53306E-05;9,13317E-05;1,23047E-04;9,86386E-06;4,31632E-05;7,60743E-05;0,00000E+00;5,97662E-05;5,18166E-05;0,00000E+00;0,00000E+00;8,63263E-05;0,00000E+00;1,37045E-04;4,44918E-04;8,68882E-05;2,79637E-05;1,72678E-04;8,70362E-07;4,14395E-05;2,30663E-05;4,28675E-05;0,00000E+00;0,00000E+00;7,65123E-05;0,00000E+00;7,19170E-06;0,00000E+00;1,70595E-05;9,08392E-06;2,69858E-05;9,39721E-05;5,40134E-05;0,00000E+00;0,00000E+00;4,31632E-05;0,00000E+00;5,71019E-05
424;3,55184E-03;9,23613E-03;1,65211E-02;2,37930E-02;3,05534E-02;4,04803E-02;4,88825E-02;5,83049E-02;6,69102E-02;7,99817E-02;8,87487E-02;1,02366E-01;1,16341E-01;1,28731E-01;1,36279E-01;1,54011E-01;1,67620E-01;1,78719E-01;1,99675E-01;2,16606E-01;6,85916E-06;2,11926E-05;8,33393E-05;0,00000E+00;0,00000E+00;0,00000E+00;5,50613E-05;2,03869E-04;0,00000E+00;7,62410E-05;0,00000E+00;0,00000E+00;5,02878E-05;3,38711E-04;2,85735E-04;0,00000E+00;1,88781E-04;3,56893E-04;0,00000E+00;2,20277E-04;1,11028E-06;0,00000E+00;3,20618E-05;1,61726E-05;0,00000E+00;3,19400E-05;3,93295E-05;0,00000E+00;9,17412E-06;5,41644E-05;4,81129E-05;3,41325E-04;3,00079E-05;5,90828E-05;6,89024E-05;0,00000E+00;2,66686E-04;2,16978E-04;0,00000E+00;0,00000E+00
425;4,05783E-03;1,07516E-02;1,83161E-02;2,74649E-02;3,51377E-02;4,62822E-02;5,53442E-02;6,53811E-02;7,47380E-02;8,90449E-02;1,09376E-01;1,11908E-01;1,33366E-01;1,48816E-01;1,56782E-01;1,72191E-01;1,97572E-01;2,07649E-01;2,32450E-01;2,41853E-01;4,79459E-06;9,78446E-06;1,08742E-05;0,00000E+00;5,52910E-05;0,00000E+00;0,00000E+00;4,93201E-05;0,00000E+00;4,97400E-04;0,00000E+00;3,37615E-04;2,03849E-04;1,31196E-04;1,31921E-04;0,00000E+00;0,00000E+00;2,64251E-04;0,00000E+00;0,00000E+00;0,00000E+00;3,10347E-05;1,48027E-05;2,63777E-05;0,00000E+00;1,00792E-04;0,00000E+00;0,00000E+00;0,00000E+00;2,50072E-05;1,21659E-05;1,52237E-04;1,38544E-05;0,00000E+00;0,00000E+00;0,00000E+00;3,02738E-04;2,03049E-04;8,98055E-05;3,84881E-05
426;4,94736E-03;1,28909E-02;2,14895E-02;3,13605E-02;3,91661E-02;5,28020E-02;6,28716E-02;7,77802E-02;8,61175E-02;1,04368E-01;1,20420E-01;1,33958E-01;1,56808E-01;1,73812E-01;1,84169E-01;2,04762E-01;2,20255E-01;2,35858E-01;2,59409E-01;2,72408E-01;3,72699E-07;0,00000E+00;8,45287E-07;0,00000E+00;4,29796E-06;0,00000E+00;0,00000E+00;0,00000E+00;0,00000E+00;6,09946E-05;0,00000E+00;4,77157E-04;1,40411E-05;7,43826E-04;6,45071E-05;3,22535E-04;0,00000E+00;1,17105E-05;0,00000E+00;1,64224E-04;0,00000E+00;3,89855E-05;7,60014E-05;2,05043E-06;0,00000E+00;6,68859E-06;3,22535E-05;0,00000E+00;0,00000E+00;2,03801E-04;0,00000E+00;2,37578E-05;1,90534E-04;0,00000E+00;0,00000E+00;2,09648E-04;1,39618E-05;9,97269E-06;6,98088E-06;1,91186E-05
427;5,73901E-03;1,48331E-02;2,45422E-02;3,68559E-02;4,80753E-02;5,94510E-02;7,56571E-02;8,55815E-02;1,05747E-01;1,21635E-01;1,43636E-01;1,58588E-01;1,81333E-01;1,95126E-01;2,14903E-01;2,30148E-01;2,54895E-01;2,78626E-01;2,89866E-01;3,21457E-01;1,82339E-05;0,00000E+00;2,48129E-05;1,33779E-04;0,00000E+00;0,00000E+00;0,00000E+00;9,85001E-05;1,09916E-04;0,00000E+00;0,00000E+00;0,00000E+00;0,00000E+00;1,75645E-04;0,00000E+00;3,68212E-04;1,21814E-04;0,00000E+00;0,00000E+00;4,84426E-04;5,16512E-06;0,00000E+00;1,05853E-06;6,92714E-07;0,00000E+00;0,00000E+00;3,77720E-05;2,12238E-04;0,00000E+00;1,50346E-04;6,52487E-06;5,21158E-06;2,97217E-05;0,00000E+00;1,28216E-05;4,71683E-06;5,85485E-05;0,00000E+00;0,00000E+00;6,70089E-05
428;6,26147E-03;1,68839E-02;2,80820E-02;4,20260E-02;5,62621E-02;7,03003E-02;8,79847E-02;1,02660E-01;1,22738E-01;1,39197E-01;1,62065E-01;1,82552E-01;2,01918E-01;2,22800E-01;2,50587E-01;2,69242E-01;2,90093E-01;3,13319E-01;3,34465E-01;3,59349E-01;1,26180E-05;0,00000E+00;0,00000E+00;0,00000E+00;8,08393E-06;0,00000E+00;0,00000E+00;6,94251E-05;0,00000E+00;0,00000E+00;0,00000E+00;0,00000E+00;3,96144E-05;0,00000E+00;6,75267E-05;3,56252E-04;2,22657E-05;1,71803E-04;1,37787E-05;2,86518E-05;8,34004E-06;0,00000E+00;4,99680E-06;3,26995E-06;2,41927E-05;0,00000E+00;5,56643E-06;0,00000E+00;0,00000E+00;1,09151E-04;3,08006E-05;2,46012E-05;2,11217E-04;7,04460E-05;8,37971E-05;2,22657E-05;0,00000E+00;0,00000E+00;0,00000E+00;2,06262E-04
429;7,36264E-03;1,99453E-02;3,46254E-02;4,84857E-02;6,20310E-02;8,16173E-02;1,00976E-01;1,18367E-01;1,40924E-01;1,61483E-01;1,77618E-01;2,05590E-01;2,35464E-01;2,62704E-01;2,80658E-01;3,05630E-01;3,28537E-01;3,56072E-01;3,80948E-01;4,09325E-01;1,73863E-05;0,00000E+00;4,87002E-05;4,54445E-05;1,11388E-05;0,00000E+00;0,00000E+00;9,56601E-05;0,00000E+00;0,00000E+00;0,00000E+00;0,00000E+00;5,45842E-05;0,00000E+00;1,46081E-04;0,00000E+00;2,29826E-04;3,82044E-04;1,89855E-05;3,94791E-05;1,14916E-05;0,00000E+00;1,19023E-05;7,01008E-05;3,33349E-05;0,00000E+00;0,00000E+00;0,00000E+00;0,00000E+00;1,46980E-05;0,00000E+00;0,00000E+00;1,18602E-04;9,70667E-05;1,15463E-04;0,00000E+00;0,00000E+00;1,76789E-05;1,50271E-04;3,87685E-05
430;8,68780E-03;2,32776E-02;3,95007E-02;5,61531E-02;7,27518E-02;9,47039E-02;1,17478E-01;1,36135E-01;1,58828E-01;1,86550E-01;2,11717E-01;2,36521E-01;2,71657E-01;3,01840E-01;3,23713E-01;3,50841E-01;3,78433E-01;4,06157E-01;4,32960E-01;4,67176E-01;5,99377E-06;0,00000E+00;5,00413E-05;1,46592E-04;0,00000E+00;0,00000E+00;0,00000E+00;0,00000E+00;0,00000E+00;2,16521E-04;0,00000E+00;0,00000E+00;0,00000E+00;0,00000E+00;2,19196E-04;2,88686E-04;1,15869E-04;1,01513E-04;0,00000E+00;0,00000E+00;0,00000E+00;2,00046E-05;4,37925E-05;3,53420E-05;0,00000E+00;6,55482E-05;6,61573E-05;0,00000E+00;0,00000E+00;0,00000E+00;1,58074E-04;0,00000E+00;1,05305E-05;0,00000E+00;0,00000E+00;1,80429E-04;0,00000E+00;8,91298E-06;7,57604E-05;7,21716E-05
431;1,00499E-02;2,67407E-02;4,42735E-02;6,47206E-02;8,73309E-02;1,09939E-01;1,33581E-01;1,59430E-01;1,82203E-01;2,12439E-01;2,46308E-01;2,74341E-01;3,03898E-01;3,37651E-01;3,63673E-01;3,93361E-01;4,32080E-01;4,56707E-01;5,03789E-01;5,46802E-01;5,99666E-07;1,69008E-05;2,55009E-06;8,17960E-05;0,00000E+00;0,00000E+00;0,00000E+00;0,00000E+00;3,42231E-04;6,37320E-05;2,29753E-05;2,49856E-05;0,00000E+00;0,00000E+00;1,92550E-05;2,88826E-05;2,43060E-04;2,82630E-06;0,00000E+00;0,00000E+00;0,00000E+00;4,33432E-05;3,78101E-06;0,00000E+00;0,00000E+00;8,93407E-05;1,28149E-04;0,00000E+00;4,42946E-05;1,15187E-04;1,58150E-05;0,00000E+00;3,58962E-05;0,00000E+00;0,00000E+00;1,80516E-05;0,00000E+00;0,00000E+00;0,00000E+00;5,27944E-05
432;1,14523E-02;3,02148E-02;5,14314E-02;7,56498E-02;1,03111E-01;1,26662E-01;1,54993E-01;1,87437E-01;2,14141E-01;2,45587E-01;2,87142E-01;3,10937E-01;3,49205E-01;3,82269E-01;4,17967E-01;4,51635E-01;4,95993E-01;5,22194E-01;5,65536E-01;6,05498E-01;2,51011E-07;0,00000E+00;2,56183E-06;0,00000E+00;0,00000E+00;1,72907E-04;6,32426E-05;2,25994E-06;1,78966E-05;2,23203E-05;0,00000E+00;6,98295E-04;0,00000E+00;4,02993E-06;3,34737E-04;3,22394E-05;2,41796E-05;7,09964E-04;0,00000E+00;3,00994E-04;0,00000E+00;4,32386E-06;3,47597E-05;0,00000E+00;5,12304E-05;0,00000E+00;9,99013E-05;0,00000E+00;0,00000E+00;0,00000E+00;0,00000E+00;0,00000E+00;1,46418E-04;0,00000E+00;1,00206E-04;0,00000E+00;0,00000E+00;0,00000E+00;0,00000E+00;1,56904E-04
433;1,40183E-02;3,64302E-02;6,06875E-02;8,71889E-02;1,16221E-01;1,47526E-01;1,81239E-01;2,13467E-01;2,48000E-01;2,83943E-01;3,21285E-01;3,59888E-01;3,96808E-01;4,38468E-01;4,67315E-01;5,14843E-01;5,55500E-01;6,00587E-01;6,38147E-01;6,81013E-01;8,55458E-06;0,00000E+00;4,51660E-05;2,98963E-06;0,00000E+00;0,00000E+00;6,47045E-05;8,28900E-05;7,86030E-05;1,22967E-04;0,00000E+00;2,19096E-04;0,00000E+00;2,22018E-05;1,11009E-04;2,09016E-04;1,43678E-04;2,60706E-05;5,12601E-05;2,54348E-04;4,43242E-06;0,00000E+00;3,23859E-05;0,00000E+00;0,00000E+00;0,00000E+00;7,77062E-05;0,00000E+00;0,00000E+00;0,00000E+00;0,00000E+00;0,00000E+00;8,24457E-06;0,00000E+00;0,00000E+00;2,09346E-05;2,09346E-05;0,00000E+00;5,23365E-06;1,55412E-04
434;1,59010E-02;4,16617E-02;6,92803E-02;9,99218E-02;1,31954E-01;1,68765E-01;2,05285E-01;2,42694E-01;2,83861E-01;3,21512E-01;3,65998E-01;4,11456E-01;4,46485E-01;4,96687E-01;5,28561E-01;5,93609E-01;6,33199E-01;6,80495E-01;7,26035E-01;7,64575E-01;1,07294E-05;0,00000E+00;1,24688E-04;2,84379E-05;0,00000E+00;0,00000E+00;2,06403E-04;1,71259E-04;1,17596E-04;0,00000E+00;5,07603E-05;0,00000E+00;0,00000E+00;0,00000E+00;0,00000E+00;8,05424E-05;2,33818E-04;0,00000E+00;1,17779E-04;1,06806E-04;6,63124E-06;0,00000E+00;2,82451E-05;0,00000E+00;0,00000E+00;0,00000E+00;5,03441E-05;1,00688E-04;6,85034E-05;0,00000E+00;2,32140E-05;1,85416E-05;5,19880E-05;0,00000E+00;0,00000E+00;3,13198E-05;3,13198E-05;0,00000E+00;7,82994E-06;1,17470E-04
435;1,83792E-02;4,82895E-02;7,97379E-02;1,16307E-01;1,55289E-01;1,92624E-01;2,35336E-01;2,76682E-01;3,27293E-01;3,69645E-01;4,19504E-01;4,69614E-01;5,09507E-01;5,66425E-01;6,09577E-01;6,75673E-01;7,18187E-01;7,63026E-01;8,21574E-01;8,62638E-01;0,00000E+00;2,24420E-05;1,30948E-04;1,31777E-05;4,13979E-05;0,00000E+00;2,49037E-04;3,62230E-05;0,00000E+00;1,43646E-04;1,49944E-04;0,00000E+00;0,00000E+00;2,76644E-04;0,00000E+00;2,95099E-04;2,81334E-04;4,33136E-04;2,25944E-05;5,87293E-05;0,00000E+00;0,00000E+00;1,55311E-05;0,00000E+00;0,00000E+00;0,00000E+00;2,76826E-05;2,10977E-04;3,76679E-05;0,00000E+00;1,27646E-05;1,01954E-05;1,39833E-04;0,00000E+00;0,00000E+00;0,00000E+00;0,00000E+00;1,38322E-04;0,00000E+00;6,45928E-05
436;2,13713E-02;5,44355E-02;9,33794E-02;1,34746E-01;1,74018E-01;2,24599E-01;2,71245E-01;3,17607E-01;3,71140E-01;4,23185E-01;4,77243E-01;5,22045E-01;5,93267E-01;6,45040E-01;6,91563E-01;7,58870E-01;8,10749E-01;8,69463E-01;9,28227E-01;9,77317E-01;0,00000E+00;2,78605E-06;1,09162E-05;0,00000E+00;5,13932E-06;1,01214E-04;2,00339E-05;3,45011E-04;0,00000E+00;3,22074E-04;1,51497E-05;3,37294E-04;1,03120E-04;3,43438E-05;0,00000E+00;2,10122E-04;2,83701E-04;8,81730E-05;0,00000E+00;0,00000E+00;0,00000E+00;0,00000E+00;0,00000E+00;3,87222E-05;0,00000E+00;0,00000E+00;0,00000E+00;4,86148E-05;0,00000E+00;0,00000E+00;0,00000E+00;0,00000E+00;1,46526E-05;0,00000E+00;0,00000E+00;0,00000E+00;8,78892E-05;1,92950E-04;0,00000E+00;2,92964E-05
437;2,45455E-02;6,46155E-02;1,06504E-01;1,53529E-01;2,05736E-01;2,58326E-01;3,08885E-01;3,64756E-01;4,26710E-01;4,81400E-01;5,48083E-01;6,15151E-01;6,56683E-01;7,21087E-01;7,92748E-01;8,59971E-01;9,23504E-01;9,82231E-01;1,03765E+00;1,10191E+00;0,00000E+00;0,00000E+00;4,83493E-05;4,92341E-06;1,33162E-04;1,48885E-06;4,42079E-04;3,91948E-05;0,00000E+00;2,62554E-05;1,82494E-05;1,25780E-04;1,25489E-04;1,34770E-04;0,00000E+00;1,26935E-04;4,82660E-05;1,67457E-04;8,44165E-05;7,26101E-05;0,00000E+00;7,81857E-07;0,00000E+00;0,00000E+00;0,00000E+00;0,00000E+00;0,00000E+00;2,41330E-05;0,00000E+00;7,20871E-05;0,00000E+00;0,00000E+00;0,00000E+00;8,31804E-05;0,00000E+00;1,72379E-05;0,00000E+00;0,00000E+00;4,27819E-05;1,14085E-04
438;2,84018E-02;7,42427E-02;1,22638E-01;1,77625E-01;2,38110E-01;2,94932E-01;3,63654E-01;4,21644E-01;4,87918E-01;5,57190E-01;6,28331E-01;6,99045E-01;7,53231E-01;8,23903E-01;9,08974E-01;9,76347E-01;1,03753E+00;1,11317E+00;1,19124E+00;1,26427E+00;0,00000E+00;0,00000E+00;0,00000E+00;3,17468E-05;0,00000E+00;3,90454E-05;0,00000E+00;1,87835E-04;0,00000E+00;2,03016E-04;1,17674E-04;7,88754E-05;5,14279E-05;2,01565E-04;0,00000E+00;3,15467E-04;3,50187E-04;0,00000E+00;5,44328E-04;8,67911E-05;0,00000E+00;5,04151E-06;0,00000E+00;1,71658E-05;0,00000E+00;2,04151E-06;5,60076E-05;1,72658E-04;0,00000E+00;0,00000E+00;1,68427E-05;0,00000E+00;4,60324E-05;3,06127E-04;0,00000E+00;1,11152E-04;9,74045E-06;0,00000E+00;0,00000E+00;1,07145E-04
439;3,26671E-02;8,57805E-02;1,42998E-01;2,06121E-01;2,74075E-01;3,41863E-01;4,21136E-01;4,87388E-01;5,64626E-01;6,46959E-01;7,24503E-01;7,93889E-01;8,69123E-01;9,52186E-01;1,04025E+00;1,10477E+00;1,17619E+00;1,26411E+00;1,33182E+00;1,41007E+00;2,29165E-05;0,00000E+00;0,00000E+00;0,00000E+00;8,61757E-05;4,80716E-05;3,19930E-05;8,93361E-05;1,00103E-05;6,61222E-05;0,00000E+00;3,92321E-05;8,39603E-05;1,11315E-04;1,59965E-05;9,55069E-05;6,36083E-05;0,00000E+00;0,00000E+00;1,41694E-04;3,95137E-06;1,20926E-06;1,43595E-05;2,80246E-05;0,00000E+00;3,33293E-06;1,59422E-04;1,31806E-04;0,00000E+00;0,00000E+00;2,74970E-05;7,06976E-05;1,63349E-04;6,00770E-05;0,00000E+00;0,00000E+00;1,59021E-05;0,00000E+00;0,00000E+00;2,78900E-04
440;3,79778E-02;9,91355E-02;1,67860E-01;2,40053E-01;3,14866E-01;3,96787E-01;4,80971E-01;5,61229E-01;6,50941E-01;7,45965E-01;8,25892E-01;9,11324E-01;9,83643E-01;1,08299E+00;1,18514E+00;1,24148E+00;1,34460E+00;1,43788E+00;1,51130E+00;1,58027E+00;1,37098E-05;0,00000E+00;0,00000E+00;6,32589E-06;2,34506E-04;0,00000E+00;1,91398E-05;1,61001E-05;1,16868E-04;6,62552E-06;0,00000E+00;7,28560E-05;0,00000E+00;1,99334E-04;9,56990E-06;5,38663E-05;0,00000E+00;0,00000E+00;5,42317E-05;0,00000E+00;2,36391E-06;7,23436E-07;8,59058E-06;0,00000E+00;0,00000E+00;0,00000E+00;4,06721E-05;1,00964E-04;5,81216E-05;8,39690E-05;0,00000E+00;1,15709E-04;5,27641E-05;1,83818E-04;0,00000E+00;0,00000E+00;3,32223E-05;0,00000E+00;0,00000E+00;1,50797E-04
441;4,45355E-02;1,16303E-01;1,92757E-01;2,79377E-01;3,73042E-01;4,65452E-01;5,58055E-01;6,52985E-01;7,52427E-01;8,63333E-01;9,62743E-01;1,05318E+00;1,13935E+00;1,23578E+00;1,34347E+00;1,43495E+00;1,52034E+00;1,62607E+00;1,71329E+00;1,77940E+00;0,00000E+00;0,00000E+00;0,00000E+00;9,50709E-07;2,41652E-04;0,00000E+00;0,00000E+00;7,96186E-05;1,23279E-04;0,00000E+00;2,14725E-05;1,04355E-04;1,49922E-04;1,71933E-04;1,41976E-04;9,18428E-05;0,00000E+00;0,00000E+00;1,12442E-04;0,00000E+00;0,00000E+00;0,00000E+00;5,73511E-05;1,25104E-04;0,00000E+00;0,00000E+00;7,09879E-05;6,26154E-05;4,18528E-05;4,85038E-05;0,00000E+00;1,10333E-05;6,70964E-05;2,82904E-04;0,00000E+00;0,00000E+00;4,99293E-06;1,13581E-04;0,00000E+00;1,97883E-04
442;5,23924E-02;1,35791E-01;2,25297E-01;3,25880E-01;4,32709E-01;5,35606E-01;6,39720E-01;7,56777E-01;8,73073E-01;9,81463E-01;1,09475E+00;1,20516E+00;1,28402E+00;1,38702E+00;1,50696E+00;1,61430E+00;1,72206E+00;1,80934E+00;1,93713E+00;2,01286E+00;0,00000E+00;0,00000E+00;1,81514E-05;5,64495E-05;6,15286E-05;1,24556E-04;1,15525E-05;2,10551E-05;0,00000E+00;1,18610E-04;0,00000E+00;1,90008E-05;5,02523E-05;5,77623E-06;0,00000E+00;5,48742E-05;0,00000E+00;0,00000E+00;1,04873E-04;0,00000E+00;0,00000E+00;0,00000E+00;1,60196E-05;0,00000E+00;0,00000E+00;0,00000E+00;9,99367E-05;0,00000E+00;0,00000E+00;1,80421E-05;8,98916E-06;0,00000E+00;0,00000E+00;2,62132E-04;2,50117E-05;0,00000E+00;0,00000E+00;0,00000E+00;0,00000E+00;0,00000E+00
443;6,13730E-02;1,61482E-01;2,68877E-01;3,80444E-01;5,02071E-01;6,21394E-01;7,45574E-01;8,70162E-01;1,00708E+00;1,12613E+00;1,24017E+00;1,37548E+00;1,47741E+00;1,59544E+00;1,71219E+00;1,82033E+00;1,95622E+00;2,06469E+00;2,17244E+00;2,26997E+00;0,00000E+00;0,00000E+00;0,00000E+00;1,20887E-04;1,62303E-05;9,62009E-06;8,91051E-05;1,62400E-04;5,65601E-06;0,00000E+00;0,00000E+00;1,91151E-04;6,36277E-05;1,43974E-04;5,42299E-05;4,23249E-04;2,71149E-05;0,00000E+00;2,21310E-05;0,00000E+00;2,55154E-06;1,09320E-05;3,04252E-06;0,00000E+00;0,00000E+00;9,47174E-06;0,00000E+00;0,00000E+00;0,00000E+00;1,14221E-05;6,93341E-05;1,99727E-05;0,00000E+00;6,41175E-05;0,00000E+00;0,00000E+00;0,00000E+00;8,58640E-05;0,00000E+00;0,00000E+00
444;7,22172E-02;1,87485E-01;3,13207E-01;4,46112E-01;5,83308E-01;7,23734E-01;8,55786E-01;9,99984E-01;1,14850E+00;1,28757E+00;1,41573E+00;1,55815E+00;1,65764E+00;1,79839E+00;1,92208E+00;2,05073E+00;2,18469E+00;2,29693E+00;2,40516E+00;2,50890E+00;0,00000E+00;0,00000E+00;4,17225E-05;0,00000E+00;1,43065E-04;2,61632E-05;0,00000E+00;1,35899E-04;1,00484E-05;0,00000E+00;3,43600E-05;7,92307E-05;1,13041E-04;3,73528E-04;9,63445E-05;1,66605E-04;4,81723E-05;0,00000E+00;3,93179E-05;0,00000E+00;1,62913E-05;1,94218E-05;5,40533E-06;0,00000E+00;0,00000E+00;1,68274E-05;6,81565E-05;0,00000E+00;2,20811E-05;3,46479E-05;4,19032E-05;6,33743E-05;1,78945E-05;1,70793E-04;0,00000E+00;0,00000E+00;0,00000E+00;1,52545E-04;2,27188E-05;0,00000E+00
445;8,55174E-02;2,18919E-01;3,65369E-01;5,21562E-01;6,75252E-01;8,31014E-01;9,77795E-01;1,13502E+00;1,29828E+00;1,46378E+00;1,60651E+00;1,75222E+00;1,85732E+00;2,00284E+00;2,15157E+00;2,29488E+00;2,42375E+00;2,54294E+00;2,66115E+00;2,77913E+00;0,00000E+00;0,00000E+00;2,71656E-05;1,81346E-04;7,43760E-05;1,70350E-05;0,00000E+00;1,83434E-04;0,00000E+00;1,61179E-04;8,63898E-05;0,00000E+00;0,00000E+00;1,28200E-04;0,00000E+00;1,08477E-04;4,23286E-05;7,45572E-05;1,81379E-04;8,08210E-05;3,15548E-05;3,19983E-05;0,00000E+00;0,00000E+00;0,00000E+00;0,00000E+00;1,29034E-04;4,23286E-05;1,43771E-05;9,34685E-06;2,72833E-05;1,81599E-05;1,16512E-05;3,70364E-05;0,00000E+00;0,00000E+00;0,00000E+00;0,00000E+00;1,47923E-05;0,00000E+00
446;1,00415E-01;2,53734E-01;4,20406E-01;5,91860E-01;7,64854E-01;9,46519E-01;1,10212E+00;1,26842E+00;1,44368E+00;1,62150E+00;1,79986E+00;1,94214E+00;2,05533E+00;2,22660E+00;2,36496E+00;2,50081E+00;2,65539E+00;2,76781E+00;2,91988E+00;3,02462E+00;0,00000E+00;0,00000E+00;4,02307E-05;1,63713E-04;1,94817E-04;1,05416E-04;0,00000E+00;1,99285E-04;6,78908E-05;1,59903E-04;1,13038E-05;0,00000E+00;0,00000E+00;1,62734E-04;0,00000E+00;0,00000E+00;2,78698E-04;1,31648E-05;3,20266E-05;1,42708E-05;4,21991E-06;5,65004E-06;3,65203E-05;7,96639E-06;0,00000E+00;0,00000E+00;1,50560E-04;1,42547E-05;0,00000E+00;0,00000E+00;0,00000E+00;0,00000E+00;0,00000E+00;5,65899E-05;0,00000E+00;0,00000E+00;0,00000E+00;0,00000E+00;0,00000E+00;0,00000E+00
447;1,16581E-01;2,94060E-01;4,83547E-01;6,74102E-01;8,59929E-01;1,05163E+00;1,23676E+00;1,41106E+00;1,60237E+00;1,78077E+00;1,95513E+00;2,13423E+00;2,25175E+00;2,40089E+00;2,57593E+00;2,72322E+00;2,85437E+00;2,99390E+00;3,12008E+00;3,24633E+00;1,29721E-05;0,00000E+00;2,46439E-06;0,00000E+00;4,56604E-05;1,87916E-04;1,16300E-06;4,78179E-05;1,89224E-05;3,54278E-05;0,00000E+00;3,51685E-04;4,00183E-04;0,00000E+00;0,00000E+00;4,04900E-04;0,00000E+00;2,05718E-04;1,13908E-05;2,66471E-05;3,00895E-06;1,40667E-06;5,48091E-06;0,00000E+00;4,16666E-07;0,00000E+00;1,88635E-05;1,71190E-05;1,49176E-04;5,38790E-05;0,00000E+00;4,18724E-05;0,00000E+00;4,85310E-06;6,22437E-05;0,00000E+00;0,00000E+00;0,00000E+00;0,00000E+00;1,34881E-04
448;1,32053E-01;3,29960E-01;5,37103E-01;7,42205E-01;9,49474E-01;1,14980E+00;1,33649E+00;1,54149E+00;1,72618E+00;1,91151E+00;2,09697E+00;2,24813E+00;2,39832E+00;2,55856E+00;2,72866E+00;2,88434E+00;3,02767E+00;3,17918E+00;3,29190E+00;3,40433E+00;5,50589E-06;0,00000E+00;2,86729E-05;2,12655E-05;1,42861E-04;1,52697E-04;9,79132E-05;2,31963E-05;1,79779E-04;3,48050E-04;7,50702E-05;4,88354E-04;2,91191E-05;0,00000E+00;0,00000E+00;1,32479E-04;0,00000E+00;5,19000E-05;3,41171E-04;3,47945E-04;2,33541E-06;1,33646E-05;5,20735E-05;0,00000E+00;3,95869E-06;0,00000E+00;9,17662E-05;2,76238E-05;0,00000E+00;0,00000E+00;0,00000E+00;3,04682E-05;3,25801E-06;4,61087E-05;0,00000E+00;0,00000E+00;0,00000E+00;0,00000E+00;0,00000E+00;6,62970E-05
449;1,47341E-01;3,66158E-01;5,84840E-01;8,07363E-01;1,02204E+00;1,24062E+00;1,43396E+00;1,63417E+00;1,82371E+00;2,02161E+00;2,20534E+00;2,38813E+00;2,51337E+00;2,67320E+00;2,84438E+00;2,99956E+00;3,15300E+00;3,30107E+00;3,44554E+00;3,55124E+00;0,00000E+00;0,00000E+00;1,01836E-05;4,11787E-05;2,03356E-05;0,00000E+00;2,10671E-04;4,49176E-05;0,00000E+00;2,21814E-05;1,45367E-04;6,58694E-05;3,80256E-04;4,10512E-04;1,27400E-04;1,28155E-04;1,27400E-04;1,66223E-05;7,11044E-04;1,83522E-04;4,52232E-06;0,00000E+00;0,00000E+00;0,00000E+00;0,00000E+00;0,00000E+00;9,21117E-05;0,00000E+00;0,00000E+00;0,00000E+00;6,36404E-05;5,89991E-05;6,30885E-06;0,00000E+00;0,00000E+00;0,00000E+00;0,00000E+00;0,00000E+00;0,00000E+00;0,00000E+00
450;1,62364E-01;3,97867E-01;6,28853E-01;8,57053E-01;1,08168E+00;1,29783E+00;1,49812E+00;1,70226E+00;1,89487E+00;2,08272E+00;2,26941E+00;2,45547E+00;2,57962E+00;2,76089E+00;2,90467E+00;3,05389E+00;3,21780E+00;3,38887E+00;3,50606E+00;3,61867E+00;0,00000E+00;0,00000E+00;3,80670E-05;0,00000E+00;9,32467E-05;0,00000E+00;8,99337E-05;0,00000E+00;0,00000E+00;2,76387E-05;4,52828E-05;1,47735E-04;2,29187E-04;2,90500E-04;3,69604E-04;0,00000E+00;9,01552E-05;5,86409E-05;6,97151E-04;0,00000E+00;3,52184E-06;0,00000E+00;0,00000E+00;3,51771E-05;0,00000E+00;0,00000E+00;0,00000E+00;9,98033E-06;0,00000E+00;0,00000E+00;4,50354E-05;0,00000E+00;0,00000E+00;0,00000E+00;0,00000E+00;0,00000E+00;0,00000E+00;0,00000E+00;0,00000E+00;0,00000E+00
451;1,74543E-01;4,17586E-01;6,57159E-01;8,86666E-01;1,12126E+00;1,32508E+00;1,52495E+00;1,72642E+00;1,90844E+00;2,09266E+00;2,29482E+00;2,43780E+00;2,61033E+00;2,76225E+00;2,93487E+00;3,07855E+00;3,20359E+00;3,37097E+00;3,48034E+00;3,61553E+00;0,00000E+00;0,00000E+00;8,90985E-05;1,46154E-05;1,61042E-05;0,00000E+00;1,22292E-05;1,29134E-04;0,00000E+00;2,35923E-04;9,24776E-06;3,01708E-05;1,12574E-04;0,00000E+00;5,70698E-05;3,32615E-04;1,53514E-04;9,97065E-05;1,04805E-04;0,00000E+00;7,19238E-07;0,00000E+00;2,87093E-06;1,46990E-05;0,00000E+00;0,00000E+00;0,00000E+00;2,03821E-06;0,00000E+00;0,00000E+00;0,00000E+00;4,71158E-05;0,00000E+00;0,00000E+00;0,00000E+00;0,00000E+00;1,27929E-05;0,00000E+00;0,00000E+00;7,67572E-05
452;1,81774E-01;4,34115E-01;6,71710E-01;9,07112E-01;1,12022E+00;1,33602E+00;1,51348E+00;1,71022E+00;1,88822E+00;2,06737E+00;2,27101E+00;2,43253E+00;2,56769E+00;2,72865E+00;2,89393E+00;3,01506E+00;3,13942E+00;3,31249E+00;3,42427E+00;3,51624E+00;0,00000E+00;1,94406E-06;3,33251E-06;0,00000E+00;1,40643E-04;2,39439E-05;5,54444E-05;0,00000E+00;3,28051E-06;1,91929E-04;0,00000E+00;1,72443E-05;1,46369E-04;0,00000E+00;0,00000E+00;2,09690E-05;1,11125E-04;0,00000E+00;0,00000E+00;1,77945E-05;0,00000E+00;0,00000E+00;0,00000E+00;8,54970E-05;0,00000E+00;0,00000E+00;1,31056E-06;2,29759E-05;7,27490E-05;0,00000E+00;0,00000E+00;0,00000E+00;3,44088E-06;1,23961E-05;0,00000E+00;0,00000E+00;0,00000E+00;9,70277E-05;6,93055E-05;0,00000E+00
453;1,85956E-01;4,33795E-01;6,65438E-01;8,89433E-01;1,09730E+00;1,29260E+00;1,48199E+00;1,65617E+00;1,83561E+00;1,99268E+00;2,18219E+00;2,34682E+00;2,47025E+00;2,61554E+00;2,76295E+00;2,91463E+00;3,02662E+00;3,18450E+00;3,29617E+00;3,39577E+00;0,00000E+00;2,41828E-05;4,62091E-05;0,00000E+00;1,56132E-05;3,23025E-06;0,00000E+00;4,19469E-06;4,08073E-05;0,00000E+00;0,00000E+00;2,88322E-04;2,63287E-05;0,00000E+00;0,00000E+00;3,05720E-04;3,47787E-04;1,66885E-04;1,09892E-04;2,21351E-04;7,91855E-07;0,00000E+00;2,60187E-05;0,00000E+00;4,01976E-06;1,25419E-05;4,99624E-05;2,71709E-05;0,00000E+00;0,00000E+00;0,00000E+00;8,26455E-06;4,28022E-05;1,97898E-04;0,00000E+00;0,00000E+00;0,00000E+00;4,11398E-05;0,00000E+00;0,00000E+00
454;1,84182E-01;4,23795E-01;6,46472E-01;8,57575E-01;1,05209E+00;1,23661E+00;1,41166E+00;1,58417E+00;1,74449E+00;1,90232E+00;2,07654E+00;2,21936E+00;2,34417E+00;2,49754E+00;2,62258E+00;2,75925E+00;2,88838E+00;3,02204E+00;3,14440E+00;3,23114E+00;0,00000E+00;3,46879E-05;1,00879E-05;7,49919E-06;0,00000E+00;6,85308E-06;5,90764E-05;8,89917E-06;8,21532E-06;1,72690E-04;0,00000E+00;1,56602E-04;9,05141E-05;1,31281E-05;0,00000E+00;9,52140E-05;0,00000E+00;4,15716E-04;2,65284E-04;0,00000E+00;3,06973E-06;0,00000E+00;5,51996E-05;0,00000E+00;8,52805E-06;2,66080E-05;9,11026E-05;1,64101E-05;6,89018E-05;0,00000E+00;0,00000E+00;9,00590E-05;0,00000E+00;1,09143E-04;0,00000E+00;3,28202E-05;0,00000E+00;8,72795E-05;0,00000E+00;6,56404E-05
455;1,78039E-01;4,05154E-01;6,14014E-01;8,07046E-01;9,88051E-01;1,15765E+00;1,32205E+00;1,47521E+00;1,62949E+00;1,77571E+00;1,94753E+00;2,07746E+00;2,20953E+00;2,34916E+00;2,45184E+00;2,59543E+00;2,71251E+00;2,82294E+00;2,95890E+00;3,04545E+00;1,74091E-05;2,65739E-05;0,00000E+00;5,74502E-06;6,02283E-05;0,00000E+00;4,52575E-05;9,40443E-05;5,29352E-05;1,32295E-04;3,38173E-04;3,06469E-05;2,65502E-05;8,45905E-05;0,00000E+00;1,49066E-04;0,00000E+00;4,72392E-05;2,46259E-05;0,00000E+00;7,63998E-06;0,00000E+00;0,00000E+00;0,00000E+00;0,00000E+00;0,00000E+00;1,50858E-05;9,17631E-05;5,27846E-05;0,00000E+00;0,00000E+00;6,24233E-05;7,33826E-05;2,06979E-04;0,00000E+00;2,51431E-05;1,11800E-04;0,00000E+00;1,21117E-04;3,11152E-04
456;1,68738E-01;3,77841E-01;5,71965E-01;7,53180E-01;9,18654E-01;1,06750E+00;1,22148E+00;1,36965E+00;1,50380E+00;1,63303E+00;1,79884E+00;1,92009E+00;2,06684E+00;2,19006E+00;2,30071E+00;2,40638E+00;2,53362E+00;2,62991E+00;2,74541E+00;2,84013E+00;4,07438E-06;0,00000E+00;0,00000E+00;0,00000E+00;1,40957E-05;0,00000E+00;0,00000E+00;2,20099E-05;1,76051E-04;9,96520E-05;1,51709E-04;7,17252E-06;0,00000E+00;1,74436E-05;0,00000E+00;3,48871E-05;0,00000E+00;1,40850E-04;2,93702E-05;0,00000E+00;1,53886E-06;0,00000E+00;2,69183E-06;0,00000E+00;0,00000E+00;0,00000E+00;0,00000E+00;1,85338E-05;1,95856E-04;0,00000E+00;0,00000E+00;8,99590E-05;1,71743E-05;4,54942E-05;0,00000E+00;0,00000E+00;3,81601E-05;0,00000E+00;2,83458E-05;7,30473E-05
457;1,57403E-01;3,50763E-01;5,26032E-01;6,92211E-01;8,47040E-01;9,94810E-01;1,14074E+00;1,26466E+00;1,38774E+00;1,51470E+00;1,65305E+00;1,77411E+00;1,91113E+00;2,00908E+00;2,13926E+00;2,23403E+00;2,34892E+00;2,45372E+00;2,56743E+00;2,64814E+00;0,00000E+00;1,17589E-06;2,85521E-05;2,30909E-05;9,67843E-06;8,25083E-05;1,48217E-04;9,06750E-05;3,58679E-04;0,00000E+00;4,56723E-06;5,09719E-04;9,56659E-06;3,05724E-05;0,00000E+00;1,34743E-04;0,00000E+00;2,69503E-05;0,00000E+00;7,68802E-06;0,00000E+00;4,07436E-06;0,00000E+00;3,72537E-06;6,49152E-07;3,29126E-06;0,00000E+00;4,04229E-05;0,00000E+00;2,55421E-05;0,00000E+00;1,09176E-04;3,18391E-05;1,12455E-04;0,00000E+00;3,01985E-06;0,00000E+00;0,00000E+00;4,22780E-06;1,61692E-04
458;1,43861E-01;3,21848E-01;4,82659E-01;6,32137E-01;7,74006E-01;9,01247E-01;1,04026E+00;1,16500E+00;1,27286E+00;1,39681E+00;1,53229E+00;1,64069E+00;1,75479E+00;1,85516E+00;1,98077E+00;2,08635E+00;2,18565E+00;2,28546E+00;2,37455E+00;2,47279E+00;0,00000E+00;2,06423E-05;0,00000E+00;1,33605E-05;3,59998E-05;2,12007E-05;7,35078E-05;7,49498E-05;7,96181E-05;4,62651E-06;1,81243E-04;7,14415E-05;1,67938E-04;6,36148E-05;0,00000E+00;1,33650E-05;0,00000E+00;5,75114E-04;0,00000E+00;1,34960E-04;0,00000E+00;0,00000E+00;2,99934E-06;6,53974E-05;1,37897E-05;5,77767E-05;5,01189E-06;0,00000E+00;0,00000E+00;8,44500E-06;0,00000E+00;0,00000E+00;0,00000E+00;0,00000E+00;0,00000E+00;5,30124E-05;5,01189E-05;7,68490E-05;7,42173E-05;0,00000E+00
459;1,32380E-01;2,95449E-01;4,42545E-01;5,83219E-01;7,16261E-01;8,38395E-01;9,61547E-01;1,07148E+00;1,19038E+00;1,29492E+00;1,43256E+00;1,53864E+00;1,64208E+00;1,74351E+00;1,84600E+00;1,93962E+00;2,03069E+00;2,13649E+00;2,21750E+00;2,30668E+00;3,76192E-06;2,01580E-05;0,00000E+00;3,11959E-05;1,53469E-04;4,32540E-05;1,71636E-04;1,75004E-04;3,02362E-05;1,08026E-05;2,35985E-04;1,66812E-04;0,00000E+00;0,00000E+00;0,00000E+00;3,12066E-05;0,00000E+00;2,38191E-04;1,47886E-05;0,00000E+00;6,82007E-06;1,18708E-05;2,05573E-05;0,00000E+00;7,75401E-06;2,27855E-05;1,17025E-05;3,62381E-05;0,00000E+00;1,97186E-05;0,00000E+00;4,89367E-05;0,00000E+00;5,54469E-05;0,00000E+00;0,00000E+00;1,17025E-04;1,79438E-04;0,00000E+00;1,20794E-05
460;1,20400E-01;2,70300E-01;4,08654E-01;5,38200E-01;6,60322E-01;7,79727E-01;8,91578E-01;1,00192E+00;1,11033E+00;1,21436E+00;1,32512E+00;1,42546E+00;1,53892E+00;1,62470E+00;1,70974E+00;1,82531E+00;1,91311E+00;1,99420E+00;2,07406E+00;2,15366E+00;3,12055E-06;4,31679E-05;0,00000E+00;3,45649E-05;6,99957E-05;3,02901E-05;1,03730E-04;0,00000E+00;2,50812E-05;0,00000E+00;0,00000E+00;0,00000E+00;1,52133E-05;0,00000E+00;0,00000E+00;0,00000E+00;5,18651E-05;4,06021E-05;1,60429E-04;0,00000E+00;5,65732E-06;2,81437E-05;2,09427E-05;0,00000E+00;1,10857E-05;6,60061E-05;0,00000E+00;6,03145E-05;0,00000E+00;0,00000E+00;0,00000E+00;4,05935E-05;0,00000E+00;4,59938E-05;0,00000E+00;0,00000E+00;0,00000E+00;0,00000E+00;0,00000E+00;1,00200E-05
461;1,11630E-01;2,52729E-01;3,84449E-01;5,05508E-01;6,20254E-01;7,39229E-01;8,44475E-01;9,43086E-01;1,04188E+00;1,14314E+00;1,26351E+00;1,35518E+00;1,45938E+00;1,53129E+00;1,64385E+00;1,71533E+00;1,82645E+00;1,90176E+00;1,97774E+00;2,06654E+00;5,60911E-06;4,15025E-05;0,00000E+00;9,23132E-06;3,31651E-06;0,00000E+00;2,77035E-05;0,00000E+00;0,00000E+00;4,67598E-05;0,00000E+00;0,00000E+00;4,06304E-06;3,60213E-04;3,37700E-04;0,00000E+00;1,38517E-05;1,95899E-04;3,95699E-05;0,00000E+00;0,00000E+00;3,72225E-05;2,59046E-06;0,00000E+00;2,48132E-06;1,25805E-05;1,57593E-04;8,08017E-06;3,28221E-05;0,00000E+00;0,00000E+00;0,00000E+00;0,00000E+00;0,00000E+00;0,00000E+00;0,00000E+00;3,37700E-05;0,00000E+00;0,00000E+00;0,00000E+00
462;1,05291E-01;2,38554E-01;3,59977E-01;4,84291E-01;5,87060E-01;7,00348E-01;8,04430E-01;9,10236E-01;9,99492E-01;1,08365E+00;1,20184E+00;1,29532E+00;1,38725E+00;1,46402E+00;1,54839E+00;1,64021E+00;1,71272E+00;1,82068E+00;1,89192E+00;1,95693E+00;0,00000E+00;3,64543E-06;2,42416E-06;0,00000E+00;5,64866E-05;0,00000E+00;8,18581E-05;0,00000E+00;3,28079E-05;7,55637E-05;3,96454E-05;0,00000E+00;9,22687E-05;0,00000E+00;2,86002E-06;0,00000E+00;0,00000E+00;0,00000E+00;0,00000E+00;6,67351E-05;0,00000E+00;5,40508E-07;0,00000E+00;0,00000E+00;1,17778E-04;7,14235E-05;0,00000E+00;0,00000E+00;0,00000E+00;0,00000E+00;1,37959E-04;2,89631E-05;2,06471E-05;3,28203E-06;3,13160E-07;0,00000E+00;5,24271E-05;0,00000E+00;0,00000E+00;1,32498E-04
463;9,93272E-02;2,27986E-01;3,43852E-01;4,61652E-01;5,68075E-01;6,70123E-01;7,68490E-01;8,67501E-01;9,56652E-01;1,04914E+00;1,14975E+00;1,23370E+00;1,33233E+00;1,40896E+00;1,49355E+00;1,56498E+00;1,66558E+00;1,73073E+00;1,79519E+00;1,88030E+00;0,00000E+00;1,65801E-06;7,03006E-05;3,06470E-05;2,56911E-05;0,00000E+00;1,26095E-04;0,00000E+00;0,00000E+00;9,02604E-05;0,00000E+00;1,96092E-05;0,00000E+00;0,00000E+00;8,29406E-05;0,00000E+00;0,00000E+00;0,00000E+00;2,91929E-05;0,00000E+00;0,00000E+00;1,97305E-05;0,00000E+00;0,00000E+00;1,11431E-05;0,00000E+00;0,00000E+00;0,00000E+00;0,00000E+00;0,00000E+00;5,73666E-05;0,00000E+00;0,00000E+00;1,27517E-04;9,08162E-06;0,00000E+00;5,96119E-06;0,00000E+00;1,49030E-05;4,14703E-05
464;9,54578E-02;2,16435E-01;3,34728E-01;4,43799E-01;5,47969E-01;6,43060E-01;7,39449E-01;8,31353E-01;9,29498E-01;1,01389E+00;1,11556E+00;1,18745E+00;1,28045E+00;1,34784E+00;1,43264E+00;1,51062E+00;1,58215E+00;1,65748E+00;1,73360E+00;1,78804E+00;0,00000E+00;4,27081E-06;0,00000E+00;8,21193E-05;7,01712E-05;1,24874E-04;1,01136E-04;0,00000E+00;0,00000E+00;1,06309E-05;0,00000E+00;5,05107E-05;8,80790E-05;0,00000E+00;0,00000E+00;0,00000E+00;0,00000E+00;9,14163E-05;1,16045E-04;0,00000E+00;0,00000E+00;1,46506E-05;0,00000E+00;0,00000E+00;0,00000E+00;1,86476E-05;1,11214E-05;2,78036E-06;0,00000E+00;0,00000E+00;0,00000E+00;0,00000E+00;0,00000E+00;1,76117E-04;0,00000E+00;0,00000E+00;9,87661E-05;0,00000E+00;3,83882E-05;0,00000E+00
465;9,21193E-02;2,08953E-01;3,23400E-01;4,28468E-01;5,23931E-01;6,20183E-01;7,14131E-01;7,97545E-01;8,85441E-01;9,69540E-01;1,05761E+00;1,12350E+00;1,21533E+00;1,29484E+00;1,36716E+00;1,43709E+00;1,50833E+00;1,58047E+00;1,65195E+00;1,70977E+00;0,00000E+00;2,24722E-06;0,00000E+00;2,86735E-06;3,60551E-06;1,75528E-04;1,50588E-05;0,00000E+00;3,03367E-05;0,00000E+00;0,00000E+00;1,46178E-04;7,95077E-05;1,45434E-04;0,00000E+00;0,00000E+00;0,00000E+00;2,34322E-04;3,68726E-05;1,02847E-04;0,00000E+00;3,79455E-06;0,00000E+00;0,00000E+00;0,00000E+00;4,05409E-05;1,00392E-05;2,50979E-06;0,00000E+00;0,00000E+00;0,00000E+00;0,00000E+00;0,00000E+00;8,37855E-05;0,00000E+00;0,00000E+00;1,48011E-04;0,00000E+00;0,00000E+00;0,00000E+00
466;8,91628E-02;2,03950E-01;3,11280E-01;4,18175E-01;5,04252E-01;5,95146E-01;6,88539E-01;7,67991E-01;8,55434E-01;9,23270E-01;1,00550E+00;1,07354E+00;1,17068E+00;1,22938E+00;1,30144E+00;1,36354E+00;1,43653E+00;1,49505E+00;1,56844E+00;1,63533E+00;0,00000E+00;6,23559E-05;0,00000E+00;0,00000E+00;6,82705E-05;1,88117E-05;0,00000E+00;0,00000E+00;9,08644E-06;7,31147E-05;0,00000E+00;6,11528E-05;0,00000E+00;4,35604E-05;1,47850E-04;4,22427E-05;0,00000E+00;3,43092E-04;3,36163E-04;3,08047E-05;1,56519E-05;0,00000E+00;0,00000E+00;0,00000E+00;3,02685E-05;7,10100E-06;0,00000E+00;0,00000E+00;0,00000E+00;0,00000E+00;0,00000E+00;0,00000E+00;1,66362E-05;2,11531E-04;0,00000E+00;5,28034E-05;2,17802E-05;1,16168E-04;0,00000E+00;0,00000E+00
467;8,70608E-02;1,95624E-01;3,00366E-01;3,94470E-01;4,87518E-01;5,70972E-01;6,53485E-01;7,35272E-01;8,05892E-01;8,82701E-01;9,74181E-01;1,03448E+00;1,11297E+00;1,17464E+00;1,24616E+00;1,30233E+00;1,37661E+00;1,42137E+00;1,49694E+00;1,55284E+00;5,10370E-05;0,00000E+00;1,69637E-07;0,00000E+00;1,10067E-04;5,64135E-05;2,72965E-04;0,00000E+00;0,00000E+00;0,00000E+00;0,00000E+00;0,00000E+00;1,57316E-04;2,40166E-06;3,06470E-04;1,53235E-04;0,00000E+00;0,00000E+00;9,38020E-05;0,00000E+00;0,00000E+00;0,00000E+00;1,71942E-05;0,00000E+00;5,73627E-07;5,89365E-05;7,03661E-05;1,14926E-04;1,78959E-06;0,00000E+00;2,39484E-04;3,76240E-05;0,00000E+00;2,14260E-05;4,68465E-05;8,00553E-07;1,86796E-06;0,00000E+00;0,00000E+00;0,00000E+00
468;8,34187E-02;1,87936E-01;2,85583E-01;3,79974E-01;4,65525E-01;5,43429E-01;6,21606E-01;6,98166E-01;7,72081E-01;8,38318E-01;9,17271E-01;9,83567E-01;1,05514E+00;1,11687E+00;1,18047E+00;1,23645E+00;1,30421E+00;1,36327E+00;1,41960E+00;1,47328E+00;1,01313E-05;3,69315E-06;1,29251E-05;0,00000E+00;1,90753E-06;1,05760E-04;3,65976E-04;0,00000E+00;0,00000E+00;0,00000E+00;0,00000E+00;0,00000E+00;0,00000E+00;1,82988E-04;4,78021E-05;0,00000E+00;0,00000E+00;9,35534E-05;0,00000E+00;0,00000E+00;0,00000E+00;4,01510E-07;0,00000E+00;0,00000E+00;4,84632E-05;4,26140E-06;2,07887E-05;9,29485E-06;1,36353E-04;0,00000E+00;7,73454E-05;0,00000E+00;0,00000E+00;8,48439E-06;1,60291E-04;6,09960E-05;1,63569E-04;0,00000E+00;0,00000E+00;0,00000E+00
469;7,93182E-02;1,78786E-01;2,70741E-01;3,57368E-01;4,36588E-01;5,13232E-01;5,85841E-01;6,54196E-01;7,24091E-01;7,89978E-01;8,65005E-01;9,16111E-01;9,95276E-01;1,05256E+00;1,10688E+00;1,16953E+00;1,22024E+00;1,29007E+00;1,33928E+00;1,39527E+00;0,00000E+00;2,47051E-05;0,00000E+00;0,00000E+00;5,41786E-06;4,37168E-05;0,00000E+00;0,00000E+00;0,00000E+00;0,00000E+00;1,46870E-04;0,00000E+00;2,87847E-04;0,00000E+00;1,35769E-04;1,02222E-04;0,00000E+00;2,65714E-04;2,00238E-04;0,00000E+00;0,00000E+00;1,14039E-06;0,00000E+00;0,00000E+00;1,35117E-05;0,00000E+00;4,80598E-05;2,63996E-05;5,96115E-06;9,68865E-06;0,00000E+00;0,00000E+00;0,00000E+00;0,00000E+00;0,00000E+00;2,55554E-05;1,31897E-04;0,00000E+00;0,00000E+00;0,00000E+00
470;7,53487E-02;1,70193E-01;2,56855E-01;3,36164E-01;4,13516E-01;4,82221E-01;5,53253E-01;6,13503E-01;6,80757E-01;7,38580E-01;8,20385E-01;8,70971E-01;9,35000E-01;9,95616E-01;1,04367E+00;1,11015E+00;1,14901E+00;1,21520E+00;1,26189E+00;1,32158E+00;0,00000E+00;3,72285E-05;9,64366E-06;6,93254E-05;1,08965E-04;1,74178E-05;1,28946E-04;0,00000E+00;0,00000E+00;6,30163E-05;1,56344E-04;3,74263E-05;2,83932E-04;1,06191E-04;1,51701E-04;1,00831E-04;0,00000E+00;0,00000E+00;1,97515E-04;0,00000E+00;0,00000E+00;0,00000E+00;0,00000E+00;0,00000E+00;0,00000E+00;6,35904E-06;7,07410E-05;0,00000E+00;5,88007E-06;2,87280E-05;0,00000E+00;0,00000E+00;0,00000E+00;0,00000E+00;6,64424E-05;2,52079E-05;7,05820E-05;0,00000E+00;0,00000E+00;0,00000E+00
471;7,07909E-02;1,59475E-01;2,40543E-01;3,15139E-01;3,84756E-01;4,56408E-01;5,21102E-01;5,80572E-01;6,44070E-01;6,96413E-01;7,70977E-01;8,05303E-01;8,85947E-01;9,32342E-01;9,87535E-01;1,03657E+00;1,08863E+00;1,15222E+00;1,18598E+00;1,23412E+00;0,00000E+00;2,45021E-05;3,23388E-06;1,03374E-04;1,44491E-04;0,00000E+00;4,32405E-05;0,00000E+00;7,52387E-05;2,11317E-05;3,84688E-06;1,25504E-05;0,00000E+00;3,56098E-05;5,08711E-05;0,00000E+00;0,00000E+00;0,00000E+00;0,00000E+00;0,00000E+00;0,00000E+00;3,33259E-05;2,69819E-05;0,00000E+00;0,00000E+00;5,67311E-05;1,78049E-05;0,00000E+00;0,00000E+00;6,42881E-06;0,00000E+00;0,00000E+00;0,00000E+00;0,00000E+00;2,22806E-05;0,00000E+00;0,00000E+00;0,00000E+00;6,01157E-05;0,00000E+00
472;6,64664E-02;1,49321E-01;2,24986E-01;2,97196E-01;3,63424E-01;4,27755E-01;4,85065E-01;5,44213E-01;5,96845E-01;6,44909E-01;7,18023E-01;7,75523E-01;8,29067E-01;8,91890E-01;9,37953E-01;9,80783E-01;1,04656E+00;1,07061E+00;1,12757E+00;1,18089E+00;0,00000E+00;7,05270E-06;0,00000E+00;5,65574E-07;7,61970E-07;0,00000E+00;1,12198E-04;0,00000E+00;5,31071E-07;0,00000E+00;0,00000E+00;1,23024E-04;0,00000E+00;2,99195E-04;0,00000E+00;0,00000E+00;4,98659E-05;8,78333E-05;3,35777E-04;0,00000E+00;5,27897E-06;2,35230E-07;1,90451E-07;0,00000E+00;0,00000E+00;3,85384E-07;0,00000E+00;0,00000E+00;1,59938E-04;0,00000E+00;0,00000E+00;0,00000E+00;0,00000E+00;0,00000E+00;0,00000E+00;0,00000E+00;1,86997E-04;0,00000E+00;3,24552E-04;0,00000E+00
473;6,27566E-02;1,39563E-01;2,11624E-01;2,75872E-01;3,41870E-01;3,94615E-01;4,61139E-01;5,10343E-01;5,67105E-01;6,16965E-01;6,91453E-01;7,26625E-01;7,91412E-01;8,38047E-01;8,82053E-01;9,32901E-01;9,79461E-01;1,02184E+00;1,07453E+00;1,12191E+00;0,00000E+00;5,30773E-06;7,07662E-06;0,00000E+00;2,74148E-05;1,93800E-04;1,21089E-04;0,00000E+00;0,00000E+00;0,00000E+00;3,60773E-06;2,35404E-05;1,10753E-04;0,00000E+00;0,00000E+00;2,01814E-05;2,01814E-04;0,00000E+00;1,16818E-04;1,82186E-05;0,00000E+00;0,00000E+00;0,00000E+00;0,00000E+00;1,40674E-05;5,22977E-05;7,15628E-06;2,52268E-05;0,00000E+00;4,46322E-05;5,26658E-05;0,00000E+00;0,00000E+00;3,98169E-06;1,25373E-05;1,43126E-05;7,32098E-05;2,01814E-05;0,00000E+00;2,01814E-05
474;5,88242E-02;1,31786E-01;2,00057E-01;2,60438E-01;3,22517E-01;3,77921E-01;4,34364E-01;4,89474E-01;5,42978E-01;5,91482E-01;6,51756E-01;6,98851E-01;7,57191E-01;8,02510E-01;8,51947E-01;8,85841E-01;9,44040E-01;9,83665E-01;1,02644E+00;1,08244E+00;0,00000E+00;2,22863E-05;2,25605E-05;5,23399E-05;8,73992E-05;6,56834E-06;7,23364E-05;1,62262E-05;0,00000E+00;5,34193E-05;9,17295E-05;7,50476E-05;1,33841E-05;0,00000E+00;3,85794E-05;0,00000E+00;0,00000E+00;9,06046E-05;3,72420E-04;5,80817E-05;0,00000E+00;3,64551E-06;0,00000E+00;0,00000E+00;2,17966E-05;3,18780E-05;6,62163E-05;0,00000E+00;0,00000E+00;0,00000E+00;9,55765E-05;0,00000E+00;2,65887E-05;6,50152E-05;3,99693E-05;4,56289E-05;1,65821E-04;0,00000E+00;0,00000E+00;9,64486E-05
475;5,53146E-02;1,25532E-01;1,88797E-01;2,49731E-01;3,06026E-01;3,60029E-01;4,17656E-01;4,67521E-01;5,15935E-01;5,75109E-01;6,23290E-01;6,64951E-01;7,25861E-01;7,75289E-01;8,19122E-01;8,50745E-01;9,12040E-01;9,45564E-01;9,91475E-01;1,03243E+00;0,00000E+00;2,98873E-05;0,00000E+00;6,40491E-05;4,16133E-05;0,00000E+00;2,43645E-04;1,72914E-05;1,72207E-04;9,70354E-05;8,54945E-05;0,00000E+00;3,82352E-05;0,00000E+00;4,11120E-05;4,34505E-05;0,00000E+00;3,17648E-04;0,00000E+00;0,00000E+00;0,00000E+00;3,88482E-06;1,78768E-05;2,12705E-06;0,00000E+00;9,10682E-06;4,62510E-05;0,00000E+00;7,17924E-05;1,37276E-05;1,77722E-05;6,93450E-05;2,83341E-05;5,57561E-05;0,00000E+00;0,00000E+00;7,42845E-05;0,00000E+00;5,06922E-05;1,24505E-04
476;5,20147E-02;1,18155E-01;1,79958E-01;2,39322E-01;2,92955E-01;3,48657E-01;3,96787E-01;4,53735E-01;4,94391E-01;5,51536E-01;6,12718E-01;6,47371E-01;7,01315E-01;7,39499E-01;7,96348E-01;8,27709E-01;8,89028E-01;9,21176E-01;9,65572E-01;9,98398E-01;0,00000E+00;6,25235E-05;8,16039E-05;3,06984E-06;1,60664E-04;0,00000E+00;6,18017E-05;0,00000E+00;6,38968E-05;1,48192E-04;0,00000E+00;0,00000E+00;1,66684E-04;0,00000E+00;1,92553E-05;1,61222E-05;9,62763E-05;1,72480E-04;0,00000E+00;0,00000E+00;0,00000E+00;4,36680E-05;6,63315E-06;7,89235E-07;6,20871E-05;3,37906E-06;5,77658E-05;0,00000E+00;2,66384E-05;5,09357E-06;0,00000E+00;2,57303E-05;0,00000E+00;0,00000E+00;2,53004E-05;8,66487E-05;8,35156E-05;0,00000E+00;1,88092E-05;8,06109E-06
477;4,99215E-02;1,14631E-01;1,72345E-01;2,32720E-01;2,87530E-01;3,39801E-01;3,85000E-01;4,43683E-01;4,90079E-01;5,38473E-01;5,94076E-01;6,33814E-01;6,74251E-01;7,28518E-01;7,77527E-01;8,12587E-01;8,55201E-01;9,10904E-01;9,49709E-01;9,94079E-01;0,00000E+00;1,45481E-06;9,89794E-05;1,02967E-04;6,43661E-05;0,00000E+00;0,00000E+00;0,00000E+00;0,00000E+00;3,62131E-06;0,00000E+00;1,38353E-04;4,64407E-05;1,68237E-04;5,23063E-07;0,00000E+00;2,66987E-04;2,45685E-06;1,47122E-04;0,00000E+00;0,00000E+00;1,18623E-06;0,00000E+00;0,00000E+00;8,34869E-05;0,00000E+00;1,56919E-06;4,80676E-05;0,00000E+00;3,79657E-05;1,08051E-04;0,00000E+00;0,00000E+00;0,00000E+00;6,87276E-07;2,35378E-06;2,78220E-04;0,00000E+00;0,00000E+00;3,12440E-04
478;4,85837E-02;1,12346E-01;1,69971E-01;2,27460E-01;2,81446E-01;3,33909E-01;3,89399E-01;4,36340E-01;4,89727E-01;5,35255E-01;5,88645E-01;6,30861E-01;6,83081E-01;7,18340E-01;7,61500E-01;8,09497E-01;8,45349E-01;9,01874E-01;9,40321E-01;9,76670E-01;0,00000E+00;4,80770E-06;4,72841E-05;1,84549E-04;7,44070E-05;0,00000E+00;1,18714E-04;0,00000E+00;7,61668E-05;0,00000E+00;0,00000E+00;0,00000E+00;1,14081E-05;0,00000E+00;2,02858E-05;0,00000E+00;0,00000E+00;0,00000E+00;0,00000E+00;0,00000E+00;0,00000E+00;2,30025E-05;9,69794E-07;0,00000E+00;8,72131E-05;1,53974E-05;1,08035E-06;0,00000E+00;0,00000E+00;0,00000E+00;1,37776E-04;4,77468E-06;3,40375E-06;1,94697E-04;1,15502E-04;3,24105E-05;0,00000E+00;2,16070E-06;0,00000E+00;0,00000E+00
479;4,76874E-02;1,09917E-01;1,67135E-01;2,24957E-01;2,81215E-01;3,32611E-01;3,81087E-01;4,34384E-01;4,78816E-01;5,29284E-01;5,78497E-01;6,24273E-01;6,70651E-01;7,15884E-01;7,58909E-01;8,06864E-01;8,43690E-01;8,81177E-01;9,41208E-01;9,68832E-01;0,00000E+00;1,71049E-05;1,93438E-06;1,75651E-05;5,52173E-06;3,15381E-05;6,60631E-05;0,00000E+00;9,71140E-05;0,00000E+00;0,00000E+00;0,00000E+00;4,05879E-05;0,00000E+00;0,00000E+00;0,00000E+00;9,12871E-06;0,00000E+00;0,00000E+00;0,00000E+00;0,00000E+00;0,00000E+00;1,36935E-05;0,00000E+00;0,00000E+00;5,47807E-05;3,84367E-06;1,14109E-05;0,00000E+00;0,00000E+00;6,01487E-05;1,69874E-05;1,21099E-05;4,57121E-05;3,59839E-05;1,15310E-04;1,14109E-04;7,68735E-06;0,00000E+00;1,36931E-05
480;4,70326E-02;1,08948E-01;1,67130E-01;2,22422E-01;2,79992E-01;3,32113E-01;3,79064E-01;4,34421E-01;4,82087E-01;5,26797E-01;5,82327E-01;6,15689E-01;6,70418E-01;7,16192E-01;7,60815E-01;8,05335E-01;8,40139E-01;8,84912E-01;9,19991E-01;9,67785E-01;0,00000E+00;1,54471E-05;2,22406E-06;0,00000E+00;0,00000E+00;3,62611E-05;5,24789E-06;3,11454E-05;1,11657E-04;1,24966E-04;0,00000E+00;0,00000E+00;1,09963E-04;1,94385E-04;0,00000E+00;0,00000E+00;1,04958E-05;0,00000E+00;0,00000E+00;0,00000E+00;2,93975E-06;0,00000E+00;1,17771E-05;0,00000E+00;7,21292E-05;0,00000E+00;4,51250E-05;1,31197E-05;0,00000E+00;0,00000E+00;6,52216E-05;0,00000E+00;7,10855E-05;8,15275E-05;4,13727E-05;4,16539E-05;1,31197E-04;0,00000E+00;0,00000E+00;2,96283E-05
481;4,67006E-02;1,08571E-01;1,67068E-01;2,27007E-01;2,81882E-01;3,29649E-01;3,84426E-01;4,32597E-01;4,84632E-01;5,32025E-01;5,82537E-01;6,26810E-01;6,71269E-01;7,18192E-01;7,63305E-01;8,07680E-01;8,54139E-01;8,93654E-01;9,32504E-01;9,79239E-01;0,00000E+00;6,32064E-06;0,00000E+00;0,00000E+00;2,67870E-05;0,00000E+00;4,66161E-05;1,27441E-05;0,00000E+00;5,11333E-05;3,38411E-04;0,00000E+00;1,59853E-04;7,95383E-05;7,45858E-05;0,00000E+00;0,00000E+00;0,00000E+00;3,88087E-04;0,00000E+00;1,20289E-06;2,25532E-05;6,27686E-06;0,00000E+00;2,95138E-05;0,00000E+00;2,77875E-05;0,00000E+00;5,98061E-05;4,71287E-05;5,89429E-06;0,00000E+00;2,90867E-05;1,18538E-05;0,00000E+00;1,70439E-05;7,45858E-05;0,00000E+00;0,00000E+00;8,02671E-05
482;4,71981E-02;1,10227E-01;1,68990E-01;2,28298E-01;2,83260E-01;3,34812E-01;3,90725E-01;4,37380E-01;4,89864E-01;5,37806E-01;5,87154E-01;6,37765E-01;6,75263E-01;7,28492E-01;7,66619E-01;8,13284E-01;8,61954E-01;8,95511E-01;9,46611E-01;9,87040E-01;0,00000E+00;1,95690E-05;0,00000E+00;1,33970E-05;9,39302E-05;0,00000E+00;4,91296E-05;0,00000E+00;5,87054E-05;0,00000E+00;2,99905E-04;0,00000E+00;4,67552E-05;0,00000E+00;1,44275E-04;0,00000E+00;0,00000E+00;0,00000E+00;4,77923E-04;0,00000E+00;0,00000E+00;8,16761E-06;5,56265E-06;0,00000E+00;5,88169E-05;0,00000E+00;4,44784E-07;5,86321E-06;7,12367E-05;5,41155E-05;0,00000E+00;0,00000E+00;0,00000E+00;2,93601E-05;0,00000E+00;2,34528E-05;1,20822E-04;0,00000E+00;0,00000E+00;9,73696E-05
483;4,78844E-02;1,12200E-01;1,71297E-01;2,28839E-01;2,84712E-01;3,42083E-01;3,95918E-01;4,43403E-01;4,94398E-01;5,43930E-01;5,92342E-01;6,45828E-01;6,80831E-01;7,40242E-01;7,70612E-01;8,21380E-01;8,66192E-01;9,01051E-01;9,55449E-01;9,93582E-01;0,00000E+00;4,19708E-05;0,00000E+00;6,42215E-05;1,38834E-04;9,08678E-05;3,84758E-05;0,00000E+00;1,29228E-04;2,97546E-05;1,39118E-04;0,00000E+00;3,43810E-06;0,00000E+00;2,95179E-04;1,56282E-05;0,00000E+00;0,00000E+00;3,75388E-04;2,60198E-05;6,20421E-06;1,54524E-06;0,00000E+00;4,20278E-05;1,16850E-04;0,00000E+00;0,00000E+00;6,13233E-05;5,36418E-05;1,29162E-05;4,37660E-05;0,00000E+00;0,00000E+00;6,82394E-05;1,19785E-05;9,19850E-05;1,31508E-04;1,95353E-05;0,00000E+00;1,04159E-04
484;4,81543E-02;1,12347E-01;1,72663E-01;2,32585E-01;2,89494E-01;3,42322E-01;3,98864E-01;4,48442E-01;4,98882E-01;5,48916E-01;6,02040E-01;6,47174E-01;6,89666E-01;7,48974E-01;7,84801E-01;8,33495E-01;8,78671E-01;9,25485E-01;9,68475E-01;1,01161E+00;0,00000E+00;1,22939E-05;1,10312E-05;0,00000E+00;5,60030E-05;8,08091E-05;3,11869E-05;0,00000E+00;1,23628E-04;1,18754E-04;0,00000E+00;0,00000E+00;2,89918E-05;1,56175E-04;3,84799E-04;8,84031E-05;2,60292E-05;1,12072E-04;0,00000E+00;0,00000E+00;2,47617E-05;0,00000E+00;0,00000E+00;0,00000E+00;4,34757E-05;0,00000E+00;3,90438E-05;0,00000E+00;0,00000E+00;0,00000E+00;5,39268E-06;0,00000E+00;0,00000E+00;0,00000E+00;6,68081E-05;0,00000E+00;1,16951E-04;7,79673E-05;1,73528E-05;7,79673E-06
485;4,84595E-02;1,12161E-01;1,72850E-01;2,34879E-01;2,93436E-01;3,46585E-01;4,02999E-01;4,54836E-01;5,04210E-01;5,58259E-01;6,13004E-01;6,56749E-01;7,07819E-01;7,58323E-01;7,97568E-01;8,44552E-01;8,92219E-01;9,35061E-01;9,75980E-01;1,02261E+00;0,00000E+00;4,49069E-06;1,36852E-05;0,00000E+00;0,00000E+00;5,78691E-06;0,00000E+00;0,00000E+00;2,02076E-05;0,00000E+00;0,00000E+00;7,71391E-05;1,89438E-05;1,93750E-04;2,76569E-04;9,92925E-05;3,22917E-05;1,39036E-04;0,00000E+00;0,00000E+00;0,00000E+00;0,00000E+00;0,00000E+00;0,00000E+00;1,92818E-05;0,00000E+00;4,84375E-05;0,00000E+00;0,00000E+00;0,00000E+00;4,63417E-06;0,00000E+00;1,58320E-05;0,00000E+00;1,23345E-04;1,34002E-05;7,37009E-05;0,00000E+00;2,15278E-05;0,00000E+00
486;4,87462E-02;1,13502E-01;1,75085E-01;2,36156E-01;2,95930E-01;3,51643E-01;4,10583E-01;4,62324E-01;5,19367E-01;5,63899E-01;6,10466E-01;6,67826E-01;7,18113E-01;7,66129E-01;8,19635E-01;8,52862E-01;8,96286E-01;9,56804E-01;9,84656E-01;1,02522E+00;0,00000E+00;6,30158E-05;2,30446E-05;1,39776E-04;0,00000E+00;1,82416E-05;9,06267E-05;2,03290E-05;0,00000E+00;0,00000E+00;2,87834E-04;3,44795E-05;0,00000E+00;0,00000E+00;6,58853E-05;2,11201E-04;0,00000E+00;0,00000E+00;1,10953E-04;2,30720E-05;1,27921E-06;0,00000E+00;0,00000E+00;0,00000E+00;1,94812E-05;0,00000E+00;0,00000E+00;0,00000E+00;4,75648E-05;1,14529E-05;2,07137E-06;4,00531E-05;7,07653E-06;0,00000E+00;1,47798E-04;1,50992E-04;4,20053E-05;0,00000E+00;2,44692E-04;0,00000E+00
487;4,92981E-02;1,15548E-01;1,77791E-01;2,41944E-01;2,98443E-01;3,56859E-01;4,14164E-01;4,67879E-01;5,17127E-01;5,71068E-01;6,24519E-01;6,77116E-01;7,33439E-01;7,83810E-01;8,36298E-01;8,70818E-01;9,14831E-01;9,63746E-01;1,00801E+00;1,05151E+00;0,00000E+00;1,38087E-05;9,82792E-05;9,51185E-06;9,83476E-05;1,06533E-06;6,16720E-06;1,38340E-06;1,57083E-04;0,00000E+00;1,95873E-05;2,81496E-04;4,01618E-05;0,00000E+00;2,28199E-05;1,23344E-05;0,00000E+00;0,00000E+00;7,55044E-06;1,57006E-06;2,50285E-06;0,00000E+00;0,00000E+00;0,00000E+00;1,32571E-06;0,00000E+00;2,85249E-05;0,00000E+00;3,23681E-06;7,79376E-07;3,94590E-05;2,72563E-06;0,00000E+00;1,23794E-04;7,02292E-06;6,69173E-05;6,16720E-07;1,25510E-04;1,66514E-05;0,00000E+00
488;4,93528E-02;1,16384E-01;1,81370E-01;2,44687E-01;3,05772E-01;3,60327E-01;4,18704E-01;4,73701E-01;5,28186E-01;5,86317E-01;6,33843E-01;6,88993E-01;7,40503E-01;7,89940E-01;8,37210E-01;8,95754E-01;9,46244E-01;9,85311E-01;1,02804E+00;1,08291E+00;0,00000E+00;3,32765E-06;8,13442E-06;0,00000E+00;2,13069E-05;0,00000E+00;3,06580E-05;9,78526E-06;3,19754E-04;0,00000E+00;3,09115E-05;4,01788E-05;0,00000E+00;0,00000E+00;0,00000E+00;3,14083E-05;3,47458E-04;0,00000E+00;0,00000E+00;0,00000E+00;0,00000E+00;2,91680E-05;0,00000E+00;9,00488E-06;4,11679E-05;4,28376E-05;9,54639E-05;0,00000E+00;4,17165E-05;5,51279E-06;0,00000E+00;1,15676E-05;1,37438E-06;1,39375E-04;7,64238E-06;0,00000E+00;1,60770E-04;0,00000E+00;5,10967E-05;0,00000E+00
489;5,05177E-02;1,18366E-01;1,83856E-01;2,49913E-01;3,11297E-01;3,70878E-01;4,34622E-01;4,85840E-01;5,41737E-01;6,01873E-01;6,62356E-01;7,11565E-01;7,68445E-01;8,05066E-01;8,69553E-01;9,13006E-01;9,59798E-01;1,01408E+00;1,06093E+00;1,09952E+00;0,00000E+00;2,18446E-06;3,83515E-05;0,00000E+00;9,59044E-05;0,00000E+00;0,00000E+00;4,40445E-05;0,00000E+00;1,13547E-05;4,96090E-05;1,80849E-04;0,00000E+00;0,00000E+00;0,00000E+00;1,41372E-04;0,00000E+00;0,00000E+00;2,00793E-05;0,00000E+00;0,00000E+00;2,36003E-05;0,00000E+00;0,00000E+00;8,57804E-05;3,09370E-05;1,98082E-05;1,64007E-05;3,10838E-05;2,48136E-05;0,00000E+00;5,20669E-05;1,26452E-05;1,31097E-05;5,95404E-05;0,00000E+00;1,25664E-04;3,69017E-05;4,92022E-05;1,23006E-05
490;5,15305E-02;1,19453E-01;1,85963E-01;2,53715E-01;3,18746E-01;3,79719E-01;4,35813E-01;4,98896E-01;5,51390E-01;6,12848E-01;6,70027E-01;7,27737E-01;7,81600E-01;8,23404E-01;8,78463E-01;9,38467E-01;9,80330E-01;1,02823E+00;1,07987E+00;1,11845E+00;0,00000E+00;0,00000E+00;2,31778E-06;9,54158E-05;3,23021E-05;0,00000E+00;0,00000E+00;0,00000E+00;7,23652E-05;1,51455E-05;6,61710E-05;1,05665E-05;4,52265E-05;0,00000E+00;8,99419E-05;1,54186E-04;0,00000E+00;0,00000E+00;2,67827E-05;0,00000E+00;0,00000E+00;1,40567E-05;0,00000E+00;0,00000E+00;7,30282E-05;8,97394E-05;5,36522E-05;2,18761E-05;4,89540E-05;0,00000E+00;2,22175E-05;0,00000E+00;8,61537E-06;6,97024E-05;3,35347E-05;0,00000E+00;3,85465E-05;4,92213E-05;6,56284E-05;1,64071E-05
491;5,21930E-02;1,20994E-01;1,91547E-01;2,57625E-01;3,21245E-01;3,85426E-01;4,48194E-01;5,10598E-01;5,71554E-01;6,28904E-01;6,88505E-01;7,33333E-01;7,89655E-01;8,45265E-01;8,93529E-01;9,61711E-01;9,98653E-01;1,05279E+00;1,09903E+00;1,14037E+00;0,00000E+00;1,94245E-05;7,39945E-06;4,61816E-05;8,46105E-05;0,00000E+00;5,23792E-05;0,00000E+00;3,50250E-05;0,00000E+00;0,00000E+00;2,92281E-04;2,18898E-05;1,22218E-04;4,35322E-05;7,46267E-05;0,00000E+00;0,00000E+00;0,00000E+00;0,00000E+00;0,00000E+00;4,35556E-05;1,56730E-05;0,00000E+00;1,76099E-05;2,34616E-05;7,13351E-05;0,00000E+00;3,62660E-06;0,00000E+00;7,11343E-05;0,00000E+00;1,37522E-05;5,55937E-05;0,00000E+00;0,00000E+00;1,86567E-05;8,72987E-06;1,65868E-04;0,00000E+00
492;5,23350E-02;1,24182E-01;1,94436E-01;2,58351E-01;3,28895E-01;3,91017E-01;4,61287E-01;5,11397E-01;5,74330E-01;6,41264E-01;6,93132E-01;7,55189E-01;8,02922E-01;8,66939E-01;9,22490E-01;9,65824E-01;1,03349E+00;1,07722E+00;1,14422E+00;1,17056E+00;0,00000E+00;1,71224E-06;6,52250E-07;3,76831E-05;6,13614E-05;9,49617E-06;4,61714E-06;6,16569E-05;0,00000E+00;6,08954E-05;0,00000E+00;2,53133E-05;0,00000E+00;1,07733E-05;0,00000E+00;0,00000E+00;0,00000E+00;3,09854E-04;0,00000E+00;0,00000E+00;2,56065E-05;3,83936E-06;1,38155E-06;0,00000E+00;9,48128E-05;0,00000E+00;4,82110E-05;0,00000E+00;6,41163E-05;0,00000E+00;5,32248E-06;0,00000E+00;8,78117E-05;2,22150E-04;0,00000E+00;1,09947E-05;0,00000E+00;7,69524E-07;1,35562E-04;2,19893E-05
493;5,39164E-02;1,27813E-01;1,99990E-01;2,67542E-01;3,37469E-01;4,02197E-01;4,68228E-01;5,32126E-01;5,92840E-01;6,55730E-01;7,27071E-01;7,70846E-01;8,40257E-01;8,92788E-01;9,50737E-01;9,96895E-01;1,03975E+00;1,10490E+00;1,16738E+00;1,20461E+00;1,27065E-06;1,70217E-05;3,22287E-05;1,00821E-04;6,59387E-05;1,32147E-04;0,00000E+00;8,00806E-05;7,75475E-06;3,12498E-04;9,37091E-06;1,71368E-04;0,00000E+00;0,00000E+00;1,63200E-04;1,85881E-05;0,00000E+00;2,15594E-04;3,49657E-04;3,54916E-05;7,91857E-06;0,00000E+00;4,51911E-06;3,63981E-06;1,62456E-04;0,00000E+00;0,00000E+00;4,07999E-05;0,00000E+00;0,00000E+00;1,28566E-05;6,01060E-05;2,65422E-05;1,19179E-04;0,00000E+00;3,06000E-05;0,00000E+00;0,00000E+00;7,13999E-05;1,02000E-05
494;5,55274E-02;1,28889E-01;2,03737E-01;2,74613E-01;3,46454E-01;4,11355E-01;4,83367E-01;5,46482E-01;6,12663E-01;6,74697E-01;7,38120E-01;7,96528E-01;8,58778E-01;9,24612E-01;9,75855E-01;1,03216E+00;1,09041E+00;1,13869E+00;1,19771E+00;1,23993E+00;0,00000E+00;0,00000E+00;1,81673E-05;8,98133E-06;1,66214E-05;0,00000E+00;7,32777E-05;0,00000E+00;3,93560E-05;2,27157E-04;1,00054E-04;1,03439E-04;0,00000E+00;0,00000E+00;1,54269E-05;9,43363E-05;0,00000E+00;1,81152E-05;0,00000E+00;1,80123E-04;0,00000E+00;0,00000E+00;2,29348E-05;1,84723E-05;2,91756E-05;0,00000E+00;0,00000E+00;1,15702E-05;0,00000E+00;4,87390E-06;6,52485E-05;0,00000E+00;1,23840E-05;0,00000E+00;0,00000E+00;1,54269E-05;5,78508E-05;0,00000E+00;0,00000E+00;2,69970E-05
495;5,57228E-02;1,32383E-01;2,06707E-01;2,79623E-01;3,53410E-01;4,19026E-01;4,92532E-01;5,58084E-01;6,24171E-01;6,90591E-01;7,60223E-01;8,29565E-01;8,73766E-01;9,47461E-01;9,92291E-01;1,05441E+00;1,11086E+00;1,16735E+00;1,22131E+00;1,26851E+00;4,58638E-06;0,00000E+00;1,42970E-05;0,00000E+00;2,37889E-05;0,00000E+00;1,17149E-04;1,03232E-04;0,00000E+00;1,23995E-04;7,51335E-05;0,00000E+00;0,00000E+00;0,00000E+00;2,20792E-05;0,00000E+00;2,82262E-04;2,59268E-05;0,00000E+00;0,00000E+00;1,03935E-05;0,00000E+00;8,26228E-06;0,00000E+00;2,96636E-05;2,57215E-05;4,60209E-05;5,64442E-05;0,00000E+00;6,97562E-06;0,00000E+00;8,13570E-05;0,00000E+00;0,00000E+00;1,61251E-05;4,04876E-05;1,44158E-04;0,00000E+00;0,00000E+00;7,54554E-05
496;5,69421E-02;1,36182E-01;2,11496E-01;2,89308E-01;3,60954E-01;4,35519E-01;5,04605E-01;5,71288E-01;6,40073E-01;7,06818E-01;7,83274E-01;8,41254E-01;8,95458E-01;9,75429E-01;1,02538E+00;1,08449E+00;1,14063E+00;1,20345E+00;1,24917E+00;1,31016E+00;2,39863E-06;0,00000E+00;1,36003E-06;0,00000E+00;1,20800E-05;0,00000E+00;6,41826E-06;5,39894E-05;0,00000E+00;4,38173E-05;0,00000E+00;1,10643E-04;0,00000E+00;0,00000E+00;3,36354E-05;1,51360E-04;1,47620E-04;0,00000E+00;0,00000E+00;2,14075E-05;5,43567E-06;0,00000E+00;4,32109E-06;0,00000E+00;6,92906E-05;1,34521E-05;2,40685E-05;1,04948E-04;0,00000E+00;0,00000E+00;0,00000E+00;4,87428E-05;0,00000E+00;0,00000E+00;8,43324E-06;9,62739E-06;3,20913E-05;8,40886E-06;0,00000E+00;5,28902E-05
497;5,82242E-02;1,36418E-01;2,14714E-01;2,97004E-01;3,67901E-01;4,41773E-01;5,14257E-01;5,90704E-01;6,52803E-01;7,31338E-01;7,97470E-01;8,57421E-01;9,24795E-01;9,79097E-01;1,03340E+00;1,10347E+00;1,15785E+00;1,21693E+00;1,27056E+00;1,32356E+00;9,25655E-06;0,00000E+00;0,00000E+00;0,00000E+00;7,75526E-05;0,00000E+00;0,00000E+00;1,19057E-05;0,00000E+00;3,77447E-06;0,00000E+00;2,21465E-04;3,73641E-05;8,49212E-05;3,63456E-06;3,13580E-04;0,00000E+00;2,74229E-04;1,03968E-04;1,37435E-04;0,00000E+00;0,00000E+00;2,85866E-05;0,00000E+00;1,50935E-05;5,78458E-05;0,00000E+00;9,08641E-06;0,00000E+00;0,00000E+00;0,00000E+00;2,41265E-05;0,00000E+00;1,59466E-04;0,00000E+00;1,06152E-05;1,06152E-04;9,08641E-07;0,00000E+00;6,73255E-05
498;5,95778E-02;1,42372E-01;2,22626E-01;3,00219E-01;3,76584E-01;4,50909E-01;5,30025E-01;5,98634E-01;6,70534E-01;7,47230E-01;8,13733E-01;8,84925E-01;9,48483E-01;9,88520E-01;1,06745E+00;1,13069E+00;1,18365E+00;1,24960E+00;1,30910E+00;1,34422E+00;0,00000E+00;0,00000E+00;8,57301E-05;0,00000E+00;0,00000E+00;0,00000E+00;0,00000E+00;1,83097E-05;1,64565E-04;1,50696E-05;3,05942E-05;3,50612E-04;0,00000E+00;0,00000E+00;0,00000E+00;0,00000E+00;2,17666E-05;0,00000E+00;1,73362E-04;1,03901E-05;3,07238E-06;0,00000E+00;0,00000E+00;0,00000E+00;5,56691E-05;0,00000E+00;0,00000E+00;9,10299E-05;0,00000E+00;5,75192E-05;1,32919E-04;0,00000E+00;1,48757E-04;1,02184E-05;1,43000E-05;9,64716E-05;0,00000E+00;0,00000E+00;0,00000E+00;1,85549E-04
499;6,04720E-02;1,44209E-01;2,28907E-01;3,11436E-01;3,89244E-01;4,64172E-01;5,42739E-01;6,17405E-01;6,85811E-01;7,63601E-01;8,28635E-01;9,04131E-01;9,66551E-01;1,03513E+00;1,08741E+00;1,15567E+00;1,21240E+00;1,27442E+00;1,34133E+00;1,39259E+00;5,86211E-06;0,00000E+00;0,00000E+00;0,00000E+00;3,38008E-05;0,00000E+00;0,00000E+00;1,05457E-04;1,35913E-05;8,67958E-05;0,00000E+00;1,32867E-04;0,00000E+00;0,00000E+00;0,00000E+00;4,34377E-05;1,32607E-04;0,00000E+00;0,00000E+00;5,98434E-05;1,76958E-05;0,00000E+00;1,94963E-05;0,00000E+00;7,79615E-05;0,00000E+00;0,00000E+00;2,17188E-05;0,00000E+00;0,00000E+00;0,00000E+00;0,00000E+00;3,08581E-05;5,88545E-05;1,04559E-04;3,13420E-05;2,17188E-05;7,23961E-06;5,79169E-05;1,07313E-04
500;6,16136E-02;1,47183E-01;2,32614E-01;3,13917E-01;3,93808E-01;4,71070E-01;5,52263E-01;6,23473E-01;6,95890E-01;7,79135E-01;8,40615E-01;9,29013E-01;9,82426E-01;1,05044E+00;1,10059E+00;1,17895E+00;1,24358E+00;1,30391E+00;1,35774E+00;1,43219E+00;8,96350E-06;0,00000E+00;0,00000E+00;0,00000E+00;1,10423E-04;0,00000E+00;5,84124E-06;1,24477E-04;8,65781E-05;2,42644E-05;0,00000E+00;1,99234E-04;0,00000E+00;0,00000E+00;1,16825E-05;6,64187E-05;1,10698E-05;1,50901E-04;0,00000E+00;1,78449E-04;0,00000E+00;2,64941E-06;5,73392E-05;0,00000E+00;1,18979E-05;9,79417E-06;0,00000E+00;4,48919E-05;1,36255E-05;0,00000E+00;0,00000E+00;0,00000E+00;0,00000E+00;8,28753E-05;3,39386E-05;0,00000E+00;3,32094E-05;1,10698E-05;1,17765E-04;4,42792E-05
501;6,26780E-02;1,50170E-01;2,34614E-01;3,22163E-01;4,01747E-01;4,82655E-01;5,60588E-01;6,38835E-01;7,10256E-01;7,86343E-01;8,57674E-01;9,39816E-01;1,00358E+00;1,06679E+00;1,13587E+00;1,19890E+00;1,26488E+00;1,33544E+00;1,38123E+00;1,46129E+00;0,00000E+00;2,23860E-05;0,00000E+00;7,81603E-05;1,36967E-04;3,47585E-05;3,27205E-06;1,60000E-04;1,67811E-04;1,35920E-05;9,73826E-05;9,93445E-05;0,00000E+00;0,00000E+00;6,54410E-06;0,00000E+00;0,00000E+00;8,45292E-05;0,00000E+00;9,99608E-05;7,38452E-06;1,48410E-06;2,26454E-05;0,00000E+00;0,00000E+00;5,48633E-06;0,00000E+00;6,54410E-06;7,63249E-06;0,00000E+00;0,00000E+00;1,12643E-04;3,16977E-05;8,67275E-05;0,00000E+00;0,00000E+00;8,04867E-06;0,00000E+00;1,63602E-05;1,60973E-04
502;6,43921E-02;1,51038E-01;2,41198E-01;3,26770E-01;4,08831E-01;4,90975E-01;5,67029E-01;6,58093E-01;7,24966E-01;8,02445E-01;8,86036E-01;9,58991E-01;1,01482E+00;1,10223E+00;1,16205E+00;1,21982E+00;1,28804E+00;1,35976E+00;1,41208E+00;1,48284E+00;0,00000E+00;2,87557E-06;0,00000E+00;4,52257E-05;1,33672E-05;1,33317E-05;0,00000E+00;1,15958E-05;5,53674E-05;0,00000E+00;2,80355E-05;1,70046E-06;1,80676E-05;1,23192E-04;0,00000E+00;1,64256E-04;0,00000E+00;1,20550E-04;3,26783E-04;0,00000E+00;9,48569E-07;0,00000E+00;3,54861E-05;0,00000E+00;0,00000E+00;0,00000E+00;0,00000E+00;0,00000E+00;0,00000E+00;0,00000E+00;0,00000E+00;1,44695E-05;1,57706E-04;5,17718E-06;0,00000E+00;1,74522E-04;1,03388E-06;0,00000E+00;0,00000E+00;2,06776E-05
503;6,54962E-02;1,57058E-01;2,41734E-01;3,32571E-01;4,14957E-01;4,96195E-01;5,85299E-01;6,64942E-01;7,44233E-01;8,16200E-01;9,02864E-01;9,72287E-01;1,05138E+00;1,10466E+00;1,17420E+00;1,24658E+00;1,30408E+00;1,38291E+00;1,45581E+00;1,49763E+00;0,00000E+00;0,00000E+00;0,00000E+00;2,56913E-05;6,46103E-05;5,20871E-05;8,22849E-05;0,00000E+00;8,95674E-06;5,66157E-05;1,98429E-05;1,51031E-04;0,00000E+00;0,00000E+00;0,00000E+00;2,38548E-05;8,04086E-05;0,00000E+00;1,99807E-04;1,82154E-04;0,00000E+00;7,59810E-06;5,35341E-07;0,00000E+00;2,56393E-06;4,21323E-06;0,00000E+00;2,51277E-05;1,04333E-05;0,00000E+00;0,00000E+00;2,22107E-05;0,00000E+00;5,09014E-05;5,22398E-06;0,00000E+00;7,03575E-05;0,00000E+00;1,31201E-05;7,15643E-06
504;6,60753E-02;1,57379E-01;2,47429E-01;3,39952E-01;4,21096E-01;5,09082E-01;5,92857E-01;6,69633E-01;7,49694E-01;8,33841E-01;9,12700E-01;9,91316E-01;1,06959E+00;1,13459E+00;1,19222E+00;1,26391E+00;1,34224E+00;1,39166E+00;1,46816E+00;1,51883E+00;0,00000E+00;9,46336E-06;0,00000E+00;1,78252E-05;5,94917E-05;5,87745E-06;7,80120E-05;0,00000E+00;5,85823E-05;1,20774E-04;1,29784E-04;2,53341E-04;1,19763E-05;0,00000E+00;3,40246E-05;2,30878E-04;0,00000E+00;1,59815E-05;1,91019E-05;1,98605E-05;0,00000E+00;0,00000E+00;3,50144E-06;0,00000E+00;2,16455E-05;1,85412E-05;0,00000E+00;0,00000E+00;7,02242E-05;0,00000E+00;0,00000E+00;0,00000E+00;0,00000E+00;8,98330E-05;3,41679E-05;5,44393E-05;4,08295E-05;1,36098E-05;9,26182E-05;1,08051E-04
505;6,70073E-02;1,58567E-01;2,50188E-01;3,43813E-01;4,31232E-01;5,14123E-01;5,98776E-01;6,83493E-01;7,63289E-01;8,44505E-01;9,20966E-01;1,00648E+00;1,07636E+00;1,14793E+00;1,21778E+00;1,29201E+00;1,35004E+00;1,42492E+00;1,49644E+00;1,54855E+00;0,00000E+00;1,54802E-05;7,11432E-06;3,19642E-06;2,39869E-05;9,61436E-06;0,00000E+00;1,75727E-04;0,00000E+00;3,85333E-05;0,00000E+00;5,50236E-05;1,95908E-05;2,23826E-05;5,56576E-05;2,56742E-04;0,00000E+00;5,24256E-05;0,00000E+00;0,00000E+00;0,00000E+00;0,00000E+00;0,00000E+00;0,00000E+00;9,21755E-05;3,03298E-05;1,67870E-05;5,59565E-06;3,24572E-06;0,00000E+00;0,00000E+00;0,00000E+00;0,00000E+00;7,44463E-05;0,00000E+00;8,90521E-05;6,67891E-05;2,22630E-05;1,11315E-05;1,33757E-04
506;6,80057E-02;1,60588E-01;2,52845E-01;3,48585E-01;4,37996E-01;5,20809E-01;6,05919E-01;6,90717E-01;7,73716E-01;8,60929E-01;9,29402E-01;1,01343E+00;1,08823E+00;1,16093E+00;1,22751E+00;1,29619E+00;1,37254E+00;1,44246E+00;1,50771E+00;1,57907E+00;0,00000E+00;0,00000E+00;4,25499E-06;5,07524E-05;0,00000E+00;0,00000E+00;5,44094E-05;1,74843E-04;1,94562E-05;0,00000E+00;2,35111E-05;7,49297E-05;0,00000E+00;1,33868E-05;1,86546E-04;3,29049E-04;0,00000E+00;7,04831E-05;0,00000E+00;0,00000E+00;0,00000E+00;0,00000E+00;2,26764E-05;0,00000E+00;5,87129E-05;0,00000E+00;1,00401E-05;3,34669E-06;0,00000E+00;0,00000E+00;0,00000E+00;0,00000E+00;1,22444E-05;1,39655E-05;9,53213E-05;1,55455E-05;0,00000E+00;0,00000E+00;8,55005E-05;2,00802E-05
507;6,90231E-02;1,63957E-01;2,57947E-01;3,54012E-01;4,43037E-01;5,25532E-01;6,14066E-01;7,04862E-01;7,83613E-01;8,61016E-01;9,56888E-01;1,03295E+00;1,09689E+00;1,17842E+00;1,25587E+00;1,32657E+00;1,39024E+00;1,46050E+00;1,53137E+00;1,59838E+00;0,00000E+00;1,93635E-05;3,37197E-05;7,19576E-06;1,28589E-04;0,00000E+00;5,77444E-05;1,02752E-05;2,86651E-06;0,00000E+00;3,46392E-06;5,84914E-05;0,00000E+00;0,00000E+00;6,72667E-05;3,66455E-05;0,00000E+00;1,71571E-04;0,00000E+00;0,00000E+00;0,00000E+00;0,00000E+00;3,34094E-06;0,00000E+00;4,79405E-06;0,00000E+00;0,00000E+00;0,00000E+00;0,00000E+00;0,00000E+00;8,25478E-05;0,00000E+00;1,80399E-06;8,30048E-06;5,76039E-05;4,20729E-05;9,94563E-06;0,00000E+00;1,25969E-05;0,00000E+00
508;6,93555E-02;1,64959E-01;2,58495E-01;3,53591E-01;4,46438E-01;5,38143E-01;6,23365E-01;7,14624E-01;7,97377E-01;8,74724E-01;9,60930E-01;1,03417E+00;1,11141E+00;1,16657E+00;1,25904E+00;1,33632E+00;1,41431E+00;1,47876E+00;1,54208E+00;1,61088E+00;0,00000E+00;0,00000E+00;0,00000E+00;4,57623E-05;1,35133E-05;5,18947E-05;0,00000E+00;0,00000E+00;1,58246E-04;0,00000E+00;7,00648E-05;3,95287E-04;0,00000E+00;0,00000E+00;0,00000E+00;4,59879E-05;0,00000E+00;9,40718E-05;1,15994E-04;1,06434E-05;0,00000E+00;0,00000E+00;1,62002E-05;1,47065E-05;2,51138E-05;0,00000E+00;4,70331E-06;5,50767E-05;0,00000E+00;2,53101E-05;3,61454E-06;0,00000E+00;0,00000E+00;9,59521E-06;4,38592E-05;0,00000E+00;1,00139E-05;0,00000E+00;0,00000E+00;5,22590E-06
509;7,02765E-02;1,67905E-01;2,62986E-01;3,58208E-01;4,54742E-01;5,45126E-01;6,25601E-01;7,18411E-01;8,07446E-01;8,91065E-01;9,71794E-01;1,04635E+00;1,12360E+00;1,19750E+00;1,27470E+00;1,35300E+00;1,42029E+00;1,50678E+00;1,57384E+00;1,63830E+00;0,00000E+00;8,93917E-07;0,00000E+00;1,10156E-05;1,07528E-04;0,00000E+00;0,00000E+00;3,96522E-05;5,84308E-05;6,23039E-05;7,06083E-05;0,00000E+00;4,52515E-05;3,21399E-05;0,00000E+00;3,42366E-04;0,00000E+00;0,00000E+00;2,82892E-04;7,92366E-05;0,00000E+00;0,00000E+00;3,49239E-06;0,00000E+00;0,00000E+00;0,00000E+00;3,50147E-05;1,60699E-06;0,00000E+00;0,00000E+00;2,69091E-05;0,00000E+00;3,29095E-05;7,14333E-05;0,00000E+00;9,64197E-06;0,00000E+00;0,00000E+00;0,00000E+00;3,89052E-05
510;7,12896E-02;1,69345E-01;2,66719E-01;3,63114E-01;4,55491E-01;5,47590E-01;6,34884E-01;7,26217E-01;8,12357E-01;8,98389E-01;9,80981E-01;1,06712E+00;1,12936E+00;1,21136E+00;1,29005E+00;1,36259E+00;1,42717E+00;1,51252E+00;1,59275E+00;1,65190E+00;0,00000E+00;1,55366E-06;0,00000E+00;8,35676E-05;2,74669E-05;7,42145E-05;0,00000E+00;1,47219E-04;1,14263E-04;1,08286E-04;0,00000E+00;6,18297E-05;7,86488E-05;5,58603E-05;0,00000E+00;0,00000E+00;0,00000E+00;0,00000E+00;6,41221E-04;0,00000E+00;5,68523E-06;0,00000E+00;1,20519E-06;0,00000E+00;0,00000E+00;0,00000E+00;0,00000E+00;3,50151E-05;9,39529E-06;3,39337E-06;2,60011E-05;0,00000E+00;9,94974E-05;8,96403E-06;0,00000E+00;5,97209E-05;0,00000E+00;3,22221E-05;6,44442E-05;0,00000E+00
511;7,17587E-02;1,70871E-01;2,69244E-01;3,68218E-01;4,59402E-01;5,51397E-01;6,43476E-01;7,33082E-01;8,16962E-01;9,10018E-01;9,82189E-01;1,07749E+00;1,14684E+00;1,22684E+00;1,30125E+00;1,38741E+00;1,43872E+00;1,53069E+00;1,61036E+00;1,66318E+00;1,03001E-05;6,27188E-06;3,18556E-06;7,95262E-05;3,67874E-05;4,70968E-05;7,51664E-06;4,96910E-05;7,25115E-05;0,00000E+00;0,00000E+00;1,87592E-04;0,00000E+00;0,00000E+00;0,00000E+00;0,00000E+00;0,00000E+00;0,00000E+00;3,52432E-04;0,00000E+00;1,36872E-05;0,00000E+00;5,81180E-05;2,20779E-05;4,84736E-05;0,00000E+00;0,00000E+00;3,17232E-05;5,96228E-06;2,15344E-06;2,16994E-05;0,00000E+00;3,27639E-05;5,68860E-06;9,21802E-05;2,72643E-05;0,00000E+00;2,04483E-05;4,08965E-05;0,00000E+00
512;7,23188E-02;1,71839E-01;2,71544E-01;3,70019E-01;4,69231E-01;5,59311E-01;6,49015E-01;7,38856E-01;8,25231E-01;9,16175E-01;1,02014E+00;1,08936E+00;1,16450E+00;1,24017E+00;1,31192E+00;1,40350E+00;1,46577E+00;1,55490E+00;1,61888E+00;1,68456E+00;1,70014E-06;1,03524E-06;3,32078E-05;6,37855E-06;4,45589E-06;0,00000E+00;1,24070E-06;0,00000E+00;0,00000E+00;0,00000E+00;2,91578E-05;1,98887E-04;0,00000E+00;0,00000E+00;5,78373E-05;1,34954E-04;3,47024E-04;4,52774E-05;1,82277E-05;0,00000E+00;3,02433E-06;0,00000E+00;1,59566E-05;3,64418E-06;8,00107E-06;4,04073E-06;0,00000E+00;1,86105E-06;0,00000E+00;0,00000E+00;6,08637E-05;0,00000E+00;3,89402E-05;8,04503E-06;1,84093E-04;0,00000E+00;0,00000E+00;0,00000E+00;7,71165E-05;0,00000E+00
513;7,29105E-02;1,75573E-01;2,74442E-01;3,73314E-01;4,72507E-01;5,61521E-01;6,55171E-01;7,41738E-01;8,32082E-01;9,22946E-01;1,02449E+00;1,08666E+00;1,17160E+00;1,25516E+00;1,33217E+00;1,41543E+00;1,50176E+00;1,55287E+00;1,62422E+00;1,70262E+00;0,00000E+00;2,76473E-06;0,00000E+00;5,67823E-06;0,00000E+00;8,58551E-05;0,00000E+00;2,22977E-05;1,24409E-04;0,00000E+00;2,75506E-06;1,19845E-05;8,74719E-05;0,00000E+00;1,59045E-04;0,00000E+00;0,00000E+00;1,25281E-04;6,65211E-05;2,31880E-06;0,00000E+00;0,00000E+00;6,02308E-05;0,00000E+00;1,23155E-05;1,66672E-05;0,00000E+00;9,94031E-06;0,00000E+00;5,65290E-05;7,56283E-05;0,00000E+00;0,00000E+00;9,81635E-06;0,00000E+00;6,37577E-06;1,29224E-04;3,97612E-05;1,98806E-05;5,46494E-06
514;7,35409E-02;1,74459E-01;2,74572E-01;3,77976E-01;4,72387E-01;5,66714E-01;6,61403E-01;7,53056E-01;8,43997E-01;9,30495E-01;1,02413E+00;1,10045E+00;1,17833E+00;1,25997E+00;1,34064E+00;1,41296E+00;1,50537E+00;1,56390E+00;1,63423E+00;1,71753E+00;0,00000E+00;0,00000E+00;0,00000E+00;0,00000E+00;4,37671E-06;1,31570E-05;0,00000E+00;1,70852E-05;0,00000E+00;0,00000E+00;2,34687E-05;1,02089E-04;0,00000E+00;0,00000E+00;3,04663E-05;1,21865E-05;0,00000E+00;7,28864E-05;1,51984E-04;8,95581E-05;0,00000E+00;0,00000E+00;0,00000E+00;0,00000E+00;1,38986E-05;1,40480E-05;0,00000E+00;0,00000E+00;0,00000E+00;0,00000E+00;2,10723E-05;0,00000E+00;0,00000E+00;1,29507E-05;8,00621E-06;9,08709E-05;0,00000E+00;0,00000E+00;0,00000E+00;4,65526E-05
515;7,42529E-02;1,75287E-01;2,76223E-01;3,79573E-01;4,76828E-01;5,72764E-01;6,63901E-01;7,57494E-01;8,51058E-01;9,29794E-01;1,03388E+00;1,10888E+00;1,18649E+00;1,26915E+00;1,35339E+00;1,42751E+00;1,49474E+00;1,58695E+00;1,65054E+00;1,72206E+00;0,00000E+00;4,30528E-06;0,00000E+00;0,00000E+00;1,91481E-05;2,41379E-05;0,00000E+00;3,13447E-05;0,00000E+00;0,00000E+00;0,00000E+00;0,00000E+00;0,00000E+00;0,00000E+00;1,28130E-04;2,23575E-05;0,00000E+00;7,27064E-05;0,00000E+00;1,28066E-04;0,00000E+00;0,00000E+00;0,00000E+00;0,00000E+00;0,00000E+00;2,57726E-05;0,00000E+00;2,57986E-05;0,00000E+00;0,00000E+00;3,86594E-05;0,00000E+00;1,62562E-05;0,00000E+00;4,18067E-05;6,70726E-05;3,09584E-05;0,00000E+00;0,00000E+00;0,00000E+00
516;7,43148E-02;1,77612E-01;2,78513E-01;3,79648E-01;4,80390E-01;5,77575E-01;6,62699E-01;7,60914E-01;8,52002E-01;9,36165E-01;1,03821E+00;1,11809E+00;1,19186E+00;1,27977E+00;1,35981E+00;1,44190E+00;1,50707E+00;1,59240E+00;1,67820E+00;1,73453E+00;0,00000E+00;2,87484E-06;0,00000E+00;4,56096E-05;7,42438E-06;0,00000E+00;0,00000E+00;0,00000E+00;0,00000E+00;0,00000E+00;1,31734E-04;0,00000E+00;1,02197E-04;0,00000E+00;4,82357E-05;0,00000E+00;1,30654E-04;4,85496E-05;0,00000E+00;0,00000E+00;0,00000E+00;0,00000E+00;0,00000E+00;1,27919E-05;0,00000E+00;0,00000E+00;2,54049E-05;1,72270E-05;0,00000E+00;0,00000E+00;0,00000E+00;5,34661E-06;1,08551E-05;0,00000E+00;1,57989E-04;1,45171E-05;2,06724E-05;4,35513E-05;1,66947E-04;4,35513E-05
517;7,52994E-02;1,77681E-01;2,79335E-01;3,79210E-01;4,78873E-01;5,77905E-01;6,71492E-01;7,65568E-01;8,48525E-01;9,49196E-01;1,02811E+00;1,12458E+00;1,19308E+00;1,27541E+00;1,37560E+00;1,45033E+00;1,52115E+00;1,58122E+00;1,67593E+00;1,75808E+00;0,00000E+00;1,56052E-05;0,00000E+00;8,29692E-06;0,00000E+00;1,04996E-04;1,12214E-04;5,24402E-05;0,00000E+00;0,00000E+00;2,39640E-05;4,61405E-05;1,85909E-05;0,00000E+00;2,43130E-04;0,00000E+00;2,37675E-05;0,00000E+00;3,66352E-04;2,38064E-04;0,00000E+00;0,00000E+00;2,09855E-06;2,32700E-06;0,00000E+00;0,00000E+00;8,41062E-05;0,00000E+00;0,00000E+00;0,00000E+00;0,00000E+00;9,72611E-07;0,00000E+00;0,00000E+00;2,54460E-05;2,13431E-05;1,58969E-04;7,92250E-06;1,14530E-04;1,72736E-05
518;7,46503E-02;1,79033E-01;2,80502E-01;3,82363E-01;4,82073E-01;5,78650E-01;6,78188E-01;7,70347E-01;8,57518E-01;9,54465E-01;1,04983E+00;1,13747E+00;1,20424E+00;1,30453E+00;1,37778E+00;1,45459E+00;1,52182E+00;1,62008E+00;1,68411E+00;1,76034E+00;0,00000E+00;0,00000E+00;7,94159E-05;8,61226E-06;2,10080E-05;1,28462E-04;0,00000E+00;0,00000E+00;1,23437E-05;0,00000E+00;0,00000E+00;1,13550E-04;0,00000E+00;0,00000E+00;0,00000E+00;3,65013E-05;2,95879E-04;0,00000E+00;0,00000E+00;0,00000E+00;2,99306E-05;0,00000E+00;2,21334E-05;1,63148E-06;6,00690E-05;2,89396E-05;1,28214E-04;7,93507E-06;0,00000E+00;0,00000E+00;6,82157E-06;0,00000E+00;0,00000E+00;4,93872E-05;0,00000E+00;4,06970E-05;9,86262E-05;0,00000E+00;0,00000E+00;1,19026E-05
519;7,50619E-02;1,80103E-01;2,83657E-01;3,86858E-01;4,84820E-01;5,84620E-01;6,75426E-01;7,74455E-01;8,64827E-01;9,52488E-01;1,04962E+00;1,13828E+00;1,20101E+00;1,31478E+00;1,37190E+00;1,45310E+00;1,53819E+00;1,61825E+00;1,69332E+00;1,76439E+00;0,00000E+00;0,00000E+00;0,00000E+00;8,37426E-05;6,65058E-05;2,41563E-05;0,00000E+00;0,00000E+00;0,00000E+00;0,00000E+00;0,00000E+00;0,00000E+00;2,03675E-05;0,00000E+00;0,00000E+00;3,66499E-04;0,00000E+00;0,00000E+00;0,00000E+00;0,00000E+00;0,00000E+00;0,00000E+00;6,49282E-07;1,58640E-05;7,25581E-06;0,00000E+00;0,00000E+00;1,03197E-04;0,00000E+00;0,00000E+00;0,00000E+00;1,06556E-05;0,00000E+00;1,93170E-05;0,00000E+00;1,08021E-04;0,00000E+00;3,47184E-05;0,00000E+00;1,41776E-04
520;7,58391E-02;1,79625E-01;2,85208E-01;3,87934E-01;4,89685E-01;5,88525E-01;6,82494E-01;7,74735E-01;8,66423E-01;9,61513E-01;1,05426E+00;1,14179E+00;1,21087E+00;1,31478E+00;1,39506E+00;1,45726E+00;1,53783E+00;1,62681E+00;1,68607E+00;1,77890E+00;0,00000E+00;9,71362E-06;0,00000E+00;0,00000E+00;0,00000E+00;5,54239E-05;0,00000E+00;7,27451E-05;6,24430E-06;0,00000E+00;0,00000E+00;0,00000E+00;2,23841E-04;0,00000E+00;9,97839E-06;2,24136E-05;0,00000E+00;0,00000E+00;0,00000E+00;0,00000E+00;6,69019E-06;5,28021E-06;1,25750E-06;0,00000E+00;4,44397E-05;8,36552E-06;3,24298E-05;5,04307E-05;0,00000E+00;0,00000E+00;0,00000E+00;2,06372E-05;1,57189E-05;3,74122E-05;3,93332E-05;1,39697E-04;2,49460E-05;6,72409E-05;0,00000E+00;1,25269E-04
521;7,56674E-02;1,81681E-01;2,84320E-01;3,90031E-01;4,92585E-01;5,93903E-01;6,84711E-01;7,76284E-01;8,70780E-01;9,63824E-01;1,06362E+00;1,14918E+00;1,22310E+00;1,31908E+00;1,40270E+00;1,46668E+00;1,56335E+00;1,63776E+00;1,70322E+00;1,78183E+00;5,29292E-06;6,81059E-06;0,00000E+00;0,00000E+00;0,00000E+00;5,79205E-05;0,00000E+00;9,86584E-05;5,75551E-05;0,00000E+00;0,00000E+00;0,00000E+00;1,29286E-04;0,00000E+00;6,99622E-06;1,69954E-04;1,27465E-04;0,00000E+00;0,00000E+00;0,00000E+00;4,69075E-06;3,70215E-06;3,33728E-05;0,00000E+00;2,13055E-05;5,86538E-06;4,39819E-05;0,00000E+00;3,71662E-05;0,00000E+00;0,00000E+00;5,21611E-05;1,10211E-05;0,00000E+00;2,75780E-05;1,33354E-04;1,30793E-04;0,00000E+00;0,00000E+00;5,24717E-05
522;7,65176E-02;1,82969E-01;2,88267E-01;3,91439E-01;4,95926E-01;5,89386E-01;6,87391E-01;7,85020E-01;8,82768E-01;9,63983E-01;1,05413E+00;1,15324E+00;1,23028E+00;1,32653E+00;1,40608E+00;1,47753E+00;1,57394E+00;1,64518E+00;1,71121E+00;1,79793E+00;1,04387E-06;5,09707E-06;2,71830E-05;0,00000E+00;0,00000E+00;4,01003E-05;0,00000E+00;4,02294E-05;1,04876E-05;1,39564E-04;1,94014E-04;0,00000E+00;1,45137E-04;0,00000E+00;0,00000E+00;3,35182E-05;2,51387E-05;0,00000E+00;2,24363E-05;2,33274E-05;0,00000E+00;0,00000E+00;6,58179E-06;5,38272E-06;0,00000E+00;5,37735E-05;5,00048E-05;1,83260E-05;7,32992E-06;0,00000E+00;0,00000E+00;5,75331E-05;0,00000E+00;3,82365E-05;3,21058E-05;6,98297E-06;2,23455E-05;0,00000E+00;2,74890E-05;0,00000E+00
523;7,66471E-02;1,83786E-01;2,87934E-01;3,92922E-01;4,90569E-01;5,96991E-01;6,83028E-01;7,80121E-01;8,79933E-01;9,66469E-01;1,05858E+00;1,15516E+00;1,23419E+00;1,33263E+00;1,40205E+00;1,48898E+00;1,57289E+00;1,63403E+00;1,72927E+00;1,79029E+00;0,00000E+00;0,00000E+00;4,98597E-05;0,00000E+00;0,00000E+00;0,00000E+00;9,80408E-05;1,09961E-04;1,73936E-05;1,22178E-04;0,00000E+00;4,83754E-05;0,00000E+00;0,00000E+00;0,00000E+00;1,37257E-04;0,00000E+00;6,52771E-06;4,80122E-05;9,98379E-05;0,00000E+00;0,00000E+00;0,00000E+00;0,00000E+00;0,00000E+00;0,00000E+00;0,00000E+00;3,47437E-06;1,02912E-04;2,47797E-05;9,61232E-07;0,00000E+00;0,00000E+00;0,00000E+00;3,43521E-05;1,48375E-04;4,16925E-06;0,00000E+00;3,92163E-05;0,00000E+00
524;7,68384E-02;1,82659E-01;2,88902E-01;3,92936E-01;4,95898E-01;5,91141E-01;6,89228E-01;7,84436E-01;8,78124E-01;9,73032E-01;1,07132E+00;1,15723E+00;1,24264E+00;1,32589E+00;1,41440E+00;1,49278E+00;1,56933E+00;1,65585E+00;1,72765E+00;1,80110E+00;0,00000E+00;0,00000E+00;3,28518E-05;0,00000E+00;0,00000E+00;0,00000E+00;0,00000E+00;3,10506E-05;1,92518E-04;3,83338E-06;6,28056E-05;0,00000E+00;0,00000E+00;0,00000E+00;0,00000E+00;0,00000E+00;0,00000E+00;8,52543E-05;0,00000E+00;0,00000E+00;3,12618E-06;0,00000E+00;0,00000E+00;0,00000E+00;1,28941E-05;0,00000E+00;0,00000E+00;3,84554E-05;0,00000E+00;0,00000E+00;3,17024E-05;0,00000E+00;0,00000E+00;2,07947E-05;2,42508E-06;1,39668E-04;5,99889E-05;0,00000E+00;0,00000E+00;0,00000E+00
525;7,68486E-02;1,83202E-01;2,87860E-01;3,94159E-01;4,96888E-01;5,95918E-01;6,94857E-01;7,91528E-01;8,79147E-01;9,71732E-01;1,07645E+00;1,17100E+00;1,24374E+00;1,33295E+00;1,42185E+00;1,49613E+00;1,57040E+00;1,65994E+00;1,74023E+00;1,81249E+00;0,00000E+00;1,07583E-05;6,64827E-05;0,00000E+00;0,00000E+00;0,00000E+00;0,00000E+00;8,99520E-05;6,65653E-05;7,75767E-06;1,27101E-04;0,00000E+00;0,00000E+00;0,00000E+00;0,00000E+00;0,00000E+00;0,00000E+00;2,63156E-05;0,00000E+00;3,69277E-05;6,32650E-06;1,46203E-06;0,00000E+00;0,00000E+00;2,60940E-05;0,00000E+00;0,00000E+00;0,00000E+00;2,53765E-05;0,00000E+00;8,61007E-05;0,00000E+00;1,14250E-05;4,20826E-05;3,45550E-05;3,36156E-05;2,80130E-05;2,90104E-05;1,45052E-05;0,00000E+00
526;7,71631E-02;1,84069E-01;2,91871E-01;3,96205E-01;4,99730E-01;5,98730E-01;6,93149E-01;7,92541E-01;8,86853E-01;9,89014E-01;1,08917E+00;1,16842E+00;1,24709E+00;1,34411E+00;1,42057E+00;1,51560E+00;1,58356E+00;1,66504E+00;1,75144E+00;1,81869E+00;0,00000E+00;7,83964E-06;0,00000E+00;2,36339E-05;0,00000E+00;0,00000E+00;0,00000E+00;1,97585E-05;4,85064E-05;0,00000E+00;0,00000E+00;5,67072E-05;2,06310E-04;0,00000E+00;0,00000E+00;9,65383E-05;0,00000E+00;2,91500E-04;0,00000E+00;2,69093E-05;0,00000E+00;1,06538E-06;7,73743E-06;1,82284E-05;1,23524E-05;0,00000E+00;0,00000E+00;3,44780E-06;1,84919E-05;0,00000E+00;3,16802E-05;0,00000E+00;2,46194E-05;9,78344E-05;2,16042E-05;0,00000E+00;0,00000E+00;2,11400E-05;1,05700E-05;0,00000E+00
527;7,72002E-02;1,84246E-01;2,92302E-01;3,97483E-01;4,99878E-01;5,97451E-01;6,97159E-01;7,95263E-01;8,85237E-01;9,82217E-01;1,09374E+00;1,17481E+00;1,26328E+00;1,33755E+00;1,43005E+00;1,51956E+00;1,57738E+00;1,65268E+00;1,75165E+00;1,81827E+00;0,00000E+00;1,48768E-05;0,00000E+00;4,95380E-06;6,40329E-06;0,00000E+00;1,15891E-04;0,00000E+00;0,00000E+00;2,22188E-04;0,00000E+00;1,18861E-05;4,32436E-05;0,00000E+00;1,24805E-04;1,62869E-04;5,34879E-05;6,11000E-05;0,00000E+00;0,00000E+00;1,06957E-05;0,00000E+00;1,62181E-06;1,69128E-05;2,58913E-06;6,35266E-05;4,45733E-06;7,22677E-07;0,00000E+00;0,00000E+00;6,78249E-05;0,00000E+00;5,25667E-05;2,05066E-05;0,00000E+00;0,00000E+00;0,00000E+00;0,00000E+00;8,91466E-05;0,00000E+00
528;7,80613E-02;1,83996E-01;2,94205E-01;4,00652E-01;5,01082E-01;5,97484E-01;6,96228E-01;7,95192E-01;8,91068E-01;9,87703E-01;1,08388E+00;1,18089E+00;1,26148E+00;1,33274E+00;1,42648E+00;1,51857E+00;1,59751E+00;1,68963E+00;1,76074E+00;1,83377E+00;0,00000E+00;1,08617E-05;3,37306E-06;0,00000E+00;4,39761E-06;1,00470E-05;6,20549E-05;0,00000E+00;1,60913E-05;0,00000E+00;0,00000E+00;4,02787E-06;0,00000E+00;9,79577E-06;5,83815E-05;2,45771E-04;0,00000E+00;1,14258E-04;0,00000E+00;1,98172E-04;0,00000E+00;0,00000E+00;0,00000E+00;2,12646E-05;0,00000E+00;3,74786E-05;5,81624E-06;1,03425E-05;0,00000E+00;0,00000E+00;0,00000E+00;0,00000E+00;5,30450E-06;7,36521E-05;1,78990E-04;5,04879E-05;1,16325E-05;7,34683E-06;0,00000E+00;0,00000E+00
529;7,75994E-02;1,86973E-01;2,93490E-01;3,99872E-01;5,02389E-01;6,06900E-01;7,08633E-01;7,99906E-01;8,94544E-01;9,91708E-01;1,08087E+00;1,17868E+00;1,25852E+00;1,35048E+00;1,42786E+00;1,51990E+00;1,59914E+00;1,67797E+00;1,74697E+00;1,82780E+00;2,97781E-06;6,79981E-05;4,20920E-05;4,39988E-05;5,48773E-05;1,25376E-04;4,84961E-05;0,00000E+00;2,00801E-04;0,00000E+00;0,00000E+00;5,02633E-05;1,86977E-05;1,22240E-04;0,00000E+00;1,52800E-04;0,00000E+00;0,00000E+00;0,00000E+00;0,00000E+00;0,00000E+00;0,00000E+00;0,00000E+00;1,57082E-05;1,99829E-05;9,60767E-06;7,25802E-05;7,64002E-06;0,00000E+00;1,00695E-05;3,67410E-06;2,15204E-05;6,61942E-05;1,08396E-04;0,00000E+00;4,41681E-05;1,45160E-04;1,20896E-04;0,00000E+00;1,06240E-05
530;7,77996E-02;1,86198E-01;2,92944E-01;3,99697E-01;5,04218E-01;6,01765E-01;7,04290E-01;8,07107E-01;8,99924E-01;9,92502E-01;1,08742E+00;1,19409E+00;1,26490E+00;1,34965E+00;1,43417E+00;1,51342E+00;1,59642E+00;1,68709E+00;1,76314E+00;1,82637E+00;1,55955E-05;0,00000E+00;1,39084E-05;9,23598E-05;4,71458E-05;0,00000E+00;5,57535E-06;0,00000E+00;1,76032E-05;0,00000E+00;4,25437E-05;7,71105E-05;3,92492E-05;0,00000E+00;9,37663E-06;2,81299E-05;0,00000E+00;3,30318E-05;1,37757E-04;0,00000E+00;0,00000E+00;0,00000E+00;0,00000E+00;2,06558E-05;5,03453E-05;1,17915E-05;0,00000E+00;3,04741E-05;0,00000E+00;2,11374E-05;7,71247E-06;4,51744E-05;0,00000E+00;0,00000E+00;0,00000E+00;4,46028E-05;0,00000E+00;6,13288E-05;9,84546E-05;2,23014E-05
531;7,83585E-02;1,85995E-01;2,93240E-01;4,00367E-01;5,04403E-01;6,04474E-01;7,02207E-01;7,98836E-01;8,98343E-01;9,97277E-01;1,09365E+00;1,19489E+00;1,27085E+00;1,34277E+00;1,44975E+00;1,51306E+00;1,59913E+00;1,68337E+00;1,76763E+00;1,83911E+00;7,01076E-06;0,00000E+00;1,04347E-05;0,00000E+00;3,53709E-05;0,00000E+00;0,00000E+00;8,26316E-05;8,02672E-05;0,00000E+00;3,19182E-05;1,56995E-04;0,00000E+00;1,33953E-05;7,03477E-06;1,68453E-04;0,00000E+00;2,47819E-05;2,34549E-04;0,00000E+00;8,03576E-06;0,00000E+00;0,00000E+00;3,32021E-05;1,82987E-05;4,81521E-05;0,00000E+00;7,97932E-05;0,00000E+00;0,00000E+00;3,70600E-05;0,00000E+00;0,00000E+00;0,00000E+00;7,04030E-05;1,33953E-05;7,36744E-05;0,00000E+00;8,72604E-05;0,00000E+00
532;7,80474E-02;1,86982E-01;2,94694E-01;4,01765E-01;5,06335E-01;6,07187E-01;7,01974E-01;7,99099E-01;8,96966E-01;9,94256E-01;1,10121E+00;1,18736E+00;1,27001E+00;1,36258E+00;1,43561E+00;1,52019E+00;1,60022E+00;1,68322E+00;1,76473E+00;1,83576E+00;0,00000E+00;7,49879E-05;0,00000E+00;0,00000E+00;0,00000E+00;0,00000E+00;0,00000E+00;1,25555E-04;8,01257E-05;1,32468E-04;1,18382E-04;2,22167E-04;0,00000E+00;2,95939E-06;0,00000E+00;3,10862E-04;0,00000E+00;0,00000E+00;2,89852E-05;0,00000E+00;1,77532E-06;0,00000E+00;0,00000E+00;1,41297E-05;8,36644E-05;8,68366E-06;7,39257E-05;8,21546E-05;0,00000E+00;0,00000E+00;1,64589E-04;0,00000E+00;3,42515E-05;0,00000E+00;1,55539E-05;2,90508E-05;3,36709E-05;0,00000E+00;5,51422E-05;0,00000E+00
533;7,87059E-02;1,87019E-01;2,96585E-01;4,04433E-01;5,08699E-01;6,08641E-01;7,09431E-01;8,12417E-01;9,04104E-01;9,95654E-01;1,10166E+00;1,18280E+00;1,27174E+00;1,36535E+00;1,44799E+00;1,53192E+00;1,60938E+00;1,70038E+00;1,78338E+00;1,85521E+00;0,00000E+00;8,03019E-06;3,69386E-05;3,73595E-06;2,76510E-05;0,00000E+00;1,82854E-04;9,71459E-05;0,00000E+00;3,99775E-05;1,16442E-04;1,29320E-04;0,00000E+00;0,00000E+00;0,00000E+00;3,27008E-06;0,00000E+00;1,23250E-04;0,00000E+00;0,00000E+00;2,71686E-06;2,14241E-06;8,56169E-07;1,60081E-06;0,00000E+00;5,93995E-06;5,77435E-05;2,99757E-06;1,68368E-05;0,00000E+00;0,00000E+00;0,00000E+00;4,54817E-05;9,09719E-06;0,00000E+00;0,00000E+00;5,99514E-06;3,84957E-05;1,05863E-04;0,00000E+00
534;7,86411E-02;1,87274E-01;2,96472E-01;4,02965E-01;5,09603E-01;6,11091E-01;7,08612E-01;8,01408E-01;9,11515E-01;1,00380E+00;1,10628E+00;1,18786E+00;1,27698E+00;1,35921E+00;1,44741E+00;1,54046E+00;1,62161E+00;1,68913E+00;1,77291E+00;1,86381E+00;0,00000E+00;0,00000E+00;3,21304E-06;5,19695E-05;0,00000E+00;0,00000E+00;0,00000E+00;4,31201E-05;3,52862E-05;0,00000E+00;7,75275E-06;7,11331E-05;0,00000E+00;0,00000E+00;0,00000E+00;4,54889E-05;0,00000E+00;3,04966E-04;0,00000E+00;5,22008E-05;2,35156E-06;3,29024E-05;1,19099E-05;2,22683E-05;1,83653E-05;8,69260E-05;0,00000E+00;4,16981E-05;1,34520E-05;0,00000E+00;0,00000E+00;9,43967E-06;1,21128E-05;1,30826E-04;6,73544E-05;0,00000E+00;9,87746E-05;0,00000E+00;0,00000E+00;0,00000E+00
535;7,93477E-02;1,88141E-01;2,98881E-01;4,03428E-01;5,11187E-01;6,13403E-01;7,10096E-01;8,05120E-01;9,11348E-01;1,00638E+00;1,10707E+00;1,18703E+00;1,28060E+00;1,35869E+00;1,46259E+00;1,54448E+00;1,62344E+00;1,69706E+00;1,79028E+00;1,85458E+00;0,00000E+00;0,00000E+00;0,00000E+00;0,00000E+00;0,00000E+00;0,00000E+00;0,00000E+00;9,33689E-05;1,16473E-04;3,79954E-05;1,67872E-05;7,30244E-05;0,00000E+00;5,48806E-05;1,55495E-04;0,00000E+00;0,00000E+00;5,13026E-04;0,00000E+00;1,13032E-04;1,67116E-05;6,71265E-06;6,15805E-06;1,34329E-06;7,74523E-05;3,80617E-05;0,00000E+00;1,37201E-05;9,31361E-05;0,00000E+00;0,00000E+00;2,04399E-05;2,62280E-05;9,26365E-06;2,50003E-04;0,00000E+00;5,61660E-05;3,20137E-05;0,00000E+00;4,57338E-05
536;7,87326E-02;1,89262E-01;2,97160E-01;4,03120E-01;5,09784E-01;6,14439E-01;7,09636E-01;8,09999E-01;9,07678E-01;1,01014E+00;1,10128E+00;1,18980E+00;1,27276E+00;1,36681E+00;1,45941E+00;1,53639E+00;1,63217E+00;1,71658E+00;1,78860E+00;1,86564E+00;0,00000E+00;1,28021E-05;0,00000E+00;1,50247E-05;1,88925E-05;0,00000E+00;0,00000E+00;0,00000E+00;3,08908E-05;1,20342E-04;1,98897E-05;0,00000E+00;0,00000E+00;4,23115E-05;1,19883E-04;0,00000E+00;0,00000E+00;1,39655E-04;0,00000E+00;3,34803E-04;1,63836E-05;0,00000E+00;4,74770E-06;2,03493E-05;9,03056E-05;2,76830E-05;0,00000E+00;1,05779E-05;4,93486E-05;0,00000E+00;0,00000E+00;0,00000E+00;0,00000E+00;0,00000E+00;1,09104E-04;0,00000E+00;1,76298E-05;2,46817E-05;0,00000E+00;8,78639E-05
537;7,92515E-02;1,88768E-01;2,97898E-01;4,05274E-01;5,11415E-01;6,17301E-01;7,14997E-01;8,13633E-01;9,15391E-01;1,00966E+00;1,11090E+00;1,19909E+00;1,27750E+00;1,37018E+00;1,45805E+00;1,54855E+00;1,62824E+00;1,73338E+00;1,79071E+00;1,87033E+00;0,00000E+00;2,93784E-06;0,00000E+00;3,44787E-06;1,82707E-04;0,00000E+00;0,00000E+00;5,76250E-05;4,28690E-05;2,08939E-05;4,34167E-05;0,00000E+00;3,01411E-05;0,00000E+00;0,00000E+00;0,00000E+00;1,71261E-05;4,66087E-04;6,29021E-05;3,60232E-04;1,37908E-05;0,00000E+00;0,00000E+00;4,43212E-06;1,40559E-05;4,85454E-06;0,00000E+00;2,99708E-05;0,00000E+00;0,00000E+00;3,55363E-05;0,00000E+00;4,72129E-05;2,85865E-05;2,54140E-04;0,00000E+00;0,00000E+00;3,42523E-05;5,13784E-05;1,40518E-04
538;8,00262E-02;1,88703E-01;2,99083E-01;4,03390E-01;5,11113E-01;6,14038E-01;7,18497E-01;8,16680E-01;9,06555E-01;1,01569E+00;1,10656E+00;1,20860E+00;1,28463E+00;1,37408E+00;1,47255E+00;1,54310E+00;1,63921E+00;1,71064E+00;1,79029E+00;1,87621E+00;0,00000E+00;0,00000E+00;5,66503E-05;1,41392E-04;4,23781E-05;6,57799E-05;0,00000E+00;2,77925E-06;1,19149E-05;0,00000E+00;0,00000E+00;2,44538E-06;1,65722E-05;0,00000E+00;1,98239E-05;5,57116E-04;1,90400E-05;2,23579E-04;0,00000E+00;2,52340E-05;1,00782E-05;0,00000E+00;0,00000E+00;1,39811E-05;5,32670E-07;4,15490E-07;0,00000E+00;2,72578E-06;0,00000E+00;0,00000E+00;0,00000E+00;5,11075E-06;3,90536E-05;0,00000E+00;6,61885E-05;9,91193E-07;0,00000E+00;0,00000E+00;9,41634E-06;3,96477E-06
539;8,04188E-02;1,92251E-01;3,01468E-01;4,08947E-01;5,10915E-01;6,13703E-01;7,16412E-01;8,18524E-01;9,18711E-01;1,01758E+00;1,10553E+00;1,21005E+00;1,30035E+00;1,38440E+00;1,46634E+00;1,54418E+00;1,63678E+00;1,72418E+00;1,80564E+00;1,87850E+00;0,00000E+00;0,00000E+00;6,58537E-05;7,11587E-06;1,24240E-04;1,50629E-05;9,96564E-06;4,21729E-05;0,00000E+00;0,00000E+00;0,00000E+00;4,93998E-05;2,60240E-04;3,98625E-05;3,45657E-04;7,52028E-05;0,00000E+00;0,00000E+00;0,00000E+00;3,82906E-04;7,03331E-07;0,00000E+00;5,59113E-06;0,00000E+00;1,25458E-05;6,30473E-06;0,00000E+00;4,13615E-05;0,00000E+00;0,00000E+00;2,06785E-05;7,75515E-05;2,36934E-05;0,00000E+00;1,18575E-04;5,24117E-05;0,00000E+00;0,00000E+00;1,55342E-04;6,01622E-05
540;8,03067E-02;1,91964E-01;3,00672E-01;4,12288E-01;5,18053E-01;6,22745E-01;7,19931E-01;8,22149E-01;9,14454E-01;1,01368E+00;1,10829E+00;1,20807E+00;1,30512E+00;1,38251E+00;1,47968E+00;1,55415E+00;1,65107E+00;1,72805E+00;1,80782E+00;1,88946E+00;0,00000E+00;0,00000E+00;4,67306E-06;1,57468E-05;0,00000E+00;3,33330E-05;1,16125E-04;1,50727E-05;0,00000E+00;0,00000E+00;8,80746E-05;2,72036E-05;1,94061E-05;8,82123E-05;9,92389E-05;0,00000E+00;4,47961E-05;3,15614E-05;0,00000E+00;1,59660E-04;1,55641E-06;0,00000E+00;1,23727E-05;0,00000E+00;2,91350E-05;0,00000E+00;4,03165E-05;0,00000E+00;0,00000E+00;0,00000E+00;6,74481E-05;0,00000E+00;0,00000E+00;0,00000E+00;9,02514E-05;8,26991E-05;0,00000E+00;0,00000E+00;2,75664E-05;1,79184E-05
541;8,02414E-02;1,93497E-01;3,02122E-01;4,12660E-01;5,16223E-01;6,21238E-01;7,22079E-01;8,22202E-01;9,20779E-01;1,01556E+00;1,11240E+00;1,21191E+00;1,30321E+00;1,38652E+00;1,48786E+00;1,56197E+00;1,66156E+00;1,73444E+00;1,81190E+00;1,88858E+00;4,82492E-06;0,00000E+00;0,00000E+00;2,94997E-05;0,00000E+00;0,00000E+00;7,37110E-05;1,20412E-04;0,00000E+00;0,00000E+00;1,08064E-04;5,30860E-05;0,00000E+00;0,00000E+00;0,00000E+00;2,58211E-05;3,51005E-05;2,36975E-04;0,00000E+00;1,25104E-04;0,00000E+00;0,00000E+00;0,00000E+00;0,00000E+00;1,50905E-05;5,14126E-05;9,61431E-05;4,19592E-05;0,00000E+00;0,00000E+00;3,93185E-05;1,42647E-05;0,00000E+00;5,38747E-06;1,15954E-04;5,80974E-05;5,16421E-05;4,51868E-05;0,00000E+00;1,40402E-05
542;7,99252E-02;1,92665E-01;3,02843E-01;4,10405E-01;5,17053E-01;6,20839E-01;7,22270E-01;8,30383E-01;9,18793E-01;1,02217E+00;1,11891E+00;1,21385E+00;1,30399E+00;1,38870E+00;1,48075E+00;1,56867E+00;1,65564E+00;1,74092E+00;1,81947E+00;1,89731E+00;1,13257E-06;0,00000E+00;9,62310E-05;6,92455E-06;0,00000E+00;8,71641E-05;5,04593E-05;2,54923E-05;0,00000E+00;0,00000E+00;9,16676E-06;1,24611E-05;8,88055E-05;6,72790E-05;1,68198E-05;3,42456E-04;0,00000E+00;6,95716E-05;0,00000E+00;1,49871E-04;2,19607E-05;0,00000E+00;3,39717E-05;0,00000E+00;0,00000E+00;1,20683E-05;1,51526E-05;6,45134E-05;0,00000E+00;0,00000E+00;2,26905E-05;3,34841E-06;0,00000E+00;1,26462E-06;1,06185E-05;1,36374E-05;1,80320E-04;6,10661E-05;0,00000E+00;5,04593E-05
543;8,05316E-02;1,92120E-01;3,01074E-01;4,15880E-01;5,20929E-01;6,29030E-01;7,24286E-01;8,29324E-01;9,21620E-01;1,02801E+00;1,12806E+00;1,22071E+00;1,30595E+00;1,39196E+00;1,49471E+00;1,56139E+00;1,67078E+00;1,72863E+00;1,82794E+00;1,89855E+00;0,00000E+00;0,00000E+00;0,00000E+00;5,96201E-05;3,39246E-05;0,00000E+00;0,00000E+00;1,05944E-04;2,12800E-04;0,00000E+00;1,14289E-04;2,79650E-04;0,00000E+00;2,79232E-06;0,00000E+00;0,00000E+00;0,00000E+00;2,67301E-04;6,93875E-05;7,68824E-05;2,33329E-05;1,14251E-05;0,00000E+00;8,32341E-06;0,00000E+00;9,63953E-05;1,86154E-06;4,25068E-05;1,13698E-04;0,00000E+00;9,62956E-05;0,00000E+00;0,00000E+00;0,00000E+00;0,00000E+00;0,00000E+00;4,19723E-05;0,00000E+00;2,83379E-05;2,32693E-06
544;8,09392E-02;1,92080E-01;3,03142E-01;4,13968E-01;5,20871E-01;6,23422E-01;7,24309E-01;8,38329E-01;9,29478E-01;1,02915E+00;1,13263E+00;1,22583E+00;1,31114E+00;1,39719E+00;1,48940E+00;1,56949E+00;1,67693E+00;1,73933E+00;1,81886E+00;1,89573E+00;0,00000E+00;6,77933E-07;0,00000E+00;3,20995E-05;7,00313E-06;0,00000E+00;0,00000E+00;1,36689E-05;0,00000E+00;3,37502E-05;2,58047E-05;0,00000E+00;0,00000E+00;7,87921E-05;0,00000E+00;0,00000E+00;0,00000E+00;1,74840E-05;0,00000E+00;7,58113E-05;1,06655E-05;0,00000E+00;5,47002E-07;0,00000E+00;1,74652E-06;4,22793E-05;2,97787E-05;4,87488E-06;7,34954E-05;0,00000E+00;7,72375E-05;7,18161E-06;1,91985E-06;0,00000E+00;0,00000E+00;1,70621E-05;6,70020E-05;0,00000E+00;4,14365E-05;3,72233E-05
545;8,11300E-02;1,93896E-01;3,03276E-01;4,14475E-01;5,21966E-01;6,27627E-01;7,26749E-01;8,29478E-01;9,26347E-01;1,02935E+00;1,12849E+00;1,21837E+00;1,31128E+00;1,39872E+00;1,48865E+00;1,57458E+00;1,67200E+00;1,74953E+00;1,82874E+00;1,90855E+00;0,00000E+00;1,51652E-06;7,45370E-06;6,22930E-05;7,25147E-05;1,51907E-05;0,00000E+00;3,05771E-05;0,00000E+00;7,54986E-05;2,63873E-04;0,00000E+00;0,00000E+00;2,08243E-04;0,00000E+00;0,00000E+00;0,00000E+00;0,00000E+00;0,00000E+00;0,00000E+00;2,38585E-05;0,00000E+00;1,22363E-06;0,00000E+00;3,90693E-06;4,57118E-05;0,00000E+00;2,62943E-05;3,81561E-05;0,00000E+00;0,00000E+00;3,54977E-05;4,29466E-06;0,00000E+00;0,00000E+00;7,33431E-05;0,00000E+00;0,00000E+00;1,01486E-04;0,00000E+00
546;8,12919E-02;1,94404E-01;3,02268E-01;4,16988E-01;5,24302E-01;6,27597E-01;7,25221E-01;8,35138E-01;9,28730E-01;1,03023E+00;1,12609E+00;1,22431E+00;1,31470E+00;1,39321E+00;1,49046E+00;1,57865E+00;1,67726E+00;1,75359E+00;1,83098E+00;1,91035E+00;0,00000E+00;0,00000E+00;5,90015E-06;2,17922E-05;1,22640E-04;1,20245E-05;0,00000E+00;0,00000E+00;0,00000E+00;7,92358E-05;2,49727E-04;0,00000E+00;0,00000E+00;1,04415E-04;1,52598E-04;6,35824E-05;0,00000E+00;7,46622E-05;0,00000E+00;0,00000E+00;9,87220E-06;0,00000E+00;0,00000E+00;0,00000E+00;0,00000E+00;6,13009E-05;3,17912E-05;9,80179E-05;1,48314E-05;0,00000E+00;0,00000E+00;1,53823E-05;0,00000E+00;0,00000E+00;0,00000E+00;2,78440E-05;8,90153E-05;0,00000E+00;3,87522E-05;0,00000E+00
547;8,14185E-02;1,94440E-01;3,06483E-01;4,18965E-01;5,26019E-01;6,29619E-01;7,30388E-01;8,36758E-01;9,35199E-01;1,02640E+00;1,12536E+00;1,23201E+00;1,31974E+00;1,41271E+00;1,49820E+00;1,59281E+00;1,67820E+00;1,75681E+00;1,85430E+00;1,91411E+00;0,00000E+00;0,00000E+00;8,09641E-05;2,89004E-05;1,84426E-05;0,00000E+00;0,00000E+00;0,00000E+00;9,35618E-05;1,88217E-05;2,05582E-05;1,77600E-04;0,00000E+00;0,00000E+00;3,62482E-05;1,51034E-05;0,00000E+00;1,77353E-05;0,00000E+00;0,00000E+00;2,34505E-06;0,00000E+00;0,00000E+00;2,68367E-05;0,00000E+00;3,54523E-05;7,55170E-06;2,03896E-05;7,61806E-05;0,00000E+00;1,14901E-05;0,00000E+00;4,57967E-05;0,00000E+00;2,18278E-05;0,00000E+00;6,26758E-05;4,15311E-05;7,55170E-06;1,66124E-05
548;8,10866E-02;1,93699E-01;3,07521E-01;4,18667E-01;5,30830E-01;6,24118E-01;7,32807E-01;8,29988E-01;9,37449E-01;1,03354E+00;1,14454E+00;1,22240E+00;1,32221E+00;1,42923E+00;1,50905E+00;1,58760E+00;1,67297E+00;1,75773E+00;1,84141E+00;1,93243E+00;0,00000E+00;0,00000E+00;4,15242E-06;0,00000E+00;0,00000E+00;1,95117E-06;0,00000E+00;1,01349E-06;1,76592E-04;0,00000E+00;4,09994E-06;0,00000E+00;0,00000E+00;2,61695E-04;1,00691E-04;2,26117E-04;0,00000E+00;0,00000E+00;6,86551E-05;3,09321E-04;1,86068E-05;0,00000E+00;0,00000E+00;7,96241E-07;0,00000E+00;2,35066E-05;3,38860E-06;1,09586E-04;0,00000E+00;0,00000E+00;0,00000E+00;0,00000E+00;1,77935E-06;0,00000E+00;4,74927E-06;0,00000E+00;0,00000E+00;5,60775E-05;1,86925E-05;0,00000E+00
549;8,20043E-02;1,94858E-01;3,05848E-01;4,20859E-01;5,30285E-01;6,33067E-01;7,35185E-01;8,42546E-01;9,34489E-01;1,03580E+00;1,14306E+00;1,23653E+00;1,33440E+00;1,42226E+00;1,51340E+00;1,59362E+00;1,68574E+00;1,77776E+00;1,84415E+00;1,92456E+00;0,00000E+00;0,00000E+00;3,12866E-06;0,00000E+00;1,73153E-06;3,18811E-05;0,00000E+00;3,00785E-05;1,84791E-05;3,33791E-06;6,69909E-05;0,00000E+00;0,00000E+00;0,00000E+00;1,51867E-04;7,77424E-05;0,00000E+00;0,00000E+00;0,00000E+00;6,75078E-05;1,67683E-05;0,00000E+00;0,00000E+00;1,30102E-05;0,00000E+00;6,06298E-06;5,53680E-05;1,13147E-04;0,00000E+00;0,00000E+00;1,66734E-06;4,26159E-05;2,90737E-05;0,00000E+00;7,76005E-05;5,30341E-05;0,00000E+00;0,00000E+00;3,13383E-05;6,50873E-05
550;8,23075E-02;1,95383E-01;3,08429E-01;4,21708E-01;5,27281E-01;6,32815E-01;7,36055E-01;8,40331E-01;9,35584E-01;1,04576E+00;1,14653E+00;1,23678E+00;1,33812E+00;1,42755E+00;1,51234E+00;1,60009E+00;1,68170E+00;1,77773E+00;1,84587E+00;1,92647E+00;0,00000E+00;0,00000E+00;2,03335E-05;0,00000E+00;2,26851E-05;0,00000E+00;3,48937E-05;3,03493E-05;1,63769E-05;7,49361E-06;4,61766E-05;1,43477E-05;0,00000E+00;0,00000E+00;1,45554E-04;2,65259E-04;0,00000E+00;4,09743E-05;1,38840E-04;1,62659E-04;1,48673E-05;0,00000E+00;0,00000E+00;1,02490E-05;0,00000E+00;3,55516E-05;6,54257E-06;5,12099E-05;0,00000E+00;0,00000E+00;3,74318E-06;9,56727E-05;0,00000E+00;0,00000E+00;3,82070E-05;1,19061E-04;1,74469E-05;0,00000E+00;8,78014E-05;1,46121E-04
551;8,24871E-02;1,96398E-01;3,09169E-01;4,24679E-01;5,30185E-01;6,33520E-01;7,38939E-01;8,45078E-01;9,45166E-01;1,04597E+00;1,14603E+00;1,24145E+00;1,33856E+00;1,43413E+00;1,51327E+00;1,60421E+00;1,68670E+00;1,77912E+00;1,85893E+00;1,93300E+00;7,86856E-07;0,00000E+00;1,61034E-05;0,00000E+00;1,48872E-05;0,00000E+00;2,76346E-05;5,66748E-05;2,34321E-04;0,00000E+00;3,65702E-05;9,44736E-05;4,44661E-05;0,00000E+00;1,18433E-04;1,24355E-04;0,00000E+00;6,21186E-05;2,18220E-04;8,79409E-06;2,38426E-05;0,00000E+00;0,00000E+00;8,11683E-06;0,00000E+00;1,73759E-05;5,18148E-06;6,46942E-05;0,00000E+00;0,00000E+00;4,36880E-06;0,00000E+00;6,96517E-05;0,00000E+00;5,79233E-05;5,68477E-05;4,53993E-05;0,00000E+00;1,38173E-05;0,00000E+00
552;8,29607E-02;1,98049E-01;3,10283E-01;4,24442E-01;5,31163E-01;6,38016E-01;7,40332E-01;8,47670E-01;9,46143E-01;1,04995E+00;1,15701E+00;1,25237E+00;1,34575E+00;1,42349E+00;1,53174E+00;1,61390E+00;1,70043E+00;1,77691E+00;1,86676E+00;1,93523E+00;1,86321E-07;0,00000E+00;9,10400E-05;0,00000E+00;0,00000E+00;0,00000E+00;0,00000E+00;2,26869E-05;1,24799E-04;0,00000E+00;6,24791E-05;1,96800E-05;1,55940E-04;6,60979E-05;1,49568E-05;0,00000E+00;1,65245E-05;7,02525E-06;1,26790E-04;0,00000E+00;4,43345E-06;0,00000E+00;9,27091E-06;7,28036E-06;0,00000E+00;1,03901E-05;0,00000E+00;6,73054E-06;6,74547E-05;0,00000E+00;1,03450E-06;0,00000E+00;1,64930E-05;5,51643E-05;6,55079E-06;1,34611E-05;7,47838E-06;0,00000E+00;1,65245E-05;5,78356E-05
553;8,25209E-02;1,98075E-01;3,09216E-01;4,23908E-01;5,31591E-01;6,39207E-01;7,42465E-01;8,48955E-01;9,53836E-01;1,04861E+00;1,15326E+00;1,25346E+00;1,33463E+00;1,43973E+00;1,52534E+00;1,59412E+00;1,68877E+00;1,78813E+00;1,87092E+00;1,96022E+00;0,00000E+00;0,00000E+00;2,33308E-06;0,00000E+00;0,00000E+00;0,00000E+00;1,03572E-04;1,35461E-04;6,56027E-05;2,70149E-04;2,77532E-06;7,54540E-07;1,93774E-05;1,48649E-04;0,00000E+00;1,10103E-05;0,00000E+00;0,00000E+00;2,27486E-04;1,51830E-05;8,09433E-07;0,00000E+00;0,00000E+00;0,00000E+00;0,00000E+00;0,00000E+00;0,00000E+00;0,00000E+00;0,00000E+00;0,00000E+00;2,22114E-06;1,63901E-05;0,00000E+00;1,08552E-04;5,69672E-05;7,34017E-06;2,92479E-05;0,00000E+00;7,43243E-05;0,00000E+00
554;8,29098E-02;1,98153E-01;3,10926E-01;4,23980E-01;5,36798E-01;6,39371E-01;7,47829E-01;8,47973E-01;9,49276E-01;1,05020E+00;1,16467E+00;1,24778E+00;1,34653E+00;1,43349E+00;1,53589E+00;1,60813E+00;1,70187E+00;1,78416E+00;1,87953E+00;1,96623E+00;0,00000E+00;0,00000E+00;3,72574E-05;0,00000E+00;2,59574E-05;4,16167E-06;2,19781E-05;0,00000E+00;1,46335E-04;0,00000E+00;5,52507E-05;4,77118E-05;3,68803E-04;0,00000E+00;4,81838E-05;1,75825E-04;0,00000E+00;1,13161E-05;0,00000E+00;2,42461E-04;1,81969E-05;0,00000E+00;0,00000E+00;0,00000E+00;4,31569E-06;0,00000E+00;0,00000E+00;4,81838E-06;0,00000E+00;0,00000E+00;3,71362E-05;4,31706E-05;0,00000E+00;2,01068E-06;0,00000E+00;1,67810E-04;2,19781E-05;9,63677E-06;0,00000E+00;0,00000E+00
555;8,33616E-02;1,98719E-01;3,13663E-01;4,23268E-01;5,35278E-01;6,44135E-01;7,44451E-01;8,48095E-01;9,53023E-01;1,05348E+00;1,16099E+00;1,25582E+00;1,34091E+00;1,44599E+00;1,53063E+00;1,62424E+00;1,70536E+00;1,78893E+00;1,88545E+00;1,95070E+00;0,00000E+00;2,42173E-06;0,00000E+00;0,00000E+00;5,78046E-05;9,26765E-06;3,91819E-05;0,00000E+00;6,58810E-05;1,26592E-04;5,06795E-05;7,94167E-05;1,32190E-04;0,00000E+00;2,03079E-04;0,00000E+00;0,00000E+00;2,51998E-05;2,55840E-04;0,00000E+00;1,41959E-05;5,26570E-06;1,95402E-06;0,00000E+00;9,61064E-06;0,00000E+00;1,95910E-05;2,37907E-05;0,00000E+00;0,00000E+00;1,57555E-05;0,00000E+00;0,00000E+00;4,47758E-06;1,14406E-05;1,64908E-04;3,04748E-05;2,14602E-05;0,00000E+00;0,00000E+00
556;8,34234E-02;1,98700E-01;3,14854E-01;4,26140E-01;5,37135E-01;6,46704E-01;7,50122E-01;8,54252E-01;9,59039E-01;1,05948E+00;1,16867E+00;1,25750E+00;1,34599E+00;1,45347E+00;1,53764E+00;1,62954E+00;1,71931E+00;1,80690E+00;1,88696E+00;1,95488E+00;0,00000E+00;1,90306E-06;1,07010E-05;0,00000E+00;0,00000E+00;0,00000E+00;3,07902E-05;7,07999E-05;4,28176E-06;9,94789E-05;2,06965E-05;0,00000E+00;0,00000E+00;0,00000E+00;7,52648E-05;0,00000E+00;3,78751E-05;0,00000E+00;2,62873E-04;0,00000E+00;3,71362E-06;4,13792E-06;1,53552E-06;0,00000E+00;2,03542E-05;0,00000E+00;1,53951E-05;6,70760E-05;0,00000E+00;7,57853E-05;9,46501E-06;3,71981E-05;0,00000E+00;1,10635E-04;8,99035E-06;1,48366E-04;2,39479E-05;0,00000E+00;5,68126E-05;6,31252E-06
557;8,35520E-02;1,99058E-01;3,12051E-01;4,26462E-01;5,39827E-01;6,44954E-01;7,52193E-01;8,48089E-01;9,56196E-01;1,05989E+00;1,16771E+00;1,27053E+00;1,34556E+00;1,43935E+00;1,53600E+00;1,62608E+00;1,72086E+00;1,81421E+00;1,88577E+00;1,97111E+00;7,19717E-06;0,00000E+00;2,48524E-06;0,00000E+00;0,00000E+00;2,85144E-05;8,25351E-06;1,09012E-04;1,23958E-04;2,28566E-04;7,48957E-05;0,00000E+00;1,74308E-04;0,00000E+00;4,95210E-05;3,30140E-05;1,73866E-04;0,00000E+00;1,15406E-04;1,68096E-04;1,57886E-06;0,00000E+00;0,00000E+00;0,00000E+00;4,90817E-05;0,00000E+00;1,23803E-05;2,14479E-05;0,00000E+00;1,76006E-05;7,99205E-05;8,63902E-06;3,25044E-05;3,94708E-05;7,95275E-05;2,49227E-05;0,00000E+00;2,47605E-05;1,31944E-05;1,46604E-06
558;8,40925E-02;2,01182E-01;3,17675E-01;4,30038E-01;5,41372E-01;6,55540E-01;7,49744E-01;8,61119E-01;9,67966E-01;1,06547E+00;1,17172E+00;1,27187E+00;1,35522E+00;1,44885E+00;1,54869E+00;1,62689E+00;1,71931E+00;1,82186E+00;1,87510E+00;1,96325E+00;0,00000E+00;4,62379E-05;3,91412E-06;0,00000E+00;1,00206E-04;3,35061E-06;5,73543E-05;0,00000E+00;1,61828E-04;1,40672E-04;0,00000E+00;0,00000E+00;8,12721E-05;0,00000E+00;2,29417E-04;2,25538E-04;7,38861E-05;2,50544E-05;1,18736E-05;2,84507E-05;0,00000E+00;0,00000E+00;0,00000E+00;0,00000E+00;3,30889E-06;0,00000E+00;5,54146E-05;1,14179E-05;0,00000E+00;2,45124E-06;1,91640E-04;3,57187E-07;6,04880E-05;8,11274E-06;8,09019E-06;2,86771E-05;0,00000E+00;0,00000E+00;0,00000E+00;0,00000E+00
559;8,46344E-02;2,00392E-01;3,17717E-01;4,29516E-01;5,39005E-01;6,50072E-01;7,53280E-01;8,61286E-01;9,64566E-01;1,07462E+00;1,16816E+00;1,26962E+00;1,35826E+00;1,45313E+00;1,54981E+00;1,62540E+00;1,72388E+00;1,82237E+00;1,89148E+00;1,99122E+00;1,09228E-05;0,00000E+00;1,03221E-05;1,53042E-05;1,04582E-05;5,03020E-05;2,91198E-05;0,00000E+00;0,00000E+00;1,68623E-05;0,00000E+00;0,00000E+00;2,14325E-05;0,00000E+00;1,16479E-04;6,31108E-05;0,00000E+00;3,76137E-04;1,78256E-04;7,41340E-05;3,26597E-06;0,00000E+00;0,00000E+00;0,00000E+00;1,30890E-05;0,00000E+00;0,00000E+00;7,78183E-05;5,68134E-06;3,68000E-05;0,00000E+00;5,36237E-06;4,78331E-05;2,43701E-05;1,06674E-05;1,45599E-05;0,00000E+00;0,00000E+00;4,87118E-06;0,00000E+00
560;8,37502E-02;2,02279E-01;3,15913E-01;4,32589E-01;5,39331E-01;6,50232E-01;7,57100E-01;8,61357E-01;9,63842E-01;1,07068E+00;1,17616E+00;1,26693E+00;1,36176E+00;1,46128E+00;1,54833E+00;1,64599E+00;1,72575E+00;1,82144E+00;1,90589E+00;1,98728E+00;2,38824E-05;0,00000E+00;2,81439E-05;7,35390E-05;0,00000E+00;2,65108E-05;8,76979E-06;1,47540E-05;3,29279E-05;3,68691E-05;0,00000E+00;0,00000E+00;9,31647E-05;0,00000E+00;0,00000E+00;2,81903E-05;0,00000E+00;1,75066E-04;0,00000E+00;0,00000E+00;7,14098E-06;3,97771E-06;0,00000E+00;0,00000E+00;2,86187E-05;1,10284E-05;2,19245E-05;1,42368E-04;1,24221E-05;0,00000E+00;3,33613E-05;3,22989E-06;2,93617E-05;4,00002E-05;5,02112E-05;5,70036E-05;7,89281E-05;2,19245E-05;1,06507E-05;0,00000E+00
561;8,47144E-02;2,02363E-01;3,16721E-01;4,33200E-01;5,42723E-01;6,55026E-01;7,63810E-01;8,64760E-01;9,65335E-01;1,06948E+00;1,17709E+00;1,26789E+00;1,36752E+00;1,45784E+00;1,55082E+00;1,65126E+00;1,74263E+00;1,82390E+00;1,92123E+00;2,00188E+00;0,00000E+00;7,05743E-06;4,29461E-06;3,08726E-05;2,27825E-05;2,04223E-05;6,75570E-06;2,55952E-05;4,91838E-05;1,40539E-04;1,15128E-04;0,00000E+00;3,56690E-05;0,00000E+00;0,00000E+00;1,35114E-05;0,00000E+00;1,49758E-04;1,55327E-04;6,45985E-05;0,00000E+00;1,55323E-05;2,84720E-06;0,00000E+00;0,00000E+00;8,49560E-06;1,68893E-05;3,37785E-05;0,00000E+00;4,00832E-05;2,56995E-05;2,48810E-06;0,00000E+00;5,29425E-06;6,51660E-05;4,39121E-05;6,08013E-05;1,68893E-05;8,88100E-05;0,00000E+00
562;8,50113E-02;2,01707E-01;3,18941E-01;4,36412E-01;5,41173E-01;6,48687E-01;7,61266E-01;8,64963E-01;9,68024E-01;1,07046E+00;1,17941E+00;1,27124E+00;1,37049E+00;1,46146E+00;1,55687E+00;1,64186E+00;1,73782E+00;1,81917E+00;1,91142E+00;1,98763E+00;0,00000E+00;1,58230E-06;0,00000E+00;1,42083E-05;1,77813E-04;0,00000E+00;0,00000E+00;3,19033E-06;5,34010E-06;3,15092E-05;2,58121E-05;9,54559E-05;1,45917E-05;1,82403E-04;9,94924E-05;8,29103E-05;1,65821E-04;1,59113E-04;9,57286E-05;1,62236E-04;0,00000E+00;1,65841E-05;6,38352E-07;0,00000E+00;0,00000E+00;0,00000E+00;8,29103E-06;4,56007E-05;0,00000E+00;8,98678E-06;0,00000E+00;1,58785E-04;0,00000E+00;1,18699E-06;9,96670E-06;0,00000E+00;5,80372E-05;5,80372E-05;1,99115E-05;0,00000E+00
563;8,46428E-02;2,03014E-01;3,17796E-01;4,31209E-01;5,43698E-01;6,53162E-01;7,57381E-01;8,64058E-01;9,68719E-01;1,07113E+00;1,17846E+00;1,27827E+00;1,36584E+00;1,45787E+00;1,54576E+00;1,64963E+00;1,74418E+00;1,81330E+00;1,90980E+00;1,99661E+00;3,42395E-06;0,00000E+00;0,00000E+00;1,51426E-06;3,80816E-07;4,55185E-05;3,66472E-05;0,00000E+00;1,86120E-04;1,01488E-04;5,52002E-05;0,00000E+00;2,57988E-04;4,24138E-06;3,18103E-06;4,41887E-04;0,00000E+00;3,79480E-04;1,42799E-05;2,79892E-04;1,22854E-05;0,00000E+00;0,00000E+00;0,00000E+00;6,56478E-06;0,00000E+00;2,29045E-05;9,16181E-06;0,00000E+00;7,37001E-06;4,40038E-06;2,02456E-05;3,34072E-06;6,63710E-06;5,23322E-05;0,00000E+00;0,00000E+00;0,00000E+00;2,74854E-05;9,16181E-06
564;8,47072E-02;2,03661E-01;3,19420E-01;4,35858E-01;5,51355E-01;6,56349E-01;7,56341E-01;8,69395E-01;9,74324E-01;1,07253E+00;1,18548E+00;1,27395E+00;1,37336E+00;1,46640E+00;1,55534E+00;1,65194E+00;1,73964E+00;1,83786E+00;1,91796E+00;1,99825E+00;0,00000E+00;1,58858E-05;0,00000E+00;4,33187E-05;5,18619E-06;1,19677E-04;0,00000E+00;1,39260E-05;3,61462E-05;5,50162E-05;1,85638E-04;0,00000E+00;0,00000E+00;5,77617E-05;4,33213E-05;1,33179E-04;0,00000E+00;2,39014E-04;2,12714E-04;0,00000E+00;5,95884E-06;0,00000E+00;0,00000E+00;1,67760E-05;0,00000E+00;0,00000E+00;1,24165E-06;4,96658E-06;5,79261E-06;1,09784E-04;9,59965E-05;0,00000E+00;4,54960E-05;9,24608E-05;5,69218E-05;0,00000E+00;7,44988E-06;4,22160E-05;0,00000E+00;0,00000E+00
565;8,53500E-02;2,04046E-01;3,19970E-01;4,38335E-01;5,45734E-01;6,55718E-01;7,60366E-01;8,73016E-01;9,71631E-01;1,07423E+00;1,17899E+00;1,28387E+00;1,36859E+00;1,47336E+00;1,56427E+00;1,64998E+00;1,74289E+00;1,83941E+00;1,91568E+00;1,99428E+00;0,00000E+00;3,36695E-05;0,00000E+00;4,81049E-05;9,55360E-06;8,18268E-05;8,86701E-06;2,95159E-05;0,00000E+00;2,08689E-04;1,00579E-04;7,29195E-05;0,00000E+00;0,00000E+00;7,09361E-05;2,21058E-04;3,54681E-05;2,46607E-04;3,86627E-05;0,00000E+00;1,26296E-05;0,00000E+00;0,00000E+00;4,20675E-05;0,00000E+00;0,00000E+00;2,25824E-05;7,92459E-05;3,81317E-05;4,79684E-05;8,87141E-05;0,00000E+00;0,00000E+00;4,13940E-05;0,00000E+00;0,00000E+00;1,57898E-05;8,94757E-05;6,20691E-05;0,00000E+00
566;8,54055E-02;2,03155E-01;3,21364E-01;4,37131E-01;5,48859E-01;6,57973E-01;7,59914E-01;8,70204E-01;9,72468E-01;1,08097E+00;1,18544E+00;1,28562E+00;1,37523E+00;1,47321E+00;1,55801E+00;1,65225E+00;1,74337E+00;1,84072E+00;1,91877E+00;1,99733E+00;0,00000E+00;0,00000E+00;0,00000E+00;0,00000E+00;7,13023E-06;0,00000E+00;6,61781E-06;2,86365E-05;0,00000E+00;1,12917E-04;1,04027E-04;5,44228E-05;1,12339E-05;3,70219E-04;5,29425E-05;6,38308E-05;2,64712E-05;1,01023E-04;2,03183E-04;0,00000E+00;4,50490E-07;0,00000E+00;0,00000E+00;4,85946E-06;4,57372E-06;2,67567E-06;1,48901E-05;1,72567E-04;1,92962E-05;2,09080E-05;7,09633E-05;0,00000E+00;4,52487E-05;1,44815E-04;0,00000E+00;7,65970E-05;0,00000E+00;0,00000E+00;7,82401E-05;1,27662E-05
567;8,57132E-02;2,03111E-01;3,21250E-01;4,35993E-01;5,50511E-01;6,61057E-01;7,59546E-01;8,69138E-01;9,79464E-01;1,08174E+00;1,18114E+00;1,27680E+00;1,37479E+00;1,46318E+00;1,56499E+00;1,65238E+00;1,75329E+00;1,83257E+00;1,93054E+00;2,01080E+00;0,00000E+00;2,31814E-05;0,00000E+00;0,00000E+00;0,00000E+00;1,00781E-04;0,00000E+00;2,47800E-05;0,00000E+00;9,38905E-06;6,15315E-06;1,78208E-04;2,38675E-06;1,62003E-04;0,00000E+00;1,35615E-05;0,00000E+00;0,00000E+00;8,39845E-05;2,97059E-04;9,57114E-08;8,82078E-06;0,00000E+00;0,00000E+00;9,71735E-07;5,68475E-07;6,25097E-05;6,32727E-05;0,00000E+00;0,00000E+00;1,31319E-05;0,00000E+00;9,61357E-06;2,49002E-05;1,46017E-05;1,62738E-05;0,00000E+00;7,50117E-05;6,78077E-06;3,60508E-05
568;8,56121E-02;2,03420E-01;3,19498E-01;4,38771E-01;5,50769E-01;6,62036E-01;7,69289E-01;8,79752E-01;9,74581E-01;1,09129E+00;1,17762E+00;1,29194E+00;1,37757E+00;1,47011E+00;1,57187E+00;1,65828E+00;1,74910E+00;1,82549E+00;1,90796E+00;2,00248E+00;0,00000E+00;0,00000E+00;2,27808E-06;0,00000E+00;0,00000E+00;2,06343E-06;2,72914E-05;0,00000E+00;9,55703E-05;1,05733E-04;5,41979E-06;0,00000E+00;1,70616E-05;2,54720E-04;0,00000E+00;2,35055E-04;0,00000E+00;9,81876E-06;0,00000E+00;0,00000E+00;5,77832E-06;6,87698E-06;0,00000E+00;0,00000E+00;1,71184E-06;7,51083E-07;0,00000E+00;8,95892E-07;0,00000E+00;0,00000E+00;9,43817E-05;0,00000E+00;5,17476E-06;6,62218E-05;3,12308E-05;2,23751E-05;2,38904E-06;1,07507E-05;1,81943E-05;0,00000E+00
569;8,55691E-02;2,03472E-01;3,21945E-01;4,36059E-01;5,54595E-01;6,62233E-01;7,65949E-01;8,72964E-01;9,81524E-01;1,08382E+00;1,18938E+00;1,29122E+00;1,37115E+00;1,46601E+00;1,57571E+00;1,65614E+00;1,74033E+00;1,84400E+00;1,91673E+00;2,00394E+00;0,00000E+00;4,26450E-06;2,72779E-05;0,00000E+00;0,00000E+00;2,47077E-05;0,00000E+00;0,00000E+00;5,37045E-05;9,83378E-05;6,48970E-05;0,00000E+00;1,25865E-05;4,59977E-05;4,08868E-05;2,36022E-04;2,55543E-05;1,35575E-04;5,63145E-05;0,00000E+00;1,80351E-07;0,00000E+00;0,00000E+00;0,00000E+00;2,04977E-05;1,54207E-05;0,00000E+00;4,65035E-05;0,00000E+00;9,68821E-06;0,00000E+00;0,00000E+00;6,59885E-05;6,56552E-05;1,27996E-04;5,00615E-05;2,86066E-05;1,36396E-04;0,00000E+00;1,02217E-05
570;8,54754E-02;2,04181E-01;3,20780E-01;4,39863E-01;5,52049E-01;6,58457E-01;7,64313E-01;8,74281E-01;9,81208E-01;1,08498E+00;1,18642E+00;1,29368E+00;1,38082E+00;1,48729E+00;1,57453E+00;1,65854E+00;1,76095E+00;1,84282E+00;1,91795E+00;2,01311E+00;0,00000E+00;8,66716E-06;0,00000E+00;0,00000E+00;0,00000E+00;1,55946E-05;0,00000E+00;0,00000E+00;0,00000E+00;7,91058E-05;0,00000E+00;7,42409E-06;0,00000E+00;3,01123E-04;8,30984E-05;2,17154E-04;8,80473E-05;3,65922E-05;1,14454E-04;0,00000E+00;3,66545E-07;0,00000E+00;3,03894E-06;0,00000E+00;0,00000E+00;1,30625E-05;1,12846E-05;7,27111E-05;5,26457E-06;1,96903E-05;0,00000E+00;0,00000E+00;8,18156E-06;0,00000E+00;8,18901E-05;0,00000E+00;0,00000E+00;3,36363E-05;0,00000E+00;2,07746E-05
571;8,57639E-02;2,05035E-01;3,20179E-01;4,40388E-01;5,50683E-01;6,59159E-01;7,69713E-01;8,74362E-01;9,82272E-01;1,07807E+00;1,18269E+00;1,29208E+00;1,38480E+00;1,47867E+00;1,57794E+00;1,66094E+00;1,75417E+00;1,84125E+00;1,93093E+00;2,02015E+00;0,00000E+00;0,00000E+00;2,19394E-05;4,43575E-05;0,00000E+00;1,11712E-05;0,00000E+00;7,98354E-05;0,00000E+00;7,16812E-05;3,91471E-05;5,31828E-06;3,41659E-05;2,91104E-04;0,00000E+00;2,58777E-04;6,46943E-05;7,59867E-05;6,33793E-05;1,31793E-04;0,00000E+00;0,00000E+00;2,17696E-06;0,00000E+00;0,00000E+00;0,00000E+00;8,08379E-06;4,52972E-05;3,77130E-06;8,99548E-05;3,13302E-05;2,85991E-05;2,03876E-05;8,64099E-05;1,70051E-05;0,00000E+00;0,00000E+00;1,29341E-05;9,70654E-05;0,00000E+00
572;8,62776E-02;2,05086E-01;3,20664E-01;4,40966E-01;5,52524E-01;6,64912E-01;7,64882E-01;8,77960E-01;9,81562E-01;1,08449E+00;1,19398E+00;1,28464E+00;1,38365E+00;1,47947E+00;1,56022E+00;1,67228E+00;1,74880E+00;1,83795E+00;1,92874E+00;2,01264E+00;3,14581E-06;0,00000E+00;7,20930E-05;8,72044E-06;5,44160E-05;1,09054E-04;8,41755E-05;2,42278E-04;0,00000E+00;3,74030E-05;2,24118E-04;8,30679E-05;6,71683E-06;2,79877E-05;2,35691E-04;3,05320E-05;1,08644E-04;1,49386E-05;3,01015E-04;2,59097E-05;0,00000E+00;0,00000E+00;0,00000E+00;7,41721E-06;0,00000E+00;0,00000E+00;1,26263E-05;8,90517E-06;0,00000E+00;7,61915E-05;6,43800E-05;5,62243E-06;1,16719E-04;1,85592E-04;3,34312E-06;0,00000E+00;0,00000E+00;0,00000E+00;4,43352E-05;0,00000E+00
573;8,63108E-02;2,04746E-01;3,23577E-01;4,39965E-01;5,50943E-01;6,62953E-01;7,71567E-01;8,73651E-01;9,80984E-01;1,09565E+00;1,19119E+00;1,29587E+00;1,37165E+00;1,48292E+00;1,58676E+00;1,68537E+00;1,75574E+00;1,83961E+00;1,92747E+00;2,01913E+00;0,00000E+00;0,00000E+00;8,79576E-05;0,00000E+00;3,45222E-06;0,00000E+00;6,86596E-06;4,49937E-05;2,25875E-05;3,74842E-05;9,74608E-05;0,00000E+00;7,92336E-05;0,00000E+00;9,61235E-06;0,00000E+00;2,88370E-05;1,77373E-05;1,34495E-05;0,00000E+00;0,00000E+00;0,00000E+00;0,00000E+00;4,24070E-05;2,95183E-06;0,00000E+00;7,35627E-05;2,25592E-05;0,00000E+00;0,00000E+00;4,99305E-05;0,00000E+00;0,00000E+00;1,28028E-04;0,00000E+00;3,60948E-05;9,02369E-06;2,70711E-05;1,37319E-06;9,61235E-06
574;8,61632E-02;2,05470E-01;3,22415E-01;4,41633E-01;5,53864E-01;6,62502E-01;7,65893E-01;8,77672E-01;9,83797E-01;1,08622E+00;1,18810E+00;1,30622E+00;1,38202E+00;1,48637E+00;1,57461E+00;1,65859E+00;1,75508E+00;1,85380E+00;1,92278E+00;2,02729E+00;3,30117E-07;4,42229E-06;0,00000E+00;6,05502E-06;3,55172E-05;1,14440E-05;1,15688E-04;1,53503E-04;6,63324E-06;2,93545E-05;2,32392E-04;0,00000E+00;1,61616E-04;7,94994E-05;1,30694E-04;0,00000E+00;3,60282E-04;2,07380E-04;1,38372E-04;2,02392E-05;0,00000E+00;7,21171E-06;1,78410E-06;0,00000E+00;3,03692E-05;0,00000E+00;1,41277E-05;1,32499E-06;0,00000E+00;0,00000E+00;0,00000E+00;3,90392E-06;0,00000E+00;0,00000E+00;0,00000E+00;0,00000E+00;0,00000E+00;0,00000E+00;1,41277E-05;9,88942E-05
575;8,61869E-02;2,04048E-01;3,22460E-01;4,41151E-01;5,51697E-01;6,60641E-01;7,67561E-01;8,79291E-01;9,81624E-01;1,08688E+00;1,18803E+00;1,30044E+00;1,38142E+00;1,48209E+00;1,57682E+00;1,66758E+00;1,76062E+00;1,84479E+00;1,91494E+00;2,00997E+00;6,34947E-07;8,50582E-06;0,00000E+00;4,06221E-05;3,64352E-05;7,77717E-05;8,66485E-05;2,12327E-05;1,27584E-05;7,56160E-05;1,38756E-04;0,00000E+00;0,00000E+00;2,72805E-04;1,99505E-04;9,22275E-06;1,22327E-04;1,34521E-04;1,58078E-04;3,89280E-05;0,00000E+00;1,94485E-05;2,20592E-05;0,00000E+00;0,00000E+00;0,00000E+00;0,00000E+00;1,40769E-05;0,00000E+00;2,91380E-06;0,00000E+00;7,50880E-06;0,00000E+00;0,00000E+00;1,61576E-05;5,53365E-05;0,00000E+00;0,00000E+00;0,00000E+00;9,22275E-06
576;8,67603E-02;2,06496E-01;3,24850E-01;4,40570E-01;5,53035E-01;6,66001E-01;7,69970E-01;8,78404E-01;9,84744E-01;1,08471E+00;1,19795E+00;1,29019E+00;1,38111E+00;1,49012E+00;1,58878E+00;1,67052E+00;1,76766E+00;1,84845E+00;1,92449E+00;2,01026E+00;0,00000E+00;0,00000E+00;0,00000E+00;8,34561E-05;1,61559E-04;3,78488E-05;0,00000E+00;1,35776E-04;1,06874E-04;1,30024E-05;1,29148E-04;1,08037E-05;4,62419E-05;9,45199E-05;9,39030E-05;3,25348E-05;0,00000E+00;1,97648E-04;1,07300E-04;0,00000E+00;0,00000E+00;1,57033E-05;1,26440E-05;0,00000E+00;0,00000E+00;1,65208E-05;0,00000E+00;7,82525E-06;0,00000E+00;6,00855E-05;5,45192E-05;1,93537E-05;0,00000E+00;9,86779E-05;3,97369E-05;3,75612E-05;0,00000E+00;0,00000E+00;0,00000E+00;1,17927E-04
577;8,65721E-02;2,05690E-01;3,26928E-01;4,43641E-01;5,49965E-01;6,67815E-01;7,72844E-01;8,77770E-01;9,76808E-01;1,08637E+00;1,20622E+00;1,29750E+00;1,38487E+00;1,47918E+00;1,57799E+00;1,66725E+00;1,76297E+00;1,83939E+00;1,93901E+00;2,00934E+00;0,00000E+00;0,00000E+00;7,22892E-05;6,97950E-05;2,43091E-05;1,10494E-04;6,82294E-05;2,22511E-05;1,89875E-05;1,77140E-04;2,29447E-05;1,91941E-06;9,82754E-05;1,89965E-04;2,55860E-04;4,66801E-06;0,00000E+00;2,44994E-04;0,00000E+00;1,73700E-04;6,01917E-07;2,11727E-06;1,14839E-05;0,00000E+00;5,50001E-05;3,15357E-05;0,00000E+00;3,41147E-05;6,46564E-05;1,03235E-05;7,45743E-05;2,85671E-05;0,00000E+00;1,75313E-05;6,48778E-05;3,41147E-05;0,00000E+00;7,67581E-05;0,00000E+00;2,83677E-05
578;8,70541E-02;2,06688E-01;3,23985E-01;4,38794E-01;5,52265E-01;6,60969E-01;7,73100E-01;8,80843E-01;9,88638E-01;1,08858E+00;1,19135E+00;1,28738E+00;1,39607E+00;1,49430E+00;1,58570E+00;1,67882E+00;1,75999E+00;1,84098E+00;1,94148E+00;2,02257E+00;7,91626E-07;1,13866E-05;0,00000E+00;5,89877E-06;0,00000E+00;4,11645E-06;0,00000E+00;0,00000E+00;6,95915E-06;1,49757E-04;0,00000E+00;1,46061E-05;0,00000E+00;6,25294E-05;5,32830E-05;3,01937E-04;1,90319E-04;5,59655E-06;0,00000E+00;2,48690E-04;2,80304E-07;0,00000E+00;3,56525E-06;6,78179E-05;0,00000E+00;1,33189E-06;8,07188E-05;4,23452E-05;1,08207E-04;0,00000E+00;3,29646E-06;0,00000E+00;3,75396E-06;0,00000E+00;0,00000E+00;7,64615E-05;0,00000E+00;6,35470E-06;2,38301E-06;8,61363E-05
579;8,66793E-02;2,06204E-01;3,23722E-01;4,39920E-01;5,56024E-01;6,66126E-01;7,73817E-01;8,78478E-01;9,90288E-01;1,09546E+00;1,19803E+00;1,29751E+00;1,38501E+00;1,48861E+00;1,57970E+00;1,67315E+00;1,76969E+00;1,84381E+00;1,93769E+00;2,01676E+00;6,89423E-06;4,38219E-05;0,00000E+00;5,13721E-05;9,88729E-06;5,24945E-05;1,10121E-05;5,86668E-05;1,36410E-04;4,96536E-05;3,74730E-05;0,00000E+00;0,00000E+00;2,35207E-04;0,00000E+00;0,00000E+00;1,65746E-04;8,10676E-05;0,00000E+00;0,00000E+00;2,44115E-06;0,00000E+00;3,84634E-05;1,77896E-05;0,00000E+00;1,39074E-05;1,38004E-05;2,21300E-05;4,03420E-05;2,08746E-05;3,06128E-05;0,00000E+00;3,26930E-05;0,00000E+00;2,65270E-05;1,24521E-04;0,00000E+00;7,73669E-05;2,07535E-05;1,31439E-04
580;8,63413E-02;2,06534E-01;3,24583E-01;4,38637E-01;5,53668E-01;6,63847E-01;7,70631E-01;8,78633E-01;9,89486E-01;1,08837E+00;1,19221E+00;1,28922E+00;1,38629E+00;1,48780E+00;1,57946E+00;1,67109E+00;1,76786E+00;1,85749E+00;1,93010E+00;2,01796E+00;0,00000E+00;2,30468E-05;2,59038E-05;0,00000E+00;4,81585E-05;2,99041E-05;1,97846E-05;1,05402E-04;1,53843E-04;5,47897E-05;6,73250E-05;1,54662E-05;0,00000E+00;0,00000E+00;7,52277E-05;1,03438E-04;1,45940E-04;2,34754E-04;5,75629E-05;1,67577E-04;0,00000E+00;0,00000E+00;2,28163E-05;3,19612E-05;0,00000E+00;4,14667E-06;5,23301E-05;1,65783E-05;4,38697E-05;3,75039E-05;3,42104E-06;2,77062E-05;0,00000E+00;0,00000E+00;4,76590E-05;1,88069E-05;0,00000E+00;3,95691E-05;0,00000E+00;3,29121E-05
581;8,65546E-02;2,06806E-01;3,24056E-01;4,41602E-01;5,52731E-01;6,64812E-01;7,69633E-01;8,86167E-01;9,83994E-01;1,09192E+00;1,20579E+00;1,29892E+00;1,39542E+00;1,49946E+00;1,58019E+00;1,67665E+00;1,76414E+00;1,84297E+00;1,94672E+00;2,01122E+00;0,00000E+00;1,52704E-05;3,90501E-05;3,04290E-05;2,41138E-05;1,15022E-05;0,00000E+00;0,00000E+00;1,11232E-04;9,21991E-05;4,02820E-05;1,19353E-04;0,00000E+00;6,65862E-05;1,14431E-04;6,57863E-05;2,29662E-04;1,12364E-04;3,66098E-05;1,06578E-04;0,00000E+00;0,00000E+00;1,94884E-05;1,76020E-05;5,72538E-05;0,00000E+00;2,54174E-05;8,97086E-06;2,79010E-05;2,94518E-05;0,00000E+00;2,74304E-05;0,00000E+00;0,00000E+00;1,74981E-05;1,19612E-05;0,00000E+00;0,00000E+00;0,00000E+00;2,09320E-05
582;8,60615E-02;2,06158E-01;3,21373E-01;4,42218E-01;5,52461E-01;6,64933E-01;7,69500E-01;8,77760E-01;9,75450E-01;1,09403E+00;1,20176E+00;1,29530E+00;1,38626E+00;1,49314E+00;1,55878E+00;1,66202E+00;1,75154E+00;1,83163E+00;1,92255E+00;2,00850E+00;0,00000E+00;4,22633E-05;5,07321E-05;1,93944E-05;1,30579E-05;1,77602E-06;0,00000E+00;9,61817E-06;1,54414E-05;2,04224E-04;1,48886E-04;5,92238E-05;1,05648E-04;4,04757E-04;2,33246E-04;2,22965E-04;9,94487E-05;1,81259E-04;2,51975E-04;0,00000E+00;0,00000E+00;1,29654E-05;2,07659E-06;2,71787E-06;8,84042E-06;1,43789E-05;2,14389E-05;0,00000E+00;0,00000E+00;2,62222E-05;0,00000E+00;1,51464E-06;6,75454E-06;0,00000E+00;2,70184E-06;8,57556E-05;3,43023E-05;0,00000E+00;0,00000E+00;8,57556E-05
583;8,70848E-02;2,05806E-01;3,24536E-01;4,40500E-01;5,52838E-01;6,67064E-01;7,71780E-01;8,76750E-01;9,82126E-01;1,08677E+00;1,20120E+00;1,29502E+00;1,36935E+00;1,48282E+00;1,56799E+00;1,66343E+00;1,76680E+00;1,83920E+00;1,94174E+00;2,02352E+00;0,00000E+00;0,00000E+00;1,92956E-05;0,00000E+00;1,24755E-05;5,58016E-05;1,30263E-04;0,00000E+00;1,52163E-04;1,74176E-04;0,00000E+00;1,18163E-04;0,00000E+00;2,76342E-05;1,10537E-05;2,83420E-04;1,78689E-04;4,28294E-04;1,27583E-04;1,64155E-05;8,58047E-06;2,92461E-06;1,68313E-05;2,70558E-06;0,00000E+00;2,31675E-06;3,22400E-06;0,00000E+00;5,57068E-05;0,00000E+00;7,20778E-05;0,00000E+00;0,00000E+00;0,00000E+00;5,64820E-06;2,88160E-05;0,00000E+00;0,00000E+00;1,47383E-05;0,00000E+00
584;8,67120E-02;2,07514E-01;3,23182E-01;4,40702E-01;5,54211E-01;6,64117E-01;7,68649E-01;8,79230E-01;9,78262E-01;1,09212E+00;1,19484E+00;1,29423E+00;1,38069E+00;1,48876E+00;1,57919E+00;1,67388E+00;1,75442E+00;1,84471E+00;1,93366E+00;2,01495E+00;0,00000E+00;0,00000E+00;1,13996E-04;0,00000E+00;0,00000E+00;1,55878E-04;0,00000E+00;5,78948E-05;0,00000E+00;1,50212E-04;8,67429E-06;1,32723E-04;0,00000E+00;3,16447E-04;1,32314E-04;4,60831E-05;4,74280E-04;0,00000E+00;0,00000E+00;2,14747E-04;0,00000E+00;2,13506E-05;9,05468E-06;1,97515E-05;0,00000E+00;1,69130E-05;3,35732E-05;4,30158E-06;1,33787E-05;0,00000E+00;0,00000E+00;0,00000E+00;2,25876E-05;0,00000E+00;4,12336E-05;2,01738E-05;0,00000E+00;0,00000E+00;1,30536E-04;0,00000E+00
585;8,62764E-02;2,06449E-01;3,23412E-01;4,40907E-01;5,56190E-01;6,62138E-01;7,71257E-01;8,77316E-01;9,80927E-01;1,09451E+00;1,18489E+00;1,29273E+00;1,38654E+00;1,47890E+00;1,57530E+00;1,66248E+00;1,75898E+00;1,84153E+00;1,91579E+00;2,01239E+00;1,79487E-05;0,00000E+00;0,00000E+00;5,48695E-06;0,00000E+00;6,60553E-05;9,60545E-06;1,33848E-04;6,01092E-05;7,28709E-05;1,59678E-04;2,36977E-05;7,60727E-05;3,05753E-04;1,91380E-04;5,75517E-05;9,52440E-05;1,01514E-04;1,41118E-04;3,16558E-04;3,38955E-06;0,00000E+00;0,00000E+00;8,46395E-06;0,00000E+00;0,00000E+00;3,82800E-05;7,14330E-06;3,90214E-05;0,00000E+00;0,00000E+00;0,00000E+00;4,50752E-05;7,21491E-05;0,00000E+00;0,00000E+00;0,00000E+00;0,00000E+00;4,29003E-05;0,00000E+00
586;8,61050E-02;2,05923E-01;3,23641E-01;4,41681E-01;5,53688E-01;6,66339E-01;7,69875E-01;8,80010E-01;9,89077E-01;1,08166E+00;1,19726E+00;1,28350E+00;1,38258E+00;1,47528E+00;1,57184E+00;1,66110E+00;1,75644E+00;1,84004E+00;1,92300E+00;2,01147E+00;1,05175E-05;1,68660E-05;0,00000E+00;1,09129E-05;0,00000E+00;1,04307E-04;5,62852E-06;1,35449E-04;3,52223E-05;1,91312E-04;2,58360E-04;8,03775E-05;2,22448E-04;1,75347E-04;6,19137E-05;4,18934E-04;1,48231E-04;1,38603E-04;1,81679E-04;1,96059E-04;1,98618E-06;0,00000E+00;7,56035E-06;4,95963E-06;0,00000E+00;0,00000E+00;1,26642E-05;1,34756E-05;4,52097E-05;0,00000E+00;4,66025E-05;0,00000E+00;4,68894E-05;9,28866E-05;5,31185E-05;6,73779E-05;0,00000E+00;2,02134E-05;2,81426E-06;0,00000E+00
587;8,60296E-02;2,04820E-01;3,24012E-01;4,36271E-01;5,52681E-01;6,63545E-01;7,69998E-01;8,71007E-01;9,74598E-01;1,09149E+00;1,18712E+00;1,29094E+00;1,36476E+00;1,47305E+00;1,56476E+00;1,66926E+00;1,74595E+00;1,84286E+00;1,91645E+00;2,00210E+00;0,00000E+00;2,17548E-06;6,23444E-05;1,58222E-05;9,32345E-05;1,23370E-04;1,90375E-04;1,46211E-05;1,73285E-04;2,85265E-04;2,23448E-05;8,57645E-06;8,38610E-05;6,58257E-05;1,03841E-04;4,83077E-04;1,91198E-05;3,55691E-04;4,36539E-04;1,45455E-04;2,19859E-05;1,70080E-05;1,84529E-05;0,00000E+00;0,00000E+00;0,00000E+00;0,00000E+00;1,90450E-05;4,56130E-06;0,00000E+00;4,79075E-05;0,00000E+00;3,95555E-05;6,52790E-06;2,95917E-05;8,69081E-06;0,00000E+00;3,72209E-05;0,00000E+00;0,00000E+00
588;8,64306E-02;2,05384E-01;3,21000E-01;4,38096E-01;5,50133E-01;6,61412E-01;7,68467E-01;8,74345E-01;9,79981E-01;1,08362E+00;1,18734E+00;1,28149E+00;1,37317E+00;1,47097E+00;1,56579E+00;1,64958E+00;1,74837E+00;1,84931E+00;1,91289E+00;1,98957E+00;3,18287E-05;0,00000E+00;4,47671E-05;3,13623E-05;0,00000E+00;2,11877E-05;7,46601E-06;9,56996E-06;4,13814E-05;7,01142E-05;7,34974E-05;2,22550E-04;1,54324E-04;2,22117E-04;5,54618E-05;6,39943E-06;3,94799E-04;4,36699E-04;6,50616E-05;6,44558E-05;8,28014E-07;1,93506E-06;3,11163E-06;0,00000E+00;8,78875E-06;3,53765E-06;9,59915E-06;6,50818E-05;0,00000E+00;0,00000E+00;0,00000E+00;1,11896E-04;4,20043E-06;0,00000E+00;5,74356E-05;0,00000E+00;1,59986E-05;7,80879E-05;1,12912E-04;0,00000E+00
589;8,58580E-02;2,04998E-01;3,19674E-01;4,36433E-01;5,49586E-01;6,58422E-01;7,67928E-01;8,71943E-01;9,76699E-01;1,07457E+00;1,18748E+00;1,28139E+00;1,38841E+00;1,46983E+00;1,55422E+00;1,64772E+00;1,74386E+00;1,82634E+00;1,89895E+00;1,99646E+00;1,45363E-05;2,16352E-05;4,31120E-05;7,63374E-05;0,00000E+00;1,28781E-04;8,72644E-05;7,15893E-05;3,52620E-04;5,38543E-05;9,50254E-05;3,59232E-04;1,25501E-04;3,89956E-04;3,78987E-04;3,88963E-05;1,42620E-04;4,35658E-04;3,79734E-04;0,00000E+00;1,58013E-05;1,17615E-05;3,03268E-05;0,00000E+00;5,34188E-05;0,00000E+00;5,83445E-05;1,13448E-04;3,83834E-05;0,00000E+00;0,00000E+00;2,20375E-05;5,38086E-05;4,24477E-05;7,95008E-05;4,18854E-05;9,72408E-05;2,49327E-05;1,94482E-05;0,00000E+00
590;8,64345E-02;2,04600E-01;3,20411E-01;4,38006E-01;5,51857E-01;6,58339E-01;7,61844E-01;8,67689E-01;9,74304E-01;1,07176E+00;1,17072E+00;1,28354E+00;1,36969E+00;1,45995E+00;1,56251E+00;1,64211E+00;1,73498E+00;1,82643E+00;1,90766E+00;1,98171E+00;0,00000E+00;3,29052E-05;1,54273E-05;1,10432E-04;0,00000E+00;5,94757E-05;1,62077E-04;1,08680E-04;2,39948E-04;2,52174E-04;5,50549E-05;2,05704E-04;0,00000E+00;1,39455E-04;6,37040E-05;1,18047E-04;1,27885E-04;2,10828E-04;1,67126E-04;0,00000E+00;1,63781E-05;4,46189E-06;1,73597E-05;0,00000E+00;0,00000E+00;0,00000E+00;4,18085E-05;2,70525E-05;6,12462E-05;0,00000E+00;4,42263E-05;3,35171E-05;5,46309E-05;6,86642E-05;0,00000E+00;6,37040E-05;0,00000E+00;1,82011E-05;1,47559E-04;5,41051E-05
591;8,53029E-02;2,04558E-01;3,19606E-01;4,36850E-01;5,52309E-01;6,56535E-01;7,65128E-01;8,71062E-01;9,76337E-01;1,07840E+00;1,17347E+00;1,27363E+00;1,36714E+00;1,45811E+00;1,55580E+00;1,64819E+00;1,73921E+00;1,82250E+00;1,91477E+00;1,99447E+00;0,00000E+00;7,62278E-06;1,16151E-05;1,02921E-04;0,00000E+00;6,72130E-05;1,48365E-04;4,70535E-05;6,30942E-05;3,37436E-04;6,21755E-05;2,58756E-05;4,46171E-04;1,16901E-04;5,48139E-05;7,66328E-05;1,91505E-04;5,38165E-04;2,68432E-04;1,74433E-04;1,30563E-05;2,30968E-05;6,15057E-06;0,00000E+00;0,00000E+00;0,00000E+00;4,96944E-05;6,92352E-05;8,94333E-05;0,00000E+00;4,25326E-05;0,00000E+00;6,19579E-06;5,93719E-05;1,20037E-05;3,42587E-05;0,00000E+00;8,90726E-05;1,74586E-04;3,56944E-05
592;8,60167E-02;2,05824E-01;3,21097E-01;4,40049E-01;5,49141E-01;6,58726E-01;7,59411E-01;8,73778E-01;9,69578E-01;1,07683E+00;1,17523E+00;1,26642E+00;1,37213E+00;1,45849E+00;1,57148E+00;1,62978E+00;1,74108E+00;1,81736E+00;1,90584E+00;1,98153E+00;0,00000E+00;7,66373E-07;6,80099E-05;1,09550E-04;5,66445E-05;3,38419E-05;9,64396E-06;0,00000E+00;1,72429E-06;1,58260E-04;1,91780E-04;1,00881E-04;4,48567E-05;4,30233E-04;3,38477E-04;1,24049E-04;1,87645E-04;2,74896E-04;5,41910E-04;2,62916E-04;1,31264E-06;2,08296E-06;6,18361E-07;2,05892E-05;0,00000E+00;7,34597E-05;2,75542E-06;7,99901E-05;8,83764E-06;8,85860E-05;6,25108E-05;0,00000E+00;0,00000E+00;1,30619E-05;1,20682E-06;1,22065E-05;0,00000E+00;5,27664E-05;9,64396E-06;6,88854E-07
593;8,56642E-02;2,04069E-01;3,19107E-01;4,31763E-01;5,42972E-01;6,59816E-01;7,60017E-01;8,61390E-01;9,58876E-01;1,06938E+00;1,16330E+00;1,28680E+00;1,36092E+00;1,45602E+00;1,55321E+00;1,63635E+00;1,72333E+00;1,80667E+00;1,89952E+00;1,96905E+00;0,00000E+00;6,91655E-05;3,67373E-06;0,00000E+00;1,14669E-04;9,21464E-05;1,98808E-04;2,80466E-04;2,01486E-05;4,97265E-05;3,91084E-04;4,39803E-04;1,06534E-04;7,43017E-05;3,66972E-04;2,45572E-04;6,43948E-05;2,46909E-04;6,55781E-05;1,94341E-04;5,24389E-07;0,00000E+00;0,00000E+00;0,00000E+00;2,05814E-05;1,09011E-05;9,33696E-05;2,58585E-05;4,78581E-06;0,00000E+00;2,24873E-05;1,81350E-05;4,18261E-05;1,03352E-06;0,00000E+00;9,84804E-05;0,00000E+00;3,28268E-05;8,94972E-05;8,66853E-06
594;8,54987E-02;2,02903E-01;3,15916E-01;4,32993E-01;5,43402E-01;6,51888E-01;7,55384E-01;8,63332E-01;9,65060E-01;1,06216E+00;1,17636E+00;1,26429E+00;1,34993E+00;1,45189E+00;1,54264E+00;1,63285E+00;1,72528E+00;1,81130E+00;1,88091E+00;1,96774E+00;0,00000E+00;3,16537E-05;4,94596E-05;0,00000E+00;3,39780E-05;1,36651E-04;1,78868E-04;1,61876E-04;1,33781E-04;3,22082E-04;2,00191E-04;3,81875E-04;4,81774E-04;4,27137E-04;1,57253E-04;3,15040E-04;4,71865E-04;2,43730E-04;4,16431E-04;1,76954E-04;2,65723E-06;0,00000E+00;1,98834E-05;0,00000E+00;0,00000E+00;5,52389E-05;1,56878E-05;6,27514E-06;0,00000E+00;3,99886E-06;8,48753E-05;2,33080E-06;1,26142E-04;5,23714E-06;0,00000E+00;0,00000E+00;0,00000E+00;2,84787E-05;4,08151E-05;4,39260E-05
595;8,52795E-02;2,02607E-01;3,16774E-01;4,32645E-01;5,43275E-01;6,52717E-01;7,53078E-01;8,64306E-01;9,62925E-01;1,07287E+00;1,16982E+00;1,26650E+00;1,34771E+00;1,44009E+00;1,54143E+00;1,63353E+00;1,70959E+00;1,80682E+00;1,88138E+00;1,96326E+00;3,16938E-06;3,86662E-05;6,82240E-05;3,19731E-05;7,19437E-05;2,57932E-04;1,46819E-04;7,98983E-05;1,83604E-04;2,08978E-04;2,06115E-04;2,09226E-04;5,17254E-04;3,84990E-04;5,08599E-04;2,39061E-04;4,13554E-04;2,83029E-04;6,78918E-04;4,71117E-04;7,54143E-06;0,00000E+00;2,72987E-05;0,00000E+00;7,29203E-06;1,70636E-05;1,52651E-05;2,79861E-05;0,00000E+00;1,83510E-05;3,90628E-05;1,06962E-05;1,71093E-05;0,00000E+00;2,67434E-05;0,00000E+00;5,59722E-05;3,90995E-05;4,34439E-06;2,03535E-05
596;8,48852E-02;2,00676E-01;3,16915E-01;4,31955E-01;5,40366E-01;6,50424E-01;7,53940E-01;8,58867E-01;9,61391E-01;1,06570E+00;1,15925E+00;1,25078E+00;1,34220E+00;1,43462E+00;1,52927E+00;1,62608E+00;1,70969E+00;1,79811E+00;1,88736E+00;1,97643E+00;1,19733E-05;4,28576E-05;4,78920E-05;4,71704E-05;7,61398E-05;1,18040E-04;2,28660E-04;1,08591E-04;1,45337E-04;1,11650E-04;4,63510E-04;3,41139E-04;3,62029E-04;3,45725E-04;7,30653E-04;2,94643E-04;2,83455E-04;3,20964E-04;5,95344E-04;6,99607E-04;5,55364E-06;0,00000E+00;3,30086E-05;0,00000E+00;4,10984E-05;1,10281E-05;7,23918E-06;6,23006E-05;0,00000E+00;4,15045E-05;1,93778E-05;3,55489E-06;0,00000E+00;2,92276E-05;1,26825E-05;0,00000E+00;2,65437E-05;0,00000E+00;1,19070E-04;9,65224E-06
597;8,45428E-02;2,00901E-01;3,18014E-01;4,23611E-01;5,35646E-01;6,41179E-01;7,49480E-01;8,55850E-01;9,49694E-01;1,05012E+00;1,15928E+00;1,25066E+00;1,33354E+00;1,42067E+00;1,53014E+00;1,61635E+00;1,68809E+00;1,76963E+00;1,86728E+00;1,93775E+00;7,28592E-07;8,48530E-05;9,69856E-05;2,77041E-05;1,57621E-04;2,90949E-04;9,14894E-05;3,05052E-04;1,17129E-04;3,12826E-04;2,32580E-04;3,98279E-04;3,13713E-04;1,74206E-04;6,24783E-04;6,08212E-04;6,19228E-04;4,76895E-04;3,55066E-04;8,11798E-04;1,37592E-07;0,00000E+00;2,03130E-05;4,45394E-05;2,61926E-06;6,37686E-05;6,68995E-05;3,41174E-06;0,00000E+00;2,46375E-06;7,51799E-06;3,28519E-05;7,02579E-05;2,03385E-06;1,56271E-04;8,91994E-06;0,00000E+00;0,00000E+00;1,72056E-05;0,00000E+00
598;8,42922E-02;2,00456E-01;3,16331E-01;4,27878E-01;5,37448E-01;6,45719E-01;7,49649E-01;8,46693E-01;9,51410E-01;1,05039E+00;1,15847E+00;1,25633E+00;1,33582E+00;1,42992E+00;1,51643E+00;1,60527E+00;1,70022E+00;1,77112E+00;1,85577E+00;1,93856E+00;2,97580E-06;7,36270E-05;5,02287E-05;1,73061E-04;2,20240E-04;2,60367E-05;1,75043E-04;2,90311E-04;3,35550E-04;4,72451E-04;3,55919E-04;5,72370E-04;6,66898E-04;4,38057E-04;7,08517E-04;7,43778E-04;5,09070E-04;7,05978E-04;8,80228E-04;8,30445E-04;5,67339E-06;2,49048E-05;0,00000E+00;3,04043E-05;0,00000E+00;0,00000E+00;0,00000E+00;1,99066E-05;1,85740E-05;0,00000E+00;1,09606E-04;8,42282E-05;0,00000E+00;0,00000E+00;0,00000E+00;1,59768E-04;2,87098E-06;1,00484E-05;8,75892E-05;1,59253E-05
599;8,42431E-02;2,00995E-01;3,14941E-01;4,24342E-01;5,34316E-01;6,40966E-01;7,41430E-01;8,49185E-01;9,45638E-01;1,04677E+00;1,15299E+00;1,24560E+00;1,32973E+00;1,40864E+00;1,50417E+00;1,59057E+00;1,68079E+00;1,76821E+00;1,84750E+00;1,91609E+00;2,17196E-05;6,18872E-05;1,03400E-04;2,45813E-04;1,85319E-04;1,58572E-04;1,87017E-04;3,83383E-04;4,13444E-04;3,77547E-04;7,62117E-04;3,69312E-04;4,94122E-04;6,16591E-04;7,02273E-04;4,28966E-04;5,73715E-04;9,00132E-04;5,44747E-04;5,42498E-04;2,85580E-05;2,36970E-05;0,00000E+00;0,00000E+00;0,00000E+00;0,00000E+00;3,52057E-05;0,00000E+00;0,00000E+00;0,00000E+00;2,08477E-05;8,88085E-06;3,43321E-05;2,79830E-06;8,81111E-05;1,02481E-04;1,20566E-05;8,24333E-05;8,71760E-05;0,00000E+00
600;8,37159E-02;1,99366E-01;3,12900E-01;4,22371E-01;5,33111E-01;6,36000E-01;7,38075E-01;8,47008E-01;9,41025E-01;1,03624E+00;1,13729E+00;1,24606E+00;1,31864E+00;1,41547E+00;1,49994E+00;1,58919E+00;1,67142E+00;1,75955E+00;1,83840E+00;1,91258E+00;4,29871E-05;1,44307E-04;2,19412E-04;2,70095E-04;2,98666E-04;1,19402E-04;3,74260E-04;4,63221E-04;4,94028E-04;5,62636E-04;5,96286E-04;6,42553E-04;5,17456E-04;5,54284E-04;7,91882E-04;8,09412E-04;8,62193E-04;7,02993E-04;9,60699E-04;8,94517E-04;6,53521E-06;0,00000E+00;0,00000E+00;0,00000E+00;2,83136E-05;1,32510E-05;5,09852E-05;5,26859E-06;0,00000E+00;2,99617E-05;0,00000E+00;0,00000E+00;6,27622E-05;1,26543E-04;1,58590E-04;0,00000E+00;0,00000E+00;7,55799E-05;1,48829E-04;0,00000E+00
601;8,36251E-02;1,97784E-01;3,09228E-01;4,20449E-01;5,30978E-01;6,35958E-01;7,34016E-01;8,38633E-01;9,32050E-01;1,02969E+00;1,13027E+00;1,22582E+00;1,31077E+00;1,40660E+00;1,49752E+00;1,57260E+00;1,65286E+00;1,75967E+00;1,83169E+00;1,90326E+00;3,53835E-05;1,31423E-04;2,84081E-04;1,67229E-04;3,37003E-04;3,96245E-04;4,66735E-04;5,98047E-04;6,30172E-04;6,68996E-04;6,15397E-04;8,85653E-04;1,03944E-03;5,86255E-04;1,02392E-03;1,14178E-03;1,09003E-03;5,98173E-04;1,31225E-03;1,52645E-03;6,38338E-06;0,00000E+00;0,00000E+00;0,00000E+00;1,17075E-05;5,47920E-06;3,26779E-06;9,90302E-05;5,02043E-05;1,23890E-05;3,96968E-05;6,86981E-05;8,57959E-06;1,10783E-04;3,98444E-05;7,17420E-05;0,00000E+00;3,95894E-05;1,74282E-05;2,86968E-05
602;8,26829E-02;1,95299E-01;3,07385E-01;4,15694E-01;5,25424E-01;6,32219E-01;7,29159E-01;8,35926E-01;9,30629E-01;1,02286E+00;1,12644E+00;1,22796E+00;1,30328E+00;1,39634E+00;1,47684E+00;1,55663E+00;1,65057E+00;1,74146E+00;1,81110E+00;1,88894E+00;4,97581E-05;1,92910E-04;2,00909E-04;3,00898E-04;3,55420E-04;5,63395E-04;6,41113E-04;4,57369E-04;7,69229E-04;5,83685E-04;5,82515E-04;5,20267E-04;8,65421E-04;1,01922E-03;9,03391E-04;8,88860E-04;1,21470E-03;1,76799E-03;1,06147E-03;1,22671E-03;3,23140E-05;1,37501E-05;0,00000E+00;6,41102E-05;0,00000E+00;0,00000E+00;2,27364E-05;1,26223E-05;1,82864E-06;1,83891E-04;5,17686E-05;1,90074E-04;1,64757E-04;2,18088E-06;6,86702E-07;4,80860E-05;0,00000E+00;1,04525E-06;1,63702E-04;7,38018E-05
603;8,28353E-02;1,96987E-01;3,05717E-01;4,14330E-01;5,24996E-01;6,24145E-01;7,26805E-01;8,29361E-01;9,24350E-01;1,02170E+00;1,11433E+00;1,20124E+00;1,28741E+00;1,38915E+00;1,46918E+00;1,55272E+00;1,64523E+00;1,72400E+00;1,81631E+00;1,88154E+00;7,01786E-05;1,41068E-04;2,62151E-04;3,18969E-04;4,81422E-04;5,04445E-04;6,86196E-04;6,68580E-04;7,63231E-04;8,20980E-04;1,17639E-03;1,08991E-03;9,22600E-04;1,32651E-03;1,24753E-03;1,65000E-03;1,64171E-03;1,50491E-03;1,39273E-03;2,08375E-03;4,18867E-06;3,95044E-05;0,00000E+00;9,20228E-06;2,75330E-05;1,87313E-05;5,02476E-05;4,25626E-05;9,65138E-07;2,09152E-06;3,31965E-05;1,03112E-04;2,90526E-05;1,08734E-04;1,73968E-05;3,14453E-05;0,00000E+00;0,00000E+00;1,13145E-04;6,91650E-05
604;8,24654E-02;1,94485E-01;3,04697E-01;4,11950E-01;5,18570E-01;6,19354E-01;7,22358E-01;8,23911E-01;9,15939E-01;1,01363E+00;1,11891E+00;1,20295E+00;1,28240E+00;1,37529E+00;1,45537E+00;1,54443E+00;1,62387E+00;1,70865E+00;1,79413E+00;1,85611E+00;8,87081E-05;1,51046E-04;2,67558E-04;3,90758E-04;4,25031E-04;4,75228E-04;6,56320E-04;7,72516E-04;8,14569E-04;9,85277E-04;1,08410E-03;1,26482E-03;1,26783E-03;1,54570E-03;1,70622E-03;1,44463E-03;1,81947E-03;2,18497E-03;1,83385E-03;1,93122E-03;3,25826E-06;0,00000E+00;0,00000E+00;8,47509E-06;0,00000E+00;6,83102E-05;2,51484E-05;4,83777E-05;3,25422E-05;7,29289E-06;1,55301E-04;4,25078E-06;7,87944E-05;1,13757E-04;1,04487E-04;1,09646E-04;7,14749E-06;6,43274E-05;8,54781E-05;0,00000E+00
605;8,17402E-02;1,93888E-01;3,02727E-01;4,09546E-01;5,14562E-01;6,15855E-01;7,15722E-01;8,20515E-01;9,10984E-01;1,00450E+00;1,10096E+00;1,19120E+00;1,27292E+00;1,37848E+00;1,45397E+00;1,53226E+00;1,61289E+00;1,69648E+00;1,76049E+00;1,85284E+00;7,42194E-05;1,90885E-04;3,10050E-04;3,74519E-04;5,93228E-04;4,66598E-04;8,03993E-04;1,05838E-03;1,11016E-03;1,22970E-03;1,32005E-03;1,51135E-03;1,72655E-03;1,63009E-03;1,91811E-03;2,07089E-03;1,90398E-03;2,53646E-03;2,01055E-03;2,64714E-03;1,00781E-05;1,16252E-05;0,00000E+00;0,00000E+00;1,96769E-06;5,53121E-06;7,19691E-05;5,03200E-05;3,14446E-05;6,94077E-06;5,02205E-05;0,00000E+00;2,12355E-05;2,15493E-05;4,72331E-05;6,59067E-05;5,71331E-05;9,12962E-05;1,08273E-04;0,00000E+00
606;8,09978E-02;1,92373E-01;3,00420E-01;4,08421E-01;5,10967E-01;6,17811E-01;7,02576E-01;8,08620E-01;9,01912E-01;9,98854E-01;1,09116E+00;1,18755E+00;1,26367E+00;1,35917E+00;1,44668E+00;1,52047E+00;1,60847E+00;1,68313E+00;1,75038E+00;1,84817E+00;8,01953E-05;1,93542E-04;3,65733E-04;5,55489E-04;5,44667E-04;7,59009E-04;9,36986E-04;1,10577E-03;1,32620E-03;1,47525E-03;1,42490E-03;1,78888E-03;1,93116E-03;1,69177E-03;2,03104E-03;2,46563E-03;2,36654E-03;2,61252E-03;2,70108E-03;3,29505E-03;1,50379E-05;6,32354E-06;3,32348E-06;0,00000E+00;6,91350E-07;8,08893E-07;2,12267E-05;4,82424E-06;8,63624E-06;2,43864E-06;2,66938E-06;4,90884E-05;9,33171E-05;6,82406E-05;0,00000E+00;3,79658E-05;8,40096E-05;7,71879E-06;7,49893E-05;2,96188E-05
607;8,02083E-02;1,90469E-01;2,99132E-01;4,04838E-01;5,11273E-01;6,11342E-01;6,99735E-01;8,02903E-01;8,98579E-01;9,92556E-01;1,08984E+00;1,17387E+00;1,26747E+00;1,34190E+00;1,44150E+00;1,52416E+00;1,59004E+00;1,66672E+00;1,76041E+00;1,82681E+00;9,07121E-05;2,59598E-04;4,27298E-04;5,65378E-04;6,36955E-04;1,01587E-03;9,43013E-04;1,36105E-03;1,60064E-03;1,30597E-03;1,70834E-03;1,68937E-03;1,90619E-03;1,81118E-03;2,55768E-03;2,68882E-03;2,57686E-03;3,13507E-03;3,17743E-03;2,92422E-03;4,01665E-05;3,21752E-09;4,77587E-09;0,00000E+00;0,00000E+00;3,90934E-05;4,19676E-05;8,85982E-05;1,08785E-04;0,00000E+00;0,00000E+00;7,05405E-08;7,47981E-06;2,34391E-05;6,53547E-05;2,12813E-08;9,57658E-08;1,86522E-05;7,44845E-08;1,49261E-04
608;8,01915E-02;1,88839E-01;2,96252E-01;4,02106E-01;5,05492E-01;5,97366E-01;7,00794E-01;7,95619E-01;8,92823E-01;9,84921E-01;1,07860E+00;1,16557E+00;1,25103E+00;1,34046E+00;1,41961E+00;1,49429E+00;1,58134E+00;1,66225E+00;1,73649E+00;1,80934E+00;1,33428E-04;2,14490E-04;4,48702E-04;7,08355E-04;8,71638E-04;9,91467E-04;1,26828E-03;1,44936E-03;1,45983E-03;1,83076E-03;1,99099E-03;2,29858E-03;2,64076E-03;2,57645E-03;2,74881E-03;2,88761E-03;3,28286E-03;3,26519E-03;3,70265E-03;3,47845E-03;5,52773E-06;5,19986E-06;2,14398E-06;2,68079E-05;5,47641E-06;1,63710E-05;1,11432E-04;1,23959E-04;0,00000E+00;0,00000E+00;2,90744E-05;2,50183E-05;1,17026E-05;4,14611E-05;1,36654E-04;6,68592E-05;1,10378E-04;7,42880E-05;4,45728E-05;7,42880E-06
609;7,97040E-02;1,86749E-01;2,91033E-01;3,98736E-01;4,99573E-01;5,98203E-01;6,98178E-01;7,89680E-01;8,82087E-01;9,73311E-01;1,07688E+00;1,16013E+00;1,24696E+00;1,32240E+00;1,41785E+00;1,48542E+00;1,57226E+00;1,64644E+00;1,72227E+00;1,78924E+00;1,57432E-04;3,74827E-04;5,10211E-04;7,91709E-04;9,00030E-04;1,24955E-03;1,54352E-03;1,53497E-03;2,08159E-03;1,89898E-03;2,00853E-03;2,39281E-03;2,78700E-03;2,92641E-03;3,37243E-03;3,06079E-03;3,60105E-03;3,66677E-03;4,24742E-03;4,01693E-03;7,48048E-06;1,50026E-05;1,13532E-05;3,62761E-05;1,58004E-05;2,31085E-06;0,00000E+00;5,26151E-05;8,95188E-06;0,00000E+00;1,07774E-04;1,05623E-04;2,11592E-05;1,77274E-04;0,00000E+00;3,07014E-05;1,32581E-04;0,00000E+00;7,67534E-06;6,90781E-05
610;7,83473E-02;1,85273E-01;2,90103E-01;3,96045E-01;4,96936E-01;5,96334E-01;6,92149E-01;7,82650E-01;8,74409E-01;9,73179E-01;1,06125E+00;1,14775E+00;1,23439E+00;1,30585E+00;1,38954E+00;1,46996E+00;1,55794E+00;1,62671E+00;1,71159E+00;1,77294E+00;1,45027E-04;4,22586E-04;6,84157E-04;8,74210E-04;1,11034E-03;1,56932E-03;1,55518E-03;1,78053E-03;2,12662E-03;2,50910E-03;2,80733E-03;2,56862E-03;3,08866E-03;3,11061E-03;3,42991E-03;3,86181E-03;3,91955E-03;4,20599E-03;4,81409E-03;4,52995E-03;8,89399E-06;0,00000E+00;4,83879E-06;6,87880E-05;4,13744E-06;1,21022E-05;1,24146E-04;5,39041E-06;5,55245E-05;3,64856E-05;2,23699E-05;1,11921E-04;1,98135E-05;5,39851E-05;6,57540E-05;9,80394E-05;4,67169E-05;8,08390E-05;3,60583E-05;9,35560E-05
611;7,75253E-02;1,84039E-01;2,88446E-01;3,90105E-01;4,90171E-01;5,88178E-01;6,79359E-01;7,73039E-01;8,64834E-01;9,53596E-01;1,05423E+00;1,14342E+00;1,22113E+00;1,28976E+00;1,38350E+00;1,46527E+00;1,53578E+00;1,61085E+00;1,69018E+00;1,76092E+00;1,83594E-04;3,92357E-04;7,18284E-04;1,06634E-03;1,13900E-03;1,58923E-03;1,67218E-03;1,96194E-03;2,42241E-03;2,47621E-03;2,78150E-03;3,26568E-03;3,48916E-03;3,70020E-03;4,03729E-03;4,42708E-03;4,82918E-03;4,81899E-03;5,39301E-03;4,99948E-03;1,42321E-05;6,99320E-06;2,07605E-05;5,29764E-05;1,22400E-05;3,25711E-05;3,57762E-05;9,63634E-05;7,20283E-05;1,05144E-05;1,22637E-04;4,31007E-05;4,85764E-05;1,09376E-04;7,29719E-05;1,74150E-04;0,00000E+00;2,32961E-05;1,31665E-04;6,22836E-05
612;7,73181E-02;1,81062E-01;2,82658E-01;3,88985E-01;4,89867E-01;5,83164E-01;6,78734E-01;7,68112E-01;8,60034E-01;9,51868E-01;1,04053E+00;1,11262E+00;1,20128E+00;1,28207E+00;1,36775E+00;1,46151E+00;1,52738E+00;1,59583E+00;1,66929E+00;1,75985E+00;1,89332E-04;5,51078E-04;6,81725E-04;1,13122E-03;1,37853E-03;1,63885E-03;1,90204E-03;2,32265E-03;2,73873E-03;3,04184E-03;3,36503E-03;3,43691E-03;3,77054E-03;4,24517E-03;4,64774E-03;4,86480E-03;5,14089E-03;5,80571E-03;6,44343E-03;5,67805E-03;1,60400E-05;1,85582E-05;8,17874E-05;4,81701E-05;8,01723E-05;4,50975E-07;1,34481E-07;8,65556E-05;1,35340E-04;4,02994E-05;7,19240E-05;1,00668E-04;2,41904E-04;5,59217E-05;3,76960E-06;5,11026E-06;1,01298E-04;8,06884E-07;2,15169E-06;6,99299E-06
613;7,63067E-02;1,79121E-01;2,82290E-01;3,83507E-01;4,81832E-01;5,74061E-01;6,69299E-01;7,62310E-01;8,48629E-01;9,44154E-01;1,02536E+00;1,11329E+00;1,19046E+00;1,28194E+00;1,34499E+00;1,43337E+00;1,52118E+00;1,58156E+00;1,64989E+00;1,72446E+00;2,14987E-04;6,03458E-04;9,22094E-04;1,36744E-03;1,52286E-03;1,74104E-03;2,16648E-03;2,65642E-03;2,88694E-03;3,29010E-03;3,59619E-03;3,85745E-03;4,10519E-03;4,51725E-03;5,06609E-03;5,27442E-03;5,75494E-03;6,27154E-03;6,31014E-03;6,55370E-03;1,99469E-05;2,40329E-05;0,00000E+00;1,10115E-05;5,51840E-05;1,85069E-05;9,10233E-06;1,43343E-05;6,69772E-05;0,00000E+00;7,56101E-05;1,62439E-06;1,35695E-04;1,16062E-04;1,37310E-04;1,51824E-04;4,63553E-05;2,15349E-05;5,74263E-05;2,21920E-04
614;7,52007E-02;1,78845E-01;2,79301E-01;3,80746E-01;4,74589E-01;5,68159E-01;6,60517E-01;7,58562E-01;8,40942E-01;9,35457E-01;1,01244E+00;1,09538E+00;1,17972E+00;1,25383E+00;1,33481E+00;1,41559E+00;1,49616E+00;1,57359E+00;1,63679E+00;1,70213E+00;2,97628E-04;6,79556E-04;1,09902E-03;1,41715E-03;1,67410E-03;1,89360E-03;2,41417E-03;2,92990E-03;3,19168E-03;3,90496E-03;4,09964E-03;4,18389E-03;4,56098E-03;5,01952E-03;5,15280E-03;6,13295E-03;6,16804E-03;6,74015E-03;7,26553E-03;7,57024E-03;1,65051E-05;1,58728E-05;1,86232E-05;2,98672E-05;1,50453E-05;2,23600E-05;1,31232E-05;3,41204E-05;1,20984E-05;1,04872E-05;6,61805E-05;2,52608E-05;9,15085E-05;1,84791E-04;2,21846E-04;1,11432E-04;5,85914E-05;9,54329E-05;0,00000E+00;2,12616E-04
615;7,46522E-02;1,76180E-01;2,76421E-01;3,75934E-01;4,70052E-01;5,63710E-01;6,49999E-01;7,45409E-01;8,29831E-01;9,21662E-01;1,00191E+00;1,08398E+00;1,16043E+00;1,23560E+00;1,32190E+00;1,39738E+00;1,46117E+00;1,54364E+00;1,61427E+00;1,67512E+00;3,00073E-04;7,10663E-04;1,15625E-03;1,56452E-03;1,90144E-03;2,49329E-03;2,60109E-03;3,27425E-03;3,72362E-03;4,36608E-03;4,62018E-03;5,10915E-03;5,16233E-03;5,78017E-03;6,10868E-03;6,48599E-03;7,22480E-03;7,44131E-03;7,80012E-03;8,17899E-03;2,92759E-05;0,00000E+00;1,75759E-05;2,91395E-06;5,89056E-05;5,91499E-05;0,00000E+00;4,26267E-05;9,64237E-06;1,99017E-05;4,11710E-05;7,53628E-05;1,11303E-04;2,41357E-04;1,44520E-04;1,08241E-04;3,14964E-05;1,79582E-04;0,00000E+00;1,26874E-04
616;7,37566E-02;1,74234E-01;2,72121E-01;3,72103E-01;4,66180E-01;5,53615E-01;6,46899E-01;7,38025E-01;8,20475E-01;9,05962E-01;9,90937E-01;1,07698E+00;1,15369E+00;1,21432E+00;1,30617E+00;1,38018E+00;1,46090E+00;1,52037E+00;1,59849E+00;1,66601E+00;3,41854E-04;8,03699E-04;1,23375E-03;1,75511E-03;2,20932E-03;2,97014E-03;3,26700E-03;3,71219E-03;3,97334E-03;4,58945E-03;5,03280E-03;5,85024E-03;5,93605E-03;6,37576E-03;6,81883E-03;7,10843E-03;7,84476E-03;8,41302E-03;8,37458E-03;9,48150E-03;1,76801E-05;1,21494E-06;2,41616E-06;2,83236E-05;1,32066E-05;1,20182E-05;6,02690E-05;5,37541E-05;0,00000E+00;2,58802E-06;1,00045E-04;8,41035E-05;6,55678E-05;3,98801E-05;8,37148E-06;2,69939E-05;8,44545E-05;1,27676E-04;2,41076E-04;9,38556E-05
617;7,19572E-02;1,71571E-01;2,70427E-01;3,65417E-01;4,61855E-01;5,54815E-01;6,39571E-01;7,21856E-01;8,11715E-01;9,03430E-01;9,79216E-01;1,05694E+00;1,13580E+00;1,20930E+00;1,28756E+00;1,35729E+00;1,42872E+00;1,50221E+00;1,57588E+00;1,63344E+00;3,78329E-04;9,37084E-04;1,33863E-03;1,96337E-03;2,48734E-03;2,86095E-03;3,61980E-03;4,02697E-03;4,34232E-03;4,79452E-03;5,46285E-03;6,06917E-03;6,25532E-03;7,41053E-03;8,17743E-03;7,96198E-03;9,16738E-03;9,06145E-03;9,40775E-03;1,10878E-02;4,50242E-07;4,00607E-06;1,98212E-06;3,74761E-06;0,00000E+00;1,39686E-05;8,91265E-05;1,28068E-04;9,81227E-05;2,79044E-05;4,35648E-05;8,50029E-05;2,22616E-04;1,87671E-04;1,01605E-06;7,94907E-05;2,64969E-05;8,83230E-05;5,53137E-05;1,94758E-04
618;7,12122E-02;1,69853E-01;2,66268E-01;3,61427E-01;4,55106E-01;5,48913E-01;6,33517E-01;7,17006E-01;7,96519E-01;8,87101E-01;9,78523E-01;1,04465E+00;1,11985E+00;1,19810E+00;1,27290E+00;1,34384E+00;1,41821E+00;1,48508E+00;1,54948E+00;1,62730E+00;4,24744E-04;1,04386E-03;1,50988E-03;2,07385E-03;2,69519E-03;3,18311E-03;3,58125E-03;4,50329E-03;4,58617E-03;5,66743E-03;6,37443E-03;6,50832E-03;7,44920E-03;8,03532E-03;9,02508E-03;9,10519E-03;1,06014E-02;1,09134E-02;1,07574E-02;1,19584E-02;1,07054E-05;0,00000E+00;0,00000E+00;5,93818E-05;0,00000E+00;9,17624E-05;6,32708E-05;1,51805E-05;9,08409E-05;2,07830E-05;9,53040E-06;1,43930E-05;1,99282E-06;6,76997E-05;4,75302E-05;7,08424E-05;0,00000E+00;7,59026E-05;2,75581E-05;1,27943E-04
619;7,07796E-02;1,68562E-01;2,62981E-01;3,57730E-01;4,49270E-01;5,35363E-01;6,27470E-01;7,02882E-01;7,88592E-01;8,71266E-01;9,61434E-01;1,03274E+00;1,11347E+00;1,17815E+00;1,25415E+00;1,32939E+00;1,40644E+00;1,47313E+00;1,53039E+00;1,60162E+00;4,83773E-04;1,03966E-03;1,70981E-03;2,31617E-03;2,90928E-03;3,90860E-03;4,36225E-03;5,10359E-03;5,39331E-03;6,18841E-03;7,02402E-03;7,46729E-03;7,87983E-03;8,54549E-03;9,99431E-03;1,00791E-02;1,10190E-02;1,17731E-02;1,21270E-02;1,32637E-02;1,17322E-05;4,06858E-06;0,00000E+00;5,67029E-05;0,00000E+00;6,26584E-05;3,38671E-05;3,19018E-05;5,18881E-05;6,04430E-05;0,00000E+00;1,82057E-05;4,62855E-05;7,23477E-05;2,10716E-04;2,14656E-04;1,79403E-05;2,46968E-04;1,79403E-05;8,84233E-05
620;6,98042E-02;1,66402E-01;2,60607E-01;3,51411E-01;4,44555E-01;5,25745E-01;6,11071E-01;6,91681E-01;7,78707E-01;8,63870E-01;9,45277E-01;1,02057E+00;1,09377E+00;1,16561E+00;1,23606E+00;1,30322E+00;1,38619E+00;1,45673E+00;1,51180E+00;1,57780E+00;5,13482E-04;1,22900E-03;1,90316E-03;2,60029E-03;3,47513E-03;4,04802E-03;4,89279E-03;5,68078E-03;6,24133E-03;6,87958E-03;7,76739E-03;8,28142E-03;9,18439E-03;9,61179E-03;1,11613E-02;1,11756E-02;1,25881E-02;1,28034E-02;1,39327E-02;1,41377E-02;4,93260E-06;5,63090E-06;0,00000E+00;6,75948E-05;0,00000E+00;6,69777E-05;6,59821E-05;5,94308E-05;6,38183E-05;1,18977E-04;1,78099E-05;9,00931E-05;7,38815E-05;1,79020E-04;2,35218E-04;9,58683E-05;4,41414E-05;1,68748E-04;1,79327E-04;1,32424E-04
621;6,89217E-02;1,62835E-01;2,57111E-01;3,47396E-01;4,37847E-01;5,20278E-01;6,03344E-01;6,83175E-01;7,69948E-01;8,49694E-01;9,29340E-01;1,00786E+00;1,07337E+00;1,14865E+00;1,23092E+00;1,28967E+00;1,35315E+00;1,43306E+00;1,50338E+00;1,55531E+00;5,71944E-04;1,35312E-03;2,14586E-03;2,96053E-03;3,80795E-03;4,27257E-03;4,95469E-03;6,08458E-03;6,59958E-03;7,78756E-03;8,69118E-03;9,51570E-03;9,96551E-03;1,06093E-02;1,18669E-02;1,25730E-02;1,36438E-02;1,41371E-02;1,48795E-02;1,59012E-02;6,56202E-07;4,68581E-07;1,31713E-05;3,49791E-05;0,00000E+00;6,92888E-06;1,28807E-04;9,29786E-06;4,93577E-05;1,28229E-04;1,30441E-04;1,13274E-04;6,01559E-05;1,31692E-04;1,54825E-04;1,74922E-04;1,39317E-04;1,33913E-04;1,77782E-04;1,16110E-04
622;6,86526E-02;1,61974E-01;2,53257E-01;3,46248E-01;4,33086E-01;5,15400E-01;5,97510E-01;6,80453E-01;7,58381E-01;8,36256E-01;9,17129E-01;9,91343E-01;1,06319E+00;1,13992E+00;1,20152E+00;1,27156E+00;1,34041E+00;1,41037E+00;1,46999E+00;1,52813E+00;6,51304E-04;1,49129E-03;2,18171E-03;3,05296E-03;3,97006E-03;5,24605E-03;5,78067E-03;6,72616E-03;7,74721E-03;8,30401E-03;9,43370E-03;1,02429E-02;1,07979E-02;1,17006E-02;1,32899E-02;1,39601E-02;1,48435E-02;1,53347E-02;1,65993E-02;1,71953E-02;1,30428E-07;3,09294E-05;3,07206E-05;3,00436E-05;2,93221E-05;3,66315E-05;1,05775E-04;3,89700E-05;1,31934E-04;4,08707E-06;3,46557E-05;2,10445E-04;5,82249E-06;2,64237E-04;8,15871E-05;6,29480E-05;3,43312E-04;2,80665E-04;5,18597E-05;3,17024E-04
623;6,69126E-02;1,58462E-01;2,49714E-01;3,37947E-01;4,24560E-01;5,08621E-01;5,89715E-01;6,66203E-01;7,48227E-01;8,26877E-01;9,05890E-01;9,79963E-01;1,04596E+00;1,11418E+00;1,19166E+00;1,24672E+00;1,32672E+00;1,38516E+00;1,44843E+00;1,51046E+00;7,19144E-04;1,56244E-03;2,60512E-03;3,56269E-03;4,33301E-03;5,53320E-03;6,42238E-03;7,47762E-03;8,15879E-03;8,93035E-03;1,02641E-02;1,13593E-02;1,25018E-02;1,33022E-02;1,43363E-02;1,52192E-02;1,57494E-02;1,69334E-02;1,87743E-02;1,96206E-02;3,36060E-06;0,00000E+00;4,72731E-05;0,00000E+00;5,62623E-05;8,22851E-05;1,18155E-04;9,91943E-05;1,90789E-05;7,07611E-05;2,61376E-04;1,20466E-04;1,22824E-04;2,01595E-04;2,12730E-04;1,58341E-04;2,00715E-04;2,02567E-04;1,48882E-04;1,35282E-04
624;6,60189E-02;1,55662E-01;2,45169E-01;3,31855E-01;4,18553E-01;5,00603E-01;5,81160E-01;6,60676E-01;7,33042E-01;8,12033E-01;8,95173E-01;9,68435E-01;1,03083E+00;1,10442E+00;1,17140E+00;1,22898E+00;1,29862E+00;1,36700E+00;1,42425E+00;1,48677E+00;7,62083E-04;1,79016E-03;2,88937E-03;3,87694E-03;4,91239E-03;6,19314E-03;6,98483E-03;8,26249E-03;9,15983E-03;1,02373E-02;1,12298E-02;1,25920E-02;1,35489E-02;1,48306E-02;1,58273E-02;1,71377E-02;1,80281E-02;1,90460E-02;2,01717E-02;2,13592E-02;1,57892E-05;0,00000E+00;4,48733E-05;2,40846E-05;1,20966E-05;0,00000E+00;1,24964E-04;3,33914E-05;3,65668E-05;8,78235E-05;1,55153E-04;1,76624E-04;1,37325E-04;1,33137E-04;1,42876E-04;1,28991E-04;1,68179E-04;9,42330E-05;2,09851E-04;2,30883E-04
625;6,50693E-02;1,52898E-01;2,41465E-01;3,27135E-01;4,10596E-01;4,92612E-01;5,74423E-01;6,53346E-01;7,22832E-01;8,02596E-01;8,73780E-01;9,51923E-01;1,01618E+00;1,08656E+00;1,15305E+00;1,22043E+00;1,28631E+00;1,34084E+00;1,40452E+00;1,45618E+00;8,11177E-04;2,01241E-03;3,15518E-03;4,40713E-03;5,51110E-03;6,53390E-03;7,97147E-03;9,04526E-03;1,04845E-02;1,12652E-02;1,26382E-02;1,41268E-02;1,48898E-02;1,65930E-02;1,74125E-02;1,90919E-02;2,03447E-02;2,11171E-02;2,21888E-02;2,36293E-02;1,36240E-05;4,09114E-06;7,63254E-06;4,48551E-05;6,56112E-06;0,00000E+00;3,92430E-05;8,88030E-05;9,47887E-05;9,70627E-05;7,64919E-05;1,44781E-04;1,37331E-04;2,09958E-04;9,26842E-05;2,33444E-04;2,12514E-04;2,04666E-04;4,27458E-04;3,27704E-04
626;6,39129E-02;1,51216E-01;2,37854E-01;3,24036E-01;4,05704E-01;4,85976E-01;5,58977E-01;6,42362E-01;7,12551E-01;7,94532E-01;8,63576E-01;9,34670E-01;1,00577E+00;1,06107E+00;1,13749E+00;1,19728E+00;1,26589E+00;1,32087E+00;1,38318E+00;1,45317E+00;9,69546E-04;2,24020E-03;3,58849E-03;4,64775E-03;5,99598E-03;7,10145E-03;8,87672E-03;9,94323E-03;1,15017E-02;1,26539E-02;1,36047E-02;1,56710E-02;1,62937E-02;1,90391E-02;1,90759E-02;2,03207E-02;2,23757E-02;2,34355E-02;2,39396E-02;2,58481E-02;7,01311E-07;4,00634E-07;0,00000E+00;4,90502E-05;0,00000E+00;0,00000E+00;5,64766E-05;6,37638E-05;1,94815E-04;8,37189E-06;5,82104E-05;9,27142E-06;2,38886E-04;2,27432E-04;2,19491E-04;2,25753E-04;1,21489E-04;1,99687E-04;4,54819E-04;2,59769E-04
627;6,27987E-02;1,49305E-01;2,35811E-01;3,17128E-01;3,95596E-01;4,75537E-01;5,52602E-01;6,27457E-01;7,06053E-01;7,75181E-01;8,44450E-01;9,13591E-01;9,72738E-01;1,04277E+00;1,11469E+00;1,17335E+00;1,23680E+00;1,30782E+00;1,34582E+00;1,42190E+00;1,01889E-03;2,41684E-03;3,76406E-03;4,94035E-03;6,89385E-03;8,18629E-03;9,65889E-03;1,11918E-02;1,21071E-02;1,39550E-02;1,55571E-02;1,61287E-02;1,82785E-02;1,99244E-02;2,11183E-02;2,19697E-02;2,38838E-02;2,61710E-02;2,68094E-02;2,77039E-02;4,69691E-06;4,12038E-06;4,83802E-05;6,77057E-06;6,33433E-05;5,83944E-05;5,41257E-05;7,76168E-05;1,57691E-04;1,26611E-04;1,00034E-04;7,94721E-05;3,05439E-05;2,42912E-04;1,10669E-04;1,52832E-04;2,00935E-04;1,34024E-04;4,19599E-04;3,01303E-04
628;6,20439E-02;1,47174E-01;2,29228E-01;3,11777E-01;3,90139E-01;4,67141E-01;5,41077E-01;6,16196E-01;6,88045E-01;7,61476E-01;8,24248E-01;9,00439E-01;9,64538E-01;1,02664E+00;1,09962E+00;1,14885E+00;1,21200E+00;1,27601E+00;1,33052E+00;1,38367E+00;1,17789E-03;2,74555E-03;4,26689E-03;5,64015E-03;7,46641E-03;9,18191E-03;1,06846E-02;1,21493E-02;1,37858E-02;1,54071E-02;1,71263E-02;1,80866E-02;2,02457E-02;2,17766E-02;2,34411E-02;2,51712E-02;2,60309E-02;2,73385E-02;2,93461E-02;3,15335E-02;5,72158E-06;1,53041E-05;9,38883E-05;4,55271E-05;6,15978E-05;3,62026E-05;1,22527E-04;1,21088E-04;1,35183E-04;1,27772E-04;1,43449E-04;1,81356E-04;1,63629E-04;1,09950E-04;1,38902E-04;4,51396E-05;3,13799E-04;2,37107E-04;4,26195E-04;2,35382E-04
629;6,13436E-02;1,44851E-01;2,26562E-01;3,07503E-01;3,81181E-01;4,62137E-01;5,36552E-01;6,08718E-01;6,81337E-01;7,45579E-01;8,13873E-01;8,89491E-01;9,56124E-01;1,01288E+00;1,08188E+00;1,13689E+00;1,19499E+00;1,26024E+00;1,31263E+00;1,36028E+00;1,26992E-03;3,04997E-03;4,71478E-03;6,27085E-03;8,06336E-03;9,84467E-03;1,18268E-02;1,32944E-02;1,50990E-02;1,70338E-02;1,91430E-02;2,03781E-02;2,23300E-02;2,41497E-02;2,56012E-02;2,76869E-02;2,89203E-02;3,03063E-02;3,28297E-02;3,35435E-02;6,58951E-06;3,94348E-05;3,45675E-05;3,68741E-05;1,82169E-05;1,05199E-04;1,25481E-04;1,06868E-04;7,44596E-05;1,83680E-04;1,45569E-04;1,81614E-04;1,15278E-04;1,31326E-04;2,02486E-04;1,82453E-04;2,59890E-04;3,00799E-04;2,68096E-04;3,16080E-04
630;5,97403E-02;1,41766E-01;2,22347E-01;3,01070E-01;3,76293E-01;4,51699E-01;5,26921E-01;6,01474E-01;6,64866E-01;7,35749E-01;8,10767E-01;8,73734E-01;9,27682E-01;9,98357E-01;1,06050E+00;1,11311E+00;1,17032E+00;1,23268E+00;1,29618E+00;1,34785E+00;1,37078E-03;3,29294E-03;5,23124E-03;6,93884E-03;9,01741E-03;1,12756E-02;1,30835E-02;1,49005E-02;1,65086E-02;1,87425E-02;2,10598E-02;2,26733E-02;2,42667E-02;2,66249E-02;2,87943E-02;3,07724E-02;3,25317E-02;3,44889E-02;3,61458E-02;3,78858E-02;1,56310E-06;2,89893E-05;4,15399E-05;8,45684E-06;5,49799E-05;2,78519E-05;3,32217E-05;2,43626E-05;1,22151E-04;1,68542E-04;2,08781E-04;2,56022E-04;8,43608E-05;2,59714E-04;2,72175E-04;3,16569E-04;2,49965E-04;2,17689E-04;1,44916E-04;4,05795E-04
631;5,93286E-02;1,38586E-01;2,17721E-01;2,99419E-01;3,71393E-01;4,44489E-01;5,15210E-01;5,82972E-01;6,48113E-01;7,16544E-01;7,85331E-01;8,60375E-01;9,13730E-01;9,71023E-01;1,03833E+00;1,09771E+00;1,15885E+00;1,20811E+00;1,27137E+00;1,33474E+00;1,54887E-03;3,60856E-03;5,63196E-03;8,10580E-03;1,00197E-02;1,18363E-02;1,39076E-02;1,63914E-02;1,81375E-02;2,00818E-02;2,33082E-02;2,50007E-02;2,69514E-02;2,83181E-02;3,14723E-02;3,28654E-02;3,51898E-02;3,76619E-02;3,87232E-02;4,06820E-02;0,00000E+00;2,79006E-05;3,61465E-05;6,12537E-05;1,90909E-06;1,02621E-04;2,13078E-04;1,26940E-04;4,03968E-06;2,22763E-04;1,06607E-04;7,26135E-06;3,09403E-04;1,13725E-04;4,52714E-04;1,63999E-04;3,71212E-04;2,22940E-04;2,94412E-04;2,01867E-04
632;5,75791E-02;1,36616E-01;2,14854E-01;2,90613E-01;3,65093E-01;4,36917E-01;5,05906E-01;5,67384E-01;6,39998E-01;7,10322E-01;7,78401E-01;8,48016E-01;8,95690E-01;9,59637E-01;1,01354E+00;1,08731E+00;1,13186E+00;1,18843E+00;1,24765E+00;1,30171E+00;1,71230E-03;4,09146E-03;6,21789E-03;8,69845E-03;1,09957E-02;1,35671E-02;1,57233E-02;1,78992E-02;2,04532E-02;2,30073E-02;2,51956E-02;2,69821E-02;2,97479E-02;3,17750E-02;3,40984E-02;3,76742E-02;3,90514E-02;4,09399E-02;4,28629E-02;4,59076E-02;2,21385E-05;2,41069E-05;2,75416E-05;9,19133E-05;3,01548E-05;5,58050E-05;5,83032E-05;1,83086E-04;1,63835E-04;1,58667E-04;2,36972E-04;2,72653E-04;2,21889E-04;1,77264E-04;7,70754E-05;2,90127E-04;3,30830E-04;3,26243E-04;5,06034E-04;5,50105E-04
633;5,72020E-02;1,34032E-01;2,08101E-01;2,84138E-01;3,55070E-01;4,28780E-01;4,99170E-01;5,62169E-01;6,29922E-01;6,93909E-01;7,59080E-01;8,25390E-01;8,78349E-01;9,47817E-01;9,98259E-01;1,05924E+00;1,11884E+00;1,16411E+00;1,21531E+00;1,27871E+00;1,85428E-03;4,44191E-03;6,92140E-03;9,64756E-03;1,24561E-02;1,47151E-02;1,71550E-02;2,01085E-02;2,27528E-02;2,53630E-02;2,82529E-02;3,00767E-02;3,29489E-02;3,51467E-02;3,77168E-02;4,05087E-02;4,31799E-02;4,54636E-02;4,79614E-02;5,07408E-02;6,16032E-06;2,50196E-05;5,56506E-05;9,24782E-05;1,38654E-04;1,10323E-04;1,45233E-04;7,88980E-05;1,56468E-04;1,92154E-04;3,01468E-04;1,51303E-04;1,93693E-04;3,91429E-04;2,30035E-04;3,36258E-04;3,92301E-04;4,80914E-04;3,16503E-04;4,38507E-04
634;5,55986E-02;1,31418E-01;2,05748E-01;2,77964E-01;3,51418E-01;4,19955E-01;4,85952E-01;5,55113E-01;6,17960E-01;6,83719E-01;7,49788E-01;8,05452E-01;8,59511E-01;9,25718E-01;9,79457E-01;1,03854E+00;1,08965E+00;1,13701E+00;1,19577E+00;1,24922E+00;2,07817E-03;4,96431E-03;7,97704E-03;1,07635E-02;1,37932E-02;1,63094E-02;1,87609E-02;2,23497E-02;2,49715E-02;2,74942E-02;3,05870E-02;3,35533E-02;3,58442E-02;3,89696E-02;4,20850E-02;4,52486E-02;4,72334E-02;4,98838E-02;5,27192E-02;5,61575E-02;1,42408E-05;7,08050E-06;7,53597E-05;5,86666E-05;9,56890E-05;7,61526E-05;5,97844E-05;9,06309E-05;1,34088E-04;1,67688E-04;1,11508E-04;1,41551E-04;1,74987E-04;2,68194E-04;3,28725E-04;2,30002E-04;4,25785E-04;3,66001E-04;4,10584E-04;4,44599E-04
635;5,42302E-02;1,29208E-01;2,02020E-01;2,73852E-01;3,41760E-01;4,16921E-01;4,73820E-01;5,49021E-01;6,11379E-01;6,75161E-01;7,36343E-01;8,01154E-01;8,54179E-01;9,03759E-01;9,72604E-01;1,01482E+00;1,06951E+00;1,12742E+00;1,17485E+00;1,23571E+00;2,32920E-03;5,45232E-03;8,43720E-03;1,18083E-02;1,49011E-02;1,83390E-02;2,13020E-02;2,42540E-02;2,72124E-02;3,03799E-02;3,44602E-02;3,64621E-02;4,01474E-02;4,27206E-02;4,65537E-02;4,98221E-02;5,16245E-02;5,52124E-02;5,90469E-02;6,09763E-02;5,74115E-06;3,22858E-05;7,70773E-05;4,87471E-05;2,41066E-05;1,27400E-04;1,58258E-04;1,70317E-04;2,09561E-04;2,27971E-04;2,09223E-04;3,53284E-04;2,46729E-04;2,50002E-04;3,09377E-04;2,19636E-04;4,03955E-04;3,09977E-04;5,13058E-04;3,85233E-04
636;5,32650E-02;1,26616E-01;1,96989E-01;2,71037E-01;3,35281E-01;4,02527E-01;4,71312E-01;5,36011E-01;5,86932E-01;6,60827E-01;7,13083E-01;7,77379E-01;8,33343E-01;8,86266E-01;9,48501E-01;9,98959E-01;1,05060E+00;1,10599E+00;1,14355E+00;1,19707E+00;2,66207E-03;6,06635E-03;9,91751E-03;1,34306E-02;1,64818E-02;1,99723E-02;2,39287E-02;2,70418E-02;3,08069E-02;3,33066E-02;3,75119E-02;4,22553E-02;4,40657E-02;4,74790E-02;5,01614E-02;5,49555E-02;5,81703E-02;5,98751E-02;6,40180E-02;6,73669E-02;5,72487E-06;8,07525E-07;2,90873E-05;8,73160E-05;5,03663E-05;7,16382E-05;1,62340E-04;1,54527E-04;1,63680E-04;2,86646E-04;1,90130E-04;1,55461E-04;2,47379E-04;4,49787E-04;3,44721E-04;4,39963E-04;3,22290E-04;3,20833E-04;6,45837E-04;6,43247E-04
637;5,24682E-02;1,24061E-01;1,93784E-01;2,65413E-01;3,31356E-01;3,99563E-01;4,59337E-01;5,23516E-01;5,83427E-01;6,47643E-01;6,98240E-01;7,62323E-01;8,13821E-01;8,73197E-01;9,27587E-01;9,85857E-01;1,02183E+00;1,08082E+00;1,12872E+00;1,18042E+00;2,83814E-03;6,63107E-03;1,06372E-02;1,44979E-02;1,83998E-02;2,19329E-02;2,57219E-02;3,01581E-02;3,37547E-02;3,73224E-02;4,12007E-02;4,48291E-02;4,93839E-02;5,26870E-02;5,64796E-02;5,97230E-02;6,38818E-02;6,67988E-02;6,96464E-02;7,61237E-02;2,43092E-05;5,28167E-05;1,88055E-05;5,56248E-05;6,00695E-05;1,30768E-04;9,10711E-05;2,06774E-04;1,72977E-04;1,69883E-04;2,95597E-04;3,38621E-04;4,62302E-04;3,08625E-04;4,13385E-04;4,76638E-04;5,39260E-04;5,39981E-04;6,34616E-04;5,14557E-04
638;5,16483E-02;1,21633E-01;1,90332E-01;2,57227E-01;3,24965E-01;3,91115E-01;4,47973E-01;5,09095E-01;5,71889E-01;6,35592E-01;6,85043E-01;7,45271E-01;7,99545E-01;8,58157E-01;9,00057E-01;9,60891E-01;1,01217E+00;1,05068E+00;1,10689E+00;1,16241E+00;3,21655E-03;7,50773E-03;1,16474E-02;1,60946E-02;2,03981E-02;2,48427E-02;2,90539E-02;3,26513E-02;3,73563E-02;4,14581E-02;4,56143E-02;5,04374E-02;5,39345E-02;5,84332E-02;6,10458E-02;6,50301E-02;6,89997E-02;7,36785E-02;7,79279E-02;8,02458E-02;7,44361E-07;5,62933E-05;5,00085E-05;1,02171E-04;1,08513E-04;1,01086E-04;9,21641E-05;2,75695E-04;1,85615E-04;3,07259E-04;1,83675E-04;2,36109E-04;3,70033E-04;3,64789E-04;5,04842E-04;5,46404E-04;4,96040E-04;6,30902E-04;5,37574E-04;4,69794E-04
639;5,05228E-02;1,19856E-01;1,87376E-01;2,52206E-01;3,18382E-01;3,82792E-01;4,40694E-01;5,02440E-01;5,64926E-01;6,16764E-01;6,75161E-01;7,35378E-01;7,80260E-01;8,43740E-01;8,83014E-01;9,32738E-01;9,94050E-01;1,03562E+00;1,09048E+00;1,14896E+00;3,55234E-03;8,32839E-03;1,31054E-02;1,79262E-02;2,26477E-02;2,73905E-02;3,23945E-02;3,64556E-02;4,16887E-02;4,68391E-02;5,06194E-02;5,52851E-02;6,00802E-02;6,38620E-02;6,77820E-02;7,32550E-02;7,69703E-02;8,23137E-02;8,62932E-02;8,83233E-02;2,01400E-05;3,49911E-05;6,86703E-05;1,49271E-04;6,02319E-05;1,35871E-04;1,27014E-04;1,82017E-04;2,00348E-04;2,57950E-04;3,04816E-04;2,70173E-04;4,92430E-04;4,33741E-04;4,91121E-04;5,22047E-04;6,79344E-04;6,01468E-04;7,93083E-04;5,82688E-04
640;4,95185E-02;1,17137E-01;1,83662E-01;2,48549E-01;3,10108E-01;3,70496E-01;4,33109E-01;4,88927E-01;5,44555E-01;6,03222E-01;6,59224E-01;7,08877E-01;7,70865E-01;8,17219E-01;8,62830E-01;9,03112E-01;9,71606E-01;1,02320E+00;1,06267E+00;1,10535E+00;3,96922E-03;9,25167E-03;1,45180E-02;2,00494E-02;2,54948E-02;3,00036E-02;3,65327E-02;4,12179E-02;4,61865E-02;5,12507E-02;5,53949E-02;5,99203E-02;6,63206E-02;7,08298E-02;7,45061E-02;8,16829E-02;8,53909E-02;9,08423E-02;9,53787E-02;9,94219E-02;6,73185E-06;5,85611E-05;1,09486E-04;8,66591E-05;1,01764E-04;2,12950E-04;2,62685E-04;2,17817E-04;1,93886E-04;3,29459E-04;2,83768E-04;3,27797E-04;3,19017E-04;4,03938E-04;6,11731E-04;4,54468E-04;8,44493E-04;7,03767E-04;8,49941E-04;5,40302E-04
641;4,80157E-02;1,15623E-01;1,77960E-01;2,42951E-01;3,04646E-01;3,65444E-01;4,22859E-01;4,81623E-01;5,34286E-01;5,88421E-01;6,53950E-01;7,04829E-01;7,53658E-01;8,15523E-01;8,60745E-01;9,09668E-01;9,45861E-01;9,98795E-01;1,04266E+00;1,07861E+00;4,40564E-03;1,03474E-02;1,61134E-02;2,20666E-02;2,82400E-02;3,40894E-02;4,02324E-02;4,53008E-02;5,13723E-02;5,69734E-02;6,15958E-02;6,76914E-02;7,36665E-02;7,87957E-02;8,52782E-02;8,92850E-02;9,47753E-02;9,85550E-02;1,06002E-01;1,09022E-01;2,91402E-05;7,55308E-05;1,11820E-04;1,50034E-04;2,64615E-04;2,02292E-04;2,94605E-04;2,91217E-04;2,87662E-04;3,26754E-04;4,90469E-04;5,51014E-04;3,46544E-04;3,51481E-04;4,05707E-04;7,93866E-04;4,76368E-04;7,06627E-04;6,45789E-04;5,95018E-04
642;4,74096E-02;1,11888E-01;1,75926E-01;2,37983E-01;2,99210E-01;3,59647E-01;4,13932E-01;4,69952E-01;5,26006E-01;5,81844E-01;6,40749E-01;6,86743E-01;7,43698E-01;7,82845E-01;8,37961E-01;8,85897E-01;9,20757E-01;9,76483E-01;1,02443E+00;1,06149E+00;4,97505E-03;1,13522E-02;1,82477E-02;2,46336E-02;3,14216E-02;3,77213E-02;4,40976E-02;5,05903E-02;5,63442E-02;6,22548E-02;6,87599E-02;7,48871E-02;8,08962E-02;8,73050E-02;9,27109E-02;9,81565E-02;1,04373E-01;1,09920E-01;1,15633E-01;1,21725E-01;1,50151E-05;8,26042E-05;8,14750E-05;9,98430E-05;1,52550E-04;1,79346E-04;1,22831E-04;3,50380E-04;3,23067E-04;3,24604E-04;3,44097E-04;5,03255E-04;5,45112E-04;5,85840E-04;4,65513E-04;7,32351E-04;7,39620E-04;6,59530E-04;7,95559E-04;9,88283E-04
643;4,64462E-02;1,09466E-01;1,71896E-01;2,33045E-01;2,91299E-01;3,50389E-01;4,04102E-01;4,61763E-01;5,15536E-01;5,72944E-01;6,25363E-01;6,71277E-01;7,20379E-01;7,63290E-01;8,15407E-01;8,66094E-01;9,10074E-01;9,59653E-01;1,00161E+00;1,04068E+00;5,46734E-03;1,27592E-02;1,99918E-02;2,74911E-02;3,49418E-02;4,20775E-02;4,88630E-02;5,59766E-02;6,27608E-02;6,94033E-02;7,60429E-02;8,34352E-02;8,99065E-02;9,68968E-02;1,04290E-01;1,11011E-01;1,15010E-01;1,22240E-01;1,28256E-01;1,32739E-01;1,86024E-05;6,23587E-05;8,78132E-05;1,56305E-04;1,93870E-04;1,81111E-04;2,52619E-04;2,53065E-04;3,16918E-04;3,74649E-04;4,35405E-04;4,70328E-04;6,16407E-04;6,89453E-04;6,54861E-04;7,23916E-04;8,96069E-04;9,83055E-04;1,00448E-03;1,03508E-03
644;4,52914E-02;1,07716E-01;1,67791E-01;2,29040E-01;2,85284E-01;3,39606E-01;3,98715E-01;4,55758E-01;5,07710E-01;5,58102E-01;6,14217E-01;6,54386E-01;7,04776E-01;7,44415E-01;7,93153E-01;8,41427E-01;8,85730E-01;9,29249E-01;9,72105E-01;1,02753E+00;6,11933E-03;1,43663E-02;2,21127E-02;3,06128E-02;3,86920E-02;4,62182E-02;5,41835E-02;6,16899E-02;6,96364E-02;7,78214E-02;8,48981E-02;9,20455E-02;9,93137E-02;1,06465E-01;1,15433E-01;1,20753E-01;1,27823E-01;1,33767E-01;1,41326E-01;1,47383E-01;2,52771E-05;4,80363E-05;6,29938E-05;1,63350E-04;1,83411E-04;2,06421E-04;2,32288E-04;4,01553E-04;3,35764E-04;3,13443E-04;4,47478E-04;4,92216E-04;5,61636E-04;7,76699E-04;8,45007E-04;7,93664E-04;1,00812E-03;9,55834E-04;1,11482E-03;1,11513E-03
645;4,44985E-02;1,04279E-01;1,65160E-01;2,24390E-01;2,77879E-01;3,34285E-01;3,88076E-01;4,44494E-01;4,94048E-01;5,48364E-01;5,89952E-01;6,36251E-01;6,94088E-01;7,22939E-01;7,86260E-01;8,30348E-01;8,69541E-01;9,02206E-01;9,62880E-01;9,91178E-01;6,80674E-03;1,59075E-02;2,45581E-02;3,41495E-02;4,28015E-02;5,16025E-02;6,02688E-02;6,79206E-02;7,72499E-02;8,63536E-02;9,38985E-02;1,02970E-01;1,10485E-01;1,17975E-01;1,24782E-01;1,33326E-01;1,40725E-01;1,47573E-01;1,57835E-01;1,64734E-01;8,47750E-06;3,81491E-05;1,37528E-04;1,60829E-04;1,87565E-04;2,44637E-04;2,78076E-04;4,55729E-04;5,82594E-04;4,90802E-04;4,77269E-04;7,42829E-04;4,26542E-04;7,62112E-04;8,54781E-04;7,81851E-04;1,07366E-03;8,27340E-04;1,16893E-03;1,18953E-03
646;4,34653E-02;1,03662E-01;1,61318E-01;2,14916E-01;2,72398E-01;3,28272E-01;3,79509E-01;4,28569E-01;4,80306E-01;5,33334E-01;5,81741E-01;6,32018E-01;6,69660E-01;7,20868E-01;7,59679E-01;8,10132E-01;8,62272E-01;8,94815E-01;9,41683E-01;9,76920E-01;7,62240E-03;1,74207E-02;2,79564E-02;3,77339E-02;4,73775E-02;5,72636E-02;6,66978E-02;7,62655E-02;8,56923E-02;9,41948E-02;1,04603E-01;1,12446E-01;1,21097E-01;1,30487E-01;1,38729E-01;1,46940E-01;1,56899E-01;1,63154E-01;1,72212E-01;1,77852E-01;1,41071E-05;9,42344E-05;1,49542E-04;2,00627E-04;1,86669E-04;2,53180E-04;2,80034E-04;4,60989E-04;5,49127E-04;5,73483E-04;6,44291E-04;8,97786E-04;6,59410E-04;9,56224E-04;9,39291E-04;9,63656E-04;1,12076E-03;1,30139E-03;1,00684E-03;1,25372E-03
647;4,24946E-02;1,00521E-01;1,57124E-01;2,12277E-01;2,67172E-01;3,19356E-01;3,69245E-01;4,20496E-01;4,71747E-01;5,23632E-01;5,75176E-01;6,16387E-01;6,55615E-01;7,04534E-01;7,49185E-01;7,91806E-01;8,33190E-01;8,69628E-01;9,12462E-01;9,56102E-01;8,50220E-03;1,95753E-02;3,05069E-02;4,20147E-02;5,23153E-02;6,35081E-02;7,44023E-02;8,44514E-02;9,44433E-02;1,04757E-01;1,15401E-01;1,25673E-01;1,33813E-01;1,45244E-01;1,52527E-01;1,61371E-01;1,71035E-01;1,80330E-01;1,89348E-01;1,96877E-01;1,01880E-05;1,25135E-04;1,11847E-04;1,91929E-04;2,61175E-04;3,89161E-04;4,07646E-04;4,34205E-04;4,82222E-04;5,72592E-04;8,32531E-04;8,79213E-04;7,80676E-04;9,16973E-04;9,89620E-04;1,14899E-03;1,13324E-03;1,31996E-03;1,32252E-03;1,47513E-03
648;4,17519E-02;9,83099E-02;1,53309E-01;2,08216E-01;2,61096E-01;3,13881E-01;3,64590E-01;4,11843E-01;4,61685E-01;5,11831E-01;5,52325E-01;6,02512E-01;6,45943E-01;6,86497E-01;7,32199E-01;7,71816E-01;8,05863E-01;8,56542E-01;8,87278E-01;9,34325E-01;9,37070E-03;2,17354E-02;3,37591E-02;4,64252E-02;5,78182E-02;6,95170E-02;8,14195E-02;9,31026E-02;1,04020E-01;1,15536E-01;1,26208E-01;1,36613E-01;1,47230E-01;1,59096E-01;1,67476E-01;1,77593E-01;1,89136E-01;1,98447E-01;2,08565E-01;2,14960E-01;4,60015E-05;8,34716E-05;1,70775E-04;2,28368E-04;2,99717E-04;3,87776E-04;3,44347E-04;4,88498E-04;6,33525E-04;6,94472E-04;7,27270E-04;8,57902E-04;9,50796E-04;9,06073E-04;1,13360E-03;1,17718E-03;1,15904E-03;1,47376E-03;1,53393E-03;1,44725E-03
649;4,05730E-02;9,61957E-02;1,47982E-01;2,04418E-01;2,56923E-01;3,05891E-01;3,56560E-01;4,03419E-01;4,48632E-01;5,00573E-01;5,35707E-01;5,94077E-01;6,26307E-01;6,69954E-01;7,13229E-01;7,62264E-01;7,92233E-01;8,35989E-01;8,65548E-01;9,13686E-01;1,02897E-02;2,38932E-02;3,71967E-02;5,07954E-02;6,41864E-02;7,75593E-02;8,99368E-02;1,02721E-01;1,15018E-01;1,27023E-01;1,37019E-01;1,50306E-01;1,60462E-01;1,74935E-01;1,84712E-01;1,94917E-01;2,07606E-01;2,17813E-01;2,28461E-01;2,36154E-01;4,58660E-05;1,14473E-04;2,10683E-04;2,20345E-04;2,85062E-04;3,37255E-04;5,12616E-04;5,14115E-04;7,78921E-04;8,19682E-04;8,11909E-04;9,48869E-04;9,91465E-04;1,03973E-03;1,23046E-03;1,25267E-03;1,33630E-03;1,60566E-03;1,72059E-03;1,77791E-03
650;3,98055E-02;9,40500E-02;1,46439E-01;1,99396E-01;2,51213E-01;3,00118E-01;3,47051E-01;3,92817E-01;4,37305E-01;4,88988E-01;5,26846E-01;5,72128E-01;6,12057E-01;6,56142E-01;6,98063E-01;7,31538E-01;7,79005E-01;8,19890E-01;8,52143E-01;8,94545E-01;1,11056E-02;2,63026E-02;4,06492E-02;5,57736E-02;7,00419E-02;8,43438E-02;9,76916E-02;1,11198E-01;1,25725E-01;1,39755E-01;1,51466E-01;1,63741E-01;1,77465E-01;1,90352E-01;2,04402E-01;2,15749E-01;2,25063E-01;2,37902E-01;2,47390E-01;2,60041E-01;6,23297E-05;1,11365E-04;2,13492E-04;2,44570E-04;4,10955E-04;4,57327E-04;5,19421E-04;6,69087E-04;5,84383E-04;6,49153E-04;8,15797E-04;1,03445E-03;1,10383E-03;1,25579E-03;1,34647E-03;1,59616E-03;1,71942E-03;1,68891E-03;1,74070E-03;1,83511E-03
651;3,84601E-02;9,22587E-02;1,41575E-01;1,93147E-01;2,43850E-01;2,88389E-01;3,36841E-01;3,83378E-01;4,29373E-01;4,76327E-01;5,09483E-01;5,59317E-01;5,93617E-01;6,35123E-01;6,82912E-01;7,19962E-01;7,56817E-01;7,96482E-01;8,30094E-01;8,71892E-01;1,22774E-02;2,83293E-02;4,43968E-02;6,06265E-02;7,60578E-02;9,26355E-02;1,06712E-01;1,22446E-01;1,36423E-01;1,50877E-01;1,64744E-01;1,78803E-01;1,93500E-01;2,06176E-01;2,20390E-01;2,34334E-01;2,43991E-01;2,59267E-01;2,69809E-01;2,84086E-01;2,01080E-05;8,56470E-05;1,80432E-04;3,39037E-04;3,09041E-04;4,96385E-04;6,19390E-04;6,22065E-04;7,40378E-04;9,00865E-04;8,98281E-04;1,09174E-03;1,37311E-03;1,28228E-03;1,52519E-03;1,55329E-03;1,56908E-03;1,78256E-03;2,09018E-03;2,12484E-03
652;3,79554E-02;8,89847E-02;1,40085E-01;1,88327E-01;2,36654E-01;2,87054E-01;3,28227E-01;3,74458E-01;4,18309E-01;4,61949E-01;4,99188E-01;5,48902E-01;5,80424E-01;6,21859E-01;6,64467E-01;7,01651E-01;7,36565E-01;7,84447E-01;8,04103E-01;8,46939E-01;1,33428E-02;3,09032E-02;4,82809E-02;6,59026E-02;8,27079E-02;9,97009E-02;1,16579E-01;1,31905E-01;1,48121E-01;1,64749E-01;1,79628E-01;1,95816E-01;2,10967E-01;2,23726E-01;2,37638E-01;2,55165E-01;2,62834E-01;2,77724E-01;2,89844E-01;3,05559E-01;4,31297E-05;1,04703E-04;2,56947E-04;2,94375E-04;3,89014E-04;5,55622E-04;6,23960E-04;7,12089E-04;8,18626E-04;9,40978E-04;9,54428E-04;1,17753E-03;1,35305E-03;1,38396E-03;1,62000E-03;1,75701E-03;1,87159E-03;1,91012E-03;2,31843E-03;2,26343E-03
653;3,68618E-02;8,72262E-02;1,36330E-01;1,83471E-01;2,31753E-01;2,78041E-01;3,17675E-01;3,65399E-01;4,08010E-01;4,47324E-01;4,90939E-01;5,35916E-01;5,72854E-01;6,09326E-01;6,48036E-01;6,81945E-01;7,29686E-01;7,54610E-01;7,88044E-01;8,33654E-01;1,44805E-02;3,36492E-02;5,24455E-02;7,17461E-02;9,01392E-02;1,08584E-01;1,26191E-01;1,42539E-01;1,59968E-01;1,78091E-01;1,93574E-01;2,12278E-01;2,25401E-01;2,43739E-01;2,59741E-01;2,73645E-01;2,88353E-01;3,01913E-01;3,15223E-01;3,30309E-01;6,44257E-05;1,87021E-04;2,57767E-04;3,16295E-04;3,80081E-04;5,71051E-04;6,71592E-04;7,18386E-04;8,92059E-04;1,06931E-03;1,03587E-03;1,21936E-03;1,35513E-03;1,57915E-03;1,74917E-03;2,01983E-03;1,96808E-03;2,05780E-03;2,41173E-03;2,61835E-03
654;3,58720E-02;8,57260E-02;1,33757E-01;1,81997E-01;2,26611E-01;2,71837E-01;3,11882E-01;3,59047E-01;3,97484E-01;4,39172E-01;4,77738E-01;5,21495E-01;5,64280E-01;5,91404E-01;6,32650E-01;6,68016E-01;7,07859E-01;7,34826E-01;7,67391E-01;8,08255E-01;1,57129E-02;3,64248E-02;5,68761E-02;7,69861E-02;9,84082E-02;1,17329E-01;1,37328E-01;1,55963E-01;1,74552E-01;1,93468E-01;2,10006E-01;2,29416E-01;2,45639E-01;2,64041E-01;2,77920E-01;2,96337E-01;3,11740E-01;3,25036E-01;3,40371E-01;3,55930E-01;5,80228E-05;1,69564E-04;2,56335E-04;3,82740E-04;4,82133E-04;5,18870E-04;8,16912E-04;9,05652E-04;1,07125E-03;1,06020E-03;1,34351E-03;1,32313E-03;1,52881E-03;1,71370E-03;1,88737E-03;2,20403E-03;2,19290E-03;2,49861E-03;2,75054E-03;2,75826E-03
655;3,48750E-02;8,31463E-02;1,29286E-01;1,75539E-01;2,19305E-01;2,62804E-01;3,05856E-01;3,48140E-01;3,85952E-01;4,28972E-01;4,65997E-01;5,10772E-01;5,49694E-01;5,70993E-01;6,10909E-01;6,59604E-01;7,00027E-01;7,11728E-01;7,62488E-01;7,82893E-01;1,72374E-02;3,97383E-02;6,22284E-02;8,40991E-02;1,05176E-01;1,26448E-01;1,48043E-01;1,67773E-01;1,87714E-01;2,10667E-01;2,27978E-01;2,49558E-01;2,63988E-01;2,85043E-01;3,00115E-01;3,17662E-01;3,34387E-01;3,53533E-01;3,69927E-01;3,86134E-01;6,86494E-05;1,57251E-04;3,16518E-04;4,41087E-04;5,54043E-04;6,25912E-04;7,79109E-04;8,70110E-04;1,16402E-03;1,28317E-03;1,48008E-03;1,56218E-03;1,60177E-03;1,83432E-03;1,96683E-03;2,40056E-03;2,44914E-03;2,60958E-03;2,77052E-03;3,26783E-03
656;3,44305E-02;8,05504E-02;1,25873E-01;1,73592E-01;2,15882E-01;2,56726E-01;2,97197E-01;3,37428E-01;3,80050E-01;4,16234E-01;4,50914E-01;4,86916E-01;5,30692E-01;5,65761E-01;6,03050E-01;6,40644E-01;6,66988E-01;7,01578E-01;7,32377E-01;7,66591E-01;1,88036E-02;4,32359E-02;6,76340E-02;9,18088E-02;1,15513E-01;1,36643E-01;1,59534E-01;1,82404E-01;2,04928E-01;2,25187E-01;2,46191E-01;2,65086E-01;2,86579E-01;3,04720E-01;3,24134E-01;3,44014E-01;3,61399E-01;3,79205E-01;3,97316E-01;4,17707E-01;9,06892E-05;1,82088E-04;3,11800E-04;4,69003E-04;5,54635E-04;7,15778E-04;8,29829E-04;9,96569E-04;1,19932E-03;1,27657E-03;1,57776E-03;1,69306E-03;1,95485E-03;1,98892E-03;2,13302E-03;2,33446E-03;2,78332E-03;2,86523E-03;3,05065E-03;3,49062E-03
657;3,33790E-02;7,89796E-02;1,23296E-01;1,67303E-01;2,10588E-01;2,50820E-01;2,89822E-01;3,28823E-01;3,66695E-01;4,06603E-01;4,37711E-01;4,79356E-01;5,19564E-01;5,51118E-01;5,85448E-01;6,21154E-01;6,54768E-01;6,84198E-01;7,12190E-01;7,45277E-01;2,05993E-02;4,71598E-02;7,30266E-02;9,98959E-02;1,24688E-01;1,48381E-01;1,73316E-01;1,97852E-01;2,21034E-01;2,43481E-01;2,65452E-01;2,85799E-01;3,07618E-01;3,30910E-01;3,50862E-01;3,67825E-01;3,86884E-01;4,06885E-01;4,24366E-01;4,43902E-01;9,69993E-05;2,29090E-04;3,74398E-04;4,21927E-04;5,73730E-04;7,67488E-04;8,47439E-04;1,20426E-03;1,31456E-03;1,46104E-03;1,65118E-03;1,85704E-03;2,10984E-03;2,26409E-03;2,36560E-03;2,56274E-03;2,95014E-03;3,23002E-03;3,47714E-03;3,62114E-03
658;3,26000E-02;7,70594E-02;1,19517E-01;1,61754E-01;2,04860E-01;2,43805E-01;2,80768E-01;3,21063E-01;3,57269E-01;3,94208E-01;4,29527E-01;4,70874E-01;5,03329E-01;5,33417E-01;5,72562E-01;5,99728E-01;6,39441E-01;6,69059E-01;6,99889E-01;7,27282E-01;2,25350E-02;5,14887E-02;7,98684E-02;1,08227E-01;1,35201E-01;1,59939E-01;1,86609E-01;2,12474E-01;2,37360E-01;2,60586E-01;2,83531E-01;3,08659E-01;3,28999E-01;3,52767E-01;3,73306E-01;3,94050E-01;4,12816E-01;4,32008E-01;4,52206E-01;4,73821E-01;1,08669E-04;2,46547E-04;4,28438E-04;5,43509E-04;6,96407E-04;8,26892E-04;9,51280E-04;1,20819E-03;1,56116E-03;1,73157E-03;1,69521E-03;1,96478E-03;2,22679E-03;2,43411E-03;2,69064E-03;2,76286E-03;3,27517E-03;3,70915E-03;3,64899E-03;3,96091E-03
659;3,16158E-02;7,40007E-02;1,17494E-01;1,58319E-01;2,00164E-01;2,33950E-01;2,76497E-01;3,15084E-01;3,47840E-01;3,84107E-01;4,23136E-01;4,51610E-01;4,93577E-01;5,14913E-01;5,54580E-01;5,82714E-01;6,19556E-01;6,54708E-01;6,84597E-01;7,03838E-01;2,45389E-02;5,58708E-02;8,68653E-02;1,16511E-01;1,45881E-01;1,72855E-01;1,98623E-01;2,28295E-01;2,53707E-01;2,81491E-01;3,03333E-01;3,28327E-01;3,55291E-01;3,75713E-01;3,98643E-01;4,19875E-01;4,42567E-01;4,66064E-01;4,80975E-01;5,06015E-01;9,53889E-05;2,22545E-04;4,76980E-04;5,94233E-04;8,25429E-04;8,95861E-04;1,05969E-03;1,29545E-03;1,61949E-03;1,85462E-03;1,96939E-03;2,35574E-03;2,48290E-03;2,71480E-03;3,03679E-03;3,22064E-03;3,62563E-03;3,87179E-03;4,07603E-03;4,34016E-03
660;3,09342E-02;7,19489E-02;1,15382E-01;1,54706E-01;1,91973E-01;2,31163E-01;2,68800E-01;3,07029E-01;3,40505E-01;3,75888E-01;4,13540E-01;4,47176E-01;4,73172E-01;5,08967E-01;5,38154E-01;5,63609E-01;6,06150E-01;6,34904E-01;6,62478E-01;6,83706E-01;2,65879E-02;6,01652E-02;9,24611E-02;1,23835E-01;1,54064E-01;1,85812E-01;2,15632E-01;2,42678E-01;2,71402E-01;2,99535E-01;3,24057E-01;3,50742E-01;3,77767E-01;3,97574E-01;4,25488E-01;4,46770E-01;4,68151E-01;4,89702E-01;5,12607E-01;5,33477E-01;1,08288E-04;3,11593E-04;5,12396E-04;5,74282E-04;9,41707E-04;1,08935E-03;1,35952E-03;1,45888E-03;1,59472E-03;1,87889E-03;2,15008E-03;2,32383E-03;2,65383E-03;2,99309E-03;3,04445E-03;3,40596E-03;3,62898E-03;3,90360E-03;4,32746E-03;4,81026E-03
661;2,98990E-02;7,15608E-02;1,10334E-01;1,50070E-01;1,89253E-01;2,25903E-01;2,61821E-01;2,96530E-01;3,32443E-01;3,64725E-01;3,99640E-01;4,29061E-01;4,65323E-01;4,94617E-01;5,28922E-01;5,52545E-01;5,84105E-01;6,21211E-01;6,41661E-01;6,70526E-01;2,77367E-02;6,29980E-02;9,69327E-02;1,30527E-01;1,62139E-01;1,93899E-01;2,24460E-01;2,55221E-01;2,82031E-01;3,13156E-01;3,38535E-01;3,67381E-01;3,93775E-01;4,20711E-01;4,44908E-01;4,69467E-01;4,93554E-01;5,17046E-01;5,39234E-01;5,63738E-01;1,15786E-04;2,97321E-04;4,96468E-04;7,25906E-04;8,84056E-04;1,15484E-03;1,38364E-03;1,58798E-03;1,76534E-03;2,01243E-03;2,44925E-03;2,62121E-03;2,89165E-03;3,31056E-03;3,54079E-03;3,64698E-03;4,22778E-03;4,42684E-03;4,49638E-03;5,28752E-03
662;2,91107E-02;6,91928E-02;1,07420E-01;1,44937E-01;1,84037E-01;2,17014E-01;2,55030E-01;2,87930E-01;3,22514E-01;3,54982E-01;3,83913E-01;4,21866E-01;4,52223E-01;4,86624E-01;5,09626E-01;5,41547E-01;5,66548E-01;5,99543E-01;6,24142E-01;6,56274E-01;2,81075E-02;6,43689E-02;9,94123E-02;1,33630E-01;1,66936E-01;1,99855E-01;2,31189E-01;2,62792E-01;2,92067E-01;3,22484E-01;3,50404E-01;3,78590E-01;4,07257E-01;4,36043E-01;4,60303E-01;4,84495E-01;5,12804E-01;5,36891E-01;5,59195E-01;5,85979E-01;1,44389E-04;3,20039E-04;5,86906E-04;8,00678E-04;1,02806E-03;1,28911E-03;1,42448E-03;1,67538E-03;1,88281E-03;2,15174E-03;2,62430E-03;2,99092E-03;2,98997E-03;3,44301E-03;3,72142E-03;4,08131E-03;4,49802E-03;4,67345E-03;5,14996E-03;5,60378E-03
663;2,80575E-02;6,67025E-02;1,04102E-01;1,41040E-01;1,78694E-01;2,12429E-01;2,45685E-01;2,79969E-01;3,16292E-01;3,51718E-01;3,77106E-01;4,12724E-01;4,41651E-01;4,73965E-01;5,02069E-01;5,29310E-01;5,56405E-01;5,79643E-01;6,12663E-01;6,36297E-01;2,77022E-02;6,43280E-02;9,86736E-02;1,34468E-01;1,67276E-01;2,00788E-01;2,31146E-01;2,64636E-01;2,95196E-01;3,26001E-01;3,55750E-01;3,84078E-01;4,13651E-01;4,42096E-01;4,68991E-01;4,97040E-01;5,20573E-01;5,50321E-01;5,75288E-01;6,00432E-01;1,51774E-04;3,46954E-04;5,39605E-04;8,23047E-04;1,01346E-03;1,40987E-03;1,59343E-03;1,78737E-03;1,99194E-03;2,42343E-03;2,88838E-03;3,17014E-03;3,31654E-03;3,95077E-03;4,02050E-03;4,33500E-03;5,11279E-03;5,33263E-03;5,59263E-03;6,03908E-03
664;2,73490E-02;6,50599E-02;1,02141E-01;1,37410E-01;1,75317E-01;2,06465E-01;2,41914E-01;2,76042E-01;3,07451E-01;3,43145E-01;3,69607E-01;4,01769E-01;4,29168E-01;4,53879E-01;4,90061E-01;5,23595E-01;5,51232E-01;5,63971E-01;5,91685E-01;6,21365E-01;2,64224E-02;6,17026E-02;9,54153E-02;1,29563E-01;1,63245E-01;1,95795E-01;2,29100E-01;2,59989E-01;2,90451E-01;3,21444E-01;3,50792E-01;3,84079E-01;4,12311E-01;4,40932E-01;4,68172E-01;4,95885E-01;5,23254E-01;5,53216E-01;5,82332E-01;6,08180E-01;1,36831E-04;4,23071E-04;5,85559E-04;9,75679E-04;1,18336E-03;1,51200E-03;1,81166E-03;2,15212E-03;2,31939E-03;2,70433E-03;3,14322E-03;3,26231E-03;3,83667E-03;4,21873E-03;4,56124E-03;4,45088E-03;5,48812E-03;5,81945E-03;5,84459E-03;6,64689E-03
665;2,67779E-02;6,35555E-02;1,00616E-01;1,33267E-01;1,68877E-01;2,01181E-01;2,34648E-01;2,63866E-01;2,95714E-01;3,29346E-01;3,60123E-01;3,87336E-01;4,09701E-01;4,44803E-01;4,75527E-01;4,95349E-01;5,32711E-01;5,52796E-01;5,75427E-01;5,98049E-01;2,42204E-02;5,67425E-02;8,87012E-02;1,21519E-01;1,54151E-01;1,85827E-01;2,16280E-01;2,49056E-01;2,78631E-01;3,12288E-01;3,41507E-01;3,68301E-01;4,00465E-01;4,30208E-01;4,57995E-01;4,85497E-01;5,14902E-01;5,44897E-01;5,74469E-01;5,98237E-01;1,85537E-04;4,16179E-04;7,18826E-04;1,03321E-03;1,30179E-03;1,53780E-03;1,85736E-03;2,34602E-03;2,46707E-03;2,97716E-03;3,30580E-03;3,73172E-03;4,16636E-03;4,83315E-03;4,74993E-03;5,63000E-03;5,91145E-03;6,03310E-03;6,98679E-03;7,27329E-03
666;2,60994E-02;6,15908E-02;9,59687E-02;1,32134E-01;1,65829E-01;1,96302E-01;2,28583E-01;2,60835E-01;2,88239E-01;3,18779E-01;3,50895E-01;3,77992E-01;4,02412E-01;4,35234E-01;4,59903E-01;4,83285E-01;5,10414E-01;5,39545E-01;5,65753E-01;5,88378E-01;2,14521E-02;5,05807E-02;8,03514E-02;1,11053E-01;1,39934E-01;1,70677E-01;2,00521E-01;2,31732E-01;2,60042E-01;2,92142E-01;3,20917E-01;3,49141E-01;3,78261E-01;4,08346E-01;4,38036E-01;4,63569E-01;4,96360E-01;5,23175E-01;5,51851E-01;5,77497E-01;1,98306E-04;4,50834E-04;7,59732E-04;1,02552E-03;1,42391E-03;1,76309E-03;2,03467E-03;2,46019E-03;2,89533E-03;3,30171E-03;3,53276E-03;3,96326E-03;4,55416E-03;4,85656E-03;5,17751E-03;5,92663E-03;6,46231E-03;6,72461E-03;7,20328E-03;7,80288E-03
667;2,55437E-02;6,01223E-02;9,35997E-02;1,28312E-01;1,59200E-01;1,89908E-01;2,22219E-01;2,51755E-01;2,83511E-01;3,10677E-01;3,45380E-01;3,65173E-01;3,95629E-01;4,20593E-01;4,48881E-01;4,74176E-01;4,95002E-01;5,24811E-01;5,46730E-01;5,73836E-01;1,81977E-02;4,38382E-02;7,03233E-02;9,74968E-02;1,24812E-01;1,52521E-01;1,80245E-01;2,07920E-01;2,36048E-01;2,64410E-01;2,92891E-01;3,20390E-01;3,50109E-01;3,77184E-01;4,06629E-01;4,34489E-01;4,65367E-01;4,94684E-01;5,19605E-01;5,46049E-01;2,22663E-04;5,38589E-04;8,43323E-04;1,11934E-03;1,54471E-03;1,87896E-03;2,21776E-03;2,62291E-03;3,00687E-03;3,54148E-03;3,93859E-03;4,40491E-03;4,71434E-03;5,19747E-03;5,88011E-03;6,48248E-03;6,86997E-03;7,22646E-03;7,79217E-03;8,40080E-03
668;2,46034E-02;5,81037E-02;9,11997E-02;1,24258E-01;1,54527E-01;1,85852E-01;2,16061E-01;2,46370E-01;2,72788E-01;2,97348E-01;3,31816E-01;3,56971E-01;3,81414E-01;4,10981E-01;4,30205E-01;4,62418E-01;4,88821E-01;5,11680E-01;5,28521E-01;5,60219E-01;1,52194E-02;3,67870E-02;6,01429E-02;8,39395E-02;1,07824E-01;1,33285E-01;1,56742E-01;1,82432E-01;2,09267E-01;2,36161E-01;2,62397E-01;2,87338E-01;3,15343E-01;3,38944E-01;3,68767E-01;3,97209E-01;4,23934E-01;4,51378E-01;4,75774E-01;5,05785E-01;2,24832E-04;5,33908E-04;8,96779E-04;1,23543E-03;1,54922E-03;2,07922E-03;2,61466E-03;2,84166E-03;3,33191E-03;3,85836E-03;4,16621E-03;4,76395E-03;5,40531E-03;5,73808E-03;6,44337E-03;6,83745E-03;7,42618E-03;8,07444E-03;8,62691E-03;8,98054E-03
669;2,38266E-02;5,65322E-02;8,74290E-02;1,19399E-01;1,51171E-01;1,80607E-01;2,09603E-01;2,42587E-01;2,65884E-01;2,89017E-01;3,21966E-01;3,48066E-01;3,68703E-01;4,00398E-01;4,24678E-01;4,43411E-01;4,70022E-01;4,96097E-01;5,19926E-01;5,46991E-01;1,22772E-02;3,02738E-02;4,93544E-02;6,98727E-02;9,15541E-02;1,12384E-01;1,35793E-01;1,57077E-01;1,79294E-01;2,04255E-01;2,26968E-01;2,52051E-01;2,77434E-01;3,01571E-01;3,25274E-01;3,51746E-01;3,78392E-01;4,02479E-01;4,34011E-01;4,52787E-01;2,42218E-04;6,44420E-04;9,74544E-04;1,31460E-03;1,74130E-03;2,25571E-03;2,79364E-03;3,12978E-03;3,69910E-03;3,93780E-03;4,66110E-03;5,09726E-03;5,85967E-03;6,17580E-03;6,88448E-03;7,69385E-03;8,23613E-03;8,63807E-03;9,26278E-03;9,80025E-03
670;2,32882E-02;5,43594E-02;8,54268E-02;1,17652E-01;1,45940E-01;1,75073E-01;2,03676E-01;2,32084E-01;2,59522E-01;2,84899E-01;3,09567E-01;3,33729E-01;3,58025E-01;3,87885E-01;4,13348E-01;4,33897E-01;4,55934E-01;4,75062E-01;4,99536E-01;5,21769E-01;9,89976E-03;2,46657E-02;4,12141E-02;5,84626E-02;7,57532E-02;9,38044E-02;1,12772E-01;1,31988E-01;1,51735E-01;1,73419E-01;1,95066E-01;2,16132E-01;2,36460E-01;2,57284E-01;2,82114E-01;3,01336E-01;3,28179E-01;3,54471E-01;3,78711E-01;4,00165E-01;2,76642E-04;6,48392E-04;1,03883E-03;1,47343E-03;2,00924E-03;2,44865E-03;2,83533E-03;3,40995E-03;4,10830E-03;4,62267E-03;5,12035E-03;5,70002E-03;5,99419E-03;7,01413E-03;7,40175E-03;8,22446E-03;8,64782E-03;9,08258E-03;1,03192E-02;1,09135E-02
671;2,23852E-02;5,28770E-02;8,27807E-02;1,13355E-01;1,42203E-01;1,68859E-01;1,96129E-01;2,22138E-01;2,53158E-01;2,75668E-01;3,04057E-01;3,23002E-01;3,46394E-01;3,74743E-01;3,99534E-01;4,14764E-01;4,43144E-01;4,65330E-01;4,92167E-01;5,12834E-01;7,99819E-03;1,99691E-02;3,36723E-02;4,80028E-02;6,23496E-02;7,79414E-02;9,35993E-02;1,10396E-01;1,26746E-01;1,44603E-01;1,63457E-01;1,83040E-01;2,00374E-01;2,20750E-01;2,39867E-01;2,61147E-01;2,81595E-01;3,04581E-01;3,26524E-01;3,46581E-01;2,77906E-04;6,90767E-04;1,18431E-03;1,57240E-03;2,11494E-03;2,65175E-03;3,15639E-03;3,71906E-03;4,30846E-03;4,81208E-03;5,61189E-03;5,79612E-03;7,01965E-03;7,46327E-03;8,05177E-03;8,63333E-03;9,51362E-03;9,89407E-03;1,11090E-02;1,16788E-02
672;2,17756E-02;5,15547E-02;8,09091E-02;1,10892E-01;1,37628E-01;1,66302E-01;1,91195E-01;2,17180E-01;2,43514E-01;2,68806E-01;2,90146E-01;3,14141E-01;3,35201E-01;3,64963E-01;3,86024E-01;4,09394E-01;4,34234E-01;4,58822E-01;4,80691E-01;4,88308E-01;6,46315E-03;1,62514E-02;2,70956E-02;3,92141E-02;5,09203E-02;6,36796E-02;7,75600E-02;9,13863E-02;1,05939E-01;1,20348E-01;1,35782E-01;1,52047E-01;1,67909E-01;1,86612E-01;2,01845E-01;2,19355E-01;2,40712E-01;2,57326E-01;2,77433E-01;2,97961E-01;3,07272E-04;8,01376E-04;1,29667E-03;1,72588E-03;2,31584E-03;2,82645E-03;3,38697E-03;4,09829E-03;4,60483E-03;5,18217E-03;5,89885E-03;6,45530E-03;7,36595E-03;7,89171E-03;8,58546E-03;9,31695E-03;1,00404E-02;1,08039E-02;1,17026E-02;1,24428E-02
673;2,11954E-02;5,00633E-02;7,82239E-02;1,07161E-01;1,35366E-01;1,58967E-01;1,87310E-01;2,10743E-01;2,35921E-01;2,61434E-01;2,86948E-01;3,02693E-01;3,30417E-01;3,60506E-01;3,80090E-01;3,98750E-01;4,17115E-01;4,42025E-01;4,66997E-01;4,74874E-01;5,33006E-03;1,33947E-02;2,20768E-02;3,18729E-02;4,18967E-02;5,26465E-02;6,42252E-02;7,50573E-02;8,72172E-02;9,91422E-02;1,13019E-01;1,27137E-01;1,41121E-01;1,55507E-01;1,69582E-01;1,84091E-01;2,01270E-01;2,17514E-01;2,33224E-01;2,52293E-01;3,36820E-04;8,14014E-04;1,38617E-03;1,94455E-03;2,55138E-03;3,00453E-03;3,64576E-03;4,33900E-03;5,06209E-03;5,62088E-03;6,47959E-03;7,19610E-03;7,91750E-03;8,31778E-03;9,38022E-03;9,99466E-03;1,10137E-02;1,18911E-02;1,23898E-02;1,29933E-02
674;2,07633E-02;4,93809E-02;7,64887E-02;1,04100E-01;1,30247E-01;1,55935E-01;1,80818E-01;2,03870E-01;2,31322E-01;2,51240E-01;2,79680E-01;2,99892E-01;3,20049E-01;3,44224E-01;3,62368E-01;3,91252E-01;4,06570E-01;4,26976E-01;4,61528E-01;4,68743E-01;4,31848E-03;1,08012E-02;1,80187E-02;2,62147E-02;3,48277E-02;4,35681E-02;5,20363E-02;6,16672E-02;7,26536E-02;8,26329E-02;9,35875E-02;1,04885E-01;1,16049E-01;1,30081E-01;1,40668E-01;1,53552E-01;1,69833E-01;1,84236E-01;1,95821E-01;2,10549E-01;3,82408E-04;9,10603E-04;1,58376E-03;2,14652E-03;2,51555E-03;3,26312E-03;4,07763E-03;4,63241E-03;5,41487E-03;6,26759E-03;6,97989E-03;7,63848E-03;8,55861E-03;9,50545E-03;1,04604E-02;1,10693E-02;1,21820E-02;1,29266E-02;1,40902E-02;1,47240E-02
675;2,01170E-02;4,68179E-02;7,37090E-02;1,00860E-01;1,26013E-01;1,51965E-01;1,74768E-01;2,00037E-01;2,22903E-01;2,44751E-01;2,66421E-01;2,94702E-01;3,10398E-01;3,36331E-01;3,55035E-01;3,73648E-01;3,94502E-01;4,13394E-01;4,36529E-01;4,57531E-01;3,55099E-03;9,18216E-03;1,49308E-02;2,19532E-02;2,86059E-02;3,60499E-02;4,36549E-02;5,07201E-02;6,01323E-02;6,86925E-02;7,75867E-02;8,75107E-02;9,76050E-02;1,07848E-01;1,17254E-01;1,29321E-01;1,42342E-01;1,51751E-01;1,66401E-01;1,78931E-01;4,14573E-04;9,87911E-04;1,65825E-03;2,31774E-03;2,97739E-03;3,65472E-03;4,60133E-03;5,20844E-03;6,03848E-03;6,79287E-03;7,67378E-03;8,64374E-03;9,36528E-03;9,86739E-03;1,10158E-02;1,22020E-02;1,28101E-02;1,36638E-02;1,53243E-02;1,58407E-02
676;1,96163E-02;4,59545E-02;7,11153E-02;9,61688E-02;1,22307E-01;1,46798E-01;1,70074E-01;1,94739E-01;2,16885E-01;2,36075E-01;2,55564E-01;2,86207E-01;3,00283E-01;3,17213E-01;3,40383E-01;3,66626E-01;3,86770E-01;4,04703E-01;4,21488E-01;4,43226E-01;2,94754E-03;7,63111E-03;1,22965E-02;1,80686E-02;2,39206E-02;3,01789E-02;3,61735E-02;4,30349E-02;4,96298E-02;5,79784E-02;6,49442E-02;7,38078E-02;8,12212E-02;9,02635E-02;9,94297E-02;1,08756E-01;1,18389E-01;1,28146E-01;1,39573E-01;1,49336E-01;4,42957E-04;1,12220E-03;1,78311E-03;2,50433E-03;3,22143E-03;4,01371E-03;4,85097E-03;5,75963E-03;6,69537E-03;7,53237E-03;8,06993E-03;9,23917E-03;1,00625E-02;1,08500E-02;1,18503E-02;1,31539E-02;1,40697E-02;1,52983E-02;1,62586E-02;1,70281E-02
677;1,89414E-02;4,48946E-02;6,88861E-02;9,42472E-02;1,18892E-01;1,42101E-01;1,64285E-01;1,85598E-01;2,07345E-01;2,30141E-01;2,53404E-01;2,72016E-01;2,94243E-01;3,15889E-01;3,30821E-01;3,55643E-01;3,72194E-01;3,93067E-01;4,15603E-01;4,27295E-01;2,51631E-03;6,22044E-03;1,04394E-02;1,53657E-02;1,99783E-02;2,50517E-02;3,03935E-02;3,65785E-02;4,18039E-02;4,82076E-02;5,48316E-02;6,22033E-02;6,83266E-02;7,55299E-02;8,33124E-02;9,13628E-02;9,95302E-02;1,07286E-01;1,17394E-01;1,24425E-01;4,98972E-04;1,21769E-03;1,99430E-03;2,76673E-03;3,53257E-03;4,30147E-03;5,12240E-03;6,24935E-03;7,28400E-03;8,13778E-03;8,83798E-03;1,01367E-02;1,12040E-02;1,22191E-02;1,34632E-02;1,45935E-02;1,55329E-02;1,62811E-02;1,75624E-02;1,89058E-02
678;1,82465E-02;4,24334E-02;6,70791E-02;9,20026E-02;1,16813E-01;1,38428E-01;1,61260E-01;1,83800E-01;2,05339E-01;2,25758E-01;2,46689E-01;2,61499E-01;2,83466E-01;2,99452E-01;3,18271E-01;3,43600E-01;3,63198E-01;3,81430E-01;4,04386E-01;4,05943E-01;1,98007E-03;5,33569E-03;8,77373E-03;1,26634E-02;1,67047E-02;2,12757E-02;2,59495E-02;3,08350E-02;3,54539E-02;4,03119E-02;4,66677E-02;5,18647E-02;5,79189E-02;6,41824E-02;7,11035E-02;7,57157E-02;8,39072E-02;9,04439E-02;9,81651E-02;1,06192E-01;5,41296E-04;1,28570E-03;2,05796E-03;2,91145E-03;3,73551E-03;4,91661E-03;5,85255E-03;6,74602E-03;7,55520E-03;8,77715E-03;9,70534E-03;1,10324E-02;1,24550E-02;1,31427E-02;1,43407E-02;1,60380E-02;1,66832E-02;1,78659E-02;1,94078E-02;2,09268E-02
679;1,77835E-02;4,23618E-02;6,45522E-02;8,94895E-02;1,10473E-01;1,34457E-01;1,57921E-01;1,76712E-01;1,99089E-01;2,17002E-01;2,35523E-01;2,58248E-01;2,78755E-01;2,97773E-01;3,09636E-01;3,35871E-01;3,53394E-01;3,69744E-01;3,81936E-01;4,02574E-01;1,70294E-03;4,34603E-03;7,35228E-03;1,06321E-02;1,40087E-02;1,77980E-02;2,15403E-02;2,61720E-02;2,98321E-02;3,37916E-02;3,87311E-02;4,42079E-02;4,82610E-02;5,38053E-02;5,90422E-02;6,53772E-02;7,08368E-02;7,68309E-02;8,44913E-02;9,05219E-02;6,24546E-04;1,40371E-03;2,29427E-03;3,29628E-03;4,16557E-03;5,11707E-03;6,14247E-03;7,48363E-03;8,15728E-03;9,51088E-03;1,07519E-02;1,19865E-02;1,26157E-02;1,42709E-02;1,57574E-02;1,68148E-02;1,81116E-02;1,93105E-02;2,09571E-02;2,26307E-02
680;1,71421E-02;4,05813E-02;6,35524E-02;8,61631E-02;1,09483E-01;1,29772E-01;1,51750E-01;1,72043E-01;1,90877E-01;2,10351E-01;2,31592E-01;2,50635E-01;2,69352E-01;2,90626E-01;3,01303E-01;3,26977E-01;3,42026E-01;3,58920E-01;3,73048E-01;3,89824E-01;1,41875E-03;3,60909E-03;6,23200E-03;8,96201E-03;1,19085E-02;1,50369E-02;1,83917E-02;2,16774E-02;2,50805E-02;2,91220E-02;3,30704E-02;3,74048E-02;4,15825E-02;4,57238E-02;4,99925E-02;5,48403E-02;6,05086E-02;6,52615E-02;7,14227E-02;7,69586E-02;6,76428E-04;1,47314E-03;2,46097E-03;3,57120E-03;4,66249E-03;5,63732E-03;6,68837E-03;8,03791E-03;9,21665E-03;1,04965E-02;1,18972E-02;1,30519E-02;1,42331E-02;1,59547E-02;1,70540E-02;1,86536E-02;2,00040E-02;2,12169E-02;2,25267E-02;2,43281E-02
681;1,66372E-02;3,96691E-02;6,24212E-02;8,34746E-02;1,05163E-01;1,26032E-01;1,47903E-01;1,65549E-01;1,84693E-01;2,05204E-01;2,22694E-01;2,38470E-01;2,60385E-01;2,79673E-01;2,99264E-01;3,14082E-01;3,32260E-01;3,47917E-01;3,62188E-01;3,77326E-01;1,20438E-03;3,13316E-03;5,15253E-03;7,48310E-03;1,03214E-02;1,26621E-02;1,51689E-02;1,80518E-02;2,11423E-02;2,45136E-02;2,78372E-02;3,18892E-02;3,53494E-02;3,86977E-02;4,22296E-02;4,66395E-02;5,16122E-02;5,53461E-02;6,08244E-02;6,59784E-02;7,03178E-04;1,68979E-03;2,73249E-03;3,84133E-03;4,94670E-03;6,12336E-03;7,54828E-03;8,55633E-03;9,85615E-03;1,15640E-02;1,29272E-02;1,41407E-02;1,56621E-02;1,72624E-02;1,84960E-02;2,01643E-02;2,17490E-02;2,34816E-02;2,46599E-02;2,69222E-02
682;1,62692E-02;3,87593E-02;5,96741E-02;8,06828E-02;1,02630E-01;1,24756E-01;1,42613E-01;1,62879E-01;1,80647E-01;2,00078E-01;2,12956E-01;2,34941E-01;2,56720E-01;2,68172E-01;2,92218E-01;3,00608E-01;3,21558E-01;3,31532E-01;3,54234E-01;3,75026E-01;9,81488E-04;2,53990E-03;4,38101E-03;6,31455E-03;8,51402E-03;1,06138E-02;1,26630E-02;1,56539E-02;1,76639E-02;2,03318E-02;2,31477E-02;2,64958E-02;3,02572E-02;3,34553E-02;3,51440E-02;4,06760E-02;4,40720E-02;4,73725E-02;5,30496E-02;5,55393E-02;7,49977E-04;1,86296E-03;3,01150E-03;4,24203E-03;5,65156E-03;6,98879E-03;8,12417E-03;9,47350E-03;1,08453E-02;1,24736E-02;1,40097E-02;1,54338E-02;1,72042E-02;1,86239E-02;2,02017E-02;2,17311E-02;2,31383E-02;2,50020E-02;2,69403E-02;2,88251E-02
683;1,57594E-02;3,69136E-02;5,72368E-02;7,85872E-02;9,77642E-02;1,16197E-01;1,35658E-01;1,55423E-01;1,71318E-01;1,93260E-01;2,11055E-01;2,21001E-01;2,44616E-01;2,60912E-01;2,82619E-01;2,95908E-01;3,11917E-01;3,30566E-01;3,43662E-01;3,56545E-01;8,68124E-04;2,16431E-03;3,76070E-03;5,25257E-03;6,78838E-03;8,72950E-03;1,09970E-02;1,25711E-02;1,55129E-02;1,74776E-02;2,02780E-02;2,24989E-02;2,50887E-02;2,82350E-02;3,01797E-02;3,47121E-02;3,79331E-02;4,08071E-02;4,35113E-02;4,74162E-02;8,29884E-04;2,04097E-03;3,22422E-03;4,59359E-03;5,81029E-03;7,35706E-03;8,86472E-03;1,06080E-02;1,17476E-02;1,33525E-02;1,49671E-02;1,68506E-02;1,79838E-02;1,98679E-02;2,15268E-02;2,36240E-02;2,58146E-02;2,70760E-02;2,95850E-02;3,03986E-02
684;1,53215E-02;3,56088E-02;5,62134E-02;7,56657E-02;9,36163E-02;1,13787E-01;1,32585E-01;1,52574E-01;1,67442E-01;1,87158E-01;2,01779E-01;2,22539E-01;2,39713E-01;2,50532E-01;2,67120E-01;2,88637E-01;3,00419E-01;3,19201E-01;3,37437E-01;3,50176E-01;6,76064E-04;1,84794E-03;3,08508E-03;4,61303E-03;5,95779E-03;7,69254E-03;9,39250E-03;1,09537E-02;1,34167E-02;1,54383E-02;1,75088E-02;1,96900E-02;2,23425E-02;2,39170E-02;2,70386E-02;2,94739E-02;3,27256E-02;3,46213E-02;3,70415E-02;3,97799E-02;9,26046E-04;2,21667E-03;3,60189E-03;5,01300E-03;6,50981E-03;8,10889E-03;9,63843E-03;1,11905E-02;1,29808E-02;1,45332E-02;1,65357E-02;1,82597E-02;2,02049E-02;2,17664E-02;2,39722E-02;2,56164E-02;2,72126E-02;2,96253E-02;3,14458E-02;3,35556E-02
685;1,47599E-02;3,51563E-02;5,41682E-02;7,46812E-02;9,21525E-02;1,10753E-01;1,29676E-01;1,45976E-01;1,62989E-01;1,84290E-01;1,97388E-01;2,14232E-01;2,30138E-01;2,46218E-01;2,61892E-01;2,77824E-01;2,92195E-01;3,12238E-01;3,19979E-01;3,37157E-01;5,95184E-04;1,62315E-03;2,61253E-03;3,77526E-03;5,30906E-03;6,56983E-03;8,28282E-03;9,65450E-03;1,12313E-02;1,29331E-02;1,52920E-02;1,66580E-02;1,90169E-02;2,04981E-02;2,28222E-02;2,51774E-02;2,78199E-02;2,94050E-02;3,19852E-02;3,51225E-02;1,00297E-03;2,42707E-03;3,87120E-03;5,44707E-03;7,07527E-03;8,70327E-03;1,03767E-02;1,20965E-02;1,41691E-02;1,60227E-02;1,79471E-02;1,96657E-02;2,16959E-02;2,36845E-02;2,60980E-02;2,78726E-02;2,98725E-02;3,17843E-02;3,35464E-02;3,60375E-02
686;1,44303E-02;3,41647E-02;5,40309E-02;7,22418E-02;9,11784E-02;1,07450E-01;1,24522E-01;1,40850E-01;1,57768E-01;1,76935E-01;1,91599E-01;2,07933E-01;2,23454E-01;2,38553E-01;2,55109E-01;2,72738E-01;2,84861E-01;3,01099E-01;3,11065E-01;3,21756E-01;5,11196E-04;1,35313E-03;2,24452E-03;3,41224E-03;4,40568E-03;5,63765E-03;6,95178E-03;8,45426E-03;9,48468E-03;1,07716E-02;1,25749E-02;1,43904E-02;1,63623E-02;1,80232E-02;1,92171E-02;2,13222E-02;2,36153E-02;2,50437E-02;2,88396E-02;3,06236E-02;1,12107E-03;2,58544E-03;4,21106E-03;6,06327E-03;7,80712E-03;9,58967E-03;1,12600E-02;1,33432E-02;1,53452E-02;1,71974E-02;1,93005E-02;2,12698E-02;2,35489E-02;2,58682E-02;2,83919E-02;3,03219E-02;3,20533E-02;3,43806E-02;3,69463E-02;3,94860E-02
687;1,40761E-02;3,25623E-02;5,07900E-02;7,03630E-02;8,71242E-02;1,05731E-01;1,22515E-01;1,37647E-01;1,54495E-01;1,73472E-01;1,90229E-01;2,00365E-01;2,23193E-01;2,28972E-01;2,46398E-01;2,65357E-01;2,77562E-01;2,90098E-01;3,00287E-01;3,08292E-01;4,90771E-04;1,13113E-03;2,08653E-03;2,82403E-03;3,73796E-03;4,84809E-03;5,87214E-03;7,21616E-03;8,07996E-03;9,65798E-03;1,10871E-02;1,23441E-02;1,40106E-02;1,53061E-02;1,68065E-02;1,88155E-02;2,03041E-02;2,25851E-02;2,39495E-02;2,69555E-02;1,18472E-03;2,79612E-03;4,57720E-03;6,40961E-03;8,43107E-03;1,01938E-02;1,25110E-02;1,43251E-02;1,63945E-02;1,86438E-02;2,07266E-02;2,30774E-02;2,56151E-02;2,76461E-02;3,06421E-02;3,20785E-02;3,47661E-02;3,72774E-02;3,95604E-02;4,22006E-02
688;1,35792E-02;3,16341E-02;5,01368E-02;6,88901E-02;8,48173E-02;1,02450E-01;1,17516E-01;1,31968E-01;1,50626E-01;1,65296E-01;1,88324E-01;1,90218E-01;2,11229E-01;2,29580E-01;2,40643E-01;2,59800E-01;2,67625E-01;2,83873E-01;2,93378E-01;3,02244E-01;3,85724E-04;1,07664E-03;1,79583E-03;2,71432E-03;3,36942E-03;4,30033E-03;5,01406E-03;6,18382E-03;7,27359E-03;8,37389E-03;9,01580E-03;1,04915E-02;1,21183E-02;1,30564E-02;1,51231E-02;1,59547E-02;1,76742E-02;1,94254E-02;2,06965E-02;2,24566E-02;1,24064E-03;3,04060E-03;5,01962E-03;6,87322E-03;8,89921E-03;1,10877E-02;1,34650E-02;1,54906E-02;1,78255E-02;2,01208E-02;2,31716E-02;2,52709E-02;2,74914E-02;2,92084E-02;3,26215E-02;3,47127E-02;3,73087E-02;4,03051E-02;4,30297E-02;4,51917E-02
689;1,32095E-02;3,11077E-02;4,87371E-02;6,65552E-02;8,21633E-02;9,83025E-02;1,15034E-01;1,28089E-01;1,44611E-01;1,59851E-01;1,76625E-01;1,87211E-01;2,02763E-01;2,16867E-01;2,37131E-01;2,50436E-01;2,61649E-01;2,69246E-01;2,81122E-01;2,97382E-01;3,16876E-04;8,87763E-04;1,52970E-03;2,15451E-03;2,93728E-03;3,77861E-03;4,46065E-03;5,14315E-03;6,17239E-03;7,48091E-03;8,47186E-03;9,36827E-03;1,02089E-02;1,14561E-02;1,26353E-02;1,38090E-02;1,52149E-02;1,65043E-02;1,77531E-02;1,96196E-02;1,38518E-03;3,36180E-03;5,50148E-03;7,67516E-03;9,76075E-03;1,21179E-02;1,46137E-02;1,68396E-02;1,96175E-02;2,20625E-02;2,45184E-02;2,70640E-02;2,97281E-02;3,23212E-02;3,52280E-02;3,80376E-02;4,02183E-02;4,38175E-02;4,61986E-02;4,92897E-02
690;1,27652E-02;2,98847E-02;4,74335E-02;6,44999E-02;7,96057E-02;9,55224E-02;1,11353E-01;1,26281E-01;1,41692E-01;1,53910E-01;1,69894E-01;1,83050E-01;1,98705E-01;2,07567E-01;2,26543E-01;2,36045E-01;2,51075E-01;2,61187E-01;2,77165E-01;2,92386E-01;2,98862E-04;7,99535E-04;1,21521E-03;1,90699E-03;2,77705E-03;3,13034E-03;4,11697E-03;4,63528E-03;5,48830E-03;6,34109E-03;7,13209E-03;7,91825E-03;8,89907E-03;9,76489E-03;1,07218E-02;1,17045E-02;1,36206E-02;1,43940E-02;1,58489E-02;1,74043E-02;1,49759E-03;3,62065E-03;5,84602E-03;8,24946E-03;1,05677E-02;1,32456E-02;1,59218E-02;1,82054E-02;2,06934E-02;2,36868E-02;2,67019E-02;2,93383E-02;3,21821E-02;3,53865E-02;3,81341E-02;4,10629E-02;4,38779E-02;4,73866E-02;4,91629E-02;5,25622E-02
691;1,22871E-02;2,88821E-02;4,51592E-02;6,22619E-02;7,75008E-02;9,32331E-02;1,08375E-01;1,21281E-01;1,35081E-01;1,51193E-01;1,66903E-01;1,79293E-01;1,95649E-01;2,05502E-01;2,19945E-01;2,33046E-01;2,44654E-01;2,58422E-01;2,71053E-01;2,81881E-01;2,86492E-04;7,26221E-04;1,10476E-03;1,59997E-03;2,12723E-03;2,89082E-03;3,55390E-03;4,29092E-03;4,89844E-03;5,52288E-03;6,21485E-03;7,16628E-03;8,32441E-03;9,21637E-03;9,81862E-03;1,11548E-02;1,21836E-02;1,27165E-02;1,35485E-02;1,48924E-02;1,58346E-03;3,83593E-03;6,22318E-03;8,92437E-03;1,15051E-02;1,39676E-02;1,73003E-02;1,98685E-02;2,26359E-02;2,54682E-02;2,87038E-02;3,10514E-02;3,52215E-02;3,79221E-02;4,08558E-02;4,35246E-02;4,75018E-02;5,07323E-02;5,34666E-02;5,66185E-02
692;1,19314E-02;2,83223E-02;4,34573E-02;5,93699E-02;7,48199E-02;9,19636E-02;1,05549E-01;1,18376E-01;1,33372E-01;1,44907E-01;1,62106E-01;1,71727E-01;1,84972E-01;1,93592E-01;2,15234E-01;2,22301E-01;2,32438E-01;2,43385E-01;2,61613E-01;2,69992E-01;2,54785E-04;5,97811E-04;1,15842E-03;1,35016E-03;2,09618E-03;2,25420E-03;2,84111E-03;3,81706E-03;4,24870E-03;5,12101E-03;5,66947E-03;6,79214E-03;6,76523E-03;8,56910E-03;8,35200E-03;9,68367E-03;9,83397E-03;1,16362E-02;1,22869E-02;1,22419E-02;1,76034E-03;4,22007E-03;6,79887E-03;9,78073E-03;1,23604E-02;1,54579E-02;1,83968E-02;2,06407E-02;2,42982E-02;2,74063E-02;3,03608E-02;3,39912E-02;3,80066E-02;4,09308E-02;4,45194E-02;4,68892E-02;5,01836E-02;5,51573E-02;5,74256E-02;6,13129E-02
693;1,15970E-02;2,72917E-02;4,33788E-02;5,72573E-02;7,08502E-02;8,52707E-02;1,02013E-01;1,13135E-01;1,30618E-01;1,42720E-01;1,56343E-01;1,65247E-01;1,78497E-01;1,96528E-01;2,05864E-01;2,14454E-01;2,28839E-01;2,45155E-01;2,48821E-01;2,65021E-01;1,89117E-04;5,45030E-04;9,05579E-04;1,35577E-03;1,75252E-03;2,41525E-03;2,86153E-03;3,10238E-03;3,69212E-03;4,44459E-03;4,85463E-03;5,17932E-03;6,42327E-03;6,97748E-03;7,56064E-03;7,97863E-03;8,95424E-03;1,01146E-02;1,10645E-02;1,18723E-02;1,93602E-03;4,58980E-03;7,53449E-03;1,05193E-02;1,34261E-02;1,64051E-02;1,98586E-02;2,29227E-02;2,59068E-02;2,97658E-02;3,34069E-02;3,69912E-02;4,01358E-02;4,40249E-02;4,74460E-02;5,13158E-02;5,45593E-02;5,85833E-02;6,18413E-02;6,59118E-02
694;1,14115E-02;2,63665E-02;4,18708E-02;5,52069E-02;6,96239E-02;8,32984E-02;9,71806E-02;1,09045E-01;1,25112E-01;1,40466E-01;1,48418E-01;1,64908E-01;1,73180E-01;1,88795E-01;1,95466E-01;2,09357E-01;2,21568E-01;2,32987E-01;2,45319E-01;2,55947E-01;1,33879E-04;4,94108E-04;8,78970E-04;1,28812E-03;1,39290E-03;1,94793E-03;2,41309E-03;2,86932E-03;3,24080E-03;4,03434E-03;4,40654E-03;4,72858E-03;5,48450E-03;6,01160E-03;7,08940E-03;7,20340E-03;8,00730E-03;9,42606E-03;9,51472E-03;1,00618E-02;2,08311E-03;5,05047E-03;8,07339E-03;1,14454E-02;1,44808E-02;1,79621E-02;2,12768E-02;2,48847E-02;2,86569E-02;3,21119E-02;3,59855E-02;3,94708E-02;4,31977E-02;4,70420E-02;5,08826E-02;5,45099E-02;5,90335E-02;6,25220E-02;6,66902E-02;7,04848E-02
695;1,10009E-02;2,52243E-02;4,01542E-02;5,42863E-02;6,71601E-02;8,11698E-02;9,18925E-02;1,07063E-01;1,21610E-01;1,33304E-01;1,41801E-01;1,60331E-01;1,66354E-01;1,83414E-01;1,93821E-01;1,99832E-01;2,16487E-01;2,25630E-01;2,38403E-01;2,48462E-01;1,61768E-04;4,84189E-04;7,13068E-04;1,10529E-03;1,44155E-03;1,76840E-03;2,15665E-03;2,73563E-03;3,00192E-03;3,45751E-03;3,81778E-03;4,27592E-03;4,86213E-03;5,71703E-03;6,15884E-03;6,45881E-03;7,28995E-03;8,08021E-03;8,38297E-03;9,52315E-03;2,25418E-03;5,34907E-03;8,70312E-03;1,22514E-02;1,56743E-02;1,93043E-02;2,29189E-02;2,70841E-02;3,07881E-02;3,48887E-02;3,85382E-02;4,26634E-02;4,64653E-02;5,05627E-02;5,48405E-02;5,86054E-02;6,30059E-02;6,68733E-02;7,05695E-02;7,45561E-02
696;1,03636E-02;2,47418E-02;3,82747E-02;5,16205E-02;6,70141E-02;7,92599E-02;9,24271E-02;1,02052E-01;1,16659E-01;1,30604E-01;1,41701E-01;1,49210E-01;1,61657E-01;1,76598E-01;1,91472E-01;1,93625E-01;2,07940E-01;2,17710E-01;2,24358E-01;2,47241E-01;1,53048E-04;4,73457E-04;7,24698E-04;9,09458E-04;1,29173E-03;1,53841E-03;1,63575E-03;2,26497E-03;2,63865E-03;3,09571E-03;3,47088E-03;3,83123E-03;4,60618E-03;5,19640E-03;4,91662E-03;5,37451E-03;6,39054E-03;7,02249E-03;6,78956E-03;8,39887E-03;2,47300E-03;5,84975E-03;9,38993E-03;1,31692E-02;1,67188E-02;2,10449E-02;2,45993E-02;2,85840E-02;3,35029E-02;3,71500E-02;4,10077E-02;4,59355E-02;4,95972E-02;5,36430E-02;5,89259E-02;6,28390E-02;6,72729E-02;7,22462E-02;7,61516E-02;8,04572E-02
697;1,04951E-02;2,42142E-02;3,70908E-02;5,09663E-02;6,31641E-02;7,45432E-02;8,95901E-02;1,04110E-01;1,12098E-01;1,26843E-01;1,37132E-01;1,45736E-01;1,59143E-01;1,72987E-01;1,86232E-01;1,92756E-01;2,04049E-01;2,11049E-01;2,22373E-01;2,35798E-01;1,30817E-04;3,02320E-04;5,84387E-04;8,03208E-04;1,07099E-03;1,43733E-03;1,80101E-03;2,14132E-03;2,33495E-03;2,69419E-03;2,95538E-03;3,44804E-03;3,48055E-03;4,55532E-03;4,77009E-03;5,42248E-03;5,38543E-03;6,55009E-03;6,80849E-03;6,61205E-03;2,60786E-03;6,47291E-03;1,00440E-02;1,41267E-02;1,80539E-02;2,22154E-02;2,66202E-02;3,12474E-02;3,54622E-02;3,99441E-02;4,44276E-02;4,92197E-02;5,33455E-02;5,83357E-02;6,24721E-02;6,78861E-02;7,16680E-02;7,66471E-02;8,09399E-02;8,68295E-02
698;9,92499E-03;2,35941E-02;3,64352E-02;4,92320E-02;6,19126E-02;7,45815E-02;8,47874E-02;9,79128E-02;1,07508E-01;1,20157E-01;1,30928E-01;1,44827E-01;1,57171E-01;1,64909E-01;1,72588E-01;1,88340E-01;1,98554E-01;2,03908E-01;2,15107E-01;2,23462E-01;1,40823E-04;3,91698E-04;5,48044E-04;7,83850E-04;9,67958E-04;1,35705E-03;1,47721E-03;1,79600E-03;2,15693E-03;2,66465E-03;2,92369E-03;3,32400E-03;3,39392E-03;3,68712E-03;4,11514E-03;5,02779E-03;4,99964E-03;5,49609E-03;6,66562E-03;6,33486E-03;2,86110E-03;6,86446E-03;1,10198E-02;1,51605E-02;1,97380E-02;2,42891E-02;2,88876E-02;3,32961E-02;3,81955E-02;4,31550E-02;4,75920E-02;5,25607E-02;5,78052E-02;6,25828E-02;6,74229E-02;7,21029E-02;7,67528E-02;8,22051E-02;8,73862E-02;9,19059E-02
699;9,63091E-03;2,27146E-02;3,50544E-02;4,74575E-02;6,00135E-02;7,27634E-02;8,35798E-02;9,41916E-02;1,07334E-01;1,18981E-01;1,27189E-01;1,39025E-01;1,48524E-01;1,58824E-01;1,68721E-01;1,80717E-01;1,88493E-01;1,98136E-01;2,07303E-01;2,17273E-01;8,44531E-05;3,53184E-04;4,67800E-04;6,32980E-04;7,96380E-04;1,05045E-03;1,34512E-03;1,60988E-03;2,05387E-03;2,37984E-03;2,63592E-03;2,91339E-03;2,88772E-03;3,24463E-03;3,74230E-03;3,77552E-03;4,67781E-03;4,88016E-03;5,31273E-03;5,67088E-03;3,09079E-03;7,23020E-03;1,17480E-02;1,65294E-02;2,12128E-02;2,59941E-02;3,11604E-02;3,59181E-02;4,07714E-02;4,62026E-02;5,12621E-02;5,61982E-02;6,13447E-02;6,69440E-02;7,10730E-02;7,65998E-02;8,20204E-02;8,80753E-02;9,31075E-02;9,81157E-02
700;9,17535E-03;2,22123E-02;3,41838E-02;4,57558E-02;5,75169E-02;6,82100E-02;8,18236E-02;9,10993E-02;1,02895E-01;1,13031E-01;1,25995E-01;1,34939E-01;1,42519E-01;1,57012E-01;1,70183E-01;1,74513E-01;1,83528E-01;1,93741E-01;2,01357E-01;2,11664E-01;7,09497E-05;2,10819E-04;4,05999E-04;6,31459E-04;8,10059E-04;1,04630E-03;1,16430E-03;1,59446E-03;1,94872E-03;2,12383E-03;2,46569E-03;2,66424E-03;2,89025E-03;2,82537E-03;3,45642E-03;3,86123E-03;4,04088E-03;4,38592E-03;4,67432E-03;5,13348E-03;3,32561E-03;7,90602E-03;1,27707E-02;1,78673E-02;2,31079E-02;2,82342E-02;3,35446E-02;3,86288E-02;4,41074E-02;4,99372E-02;5,50724E-02;6,01862E-02;6,51480E-02;7,14169E-02;7,67471E-02;8,27620E-02;8,84935E-02;9,37401E-02;9,87098E-02;1,04518E-01
701;9,07935E-03;2,02772E-02;3,30307E-02;4,67642E-02;5,45695E-02;6,78186E-02;7,87607E-02;8,83027E-02;1,01073E-01;1,10635E-01;1,22243E-01;1,29251E-01;1,42041E-01;1,47750E-01;1,60367E-01;1,65961E-01;1,74787E-01;1,87265E-01;2,03917E-01;2,02523E-01;9,54416E-05;2,01662E-04;4,99916E-04;4,22606E-04;7,53048E-04;9,41754E-04;1,06874E-03;1,40925E-03;1,67714E-03;1,91131E-03;2,22983E-03;2,60968E-03;3,01063E-03;2,63410E-03;3,13481E-03;3,38643E-03;3,28350E-03;4,52779E-03;4,64691E-03;5,38217E-03;3,54598E-03;8,65860E-03;1,38371E-02;1,94605E-02;2,44568E-02;2,99142E-02;3,49960E-02;4,18615E-02;4,69939E-02;5,28743E-02;5,90669E-02;6,51214E-02;7,14934E-02;7,72162E-02;8,25408E-02;8,71773E-02;9,30645E-02;9,91430E-02;1,05015E-01;1,10454E-01
702;8,59371E-03;2,04690E-02;3,19360E-02;4,33066E-02;5,42198E-02;6,39165E-02;7,53656E-02;8,67602E-02;9,55294E-02;1,06622E-01;1,20678E-01;1,26280E-01;1,37704E-01;1,47644E-01;1,55874E-01;1,61417E-01;1,69983E-01;1,83655E-01;1,83630E-01;1,97299E-01;1,00647E-04;3,23016E-04;2,63174E-04;5,37146E-04;7,37446E-04;7,36879E-04;1,13076E-03;1,14971E-03;1,16481E-03;1,64609E-03;1,57461E-03;2,38023E-03;2,30772E-03;2,49123E-03;2,74617E-03;3,06263E-03;3,44443E-03;3,99781E-03;3,84849E-03;4,44215E-03;3,85835E-03;9,32864E-03;1,48568E-02;2,07192E-02;2,66790E-02;3,25544E-02;3,85426E-02;4,45898E-02;4,97213E-02;5,67242E-02;6,31587E-02;6,87817E-02;7,54016E-02;8,14149E-02;8,74136E-02;9,51369E-02;1,00430E-01;1,06409E-01;1,12529E-01;1,17768E-01
703;8,38698E-03;2,00980E-02;3,13390E-02;4,12853E-02;5,29553E-02;6,21809E-02;7,17558E-02;8,31701E-02;9,41811E-02;1,04529E-01;1,10392E-01;1,21843E-01;1,31747E-01;1,41275E-01;1,48593E-01;1,56920E-01;1,66775E-01;1,72642E-01;1,81462E-01;1,90132E-01;5,97500E-05;2,72923E-04;3,35010E-04;4,56120E-04;6,37327E-04;7,87982E-04;9,69089E-04;1,22819E-03;1,49513E-03;1,60642E-03;1,72725E-03;1,86355E-03;1,90460E-03;2,39059E-03;2,45045E-03;3,11045E-03;3,23992E-03;3,75392E-03;3,68367E-03;4,21989E-03;4,24473E-03;1,00160E-02;1,61475E-02;2,24972E-02;2,85882E-02;3,45411E-02;4,15022E-02;4,75370E-02;5,40583E-02;6,10486E-02;6,76465E-02;7,39607E-02;8,03513E-02;8,73088E-02;9,36649E-02;1,00220E-01;1,06380E-01;1,13225E-01;1,19307E-01;1,25052E-01
704;7,94645E-03;1,94339E-02;2,98769E-02;4,03231E-02;5,08637E-02;6,06872E-02;7,00356E-02;8,00985E-02;8,92876E-02;1,01563E-01;1,07581E-01;1,17430E-01;1,27870E-01;1,36226E-01;1,46130E-01;1,51704E-01;1,60968E-01;1,69409E-01;1,71724E-01;1,88941E-01;9,65997E-05;1,72700E-04;3,08312E-04;4,26110E-04;5,85304E-04;7,71568E-04;7,02544E-04;1,13820E-03;1,23261E-03;1,51921E-03;1,48179E-03;1,67903E-03;1,79418E-03;2,23349E-03;2,22124E-03;2,58480E-03;2,80238E-03;3,07749E-03;3,22905E-03;3,75467E-03;4,54058E-03;1,07196E-02;1,72698E-02;2,40208E-02;3,09058E-02;3,73982E-02;4,41273E-02;5,08249E-02;5,81088E-02;6,48997E-02;7,23991E-02;7,84887E-02;8,53617E-02;9,25336E-02;9,98368E-02;1,06742E-01;1,12800E-01;1,20384E-01;1,27860E-01;1,33654E-01
705;7,67722E-03;1,87531E-02;2,91713E-02;3,97448E-02;4,89684E-02;6,17957E-02;6,81792E-02;7,71872E-02;8,84932E-02;9,49118E-02;1,05419E-01;1,12048E-01;1,22859E-01;1,30488E-01;1,38160E-01;1,47556E-01;1,57569E-01;1,66710E-01;1,70489E-01;1,77815E-01;6,17104E-05;2,10750E-04;2,78640E-04;4,06385E-04;6,67526E-04;5,27741E-04;7,20622E-04;7,42738E-04;8,75083E-04;1,38459E-03;1,27413E-03;1,94960E-03;1,99149E-03;1,69497E-03;2,33159E-03;2,35720E-03;2,56461E-03;2,99294E-03;3,42651E-03;3,43443E-03;4,85098E-03;1,15999E-02;1,85181E-02;2,53605E-02;3,30863E-02;4,03213E-02;4,69206E-02;5,47247E-02;6,17600E-02;6,92755E-02;7,68310E-02;8,45257E-02;9,17946E-02;9,87212E-02;1,05725E-01;1,13498E-01;1,20771E-01;1,28527E-01;1,34761E-01;1,40494E-01
706;7,54790E-03;1,78937E-02;2,83168E-02;3,78983E-02;4,92761E-02;5,71127E-02;6,51156E-02;7,65428E-02;8,52192E-02;9,23267E-02;1,03720E-01;1,11144E-01;1,20779E-01;1,26851E-01;1,38239E-01;1,45473E-01;1,53276E-01;1,60347E-01;1,69588E-01;1,71310E-01;5,98866E-05;1,55920E-04;1,93594E-04;3,56267E-04;4,01922E-04;6,47985E-04;8,25286E-04;7,32768E-04;1,13155E-03;1,15805E-03;1,60678E-03;1,66736E-03;1,82261E-03;2,41746E-03;2,16226E-03;2,18906E-03;2,16799E-03;2,52409E-03;2,81158E-03;3,05271E-03;5,22191E-03;1,24568E-02;1,97356E-02;2,74738E-02;3,50372E-02;4,27893E-02;5,04919E-02;5,75794E-02;6,56786E-02;7,35079E-02;8,12274E-02;8,93321E-02;9,75133E-02;1,05105E-01;1,12352E-01;1,20528E-01;1,27778E-01;1,34888E-01;1,43331E-01;1,49975E-01
707;7,36483E-03;1,74279E-02;2,72164E-02;3,70201E-02;4,67251E-02;5,58153E-02;6,38786E-02;7,28891E-02;7,98280E-02;9,17286E-02;9,84743E-02;1,09933E-01;1,17219E-01;1,21610E-01;1,33024E-01;1,41063E-01;1,48108E-01;1,54362E-01;1,60153E-01;1,70098E-01;3,11963E-05;1,41919E-04;3,10087E-04;3,00632E-04;3,73548E-04;5,99267E-04;5,77887E-04;6,59134E-04;9,54480E-04;1,16858E-03;1,09515E-03;1,31337E-03;1,65282E-03;1,92035E-03;1,89686E-03;2,11773E-03;2,32747E-03;2,24610E-03;2,69820E-03;2,53116E-03;5,61237E-03;1,33248E-02;2,11978E-02;2,93876E-02;3,73368E-02;4,59017E-02;5,39414E-02;6,22163E-02;6,99858E-02;7,83561E-02;8,68903E-02;9,48938E-02;1,02834E-01;1,11340E-01;1,19013E-01;1,28689E-01;1,36084E-01;1,41542E-01;1,51593E-01;1,58197E-01
708;7,20938E-03;1,65840E-02;2,67661E-02;3,51566E-02;4,59576E-02;5,31134E-02;6,19130E-02;7,03887E-02;7,83939E-02;8,79440E-02;9,64447E-02;1,04192E-01;1,12868E-01;1,19129E-01;1,26912E-01;1,34125E-01;1,43933E-01;1,49673E-01;1,60773E-01;1,63505E-01;1,96513E-05;1,16468E-04;2,68121E-04;2,23786E-04;5,00727E-04;6,18249E-04;6,35435E-04;7,65798E-04;7,76477E-04;8,26445E-04;1,14620E-03;1,22938E-03;1,34071E-03;1,51936E-03;1,75267E-03;1,88254E-03;2,07557E-03;2,13460E-03;2,24821E-03;2,27868E-03;6,01827E-03;1,44179E-02;2,26157E-02;3,14780E-02;3,98879E-02;4,84866E-02;5,73431E-02;6,58121E-02;7,49758E-02;8,31800E-02;9,17411E-02;1,00420E-01;1,09426E-01;1,18011E-01;1,26415E-01;1,34545E-01;1,43817E-01;1,51929E-01;1,59865E-01;1,68059E-01
709;7,00807E-03;1,64387E-02;2,56978E-02;3,47028E-02;4,32073E-02;5,04907E-02;6,14073E-02;6,83925E-02;7,86361E-02;8,50758E-02;9,30094E-02;9,84010E-02;1,05645E-01;1,18365E-01;1,25495E-01;1,28277E-01;1,36853E-01;1,42110E-01;1,50898E-01;1,59063E-01;3,90701E-05;1,26038E-04;2,74209E-04;1,53950E-04;4,56898E-04;4,30798E-04;5,15788E-04;8,18434E-04;7,13391E-04;9,11607E-04;1,01682E-03;1,00072E-03;1,46605E-03;1,42957E-03;1,42762E-03;1,60738E-03;1,45471E-03;1,88229E-03;2,36305E-03;2,41078E-03;6,46422E-03;1,51331E-02;2,40582E-02;3,36105E-02;4,28090E-02;5,15713E-02;6,07931E-02;7,03779E-02;7,93944E-02;8,91459E-02;9,76070E-02;1,06368E-01;1,15179E-01;1,24710E-01;1,32087E-01;1,41670E-01;1,52562E-01;1,60266E-01;1,68602E-01;1,75890E-01
710;6,90765E-03;1,55804E-02;2,47318E-02;3,31834E-02;4,08823E-02;4,97105E-02;5,92959E-02;6,60354E-02;7,30277E-02;8,11672E-02;8,66814E-02;9,39738E-02;1,03032E-01;1,07981E-01;1,17510E-01;1,24776E-01;1,33841E-01;1,39388E-01;1,41214E-01;1,53118E-01;5,57675E-05;8,96208E-05;2,84926E-04;3,75241E-04;2,70120E-04;3,14189E-04;3,42995E-04;4,35311E-04;6,95050E-04;7,26538E-04;1,36763E-03;1,19090E-03;1,33536E-03;1,34647E-03;1,21860E-03;1,64191E-03;1,51381E-03;1,73072E-03;1,60242E-03;1,61200E-03;6,89317E-03;1,60715E-02;2,57252E-02;3,55816E-02;4,53926E-02;5,54369E-02;6,44644E-02;7,39632E-02;8,40077E-02;9,37398E-02;1,03501E-01;1,12084E-01;1,23242E-01;1,32901E-01;1,41099E-01;1,51154E-01;1,59013E-01;1,67159E-01;1,76738E-01;1,86187E-01
711;6,43288E-03;1,50232E-02;2,31500E-02;3,21368E-02;3,91860E-02;4,86646E-02;5,55161E-02;6,28697E-02;6,91242E-02;8,05370E-02;8,69705E-02;9,55206E-02;1,01501E-01;1,05349E-01;1,16124E-01;1,22226E-01;1,31033E-01;1,35814E-01;1,39961E-01;1,48058E-01;2,44833E-05;8,09931E-05;5,47707E-05;2,67628E-04;4,16755E-04;3,30302E-04;6,37008E-04;5,88522E-04;5,08025E-04;7,83976E-04;8,83945E-04;5,62362E-04;9,97755E-04;1,16761E-03;1,04945E-03;1,14295E-03;1,81298E-03;1,82178E-03;1,45177E-03;1,85488E-03;7,37434E-03;1,73033E-02;2,72506E-02;3,77628E-02;4,77423E-02;5,78603E-02;6,89269E-02;7,83799E-02;8,88096E-02;9,98753E-02;1,09246E-01;1,19188E-01;1,29009E-01;1,40020E-01;1,47702E-01;1,58459E-01;1,66937E-01;1,76708E-01;1,85987E-01;1,94990E-01
712;6,29324E-03;1,47036E-02;2,23640E-02;3,08526E-02;3,92107E-02;4,59902E-02;5,47222E-02;6,21959E-02;6,94485E-02;7,89739E-02;8,13679E-02;8,96865E-02;9,69051E-02;1,02745E-01;1,11201E-01;1,19957E-01;1,25695E-01;1,29672E-01;1,40278E-01;1,46512E-01;6,85860E-05;6,61732E-05;1,50189E-04;2,36622E-04;3,16163E-04;2,57578E-04;5,55784E-04;6,65091E-04;8,75837E-04;5,56356E-04;9,47671E-04;7,35182E-04;1,13424E-03;1,24215E-03;1,14855E-03;1,09791E-03;1,46250E-03;2,02331E-03;1,68326E-03;1,74034E-03;7,77329E-03;1,82609E-02;2,88266E-02;3,96714E-02;5,04928E-02;6,12123E-02;7,17106E-02;8,25587E-02;9,32722E-02;1,04813E-01;1,14693E-01;1,25805E-01;1,35454E-01;1,45600E-01;1,55779E-01;1,66245E-01;1,75512E-01;1,86571E-01;1,95245E-01;2,04363E-01
713;5,99724E-03;1,45462E-02;2,26653E-02;2,95836E-02;3,83119E-02;4,48695E-02;5,18201E-02;6,09005E-02;6,92131E-02;7,48526E-02;7,96962E-02;8,57442E-02;9,24808E-02;1,00073E-01;1,05942E-01;1,14933E-01;1,19411E-01;1,24675E-01;1,35935E-01;1,38695E-01;4,46151E-05;1,55531E-04;1,88280E-04;1,77408E-04;1,76213E-04;4,19363E-04;4,61939E-04;6,49145E-04;6,12755E-04;6,13835E-04;8,54176E-04;9,97976E-04;1,05224E-03;8,74296E-04;1,05696E-03;1,11199E-03;1,36017E-03;1,70893E-03;2,23192E-03;1,93824E-03;8,21292E-03;1,93342E-02;3,07490E-02;4,19090E-02;5,35585E-02;6,48258E-02;7,60913E-02;8,69404E-02;9,88328E-02;1,10063E-01;1,20459E-01;1,31873E-01;1,42956E-01;1,53675E-01;1,61773E-01;1,74095E-01;1,84053E-01;1,93724E-01;2,03825E-01;2,13759E-01
714;5,78861E-03;1,38904E-02;2,10859E-02;2,77228E-02;3,66787E-02;4,38757E-02;5,06595E-02;5,83794E-02;6,56066E-02;7,11392E-02;8,08589E-02;8,53614E-02;9,11457E-02;9,84060E-02;1,05107E-01;1,11333E-01;1,14789E-01;1,22847E-01;1,28058E-01;1,35691E-01;2,06071E-05;1,14495E-04;1,31634E-04;2,13875E-04;4,23187E-04;1,90582E-04;4,76867E-04;4,43892E-04;7,51621E-04;6,62049E-04;7,51824E-04;7,26302E-04;8,91699E-04;8,48045E-04;1,04649E-03;1,41078E-03;1,44002E-03;1,46948E-03;1,72171E-03;1,97542E-03;8,74760E-03;2,03292E-02;3,22798E-02;4,43941E-02;5,63966E-02;6,83657E-02;7,99765E-02;9,20417E-02;1,03515E-01;1,14590E-01;1,25924E-01;1,37535E-01;1,46983E-01;1,60094E-01;1,69991E-01;1,81183E-01;1,90857E-01;2,02482E-01;2,10859E-01;2,22048E-01
715;5,50002E-03;1,34309E-02;2,05321E-02;2,85166E-02;3,60618E-02;4,19849E-02;4,79204E-02;5,59564E-02;6,11606E-02;6,99767E-02;7,68953E-02;7,77364E-02;8,89268E-02;9,21620E-02;1,00448E-01;1,10866E-01;1,13517E-01;1,20837E-01;1,26767E-01;1,30367E-01;2,63039E-05;8,84158E-05;7,61633E-05;1,79373E-04;4,72286E-04;4,02628E-04;4,63443E-04;5,15436E-04;5,19798E-04;7,42753E-04;7,56682E-04;7,62884E-04;8,15639E-04;9,75017E-04;1,20325E-03;1,17530E-03;1,27001E-03;1,19507E-03;1,51494E-03;1,96938E-03;9,09608E-03;2,14234E-02;3,38279E-02;4,64547E-02;5,90786E-02;7,08287E-02;8,42536E-02;9,56311E-02;1,06749E-01;1,19242E-01;1,31621E-01;1,42802E-01;1,55102E-01;1,66106E-01;1,76534E-01;1,88660E-01;1,99019E-01;2,10639E-01;2,20557E-01;2,30142E-01
716;5,48596E-03;1,30280E-02;2,00020E-02;2,72553E-02;3,44266E-02;4,22477E-02;4,76770E-02;5,32015E-02;5,87517E-02;6,46034E-02;7,12405E-02;7,94423E-02;8,88645E-02;9,26781E-02;1,00734E-01;1,03112E-01;1,15269E-01;1,14053E-01;1,22263E-01;1,27411E-01;2,13708E-05;6,98619E-05;1,91427E-04;1,68472E-04;3,03734E-04;3,02379E-04;3,45289E-04;3,67321E-04;7,93306E-04;6,50322E-04;4,90786E-04;6,94670E-04;9,54422E-04;8,28619E-04;1,09209E-03;9,16860E-04;1,10807E-03;1,42867E-03;1,27470E-03;1,53853E-03;9,62272E-03;2,25090E-02;3,53478E-02;4,84815E-02;6,17704E-02;7,41025E-02;8,76171E-02;9,97558E-02;1,12426E-01;1,24273E-01;1,36857E-01;1,49094E-01;1,60730E-01;1,74014E-01;1,84014E-01;1,96238E-01;2,05688E-01;2,16489E-01;2,28199E-01;2,38450E-01
717;5,28338E-03;1,26514E-02;1,90951E-02;2,64937E-02;3,32255E-02;3,93736E-02;4,61166E-02;5,35055E-02;5,83979E-02;6,56541E-02;6,85869E-02;7,65961E-02;8,45807E-02;9,01133E-02;9,45423E-02;9,98366E-02;1,06027E-01;1,09987E-01;1,17580E-01;1,23006E-01;6,06400E-07;5,31734E-05;1,46075E-04;2,40086E-04;1,66227E-04;2,50458E-04;5,00558E-04;4,31678E-04;4,43482E-04;4,28233E-04;4,82793E-04;6,59068E-04;1,00102E-03;1,02289E-03;8,15849E-04;9,98665E-04;1,24761E-03;1,09267E-03;1,27642E-03;1,36732E-03;1,01271E-02;2,35246E-02;3,70770E-02;5,09084E-02;6,42008E-02;7,73594E-02;9,01727E-02;1,02935E-01;1,16519E-01;1,29679E-01;1,41293E-01;1,54191E-01;1,66374E-01;1,78915E-01;1,90423E-01;2,02207E-01;2,12752E-01;2,23555E-01;2,36058E-01;2,46515E-01
718;5,02681E-03;1,22388E-02;1,82943E-02;2,48794E-02;3,15244E-02;3,84883E-02;4,50623E-02;5,17260E-02;5,57387E-02;6,33040E-02;7,19088E-02;7,42104E-02;7,98572E-02;8,49758E-02;9,00293E-02;9,59730E-02;1,03829E-01;1,07435E-01;1,11890E-01;1,15689E-01;3,21435E-06;2,78766E-05;5,72684E-05;1,75739E-04;1,80286E-04;3,31901E-04;3,96359E-04;4,15926E-04;4,14042E-04;2,38879E-04;4,52710E-04;6,84641E-04;8,67834E-04;7,41680E-04;1,02501E-03;8,73894E-04;1,81446E-03;7,43386E-04;1,31601E-03;1,02137E-03;1,05905E-02;2,44860E-02;3,87061E-02;5,29098E-02;6,64175E-02;8,08470E-02;9,39505E-02;1,07062E-01;1,19778E-01;1,34679E-01;1,46018E-01;1,58307E-01;1,72045E-01;1,83534E-01;1,96321E-01;2,08716E-01;2,19822E-01;2,31054E-01;2,41879E-01;2,53877E-01
719;5,02026E-03;1,12582E-02;1,82704E-02;2,39752E-02;3,09749E-02;3,90881E-02;4,54632E-02;5,06504E-02;5,45992E-02;6,03448E-02;6,89888E-02;7,22947E-02;7,63225E-02;8,36454E-02;8,64668E-02;9,18511E-02;1,01110E-01;1,03201E-01;1,07593E-01;1,15515E-01;4,79194E-05;2,78795E-05;6,78598E-07;1,57818E-04;1,35931E-04;3,52709E-04;4,51514E-04;4,21047E-04;3,04910E-04;4,88359E-04;5,01483E-04;4,01709E-04;7,39014E-04;5,52553E-04;5,55632E-04;1,01524E-03;9,27835E-04;1,32493E-03;7,88619E-04;1,03853E-03;1,11527E-02;2,56556E-02;4,06370E-02;5,49204E-02;6,91974E-02;8,35492E-02;9,80173E-02;1,10698E-01;1,24166E-01;1,37692E-01;1,51625E-01;1,65397E-01;1,76790E-01;1,90052E-01;1,99537E-01;2,13038E-01;2,25625E-01;2,37995E-01;2,47434E-01;2,58658E-01
720;4,78373E-03;1,11075E-02;1,76346E-02;2,35405E-02;2,88937E-02;3,47737E-02;4,31091E-02;4,63823E-02;5,41491E-02;6,02798E-02;6,52835E-02;7,06387E-02;7,39445E-02;8,00742E-02;8,58451E-02;9,22960E-02;9,69618E-02;1,01864E-01;1,06095E-01;1,10619E-01;5,64097E-06;7,65180E-05;1,35422E-04;1,63499E-04;2,67573E-04;2,36880E-04;1,81131E-04;2,98980E-04;3,95650E-04;3,65557E-04;5,18164E-04;7,19486E-04;7,80408E-04;6,49335E-04;9,79133E-04;7,38193E-04;8,57807E-04;1,37650E-03;1,44142E-03;8,06969E-04;1,16462E-02;2,68514E-02;4,20881E-02;5,75858E-02;7,18076E-02;8,62698E-02;1,00973E-01;1,15083E-01;1,28006E-01;1,42734E-01;1,55381E-01;1,70159E-01;1,82787E-01;1,93521E-01;2,07335E-01;2,20767E-01;2,32546E-01;2,43805E-01;2,53605E-01;2,66463E-01
721;4,66988E-03;1,13432E-02;1,69704E-02;2,33574E-02;2,93097E-02;3,47192E-02;4,20983E-02;4,45711E-02;5,08937E-02;5,67943E-02;6,32228E-02;6,91542E-02;7,39881E-02;7,80572E-02;8,50888E-02;8,71698E-02;9,14144E-02;9,89185E-02;1,02847E-01;1,06474E-01;8,32116E-06;7,30091E-05;1,81986E-04;1,27457E-04;1,21860E-04;1,64303E-04;2,98957E-04;1,87212E-04;2,98634E-04;4,95569E-04;4,02048E-04;7,41727E-04;8,54008E-04;8,21994E-04;4,18048E-04;5,46173E-04;8,71377E-04;8,16198E-04;9,38711E-04;1,15454E-03;1,21157E-02;2,82949E-02;4,37818E-02;5,95816E-02;7,49864E-02;9,00818E-02;1,04088E-01;1,18610E-01;1,32344E-01;1,47498E-01;1,60390E-01;1,74389E-01;1,87127E-01;1,99510E-01;2,13197E-01;2,26483E-01;2,38912E-01;2,49496E-01;2,60172E-01;2,71898E-01
722;4,47415E-03;1,09382E-02;1,61799E-02;2,22936E-02;2,76921E-02;3,41276E-02;3,88489E-02;4,56394E-02;5,06036E-02;5,46155E-02;6,19413E-02;6,74698E-02;7,29644E-02;7,52322E-02;8,26787E-02;8,61481E-02;9,11068E-02;9,47680E-02;9,75943E-02;1,00494E-01;1,62107E-05;3,22191E-05;1,79072E-04;9,41566E-05;1,09232E-04;1,68810E-04;4,17945E-04;3,69741E-04;5,05202E-04;3,27159E-04;3,51167E-04;5,08631E-04;8,82851E-04;5,41950E-04;5,27662E-04;5,76651E-04;9,33869E-04;1,14335E-03;9,22159E-04;6,70367E-04;1,27635E-02;2,94252E-02;4,57535E-02;6,25037E-02;7,73566E-02;9,24962E-02;1,07700E-01;1,22870E-01;1,36943E-01;1,51511E-01;1,64533E-01;1,78398E-01;1,92474E-01;2,05030E-01;2,17202E-01;2,29249E-01;2,42694E-01;2,54328E-01;2,66990E-01;2,76808E-01
723;4,29193E-03;1,04509E-02;1,52744E-02;2,17857E-02;2,70684E-02;3,27013E-02;3,66204E-02;4,18354E-02;4,95198E-02;5,26470E-02;5,93530E-02;6,48882E-02;6,91440E-02;7,03564E-02;7,76805E-02;8,24457E-02;8,68490E-02;9,27825E-02;9,62013E-02;9,84307E-02;2,20169E-06;4,55381E-05;8,12841E-05;1,19853E-04;3,16595E-04;3,19787E-04;1,38608E-04;4,47717E-04;2,33760E-04;4,84601E-04;5,12277E-04;3,83844E-04;8,01949E-04;3,89137E-04;3,83247E-04;7,90052E-04;6,35164E-04;1,06770E-03;1,12295E-03;8,30998E-04;1,33833E-02;3,06826E-02;4,76480E-02;6,49001E-02;7,95918E-02;9,56537E-02;1,11861E-01;1,25563E-01;1,40048E-01;1,55016E-01;1,69295E-01;1,81369E-01;1,95522E-01;2,08693E-01;2,20490E-01;2,31779E-01;2,46672E-01;2,58846E-01;2,69752E-01;2,81575E-01
724;4,31822E-03;9,69581E-03;1,55853E-02;2,00607E-02;2,70318E-02;3,21098E-02;3,75688E-02;4,25461E-02;4,53699E-02;5,12521E-02;5,27560E-02;6,11599E-02;6,79236E-02;7,20934E-02;7,54713E-02;8,02521E-02;8,05333E-02;9,08974E-02;9,61308E-02;9,43500E-02;3,07747E-05;6,76708E-05;4,49857E-05;2,23468E-04;1,84874E-04;1,78762E-04;3,17572E-04;4,54276E-04;2,18730E-04;4,96097E-04;8,07992E-04;4,87795E-04;4,39821E-04;7,88917E-04;6,31967E-04;7,75243E-04;6,02223E-04;1,30640E-03;7,53845E-04;6,34593E-04;1,41758E-02;3,20558E-02;4,96441E-02;6,66985E-02;8,27022E-02;9,87844E-02;1,14057E-01;1,28769E-01;1,44434E-01;1,59743E-01;1,73300E-01;1,86693E-01;2,00402E-01;2,13034E-01;2,26781E-01;2,38337E-01;2,50632E-01;2,61594E-01;2,74461E-01;2,85640E-01
725;4,09663E-03;9,62633E-03;1,47704E-02;2,05966E-02;2,57518E-02;3,05887E-02;3,57764E-02;3,97808E-02;4,46197E-02;5,03430E-02;5,42997E-02;6,10742E-02;6,53649E-02;7,01118E-02;7,27013E-02;7,55941E-02;8,47866E-02;8,76972E-02;9,33084E-02;9,25661E-02;4,96465E-05;1,05282E-04;9,40955E-05;3,26882E-05;2,22103E-04;1,23113E-04;2,46988E-04;4,82637E-04;3,65834E-04;4,20510E-04;2,54709E-04;5,49557E-04;5,31342E-04;7,75321E-04;2,74293E-04;7,13658E-04;6,30084E-04;1,19617E-03;7,75876E-04;1,00540E-03;1,48000E-02;3,35536E-02;5,14111E-02;6,93485E-02;8,60271E-02;1,02354E-01;1,18233E-01;1,32888E-01;1,48368E-01;1,62398E-01;1,77667E-01;1,90944E-01;2,03477E-01;2,16920E-01;2,29578E-01;2,41630E-01;2,54348E-01;2,68177E-01;2,76713E-01;2,88162E-01
726;3,84416E-03;8,79975E-03;1,42843E-02;2,04590E-02;2,40463E-02;2,91523E-02;3,49689E-02;3,96929E-02;4,45220E-02;4,75562E-02;5,24036E-02;5,59987E-02;6,08522E-02;6,28927E-02;6,61428E-02;7,34869E-02;7,70922E-02;8,48394E-02;8,73954E-02;9,02301E-02;8,19221E-06;8,17742E-06;9,39562E-05;2,12800E-04;2,61129E-04;1,84569E-04;2,83690E-04;2,92358E-04;2,40524E-04;2,47396E-04;9,83181E-05;4,66596E-04;4,37125E-04;3,66733E-04;6,15279E-04;5,86169E-04;6,20149E-04;4,69049E-04;6,25628E-04;9,59172E-04;1,54586E-02;3,48103E-02;5,35434E-02;7,16286E-02;8,88539E-02;1,04789E-01;1,21930E-01;1,36196E-01;1,51184E-01;1,65070E-01;1,79917E-01;1,93818E-01;2,07521E-01;2,20688E-01;2,33615E-01;2,46414E-01;2,58965E-01;2,69745E-01;2,81954E-01;2,90840E-01
727;3,74609E-03;8,30656E-03;1,38564E-02;2,02584E-02;2,40321E-02;2,86552E-02;3,41437E-02;3,67163E-02;4,18416E-02;4,64813E-02;5,39569E-02;5,60124E-02;6,02259E-02;6,57064E-02;6,84627E-02;7,09583E-02;7,65307E-02;8,16439E-02;8,25605E-02;8,92139E-02;8,08993E-06;3,78988E-05;6,01238E-05;1,67162E-04;1,57158E-04;1,90145E-04;2,93014E-04;4,34209E-04;1,73693E-04;1,38098E-04;2,58990E-04;7,10811E-04;2,80977E-04;7,93216E-04;4,77409E-04;5,67473E-04;7,44134E-04;4,43933E-04;6,72035E-04;9,54114E-04;1,62040E-02;3,64858E-02;5,50213E-02;7,43586E-02;9,19767E-02;1,07943E-01;1,24008E-01;1,40160E-01;1,53796E-01;1,69888E-01;1,84263E-01;1,97773E-01;2,11059E-01;2,22814E-01;2,36053E-01;2,50501E-01;2,63350E-01;2,73658E-01;2,84671E-01;2,95203E-01
728;3,64265E-03;8,69635E-03;1,38229E-02;1,81159E-02;2,33072E-02;2,68275E-02;3,23727E-02;3,68026E-02;3,99895E-02;4,47358E-02;5,14209E-02;5,27634E-02;5,82211E-02;6,38411E-02;6,31053E-02;6,74121E-02;7,34197E-02;7,53754E-02;7,94328E-02;8,23836E-02;2,34882E-06;2,74540E-05;1,12733E-04;1,27951E-04;3,07690E-04;2,08545E-04;6,12959E-04;3,52753E-04;2,34723E-04;3,53140E-04;3,70087E-04;5,21110E-04;1,79731E-04;3,38641E-04;3,37713E-04;5,39769E-04;5,76215E-04;9,79179E-04;9,59236E-04;3,77973E-05;1,68797E-02;3,79393E-02;5,76502E-02;7,62811E-02;9,37306E-02;1,11023E-01;1,27192E-01;1,42313E-01;1,57905E-01;1,73499E-01;1,87325E-01;2,00684E-01;2,15153E-01;2,26540E-01;2,39258E-01;2,53322E-01;2,63529E-01;2,76324E-01;2,87309E-01;2,99730E-01
729;3,69041E-03;8,66684E-03;1,34203E-02;1,82773E-02;2,20949E-02;2,56915E-02;3,05932E-02;3,39297E-02;3,95049E-02;4,40665E-02;4,80896E-02;5,27014E-02;5,76755E-02;5,96249E-02;6,37349E-02;6,88378E-02;7,19775E-02;7,75841E-02;8,04366E-02;8,16535E-02;1,77648E-05;0,00000E+00;7,07639E-05;6,36990E-05;1,59454E-04;1,79188E-04;2,28342E-04;2,53817E-04;3,57487E-04;1,67448E-04;6,34697E-04;2,89736E-04;5,65709E-04;7,17760E-04;6,82565E-04;7,84868E-04;5,27869E-04;7,03501E-04;4,61921E-04;1,09756E-03;1,75684E-02;3,90377E-02;5,90233E-02;7,79223E-02;9,56964E-02;1,13627E-01;1,29823E-01;1,45281E-01;1,60768E-01;1,74815E-01;1,90669E-01;2,03329E-01;2,16491E-01;2,29832E-01;2,42948E-01;2,55278E-01;2,67419E-01;2,79516E-01;2,89158E-01;2,98278E-01
730;3,36223E-03;8,24747E-03;1,28190E-02;1,77136E-02;2,15622E-02;2,66221E-02;3,09953E-02;3,39947E-02;3,84041E-02;4,02092E-02;4,76167E-02;5,10160E-02;5,44441E-02;5,74918E-02;6,13999E-02;6,80025E-02;7,07737E-02;7,23035E-02;7,83423E-02;7,53389E-02;4,32430E-05;7,59723E-05;1,31920E-04;9,80595E-05;1,39277E-04;1,96783E-04;9,85235E-05;2,65211E-04;3,30509E-04;1,84570E-04;6,36524E-04;2,62069E-04;4,84421E-04;5,05810E-04;5,73468E-04;4,60284E-04;3,76421E-04;8,23120E-04;4,91541E-04;1,15865E-03;1,81484E-02;3,99244E-02;6,04479E-02;7,99104E-02;9,77379E-02;1,15353E-01;1,32105E-01;1,46641E-01;1,62712E-01;1,77419E-01;1,91493E-01;2,05266E-01;2,18612E-01;2,31346E-01;2,44379E-01;2,56044E-01;2,68145E-01;2,80786E-01;2,90910E-01;3,01960E-01
731;3,50914E-03;7,91654E-03;1,21267E-02;1,69325E-02;2,14763E-02;2,47354E-02;3,02165E-02;3,32406E-02;3,70845E-02;3,90005E-02;4,41589E-02;4,91163E-02;5,21774E-02;5,80852E-02;6,17641E-02;6,64456E-02;7,04593E-02;7,09862E-02;7,47287E-02;7,73288E-02;2,73056E-05;5,63936E-05;2,15912E-05;1,09484E-04;2,35941E-04;1,26064E-04;1,91353E-04;1,79252E-04;9,56442E-05;1,38239E-04;5,41526E-04;2,83476E-04;4,20470E-04;4,43515E-04;6,67224E-04;1,51811E-04;5,67387E-04;7,05338E-04;6,44848E-04;8,24999E-04;1,85978E-02;4,10166E-02;6,15466E-02;8,06823E-02;9,95915E-02;1,16024E-01;1,32834E-01;1,48653E-01;1,64100E-01;1,78653E-01;1,92418E-01;2,07091E-01;2,19978E-01;2,33659E-01;2,46741E-01;2,57880E-01;2,69624E-01;2,80517E-01;2,89801E-01;3,01771E-01
732;3,28397E-03;7,88377E-03;1,25825E-02;1,60466E-02;1,99041E-02;2,35891E-02;2,78521E-02;3,13049E-02;3,53073E-02;3,76030E-02;4,10971E-02;4,89627E-02;5,08162E-02;5,55230E-02;6,07532E-02;5,81521E-02;6,53822E-02;6,39337E-02;7,02853E-02;7,58333E-02;1,57966E-06;9,40513E-07;9,31495E-05;1,99438E-04;1,77105E-04;1,81807E-04;1,29625E-05;2,43674E-04;2,20071E-04;6,02831E-04;1,12938E-04;4,25001E-04;3,85340E-04;3,95069E-04;4,94259E-04;5,30891E-04;5,31455E-04;7,04142E-04;4,63669E-04;1,04882E-03;1,89001E-02;4,12475E-02;6,20836E-02;8,12873E-02;9,95419E-02;1,17457E-01;1,33592E-01;1,50189E-01;1,63553E-01;1,78649E-01;1,92662E-01;2,07071E-01;2,19510E-01;2,33503E-01;2,45891E-01;2,56152E-01;2,70172E-01;2,81387E-01;2,90871E-01;3,00890E-01
733;3,11089E-03;7,41150E-03;1,12675E-02;1,56407E-02;1,94664E-02;2,27312E-02;2,72394E-02;3,23125E-02;3,55364E-02;3,93080E-02;4,34997E-02;4,54003E-02;4,77678E-02;5,47092E-02;5,65440E-02;5,87471E-02;6,26634E-02;6,40774E-02;6,94075E-02;7,35540E-02;2,75316E-05;1,94423E-05;9,70692E-06;1,16901E-04;1,49563E-05;1,32567E-04;2,02863E-04;4,02340E-04;2,65435E-04;1,58982E-04;4,74610E-04;4,67701E-04;4,77429E-04;2,90908E-04;6,62127E-04;4,90796E-04;5,00906E-04;6,21728E-04;7,20322E-04;7,31510E-04;1,87976E-02;4,11721E-02;6,17768E-02;8,16827E-02;9,94476E-02;1,16763E-01;1,33544E-01;1,48018E-01;1,63816E-01;1,78805E-01;1,92660E-01;2,06390E-01;2,18833E-01;2,31857E-01;2,44253E-01;2,56136E-01;2,69017E-01;2,78530E-01;2,90829E-01;2,99886E-01
734;2,99769E-03;6,86095E-03;1,10607E-02;1,47522E-02;1,91779E-02;2,17254E-02;2,57846E-02;3,11321E-02;3,25507E-02;3,76488E-02;4,21962E-02;4,42588E-02;4,81226E-02;5,39195E-02;5,34946E-02;5,76980E-02;6,04724E-02;6,59988E-02;6,89779E-02;7,36453E-02;2,83086E-05;9,91046E-05;1,04513E-04;8,46269E-05;1,34689E-04;1,87030E-04;3,89820E-04;2,70009E-04;1,76798E-04;3,30642E-04;5,99274E-04;1,38977E-04;3,69319E-04;3,86938E-04;6,73741E-04;7,02218E-04;4,33846E-04;4,11523E-04;6,29575E-04;2,71972E-04;1,84349E-02;4,06316E-02;6,09031E-02;8,04004E-02;9,75030E-02;1,15856E-01;1,31389E-01;1,47129E-01;1,61024E-01;1,75762E-01;1,90666E-01;2,03985E-01;2,16504E-01;2,29556E-01;2,41270E-01;2,53797E-01;2,66341E-01;2,75664E-01;2,88757E-01;2,97933E-01
735;2,95303E-03;6,91592E-03;1,06190E-02;1,52967E-02;1,86307E-02;2,19774E-02;2,58405E-02;3,02905E-02;3,11015E-02;3,63467E-02;3,73007E-02;4,21367E-02;4,52832E-02;5,05511E-02;5,06929E-02;5,39644E-02;5,73222E-02;6,34821E-02;6,50784E-02;7,14600E-02;0,00000E+00;3,89278E-05;7,41610E-05;9,15843E-05;2,04335E-04;1,01799E-04;2,92957E-04;1,70248E-04;2,00660E-04;3,61493E-04;2,88886E-04;1,20395E-04;5,23144E-04;3,69351E-04;5,32821E-04;3,94695E-04;5,81517E-04;6,43497E-04;6,10914E-04;5,59594E-04;1,78493E-02;3,93676E-02;5,94481E-02;7,85751E-02;9,58871E-02;1,12588E-01;1,29109E-01;1,44261E-01;1,59236E-01;1,74092E-01;1,86997E-01;2,01320E-01;2,13130E-01;2,25732E-01;2,38296E-01;2,50026E-01;2,62240E-01;2,72941E-01;2,83484E-01;2,95618E-01
736;2,72284E-03;6,40578E-03;1,07951E-02;1,49424E-02;1,69678E-02;2,02541E-02;2,43817E-02;2,81554E-02;3,16509E-02;3,50842E-02;3,82695E-02;3,98870E-02;4,40960E-02;4,78396E-02;5,33543E-02;5,47425E-02;5,96581E-02;5,83889E-02;6,23626E-02;6,56756E-02;3,40755E-05;5,07200E-05;1,99715E-06;7,31260E-05;2,70793E-05;3,15146E-04;3,76998E-05;1,36531E-04;1,34859E-04;3,75823E-04;2,85086E-05;1,91043E-04;4,69669E-04;3,07390E-04;5,92788E-04;3,35348E-04;7,65722E-04;1,25430E-04;8,40357E-04;8,99523E-04;1,70479E-02;3,76177E-02;5,72473E-02;7,55771E-02;9,26834E-02;1,08560E-01;1,24787E-01;1,39899E-01;1,54262E-01;1,69153E-01;1,81779E-01;1,94311E-01;2,09394E-01;2,20405E-01;2,32625E-01;2,45043E-01;2,56162E-01;2,67732E-01;2,78112E-01;2,88655E-01
737;2,84274E-03;6,73123E-03;1,03253E-02;1,45358E-02;1,67961E-02;1,99330E-02;2,55929E-02;2,58191E-02;3,03292E-02;3,34233E-02;3,66057E-02;4,15087E-02;4,33547E-02;4,55780E-02;5,02534E-02;4,92764E-02;5,44271E-02;5,71626E-02;5,89411E-02;6,26829E-02;1,24960E-06;1,29134E-04;1,93436E-04;1,17432E-04;8,90623E-05;9,16908E-06;3,44698E-04;1,14660E-04;1,78968E-04;6,18079E-05;1,79983E-04;3,22492E-04;9,80781E-06;3,01594E-04;2,63589E-04;8,25705E-04;4,80366E-04;4,48772E-04;5,00641E-04;1,10510E-03;1,57433E-02;3,56681E-02;5,39667E-02;7,15644E-02;8,80545E-02;1,04767E-01;1,19404E-01;1,34742E-01;1,48434E-01;1,61708E-01;1,75381E-01;1,88574E-01;2,01840E-01;2,13267E-01;2,24927E-01;2,38002E-01;2,48423E-01;2,59451E-01;2,68905E-01;2,79381E-01
738;2,63829E-03;6,57532E-03;9,45897E-03;1,32046E-02;1,73471E-02;1,96770E-02;2,35924E-02;2,61855E-02;2,88084E-02;3,36672E-02;3,66163E-02;4,02065E-02;4,46923E-02;4,59914E-02;4,66107E-02;5,07893E-02;5,27958E-02;5,55769E-02;5,80243E-02;6,26747E-02;8,92351E-06;3,78309E-05;1,25672E-04;5,91051E-05;9,14717E-05;2,31194E-05;2,03203E-04;5,35611E-05;1,68176E-04;3,69102E-04;1,57092E-04;2,27296E-04;7,00385E-05;4,71948E-04;3,66122E-04;4,39489E-04;5,50917E-04;1,34710E-04;5,14762E-04;4,52344E-04;1,44969E-02;3,26770E-02;5,05683E-02;6,70712E-02;8,31309E-02;9,85638E-02;1,13166E-01;1,27421E-01;1,41064E-01;1,54875E-01;1,67372E-01;1,81252E-01;1,93793E-01;2,06488E-01;2,16641E-01;2,29648E-01;2,39620E-01;2,51484E-01;2,62536E-01;2,72599E-01
739;2,52953E-03;6,27816E-03;9,32742E-03;1,30151E-02;1,59729E-02;1,97141E-02;2,31152E-02;2,66150E-02;2,76878E-02;3,19354E-02;3,36341E-02;3,79814E-02;4,21674E-02;4,42418E-02;4,30393E-02;5,00559E-02;5,08553E-02;5,44815E-02;5,69538E-02;5,92372E-02;5,71148E-06;6,17315E-05;1,09802E-04;0,00000E+00;5,17507E-05;6,57855E-05;3,49096E-04;1,76306E-04;7,23405E-05;2,16820E-04;2,22832E-04;8,21833E-05;1,03745E-04;5,17094E-04;1,57194E-04;5,38162E-04;2,49972E-04;4,16273E-04;7,23678E-04;5,54214E-04;1,30045E-02;2,98579E-02;4,60083E-02;6,22768E-02;7,74224E-02;9,18450E-02;1,06547E-01;1,19232E-01;1,32762E-01;1,46211E-01;1,58783E-01;1,71978E-01;1,82944E-01;1,95762E-01;2,07060E-01;2,19650E-01;2,30086E-01;2,40136E-01;2,51120E-01;2,61324E-01
740;2,43953E-03;6,19513E-03;8,92024E-03;1,25205E-02;1,50811E-02;1,88968E-02;2,25559E-02;2,39112E-02;2,79097E-02;3,01151E-02;3,35057E-02;3,99211E-02;4,07861E-02;4,24570E-02;4,60480E-02;5,01570E-02;4,95211E-02;5,23376E-02;5,53907E-02;5,52234E-02;2,23412E-06;4,83847E-05;8,08295E-05;1,48986E-04;1,33985E-04;6,15488E-05;8,71090E-05;1,10754E-04;2,45989E-04;1,91213E-04;2,54991E-04;3,76119E-04;8,97620E-05;3,51658E-04;3,78193E-04;8,36029E-04;6,11522E-04;6,80909E-04;1,31740E-04;7,38719E-04;1,15531E-02;2,69217E-02;4,20361E-02;5,69396E-02;7,07961E-02;8,48556E-02;9,84320E-02;1,10977E-01;1,23821E-01;1,36461E-01;1,49192E-01;1,61225E-01;1,73115E-01;1,83563E-01;1,96384E-01;2,07464E-01;2,17515E-01;2,29067E-01;2,38930E-01;2,49792E-01
741;2,43668E-03;5,67383E-03;8,70675E-03;1,26848E-02;1,56720E-02;1,74591E-02;2,09607E-02;2,36474E-02;2,60295E-02;3,02630E-02;3,26822E-02;3,53452E-02;3,49649E-02;4,06330E-02;4,24452E-02;4,51427E-02;5,13880E-02;5,21545E-02;5,60638E-02;5,16426E-02;2,59186E-07;5,96895E-05;1,32264E-06;1,69511E-04;2,80346E-04;6,18360E-05;3,47076E-04;4,26311E-04;2,38510E-04;1,62820E-04;2,49503E-04;3,51547E-04;1,91442E-04;1,10965E-05;2,69099E-04;2,17555E-04;2,18595E-04;5,58428E-04;1,22500E-03;7,24204E-04;1,00828E-02;2,37826E-02;3,76741E-02;5,14144E-02;6,45155E-02;7,78578E-02;8,95032E-02;1,02169E-01;1,14564E-01;1,26623E-01;1,37980E-01;1,50166E-01;1,59244E-01;1,72915E-01;1,83730E-01;1,93988E-01;2,06027E-01;2,16205E-01;2,25375E-01;2,37759E-01
742;2,18965E-03;5,45068E-03;8,44033E-03;1,18880E-02;1,54497E-02;1,69257E-02;2,12224E-02;2,34333E-02;2,40644E-02;2,92911E-02;3,07882E-02;3,42496E-02;3,56906E-02;4,07307E-02;4,07527E-02;4,77986E-02;4,74170E-02;4,76259E-02;4,84827E-02;5,55705E-02;1,35193E-05;4,35778E-05;8,01868E-05;8,26575E-05;1,22404E-04;4,68670E-05;3,31210E-04;2,23153E-04;2,09902E-04;1,05687E-04;1,33913E-04;1,88152E-04;3,48080E-04;6,55128E-04;6,77666E-04;3,72073E-04;5,02662E-04;4,56481E-04;9,91859E-04;3,21731E-04;8,70083E-03;2,07156E-02;3,32823E-02;4,54980E-02;5,71435E-02;6,95257E-02;8,13468E-02;9,25678E-02;1,03889E-01;1,15261E-01;1,27656E-01;1,37971E-01;1,48819E-01;1,60442E-01;1,71054E-01;1,82781E-01;1,91500E-01;2,00767E-01;2,11638E-01;2,21047E-01
743;2,19219E-03;5,25176E-03;8,39268E-03;1,10766E-02;1,37786E-02;1,64877E-02;1,96626E-02;2,26543E-02;2,47836E-02;2,79888E-02;3,07108E-02;3,20100E-02;3,58710E-02;3,92885E-02;4,17162E-02;4,65369E-02;4,58316E-02;4,89259E-02;4,95669E-02;5,17981E-02;0,00000E+00;1,75582E-06;4,35083E-05;2,61888E-05;8,16203E-05;0,00000E+00;2,37872E-04;8,99852E-05;2,18200E-04;5,28807E-04;2,46477E-04;2,37555E-04;3,48200E-04;1,98519E-04;5,54008E-04;2,42037E-04;6,58326E-04;7,67578E-04;6,37595E-04;1,35752E-04;7,43454E-03;1,81127E-02;2,91079E-02;4,03995E-02;5,09984E-02;6,23505E-02;7,25579E-02;8,38192E-02;9,41892E-02;1,04963E-01;1,16516E-01;1,26264E-01;1,37151E-01;1,47381E-01;1,56111E-01;1,68593E-01;1,77002E-01;1,88153E-01;1,97412E-01;2,06454E-01
744;2,16776E-03;5,02227E-03;8,63771E-03;1,05696E-02;1,29914E-02;1,65603E-02;1,82395E-02;2,19702E-02;2,28257E-02;2,66082E-02;3,06693E-02;3,09731E-02;3,38997E-02;3,80617E-02;4,38112E-02;4,27875E-02;4,47662E-02;4,61306E-02;4,63353E-02;5,08747E-02;0,00000E+00;0,00000E+00;8,07051E-05;7,46615E-05;1,22579E-05;7,36980E-06;2,38318E-04;1,89547E-04;6,64330E-05;3,27973E-04;3,59137E-04;2,32103E-04;2,47256E-04;3,28411E-04;1,62779E-04;4,22072E-04;6,97231E-04;5,51383E-04;1,64629E-04;2,71282E-04;6,34042E-03;1,55656E-02;2,53509E-02;3,53485E-02;4,51600E-02;5,50337E-02;6,49138E-02;7,46322E-02;8,51439E-02;9,44258E-02;1,05217E-01;1,14367E-01;1,24941E-01;1,33262E-01;1,43306E-01;1,54252E-01;1,62992E-01;1,73155E-01;1,82258E-01;1,89813E-01
745;2,07217E-03;5,15576E-03;7,98296E-03;1,08833E-02;1,32905E-02;1,42085E-02;1,81742E-02;1,94699E-02;2,45451E-02;2,65849E-02;2,88763E-02;3,21125E-02;3,47781E-02;3,54438E-02;3,72453E-02;3,91280E-02;4,40263E-02;4,53385E-02;4,76209E-02;4,95739E-02;0,00000E+00;8,52007E-05;1,69506E-04;1,34749E-04;9,22436E-06;1,28037E-04;2,10733E-05;1,51724E-04;2,41395E-04;7,52724E-05;3,05101E-04;2,32541E-04;2,31496E-04;2,53850E-04;2,49603E-04;5,07942E-04;4,19038E-05;3,42590E-04;5,27831E-04;6,25611E-04;5,34047E-03;1,32269E-02;2,16799E-02;3,06808E-02;3,94510E-02;4,82372E-02;5,69761E-02;6,57978E-02;7,56840E-02;8,51023E-02;9,34471E-02;1,02179E-01;1,11485E-01;1,21210E-01;1,28715E-01;1,38896E-01;1,48878E-01;1,56696E-01;1,63689E-01;1,74315E-01
746;1,99941E-03;4,86132E-03;7,13024E-03;1,00277E-02;1,35227E-02;1,58412E-02;1,72671E-02;2,14409E-02;2,14880E-02;2,45757E-02;2,64587E-02;3,02805E-02;3,30171E-02;3,19751E-02;3,48339E-02;4,08249E-02;4,04147E-02;4,38301E-02;4,62452E-02;5,18920E-02;1,54084E-06;3,49386E-05;4,82741E-05;7,08304E-05;2,36920E-05;3,65950E-04;1,03075E-05;9,58789E-05;1,89387E-04;4,19054E-04;1,06800E-04;9,95530E-05;1,81558E-04;4,49752E-04;1,27813E-04;0,00000E+00;2,67729E-04;7,74635E-05;6,50507E-04;6,01750E-04;4,51224E-03;1,13909E-02;1,87528E-02;2,65127E-02;3,43596E-02;4,18785E-02;5,02611E-02;5,83715E-02;6,63850E-02;7,47862E-02;8,34008E-02;9,05491E-02;9,85272E-02;1,07184E-01;1,15863E-01;1,25161E-01;1,33506E-01;1,41767E-01;1,49961E-01;1,59479E-01
747;1,94767E-03;4,34661E-03;6,73636E-03;9,85676E-03;1,30585E-02;1,50333E-02;1,69189E-02;2,01464E-02;2,24520E-02;2,40737E-02;2,70097E-02;2,87890E-02;3,21852E-02;3,43182E-02;3,51266E-02;3,84165E-02;3,78839E-02;4,20283E-02;4,48654E-02;4,58904E-02;5,45928E-06;2,84659E-05;1,08609E-04;1,99570E-04;2,00079E-04;2,96227E-05;7,57165E-05;1,39264E-04;4,29250E-05;2,10312E-04;7,41014E-06;1,69229E-04;2,66833E-04;3,06767E-04;6,58629E-04;4,89959E-05;3,31719E-04;5,04592E-04;5,78409E-04;5,16841E-04;3,77493E-03;9,64574E-03;1,59341E-02;2,26808E-02;2,93629E-02;3,67605E-02;4,35837E-02;5,06370E-02;5,77439E-02;6,51139E-02;7,33871E-02;8,10725E-02;8,81092E-02;9,53912E-02;1,03565E-01;1,12981E-01;1,19592E-01;1,28463E-01;1,35218E-01;1,42959E-01
748;1,99478E-03;4,66901E-03;6,74565E-03;9,89537E-03;1,22815E-02;1,45357E-02;1,57465E-02;1,93119E-02;2,12073E-02;2,29641E-02;2,69617E-02;2,77532E-02;2,87571E-02;3,35350E-02;3,21365E-02;3,74665E-02;4,00316E-02;3,94660E-02;4,17950E-02;4,48086E-02;7,75141E-06;2,32235E-05;1,35631E-04;1,64996E-04;3,07762E-04;1,74993E-04;9,04360E-05;9,59595E-05;9,78213E-05;4,73123E-04;4,20941E-05;3,21691E-04;4,06896E-04;3,57786E-04;4,37844E-04;2,47215E-04;2,45535E-04;5,76643E-04;4,02930E-04;3,55047E-04;3,15885E-03;8,14334E-03;1,37099E-02;1,94973E-02;2,53306E-02;3,16537E-02;3,77436E-02;4,40429E-02;5,03975E-02;5,73548E-02;6,38267E-02;7,13473E-02;7,78165E-02;8,48463E-02;9,21112E-02;9,94161E-02;1,06215E-01;1,14091E-01;1,19742E-01;1,29726E-01
749;1,90925E-03;4,76715E-03;7,34854E-03;9,32132E-03;1,17881E-02;1,37331E-02;1,68714E-02;1,87535E-02;2,11029E-02;2,15261E-02;2,39626E-02;2,73375E-02;3,01045E-02;3,35025E-02;3,28200E-02;3,29261E-02;3,77725E-02;4,13185E-02;4,46485E-02;4,55686E-02;4,30451E-06;4,13641E-06;9,71621E-05;1,83832E-04;1,95972E-04;3,13991E-05;1,39574E-04;4,15203E-04;1,05864E-04;5,94900E-05;3,78559E-04;2,98504E-04;1,62082E-04;5,24036E-04;1,59551E-04;1,49636E-04;3,30490E-05;3,78242E-04;5,51075E-04;7,60393E-04;2,67711E-03;6,79989E-03;1,17403E-02;1,67209E-02;2,16222E-02;2,72801E-02;3,24825E-02;3,86871E-02;4,42155E-02;5,00428E-02;5,61043E-02;6,23180E-02;6,86909E-02;7,46433E-02;8,11470E-02;8,82057E-02;9,50310E-02;9,99045E-02;1,07048E-01;1,13775E-01
750;1,82506E-03;3,98241E-03;6,69827E-03;8,97849E-03;1,19604E-02;1,36722E-02;1,58539E-02;1,78287E-02;2,01484E-02;2,21922E-02;2,60722E-02;2,63663E-02;2,91060E-02;3,08189E-02;3,54465E-02;3,46826E-02;3,74939E-02;3,75166E-02;4,02946E-02;4,13059E-02;4,24905E-06;1,11809E-05;1,54644E-04;2,54872E-05;1,22500E-05;4,20858E-06;1,16035E-04;2,18604E-05;2,55863E-04;2,12329E-04;2,75447E-04;3,19899E-04;3,53362E-04;1,33472E-04;7,66721E-05;5,11632E-05;3,09506E-04;2,28872E-05;3,27751E-04;4,54357E-04;2,23446E-03;5,89035E-03;9,98723E-03;1,39802E-02;1,86954E-02;2,31283E-02;2,79439E-02;3,31637E-02;3,79762E-02;4,35245E-02;4,88051E-02;5,40133E-02;5,97940E-02;6,47203E-02;7,11731E-02;7,67778E-02;8,27377E-02;8,92623E-02;9,52596E-02;1,01998E-01
751;1,75038E-03;4,24143E-03;6,68687E-03;9,08817E-03;1,07140E-02;1,22090E-02;1,45997E-02;1,78438E-02;1,93503E-02;2,13561E-02;2,50297E-02;2,71973E-02;2,96142E-02;3,02058E-02;3,09010E-02;3,54035E-02;3,55311E-02;3,65047E-02;4,00709E-02;4,17206E-02;2,90200E-05;9,01215E-05;1,35606E-04;3,53228E-05;2,05068E-04;7,14702E-05;2,57239E-04;2,14032E-04;1,08630E-04;2,81360E-04;3,77487E-05;3,53068E-04;1,23339E-04;1,49757E-04;1,40762E-04;3,82412E-04;2,89769E-04;3,20901E-04;9,08464E-05;1,46929E-04;1,88561E-03;5,00427E-03;8,38907E-03;1,19570E-02;1,61008E-02;2,01323E-02;2,39990E-02;2,88294E-02;3,25564E-02;3,78791E-02;4,25161E-02;4,75055E-02;5,12934E-02;5,77161E-02;6,18674E-02;6,72680E-02;7,41272E-02;7,84516E-02;8,40605E-02;8,86722E-02
752;1,60750E-03;4,15466E-03;6,32517E-03;7,87540E-03;1,02900E-02;1,26221E-02;1,47033E-02;1,60801E-02;1,79667E-02;2,01366E-02;2,56183E-02;2,44821E-02;2,81314E-02;3,08268E-02;2,88754E-02;3,02566E-02;3,52687E-02;3,28783E-02;3,82249E-02;4,09382E-02;8,78514E-06;4,95456E-05;2,67335E-05;1,43310E-04;3,42617E-04;1,59949E-04;9,79520E-05;2,59458E-04;1,72771E-04;2,15979E-04;1,27989E-04;4,05412E-04;3,98630E-04;2,96192E-04;9,79520E-05;1,70474E-04;4,46562E-04;3,00073E-04;1,54457E-04;5,53026E-04;1,60598E-03;4,17753E-03;7,13660E-03;1,03841E-02;1,38425E-02;1,73267E-02;2,06991E-02;2,49047E-02;2,83385E-02;3,27940E-02;3,63585E-02;4,04626E-02;4,51456E-02;4,94923E-02;5,37167E-02;5,90524E-02;6,37396E-02;6,87895E-02;7,26304E-02;7,84532E-02
753;1,47841E-03;4,04696E-03;6,21351E-03;7,74053E-03;1,10264E-02;1,25366E-02;1,51970E-02;1,69494E-02;1,77812E-02;1,97377E-02;2,43898E-02;2,39751E-02;2,42266E-02;2,83991E-02;2,94138E-02;3,07963E-02;3,19438E-02;3,37026E-02;3,84017E-02;3,83004E-02;2,30374E-05;1,12518E-05;1,06004E-05;3,46636E-05;6,53808E-05;1,92248E-04;0,00000E+00;2,86208E-04;2,53158E-05;1,69669E-04;5,58967E-04;2,50324E-04;2,07471E-04;1,06194E-04;0,00000E+00;3,44848E-04;8,59663E-05;2,17156E-04;4,27720E-04;1,54140E-04;1,37295E-03;3,65128E-03;6,08249E-03;8,83296E-03;1,16733E-02;1,48134E-02;1,78877E-02;2,12160E-02;2,45592E-02;2,77965E-02;3,13155E-02;3,45922E-02;3,93173E-02;4,26945E-02;4,65721E-02;5,02686E-02;5,54577E-02;6,01890E-02;6,41535E-02;6,85170E-02
754;1,56640E-03;3,51501E-03;5,66499E-03;7,82515E-03;9,53439E-03;1,19100E-02;1,44348E-02;1,59455E-02;1,85570E-02;2,04578E-02;2,25555E-02;2,53112E-02;2,44725E-02;2,55115E-02;2,94520E-02;2,97345E-02;3,14765E-02;3,81191E-02;3,19505E-02;3,58482E-02;2,95902E-07;2,64263E-06;3,74827E-05;2,71373E-06;1,30159E-05;4,44510E-06;1,72533E-04;2,50828E-04;3,08906E-04;8,43425E-05;1,65823E-04;8,53566E-05;3,27876E-04;3,31787E-04;9,74594E-05;0,00000E+00;2,50775E-04;4,39387E-04;6,33208E-04;3,41158E-04;1,16049E-03;3,05341E-03;5,20369E-03;7,47264E-03;1,00648E-02;1,28539E-02;1,55539E-02;1,81808E-02;2,10186E-02;2,37853E-02;2,76900E-02;3,05303E-02;3,38671E-02;3,80554E-02;4,14008E-02;4,47207E-02;4,83384E-02;5,20428E-02;5,58354E-02;6,04413E-02
755;1,54114E-03;3,65035E-03;5,74617E-03;7,97259E-03;9,73333E-03;1,17567E-02;1,25913E-02;1,67573E-02;1,67000E-02;1,90307E-02;1,92100E-02;2,50533E-02;2,53361E-02;2,72977E-02;2,80077E-02;2,99476E-02;2,99648E-02;3,06946E-02;3,27199E-02;3,48066E-02;6,94061E-06;6,19848E-05;5,28111E-05;8,28179E-05;1,74756E-04;1,04263E-04;4,64292E-05;1,78534E-04;2,10550E-04;0,00000E+00;4,56682E-05;1,22182E-04;2,59274E-04;3,79703E-04;6,71018E-05;1,27493E-04;2,14116E-04;3,10803E-04;2,00236E-04;9,39562E-05;9,51757E-04;2,60814E-03;4,59544E-03;6,49000E-03;8,54825E-03;1,08589E-02;1,34672E-02;1,59151E-02;1,82442E-02;2,11604E-02;2,40683E-02;2,61370E-02;2,88794E-02;3,28561E-02;3,54135E-02;3,89032E-02;4,19130E-02;4,59350E-02;4,87591E-02;5,28213E-02
756;1,38731E-03;3,55699E-03;5,34608E-03;7,45321E-03;9,25134E-03;1,18606E-02;1,22156E-02;1,57516E-02;1,67641E-02;1,80999E-02;1,94415E-02;2,40738E-02;2,49184E-02;2,65306E-02;2,66004E-02;2,96208E-02;3,09540E-02;3,12337E-02;3,45340E-02;3,67757E-02;0,00000E+00;0,00000E+00;4,84584E-05;6,89123E-05;1,41483E-04;0,00000E+00;0,00000E+00;1,99422E-04;2,30608E-04;1,49338E-04;8,64878E-05;1,77388E-04;2,12470E-04;5,08318E-05;2,41276E-04;4,82532E-04;1,14333E-04;3,42896E-04;2,33135E-04;5,33267E-04;8,33930E-04;2,24920E-03;3,87155E-03;5,68995E-03;7,43634E-03;9,34196E-03;1,15528E-02;1,36734E-02;1,61289E-02;1,81945E-02;2,05969E-02;2,28745E-02;2,57605E-02;2,80799E-02;3,11019E-02;3,40073E-02;3,63505E-02;3,94045E-02;4,28389E-02;4,58106E-02
757;1,41737E-03;3,57116E-03;4,84175E-03;7,45544E-03;9,10472E-03;1,03762E-02;1,20820E-02;1,49401E-02;1,65593E-02;1,79872E-02;1,96479E-02;1,89196E-02;2,50768E-02;2,35500E-02;2,78345E-02;2,51095E-02;2,85940E-02;3,17309E-02;3,31016E-02;3,38547E-02;0,00000E+00;0,00000E+00;9,94143E-05;3,34384E-05;1,20897E-04;8,07624E-06;1,68312E-04;3,14465E-04;2,14893E-04;2,99840E-04;1,69704E-04;2,33124E-04;1,48110E-04;0,00000E+00;6,09706E-05;2,97028E-04;2,19264E-04;1,11371E-04;1,74523E-04;1,89714E-04;7,43048E-04;1,92243E-03;3,28540E-03;4,84256E-03;6,27822E-03;8,14123E-03;9,78931E-03;1,16755E-02;1,37941E-02;1,56877E-02;1,78642E-02;1,98923E-02;2,25657E-02;2,45617E-02;2,71295E-02;2,87817E-02;3,15714E-02;3,43940E-02;3,77289E-02;3,92700E-02
758;1,17527E-03;3,51435E-03;4,61864E-03;8,08758E-03;8,47245E-03;1,07467E-02;1,27945E-02;1,36736E-02;1,45957E-02;1,72859E-02;2,01085E-02;2,22211E-02;2,34694E-02;2,37663E-02;2,73752E-02;2,62993E-02;2,84867E-02;3,02490E-02;2,75476E-02;3,22950E-02;0,00000E+00;0,00000E+00;3,56448E-05;1,48730E-05;5,16940E-06;1,61236E-04;1,06546E-04;1,16593E-05;6,46258E-04;1,29780E-04;7,25635E-06;1,08045E-04;1,15613E-04;0,00000E+00;2,73210E-04;7,19684E-06;1,08145E-04;4,95811E-04;3,43240E-05;6,32313E-05;6,41490E-04;1,62398E-03;2,88420E-03;4,05985E-03;5,64409E-03;7,09718E-03;8,92641E-03;1,01189E-02;1,18724E-02;1,38161E-02;1,57409E-02;1,76240E-02;1,99170E-02;2,09998E-02;2,38783E-02;2,59753E-02;2,74885E-02;2,93772E-02;3,26772E-02;3,53343E-02
759;1,45935E-03;3,06585E-03;4,33158E-03;6,72553E-03;7,06144E-03;1,01974E-02;1,13723E-02;1,24578E-02;1,54287E-02;1,64342E-02;1,73123E-02;1,98607E-02;1,97379E-02;2,47082E-02;2,36364E-02;2,63087E-02;2,69684E-02;3,07224E-02;2,91065E-02;3,16893E-02;0,00000E+00;1,42105E-05;0,00000E+00;7,47222E-06;8,72596E-05;2,48557E-05;2,17450E-04;2,05397E-05;0,00000E+00;3,33696E-04;3,49028E-04;3,78758E-04;2,78967E-04;1,20344E-04;2,76637E-04;1,62203E-04;1,02185E-04;4,21415E-04;0,00000E+00;3,01360E-04;5,37457E-04;1,38317E-03;2,43683E-03;3,59395E-03;4,78671E-03;6,06542E-03;7,34512E-03;8,89328E-03;1,04039E-02;1,19434E-02;1,35393E-02;1,50938E-02;1,67647E-02;1,85799E-02;2,06185E-02;2,24337E-02;2,42617E-02;2,65286E-02;2,86311E-02;3,10653E-02
760;1,39591E-03;3,09269E-03;5,12654E-03;6,59830E-03;7,93046E-03;1,00867E-02;1,08287E-02;1,29581E-02;1,44642E-02;1,66065E-02;1,87957E-02;1,76534E-02;2,29479E-02;2,20078E-02;2,42986E-02;2,55649E-02;2,78309E-02;2,91575E-02;2,90011E-02;3,10859E-02;0,00000E+00;0,00000E+00;2,64274E-05;1,04875E-04;1,48118E-04;1,52026E-04;5,88773E-05;6,32023E-05;7,80453E-05;1,63904E-04;2,99057E-04;1,18070E-04;1,45209E-04;3,33055E-04;2,56952E-04;6,86995E-04;3,62811E-04;4,76253E-04;0,00000E+00;3,15785E-04;4,69177E-04;1,20989E-03;2,20448E-03;3,10648E-03;4,27266E-03;5,38261E-03;6,57027E-03;7,54977E-03;9,13041E-03;1,05554E-02;1,18658E-02;1,33345E-02;1,47410E-02;1,61840E-02;1,79890E-02;1,96108E-02;2,16631E-02;2,30679E-02;2,52804E-02;2,70923E-02
761;1,26519E-03;2,86716E-03;4,71169E-03;5,77611E-03;8,01639E-03;8,99561E-03;1,07929E-02;1,22655E-02;1,35682E-02;1,49738E-02;1,84613E-02;1,69202E-02;1,93467E-02;2,14505E-02;2,50644E-02;2,46519E-02;2,62173E-02;2,79621E-02;3,00245E-02;3,00572E-02;0,00000E+00;0,00000E+00;6,78177E-05;6,26039E-05;7,14324E-05;6,18914E-05;1,68607E-05;4,72765E-06;2,54989E-04;1,38567E-04;1,08375E-04;3,46642E-05;1,81342E-04;0,00000E+00;4,06223E-04;4,56805E-04;2,69771E-04;2,27686E-04;5,35183E-04;4,29243E-05;3,92965E-04;1,10855E-03;1,88363E-03;2,75362E-03;3,69984E-03;4,50342E-03;5,55036E-03;6,68761E-03;8,17124E-03;8,81741E-03;1,02908E-02;1,14881E-02;1,33034E-02;1,42065E-02;1,58727E-02;1,71076E-02;1,90258E-02;2,01909E-02;2,18113E-02;2,37344E-02
762;1,04942E-03;3,23197E-03;4,31946E-03;6,03687E-03;8,09021E-03;9,37468E-03;1,06290E-02;1,22812E-02;1,28080E-02;1,30957E-02;1,53642E-02;1,78424E-02;2,13953E-02;2,17689E-02;2,17772E-02;2,33763E-02;2,45283E-02;2,53922E-02;2,88890E-02;2,92308E-02;6,05771E-05;0,00000E+00;4,16053E-05;0,00000E+00;9,18881E-05;0,00000E+00;4,74416E-05;7,98143E-05;2,78601E-04;2,78897E-04;7,17508E-05;1,75565E-04;1,23053E-05;5,21858E-04;3,69381E-04;1,32173E-04;4,74416E-05;8,35632E-05;7,13339E-05;6,94474E-04;3,43774E-04;9,31815E-04;1,70695E-03;2,44925E-03;3,40014E-03;3,96510E-03;5,02227E-03;5,84275E-03;7,10086E-03;8,32701E-03;9,27284E-03;1,01664E-02;1,15298E-02;1,21128E-02;1,39564E-02;1,48536E-02;1,65540E-02;1,77616E-02;1,88744E-02;2,10000E-02
763;1,10675E-03;2,76827E-03;5,05169E-03;6,26876E-03;7,67458E-03;8,25198E-03;1,01347E-02;1,05883E-02;1,29728E-02;1,56554E-02;1,58827E-02;1,81352E-02;1,89085E-02;2,21285E-02;1,87200E-02;2,40848E-02;2,52774E-02;2,76260E-02;2,85705E-02;2,48522E-02;1,94219E-05;3,19418E-06;1,32147E-04;0,00000E+00;0,00000E+00;3,14105E-05;1,25457E-04;1,49882E-04;1,71827E-04;0,00000E+00;4,34224E-05;1,86883E-04;3,43905E-04;2,38734E-04;9,11786E-05;3,13208E-04;3,44531E-05;2,67667E-04;5,66664E-04;3,04773E-04;3,05427E-04;8,29586E-04;1,50535E-03;2,10649E-03;3,06739E-03;3,67585E-03;4,47843E-03;5,38317E-03;6,10953E-03;7,10871E-03;8,19473E-03;8,86414E-03;9,91232E-03;1,12933E-02;1,19879E-02;1,32379E-02;1,38613E-02;1,58748E-02;1,67282E-02;1,81412E-02
764;1,21514E-03;2,62104E-03;4,29809E-03;5,77028E-03;6,97349E-03;8,62042E-03;1,03588E-02;1,13813E-02;1,20523E-02;1,51744E-02;1,47809E-02;1,75692E-02;1,66758E-02;2,04101E-02;2,03302E-02;2,32237E-02;2,39139E-02;2,25615E-02;2,66194E-02;2,75474E-02;5,00141E-06;2,32577E-05;5,10446E-05;1,72005E-05;3,96523E-05;1,32626E-04;1,53554E-04;4,50295E-05;3,13562E-04;0,00000E+00;1,83344E-04;1,26064E-04;2,78162E-04;1,61636E-04;4,41501E-04;3,14408E-04;1,55510E-04;3,76391E-04;4,35357E-04;4,44185E-04;3,03589E-04;7,51540E-04;1,25990E-03;1,91408E-03;2,41040E-03;3,14457E-03;3,84130E-03;4,53963E-03;5,57473E-03;6,29050E-03;6,94521E-03;7,96129E-03;9,19921E-03;9,78786E-03;1,05988E-02;1,16029E-02;1,25603E-02;1,42006E-02;1,51268E-02;1,58516E-02
765;1,10539E-03;2,45427E-03;4,34567E-03;5,68941E-03;7,10253E-03;7,68007E-03;9,41958E-03;1,19610E-02;1,21818E-02;1,26792E-02;1,56454E-02;1,69190E-02;1,57477E-02;1,95010E-02;1,87863E-02;2,36677E-02;2,37291E-02;2,34444E-02;2,81540E-02;2,88908E-02;4,98324E-06;9,73525E-06;1,09580E-04;1,71380E-05;1,27324E-04;1,40793E-05;8,15051E-06;1,91129E-04;6,12053E-05;0,00000E+00;0,00000E+00;2,60789E-04;4,36493E-04;1,14107E-04;1,50009E-04;1,36308E-04;2,87118E-04;1,86601E-04;1,79614E-04;1,14569E-04;2,47323E-04;6,74552E-04;1,13170E-03;1,65853E-03;2,23665E-03;2,74765E-03;3,38001E-03;3,95967E-03;4,75160E-03;5,64653E-03;6,34380E-03;7,34558E-03;8,00333E-03;8,92239E-03;9,69169E-03;1,05330E-02;1,11700E-02;1,23680E-02;1,33975E-02;1,40828E-02
766;1,02938E-03;2,40170E-03;3,82766E-03;4,90218E-03;6,47343E-03;8,24242E-03;1,04193E-02;1,07702E-02;1,21145E-02;1,28431E-02;1,54921E-02;1,65333E-02;1,71360E-02;1,78873E-02;1,90312E-02;2,13024E-02;2,43617E-02;2,48816E-02;2,37189E-02;2,61534E-02;8,44328E-06;0,00000E+00;8,54201E-05;1,29056E-05;3,65808E-05;3,26312E-06;1,93925E-04;5,92383E-05;1,41854E-05;6,25658E-05;2,39183E-04;5,28180E-05;1,65895E-04;2,64463E-05;3,84073E-04;1,39333E-04;5,38670E-04;6,50017E-04;5,67165E-04;6,03924E-04;2,24265E-04;6,21698E-04;1,02935E-03;1,44073E-03;1,90929E-03;2,57404E-03;3,16825E-03;3,67594E-03;4,14676E-03;5,00261E-03;5,56603E-03;5,97915E-03;6,98216E-03;7,68925E-03;8,46314E-03;9,07763E-03;9,93460E-03;1,12002E-02;1,19031E-02;1,25792E-02
767;9,95832E-04;2,60919E-03;4,20445E-03;5,44010E-03;6,95313E-03;8,47347E-03;8,35466E-03;1,01020E-02;1,30115E-02;1,36418E-02;1,56074E-02;1,52939E-02;1,35238E-02;1,82923E-02;1,87991E-02;2,14142E-02;2,07801E-02;2,20121E-02;2,30531E-02;2,73923E-02;0,00000E+00;1,19852E-04;8,11654E-05;6,34673E-05;0,00000E+00;4,28122E-05;6,40212E-05;1,25337E-05;4,71188E-04;1,76676E-04;0,00000E+00;2,45151E-04;8,42652E-05;1,67578E-04;5,31641E-04;3,34460E-04;9,93337E-06;4,45001E-04;2,55756E-04;4,87571E-04;1,65514E-04;4,88677E-04;9,41040E-04;1,31048E-03;1,75471E-03;2,41067E-03;2,56078E-03;3,49413E-03;3,93302E-03;4,38151E-03;4,73734E-03;5,30911E-03;6,20123E-03;7,02358E-03;8,07905E-03;8,09823E-03;9,08110E-03;9,83574E-03;1,08138E-02;1,19787E-02
768;1,02943E-03;2,47095E-03;3,60451E-03;5,20729E-03;6,18880E-03;7,97012E-03;8,14769E-03;1,07553E-02;1,13391E-02;1,06237E-02;1,09081E-02;1,47813E-02;1,62950E-02;1,71304E-02;1,85484E-02;1,98761E-02;2,15814E-02;2,11944E-02;2,40806E-02;2,43711E-02;0,00000E+00;0,00000E+00;1,49291E-05;1,24151E-04;0,00000E+00;1,75627E-04;1,85871E-04;8,96192E-05;2,21697E-04;1,96694E-04;0,00000E+00;2,04434E-04;9,29957E-05;0,00000E+00;2,11647E-04;5,75155E-04;1,67900E-04;3,32268E-04;2,38430E-04;0,00000E+00;1,92550E-04;4,33137E-04;7,81098E-04;1,16657E-03;1,66905E-03;1,93231E-03;2,54823E-03;2,90069E-03;3,48095E-03;3,81853E-03;4,36701E-03;4,96734E-03;5,52809E-03;6,50059E-03;6,99348E-03;7,76663E-03;8,17389E-03;8,75352E-03;9,71506E-03;1,00652E-02
769;9,26371E-04;2,41233E-03;3,27742E-03;4,58144E-03;5,78065E-03;7,55407E-03;7,67572E-03;9,20421E-03;1,10144E-02;1,16477E-02;1,37258E-02;1,43819E-02;1,47492E-02;1,50628E-02;1,84946E-02;1,80496E-02;1,94318E-02;2,21559E-02;2,46264E-02;2,34971E-02;0,00000E+00;0,00000E+00;2,91618E-05;2,51095E-05;1,63828E-05;1,78295E-04;1,68031E-04;1,62014E-04;2,76667E-04;0,00000E+00;1,60977E-04;2,50089E-05;2,55245E-04;7,60272E-05;3,06037E-04;3,10513E-04;4,45819E-04;2,33928E-04;1,49871E-04;3,67749E-04;1,58611E-04;4,00627E-04;7,00422E-04;1,07535E-03;1,37554E-03;1,77917E-03;2,22969E-03;2,48024E-03;3,03313E-03;3,44742E-03;4,17210E-03;4,60490E-03;5,02634E-03;5,69597E-03;6,10558E-03;6,87647E-03;7,18972E-03;8,11791E-03;8,59734E-03;9,07133E-03
770;8,17822E-04;2,32832E-03;3,28461E-03;4,81164E-03;5,82322E-03;6,81877E-03;8,15786E-03;9,10571E-03;1,11935E-02;1,10669E-02;1,46925E-02;1,69926E-02;1,59902E-02;1,56830E-02;2,01535E-02;1,84797E-02;2,24647E-02;2,24949E-02;2,18805E-02;2,19992E-02;0,00000E+00;0,00000E+00;1,70291E-05;1,14151E-04;5,55680E-06;2,00454E-05;3,50245E-04;1,88385E-04;9,16208E-05;1,49754E-04;5,46010E-05;8,48265E-06;3,68966E-04;2,57873E-05;2,20462E-04;0,00000E+00;3,02981E-04;1,07656E-04;1,98003E-04;1,24735E-04;1,40525E-04;3,83436E-04;6,10668E-04;9,57520E-04;1,19895E-03;1,54859E-03;2,03539E-03;2,44748E-03;2,62030E-03;3,00288E-03;3,68473E-03;4,21967E-03;4,57099E-03;5,22726E-03;5,20855E-03;6,04392E-03;6,57445E-03;6,82916E-03;7,91285E-03;8,16333E-03
771;7,97076E-04;2,34669E-03;3,72927E-03;4,76099E-03;5,73540E-03;6,94370E-03;9,50106E-03;9,17052E-03;1,02175E-02;1,27829E-02;1,16085E-02;1,22831E-02;1,52541E-02;1,49298E-02;1,65297E-02;1,70639E-02;1,96956E-02;2,05256E-02;1,96751E-02;2,29091E-02;0,00000E+00;1,06981E-05;9,61276E-06;5,12678E-05;1,20165E-04;1,69835E-04;1,96634E-04;5,52990E-06;9,10326E-05;2,13892E-04;0,00000E+00;0,00000E+00;3,19162E-04;2,46523E-06;1,23261E-06;0,00000E+00;2,12537E-04;3,71466E-04;4,09633E-04;1,09831E-05;1,29353E-04;3,82564E-04;6,00222E-04;8,78135E-04;1,19673E-03;1,45012E-03;1,74720E-03;1,82395E-03;2,55204E-03;2,82006E-03;3,21241E-03;3,42148E-03;4,04966E-03;4,59244E-03;5,01160E-03;5,66182E-03;5,73530E-03;6,12080E-03;6,90413E-03;7,47764E-03
772;7,39587E-04;2,10691E-03;3,08117E-03;4,67405E-03;5,29277E-03;6,85631E-03;7,91767E-03;8,67537E-03;9,61606E-03;1,09769E-02;1,45886E-02;1,42256E-02;1,68212E-02;1,64788E-02;1,63976E-02;1,83978E-02;1,84560E-02;1,77554E-02;1,86025E-02;2,08362E-02;0,00000E+00;0,00000E+00;6,53160E-05;0,00000E+00;3,99441E-05;9,46395E-05;1,24900E-04;1,29402E-04;1,73575E-04;1,33377E-05;4,05631E-05;0,00000E+00;1,85722E-04;4,61929E-05;1,11220E-04;0,00000E+00;2,30534E-04;1,94348E-04;8,92576E-05;3,17972E-04;1,06797E-04;3,01601E-04;5,30537E-04;7,31703E-04;1,02757E-03;1,26344E-03;1,68042E-03;1,99091E-03;2,30850E-03;2,58904E-03;3,06016E-03;3,17916E-03;3,57971E-03;4,24686E-03;4,51956E-03;4,89333E-03;5,32439E-03;5,72709E-03;6,07203E-03;6,51076E-03
773;7,18342E-04;1,92782E-03;3,26912E-03;4,41948E-03;5,51698E-03;5,87277E-03;7,36590E-03;8,92013E-03;1,04145E-02;1,01548E-02;1,22670E-02;1,33322E-02;1,56758E-02;1,60171E-02;1,62147E-02;1,56969E-02;1,94329E-02;1,84810E-02;2,04489E-02;2,13158E-02;0,00000E+00;9,82424E-06;2,99390E-06;0,00000E+00;1,21376E-04;6,10764E-05;1,88266E-04;7,21015E-05;4,34120E-05;0,00000E+00;3,56532E-04;0,00000E+00;2,26278E-04;1,68274E-04;3,80347E-04;2,40190E-04;1,92857E-04;3,25845E-04;1,96675E-04;2,63475E-04;1,12558E-04;3,08414E-04;4,86660E-04;6,71663E-04;9,64748E-04;1,21444E-03;1,44506E-03;1,83957E-03;2,11108E-03;2,26671E-03;2,66564E-03;3,03145E-03;3,21943E-03;3,59498E-03;4,00565E-03;4,59800E-03;5,01494E-03;5,10162E-03;5,96595E-03;6,21207E-03
774;6,92928E-04;1,93450E-03;3,69447E-03;4,63931E-03;5,41165E-03;5,77885E-03;7,46056E-03;8,10526E-03;1,06804E-02;9,96402E-03;1,07436E-02;1,29290E-02;1,42120E-02;1,43696E-02;1,72970E-02;1,58054E-02;1,84454E-02;2,01331E-02;1,94670E-02;1,96525E-02;3,73749E-05;4,47305E-06;1,36315E-06;0,00000E+00;1,41502E-04;0,00000E+00;1,45271E-04;0,00000E+00;1,19688E-04;4,44080E-04;1,31345E-04;0,00000E+00;5,46232E-05;6,08736E-04;1,02927E-04;1,09360E-04;2,06913E-05;1,69458E-04;5,96685E-04;8,18861E-06;1,20264E-04;2,50732E-04;5,08900E-04;7,00555E-04;9,17331E-04;1,09709E-03;1,32252E-03;1,66410E-03;1,88819E-03;2,23346E-03;2,57118E-03;2,79374E-03;2,98362E-03;3,41594E-03;3,51416E-03;3,95570E-03;4,35013E-03;4,54321E-03;5,38111E-03;5,67122E-03
775;8,07642E-04;1,93315E-03;3,12129E-03;4,06605E-03;4,66819E-03;5,69962E-03;7,54460E-03;8,06267E-03;8,70405E-03;1,14462E-02;1,25974E-02;1,32046E-02;1,27528E-02;1,44005E-02;1,66494E-02;1,67983E-02;1,75549E-02;1,63522E-02;1,98045E-02;1,63597E-02;0,00000E+00;0,00000E+00;1,17910E-05;2,32359E-04;1,45984E-04;5,59720E-08;1,35384E-04;2,54391E-07;1,86386E-04;2,63208E-04;0,00000E+00;9,59275E-07;3,81230E-04;1,08307E-04;8,93536E-04;2,85673E-05;0,00000E+00;5,08724E-04;7,29536E-04;3,10281E-04;8,61558E-05;2,42094E-04;4,59611E-04;4,90709E-04;6,80878E-04;9,56140E-04;1,29562E-03;1,60058E-03;1,87504E-03;1,94647E-03;2,26191E-03;2,57873E-03;2,93860E-03;2,97820E-03;3,49440E-03;3,63617E-03;3,92087E-03;4,35542E-03;4,20683E-03;4,87154E-03
776;8,48154E-04;1,79722E-03;2,94974E-03;3,77318E-03;4,97139E-03;5,69558E-03;7,46540E-03;7,91272E-03;7,92277E-03;9,35236E-03;1,08354E-02;1,38741E-02;1,35075E-02;1,43676E-02;1,53335E-02;1,47389E-02;1,79924E-02;1,60200E-02;2,05773E-02;2,02154E-02;0,00000E+00;3,68171E-06;1,28937E-04;1,12335E-04;3,71720E-05;2,35956E-05;0,00000E+00;8,12597E-05;0,00000E+00;2,43635E-04;6,50650E-05;3,55406E-04;3,49452E-05;7,28047E-05;0,00000E+00;5,42294E-04;6,61861E-05;2,25387E-04;2,21885E-04;2,87522E-04;7,31170E-05;2,22985E-04;3,51780E-04;6,52643E-04;7,44609E-04;1,09262E-03;1,11575E-03;1,30550E-03;1,65661E-03;1,92290E-03;2,13006E-03;2,41419E-03;2,50133E-03;2,70668E-03;3,23245E-03;3,28947E-03;3,48317E-03;3,92407E-03;4,14671E-03;4,58430E-03
777;6,63650E-04;1,97341E-03;2,48986E-03;4,18007E-03;4,98846E-03;5,73049E-03;7,29456E-03;6,81820E-03;8,54601E-03;8,82514E-03;1,03928E-02;1,11664E-02;1,39510E-02;1,43019E-02;1,49173E-02;1,28903E-02;1,83173E-02;1,46980E-02;2,01582E-02;1,96373E-02;0,00000E+00;7,89251E-06;1,18983E-04;0,00000E+00;9,49983E-05;1,22546E-05;2,64513E-05;0,00000E+00;9,10402E-05;1,28191E-04;3,29504E-04;2,79034E-04;1,44741E-04;2,48652E-04;0,00000E+00;3,79946E-04;2,08012E-04;6,38468E-04;5,06977E-04;5,93547E-04;7,58973E-05;2,07217E-04;3,64029E-04;4,94569E-04;6,89363E-04;7,55568E-04;1,12109E-03;1,26514E-03;1,50535E-03;1,85917E-03;1,88863E-03;2,04623E-03;2,36581E-03;2,57744E-03;2,86480E-03;3,05535E-03;3,45561E-03;3,59027E-03;3,92502E-03;3,96662E-03
778;7,26676E-04;1,77081E-03;2,53827E-03;3,53715E-03;4,63461E-03;5,27780E-03;6,11132E-03;7,09557E-03;8,85036E-03;9,23331E-03;8,81528E-03;9,22878E-03;1,16915E-02;1,15067E-02;1,34297E-02;1,61175E-02;1,51806E-02;1,70360E-02;1,78501E-02;1,73378E-02;0,00000E+00;0,00000E+00;9,27997E-05;0,00000E+00;1,04617E-04;1,62968E-04;1,04603E-04;5,56905E-05;1,14552E-04;1,56297E-04;1,09387E-04;1,00175E-04;4,01971E-05;7,31548E-05;1,58892E-04;1,37040E-04;2,56543E-04;7,65753E-04;3,79329E-04;1,93822E-05;5,46087E-05;1,80294E-04;3,56910E-04;4,07093E-04;6,41123E-04;7,37224E-04;9,45726E-04;1,20666E-03;1,16325E-03;1,44636E-03;1,62088E-03;1,72740E-03;2,39480E-03;2,42464E-03;2,46802E-03;2,63046E-03;3,23193E-03;3,44792E-03;3,37443E-03;3,79913E-03
779;8,27314E-04;1,33019E-03;3,36705E-03;3,28098E-03;5,04275E-03;5,93918E-03;6,71700E-03;6,46951E-03;9,08493E-03;9,75430E-03;1,09037E-02;1,06259E-02;1,11453E-02;8,94288E-03;1,45975E-02;1,35921E-02;1,46030E-02;1,37559E-02;1,40170E-02;1,65360E-02;0,00000E+00;0,00000E+00;1,83560E-04;3,04250E-05;5,03478E-05;2,03756E-04;4,44680E-05;6,25549E-05;8,64698E-05;1,88548E-04;0,00000E+00;0,00000E+00;5,38993E-04;1,00480E-06;3,54241E-04;0,00000E+00;6,50196E-04;3,42169E-05;2,74364E-04;0,00000E+00;6,95411E-05;1,66826E-04;4,10173E-04;3,47489E-04;7,28537E-04;5,31407E-04;9,49666E-04;8,90498E-04;1,23625E-03;1,46953E-03;1,46539E-03;1,83670E-03;1,86921E-03;2,18587E-03;2,53699E-03;2,55581E-03;3,01833E-03;2,90653E-03;3,48638E-03;3,86700E-03
780;7,14541E-04;1,77163E-03;3,08948E-03;3,76288E-03;4,24551E-03;5,31868E-03;6,66778E-03;7,84651E-03;7,35570E-03;9,26167E-03;9,28908E-03;9,60268E-03;1,25785E-02;1,26243E-02;1,65023E-02;1,31779E-02;1,45217E-02;1,27847E-02;1,52213E-02;1,92947E-02;0,00000E+00;7,89018E-06;1,79515E-04;2,51816E-05;0,00000E+00;2,45019E-06;0,00000E+00;1,60688E-04;2,86514E-04;1,17841E-05;3,36813E-04;5,13243E-05;2,77109E-04;3,33888E-05;5,67367E-06;5,10630E-05;2,15394E-04;8,66107E-05;2,77849E-05;4,38622E-04;5,94739E-05;1,61704E-04;3,01634E-04;3,64751E-04;5,12500E-04;7,46002E-04;8,64842E-04;8,78699E-04;9,25702E-04;1,19601E-03;1,40110E-03;1,91867E-03;1,94354E-03;2,11345E-03;2,16126E-03;2,61242E-03;2,52338E-03;2,94184E-03;3,06405E-03;3,34175E-03
781;5,77169E-04;1,37886E-03;2,44509E-03;3,49481E-03;3,82220E-03;4,82845E-03;5,83216E-03;7,06128E-03;7,13424E-03;9,40497E-03;9,90452E-03;1,15130E-02;1,10722E-02;1,24535E-02;1,35978E-02;1,24157E-02;1,34438E-02;1,41141E-02;1,55565E-02;1,68645E-02;0,00000E+00;2,14594E-05;1,47578E-04;0,00000E+00;0,00000E+00;8,17971E-05;0,00000E+00;1,11503E-04;2,89693E-05;3,20500E-05;4,48895E-04;2,11127E-04;2,20990E-04;3,29110E-04;1,14847E-04;1,38879E-04;4,62930E-05;4,25263E-04;2,88568E-04;4,64291E-04;5,56968E-05;1,68990E-04;2,31455E-04;3,50843E-04;4,98886E-04;6,04086E-04;8,69709E-04;9,17813E-04;1,07197E-03;1,19211E-03;1,34760E-03;1,43721E-03;1,69564E-03;1,62105E-03;2,13882E-03;2,30088E-03;2,60261E-03;2,70844E-03;2,86938E-03;2,93964E-03
782;6,59825E-04;1,66013E-03;2,66583E-03;3,12562E-03;4,25006E-03;4,63920E-03;6,04115E-03;6,29311E-03;7,82237E-03;7,88259E-03;1,00678E-02;1,24062E-02;9,93160E-03;1,34981E-02;1,32177E-02;1,30056E-02;1,24252E-02;1,17867E-02;1,45014E-02;1,39222E-02;0,00000E+00;0,00000E+00;6,25680E-05;2,74692E-05;0,00000E+00;5,28006E-05;1,73115E-04;1,97015E-04;0,00000E+00;6,65849E-05;8,58529E-05;5,02735E-05;1,07590E-04;2,09597E-04;5,89212E-04;1,92350E-05;0,00000E+00;1,55903E-04;1,49688E-04;4,20600E-04;3,00803E-05;1,27892E-04;2,44773E-04;2,89306E-04;4,75027E-04;5,74443E-04;7,64291E-04;9,12893E-04;9,21995E-04;1,09841E-03;1,22895E-03;1,31461E-03;1,62050E-03;1,71420E-03;1,77382E-03;1,94722E-03;2,14035E-03;2,63073E-03;2,37100E-03;2,84304E-03
783;5,63508E-04;1,48266E-03;2,41401E-03;2,67707E-03;4,40131E-03;3,66167E-03;5,53766E-03;7,11534E-03;8,21318E-03;6,91082E-03;1,12534E-02;7,97910E-03;1,17320E-02;9,50782E-03;9,60838E-03;1,20917E-02;1,28476E-02;1,50341E-02;1,56410E-02;1,47761E-02;0,00000E+00;0,00000E+00;1,67155E-06;2,81631E-06;5,61989E-05;1,35153E-04;8,29489E-05;1,21652E-05;0,00000E+00;6,82667E-06;5,52209E-04;4,28948E-04;4,36045E-04;1,56480E-04;5,32464E-05;4,71413E-04;3,91201E-04;4,61687E-04;0,00000E+00;3,51442E-05;4,89851E-05;1,80650E-04;1,62474E-04;3,48795E-04;3,14577E-04;3,55476E-04;6,83716E-04;8,39481E-04;9,75205E-04;1,03818E-03;1,20227E-03;1,09118E-03;1,35463E-03;1,58176E-03;1,83172E-03;2,17843E-03;1,98063E-03;2,30794E-03;2,23727E-03;2,72007E-03
784;4,76086E-04;1,57473E-03;2,20733E-03;2,80476E-03;3,02842E-03;5,11135E-03;5,42796E-03;5,71805E-03;6,70076E-03;6,95564E-03;9,55573E-03;7,43414E-03;1,13741E-02;1,23810E-02;8,49147E-03;1,38565E-02;9,99180E-03;1,34234E-02;1,31291E-02;1,47533E-02;0,00000E+00;9,72351E-06;9,87735E-06;9,31944E-05;2,59483E-04;2,47292E-04;4,35673E-05;4,61495E-05;2,16305E-04;6,24346E-05;6,58912E-05;5,17521E-05;2,29860E-04;3,85280E-04;0,00000E+00;4,66132E-04;2,09759E-04;2,46312E-04;3,42408E-04;3,69716E-05;2,45849E-05;8,77682E-05;2,32673E-04;2,54422E-04;3,69106E-04;5,18963E-04;5,55599E-04;7,89875E-04;8,38911E-04;9,83584E-04;1,08143E-03;1,22148E-03;1,64123E-03;1,58971E-03;1,54603E-03;1,73304E-03;1,86983E-03;1,90282E-03;2,16887E-03;2,56339E-03
785;5,04396E-04;1,28463E-03;2,19333E-03;3,15294E-03;4,12011E-03;4,66389E-03;4,65423E-03;5,12893E-03;6,32475E-03;7,11712E-03;6,61817E-03;1,12813E-02;1,01918E-02;1,22343E-02;1,09842E-02;1,29392E-02;1,41049E-02;1,33501E-02;1,15023E-02;1,49429E-02;0,00000E+00;0,00000E+00;2,48273E-05;2,67713E-05;7,15343E-05;2,33089E-04;1,48907E-04;2,03726E-04;9,27385E-05;1,76097E-04;2,96087E-04;4,08128E-04;3,51797E-05;2,81268E-04;1,99180E-04;0,00000E+00;0,00000E+00;1,92615E-04;8,60662E-05;1,71106E-04;4,78199E-05;8,72772E-05;1,77196E-04;2,64017E-04;3,60071E-04;4,81819E-04;6,27971E-04;6,93618E-04;7,16117E-04;6,21544E-04;1,08967E-03;1,24802E-03;1,15944E-03;1,54236E-03;1,50080E-03;1,68743E-03;1,83048E-03;2,06861E-03;1,94938E-03;2,30439E-03
786;5,71425E-04;1,37052E-03;2,67516E-03;3,73448E-03;4,49034E-03;4,60882E-03;4,89026E-03;5,15379E-03;7,05798E-03;7,61693E-03;8,39700E-03;9,12182E-03;1,00222E-02;1,10390E-02;1,20045E-02;1,01621E-02;1,30970E-02;1,33429E-02;1,34698E-02;1,44849E-02;0,00000E+00;0,00000E+00;2,06570E-05;2,22746E-05;8,63981E-05;1,76273E-04;1,02909E-04;3,00587E-04;5,44118E-05;6,07424E-05;1,86316E-04;1,92404E-04;1,15946E-04;9,35536E-05;1,65724E-04;1,49686E-04;3,18082E-04;1,60261E-04;1,17424E-04;3,72269E-05;7,61298E-05;1,15615E-04;1,80363E-04;2,89010E-04;3,49454E-04;3,49649E-04;5,17336E-04;6,52714E-04;8,09685E-04;7,05244E-04;8,56800E-04;9,89599E-04;1,25758E-03;1,33173E-03;1,38970E-03;1,58593E-03;1,59041E-03;2,02296E-03;2,02721E-03;2,06738E-03
787;4,50150E-04;1,45153E-03;2,40395E-03;3,12676E-03;3,88343E-03;4,43077E-03;4,41904E-03;5,56387E-03;7,29060E-03;6,95854E-03;7,40865E-03;7,55298E-03;7,51956E-03;9,30474E-03;7,04350E-03;1,41443E-02;9,88866E-03;1,39057E-02;1,36044E-02;1,66243E-02;0,00000E+00;0,00000E+00;6,00125E-05;0,00000E+00;1,89014E-04;1,71725E-05;1,56218E-05;2,13081E-04;3,40008E-05;1,24775E-04;3,69782E-04;2,11731E-04;6,03088E-05;1,42017E-05;3,86197E-04;2,80187E-04;3,57243E-04;0,00000E+00;4,16730E-04;6,55460E-05;3,19410E-05;1,09504E-05;1,17368E-04;2,54789E-04;2,90807E-04;2,92990E-04;5,07416E-04;6,03873E-04;6,31667E-04;6,47467E-04;1,12525E-03;9,55017E-04;1,06372E-03;1,40534E-03;1,36465E-03;1,42641E-03;1,72391E-03;1,78942E-03;1,66770E-03;2,21699E-03
788;5,76860E-04;1,08161E-03;2,46282E-03;2,99978E-03;2,91445E-03;4,62369E-03;3,31019E-03;6,34198E-03;5,72664E-03;7,40816E-03;6,24530E-03;8,24213E-03;6,24530E-03;6,04349E-03;9,08237E-03;1,20740E-02;1,09389E-02;1,43657E-02;1,14213E-02;1,56626E-02;0,00000E+00;0,00000E+00;6,60706E-05;0,00000E+00;1,70948E-04;0,00000E+00;1,78561E-04;7,82782E-05;3,63038E-05;0,00000E+00;7,77473E-05;1,21392E-04;7,36071E-04;4,55821E-05;1,51756E-04;2,66740E-04;3,31506E-05;3,75560E-04;3,42106E-04;2,63736E-05;5,03529E-05;1,60981E-04;2,04486E-04;2,11005E-04;3,92744E-04;5,13852E-04;3,06302E-04;5,56010E-04;5,98726E-04;7,92411E-04;9,34200E-04;9,07529E-04;9,95824E-04;1,00427E-03;1,26605E-03;1,22196E-03;1,26430E-03;1,56212E-03;1,50087E-03;1,93568E-03
789;5,33149E-04;1,34424E-03;1,89993E-03;2,97568E-03;2,79269E-03;4,13174E-03;3,88000E-03;5,16840E-03;5,96445E-03;6,17140E-03;7,71330E-03;1,09802E-02;9,32277E-03;9,95398E-03;1,08590E-02;9,49710E-03;1,01397E-02;1,26759E-02;1,37047E-02;1,38598E-02;0,00000E+00;0,00000E+00;6,24373E-05;0,00000E+00;8,69578E-05;0,00000E+00;1,29896E-04;3,96282E-05;1,54773E-04;1,24059E-04;9,35146E-05;0,00000E+00;3,94208E-05;2,83924E-04;1,52060E-04;1,33129E-04;1,41330E-04;0,00000E+00;4,12492E-04;1,12438E-04;1,18561E-05;5,42303E-05;1,27240E-04;1,79183E-04;3,17201E-04;4,81750E-04;5,62448E-04;3,72220E-04;6,42425E-04;6,81239E-04;7,58678E-04;9,36180E-04;6,74627E-04;1,01794E-03;1,11407E-03;1,37759E-03;1,14769E-03;1,31252E-03;1,49692E-03;1,67398E-03
790;4,97850E-04;1,25054E-03;1,75458E-03;3,08029E-03;3,54418E-03;4,09676E-03;4,35900E-03;4,77672E-03;6,13448E-03;7,56396E-03;7,99598E-03;8,86121E-03;1,05441E-02;1,01053E-02;9,00662E-03;1,16627E-02;1,18032E-02;1,16412E-02;1,33981E-02;1,16262E-02;0,00000E+00;0,00000E+00;4,52446E-05;0,00000E+00;1,59682E-04;0,00000E+00;4,80416E-05;1,44020E-04;0,00000E+00;3,59561E-04;0,00000E+00;9,05131E-05;8,60046E-05;1,03751E-04;1,83143E-04;4,27037E-05;1,65096E-04;0,00000E+00;1,71938E-04;0,00000E+00;1,77751E-05;7,48601E-05;1,09853E-04;1,81892E-04;2,28140E-04;4,05908E-04;4,59245E-04;6,39677E-04;5,48559E-04;6,74475E-04;7,56387E-04;8,00379E-04;7,02660E-04;1,07150E-03;1,08241E-03;1,45032E-03;1,60993E-03;1,40980E-03;1,49370E-03;1,67767E-03
791;3,62924E-04;1,31289E-03;1,69713E-03;1,98022E-03;2,91374E-03;3,35533E-03;4,72992E-03;4,91698E-03;7,13161E-03;8,11315E-03;7,31878E-03;7,48414E-03;9,49809E-03;9,03394E-03;6,95623E-03;1,35320E-02;1,24443E-02;1,17192E-02;1,35738E-02;1,00399E-02;0,00000E+00;0,00000E+00;0,00000E+00;0,00000E+00;2,45910E-05;6,63037E-05;0,00000E+00;2,82932E-05;1,60130E-05;1,89132E-04;3,87005E-05;2,91346E-04;2,57205E-04;3,87436E-04;3,69054E-04;0,00000E+00;3,39499E-04;3,30527E-04;2,63861E-04;0,00000E+00;1,66222E-05;1,55948E-04;9,37399E-05;2,12297E-04;2,90393E-04;3,18010E-04;3,42021E-04;4,71223E-04;4,02057E-04;5,09426E-04;8,10269E-04;6,57037E-04;8,00515E-04;6,43226E-04;1,06753E-03;1,28771E-03;1,19238E-03;1,39385E-03;1,47242E-03;1,53982E-03
792;3,78105E-04;9,83411E-04;2,03163E-03;2,64921E-03;2,89574E-03;3,52086E-03;3,14607E-03;5,63552E-03;4,95506E-03;5,40639E-03;5,47009E-03;6,31503E-03;8,62016E-03;5,03301E-03;5,66207E-03;9,85860E-03;9,98676E-03;1,32102E-02;1,18686E-02;1,20117E-02;0,00000E+00;2,47515E-06;0,00000E+00;6,62752E-05;8,33366E-05;0,00000E+00;7,73475E-05;7,62852E-05;4,84027E-04;9,60444E-05;0,00000E+00;5,85470E-06;2,75387E-04;2,49841E-04;3,55966E-06;7,11931E-06;1,39592E-04;1,21101E-04;0,00000E+00;0,00000E+00;6,42571E-05;1,69311E-04;1,46162E-04;1,62831E-04;3,26039E-04;3,52396E-04;3,74977E-04;4,47684E-04;3,50526E-04;5,56793E-04;5,10464E-04;5,51812E-04;7,95599E-04;1,05891E-03;1,04564E-03;1,14122E-03;1,07628E-03;1,35950E-03;1,23992E-03;1,16883E-03
793;3,43685E-04;9,28200E-04;1,39347E-03;2,44527E-03;3,19565E-03;2,02814E-03;4,71127E-03;5,90962E-03;4,98073E-03;5,47265E-03;6,43343E-03;4,58086E-03;6,84262E-03;8,78125E-03;9,03200E-03;8,25855E-03;1,27084E-02;1,17927E-02;9,14678E-03;1,37663E-02;0,00000E+00;5,06903E-05;2,75475E-05;2,47538E-05;1,16724E-05;0,00000E+00;2,70838E-05;6,35380E-05;0,00000E+00;3,17204E-04;3,27692E-05;1,64448E-04;1,64847E-05;9,36661E-05;2,13736E-04;3,74665E-05;5,61997E-05;2,54427E-05;2,12214E-04;1,10321E-04;4,05233E-05;1,08564E-04;1,12040E-04;1,46606E-04;2,48609E-04;2,60696E-04;2,51260E-04;5,15611E-04;5,11734E-04;6,15022E-04;7,07557E-04;7,78546E-04;7,70912E-04;7,75220E-04;1,05456E-03;1,06339E-03;9,16905E-04;1,26494E-03;1,17037E-03;1,50689E-03
794;4,82366E-04;9,29352E-04;1,63968E-03;2,37153E-03;3,61017E-03;3,49119E-03;3,20617E-03;4,24002E-03;4,78474E-03;5,23600E-03;7,24585E-03;5,22641E-03;5,39970E-03;9,09960E-03;8,13511E-03;9,05540E-03;1,29707E-02;1,06952E-02;9,61946E-03;1,41375E-02;0,00000E+00;3,99532E-05;9,83028E-05;4,17769E-05;4,49050E-05;0,00000E+00;1,82678E-04;1,26366E-04;0,00000E+00;1,98903E-04;3,47605E-05;1,41758E-04;1,27502E-04;0,00000E+00;2,24964E-04;1,63004E-04;2,35451E-04;2,69888E-05;5,57717E-04;1,17025E-04;9,32699E-06;1,00732E-04;1,33304E-04;1,42700E-04;1,97710E-04;3,01695E-04;3,51494E-04;5,68462E-04;5,60445E-04;5,30582E-04;5,09341E-04;7,83074E-04;5,58923E-04;6,86834E-04;9,66633E-04;9,94839E-04;1,08521E-03;1,24160E-03;1,25171E-03;1,25777E-03
795;3,87549E-04;1,08740E-03;1,91587E-03;1,69725E-03;2,86872E-03;3,45736E-03;3,60249E-03;4,50240E-03;6,29532E-03;5,55827E-03;8,14732E-03;6,62174E-03;6,26920E-03;6,80781E-03;8,57012E-03;8,45175E-03;8,38021E-03;1,09187E-02;1,30787E-02;1,17613E-02;0,00000E+00;0,00000E+00;8,63984E-05;3,63025E-06;7,60799E-06;0,00000E+00;3,60123E-05;2,62088E-04;0,00000E+00;0,00000E+00;0,00000E+00;0,00000E+00;9,71375E-05;0,00000E+00;4,23674E-06;3,81307E-05;3,86548E-04;8,98228E-05;2,96321E-04;4,54389E-04;1,07971E-05;1,16884E-04;1,70159E-04;1,66584E-04;2,03924E-04;2,63490E-04;3,27079E-04;4,94874E-04;3,59129E-04;2,58875E-04;6,50896E-04;4,50442E-04;5,88876E-04;7,67590E-04;9,50690E-04;9,70645E-04;1,01525E-03;8,70657E-04;1,21056E-03;1,25955E-03
796;4,57875E-04;6,42572E-04;1,59640E-03;1,88799E-03;2,89422E-03;2,49786E-03;3,48161E-03;3,41398E-03;3,88507E-03;5,77659E-03;2,75346E-03;5,81993E-03;8,73821E-03;7,04016E-03;1,05791E-02;8,06574E-03;1,15200E-02;1,07845E-02;9,50214E-03;9,88949E-03;0,00000E+00;0,00000E+00;4,65550E-05;2,15065E-05;3,08119E-04;0,00000E+00;1,77363E-04;0,00000E+00;1,35658E-05;0,00000E+00;6,08217E-05;7,12372E-05;0,00000E+00;0,00000E+00;2,68102E-04;5,26471E-05;2,78720E-05;0,00000E+00;3,41234E-05;1,57683E-05;4,22861E-05;6,08015E-05;1,13294E-04;4,60527E-05;3,01298E-04;2,69758E-04;3,39286E-04;2,58081E-04;2,87176E-04;5,43777E-04;5,25338E-04;5,10489E-04;9,64973E-04;8,03890E-04;6,77532E-04;6,19820E-04;9,80741E-04;1,09161E-03;6,29111E-04;1,44430E-03
797;3,83309E-04;1,00387E-03;1,42483E-03;2,32847E-03;2,65866E-03;3,34971E-03;3,42504E-03;4,53126E-03;4,24847E-03;4,89458E-03;5,04497E-03;6,27702E-03;7,27602E-03;9,89028E-03;6,90962E-03;7,76723E-03;9,87371E-03;8,79109E-03;8,99928E-03;6,41865E-03;0,00000E+00;8,79529E-06;1,25746E-04;3,91511E-05;0,00000E+00;0,00000E+00;9,86388E-05;5,91121E-05;2,11109E-04;1,16764E-04;0,00000E+00;5,82131E-05;1,02032E-04;4,21635E-05;0,00000E+00;3,32899E-04;2,81649E-04;0,00000E+00;3,96440E-04;9,97061E-05;2,36003E-05;5,25912E-05;1,27774E-04;1,60141E-04;1,87252E-04;2,84118E-04;3,06502E-04;3,46405E-04;3,44747E-04;3,84971E-04;5,17746E-04;5,92999E-04;7,34340E-04;9,07555E-04;7,60600E-04;8,87111E-04;8,75842E-04;1,04679E-03;1,03545E-03;1,35856E-03
798;4,77762E-04;8,94052E-04;1,63108E-03;2,35586E-03;2,84315E-03;3,14387E-03;3,13112E-03;3,98832E-03;5,14685E-03;4,51736E-03;6,76473E-03;6,74085E-03;6,44635E-03;8,11778E-03;8,75054E-03;6,51400E-03;7,84717E-03;7,02566E-03;7,89094E-03;9,80457E-03;0,00000E+00;1,02128E-05;1,42692E-04;4,65335E-05;0,00000E+00;0,00000E+00;9,17977E-05;1,39701E-04;1,45528E-04;1,48115E-04;2,87473E-04;1,04632E-04;1,18476E-04;4,89588E-05;1,62923E-04;3,62052E-05;1,22397E-04;0,00000E+00;2,09789E-04;0,00000E+00;5,56045E-06;7,33832E-05;1,24911E-04;1,08335E-04;2,22297E-04;1,61767E-04;2,73337E-04;4,06818E-04;4,45178E-04;2,78162E-04;5,47676E-04;6,22882E-04;5,93264E-04;8,16522E-04;7,41636E-04;7,32945E-04;9,00446E-04;1,24542E-03;1,17188E-03;1,05421E-03
799;3,80214E-04;1,24234E-03;1,82703E-03;2,09214E-03;2,35995E-03;2,59896E-03;3,79326E-03;4,63856E-03;5,47851E-03;5,51259E-03;5,53750E-03;4,35625E-03;7,58813E-03;7,53052E-03;8,14233E-03;8,86935E-03;7,67288E-03;7,79367E-03;1,10471E-02;1,22291E-02;0,00000E+00;4,65625E-05;1,16049E-04;5,64104E-05;0,00000E+00;0,00000E+00;1,28778E-04;4,76295E-05;0,00000E+00;3,30556E-06;7,58209E-05;1,96322E-05;0,00000E+00;2,57555E-04;4,29710E-05;9,54911E-06;1,80289E-04;0,00000E+00;1,89193E-04;1,31138E-04;2,82861E-06;6,55519E-05;6,14670E-05;4,17552E-05;2,52947E-04;2,10148E-05;1,54096E-04;3,62309E-04;4,28979E-04;3,82486E-04;5,15049E-04;5,47124E-04;5,89893E-04;8,16929E-04;4,42147E-04;5,72909E-04;6,05894E-04;9,22190E-04;1,11196E-03;9,65026E-04
800;4,93992E-04;5,69588E-04;9,37898E-04;1,64387E-03;2,07558E-03;3,12822E-03;3,86289E-03;4,08731E-03;3,89571E-03;5,31548E-03;5,73779E-03;7,36837E-03;5,84564E-03;6,44542E-03;3,59977E-03;8,79908E-03;8,42987E-03;7,90685E-03;9,70663E-03;9,99896E-03;0,00000E+00;1,93510E-05;0,00000E+00;1,03375E-05;1,99980E-06;9,61868E-06;1,40542E-04;7,80336E-05;3,48451E-06;0,00000E+00;2,31495E-04;1,14479E-05;2,44995E-05;0,00000E+00;1,14104E-04;1,66979E-04;1,69775E-04;3,26795E-05;4,77201E-05;0,00000E+00;5,79650E-06;6,66910E-05;7,52646E-05;2,45642E-04;1,22646E-04;2,35073E-04;4,62688E-04;4,99557E-04;2,69416E-04;4,15016E-04;5,46676E-04;7,09299E-04;4,09923E-04;7,71138E-04;7,80115E-04;5,51064E-04;7,61169E-04;7,05514E-04;8,71107E-04;9,40676E-04
801;3,61862E-04;6,00725E-04;1,13127E-03;1,99447E-03;2,29025E-03;3,58091E-03;2,82857E-03;3,50466E-03;3,53654E-03;5,10670E-03;4,48096E-03;5,03985E-03;7,51350E-03;5,90243E-03;7,75969E-03;8,83074E-03;7,23137E-03;8,33475E-03;9,52350E-03;1,03043E-02;0,00000E+00;0,00000E+00;0,00000E+00;1,28937E-04;3,70148E-05;1,19626E-04;5,17757E-05;0,00000E+00;2,54322E-05;0,00000E+00;0,00000E+00;2,54670E-04;3,16140E-04;0,00000E+00;2,03203E-05;1,56058E-04;2,23523E-04;1,22169E-04;3,48291E-04;0,00000E+00;6,10301E-05;1,54717E-05;1,61814E-04;1,48328E-04;2,05590E-04;1,88518E-04;3,54832E-04;3,69909E-04;2,56337E-04;2,97472E-04;4,01850E-04;5,30937E-04;4,15495E-04;5,59781E-04;5,15482E-04;7,97854E-04;6,25619E-04;7,74038E-04;8,75883E-04;7,79483E-04
802;3,76482E-04;6,73579E-04;1,42384E-03;1,70487E-03;2,73875E-03;2,75610E-03;2,76682E-03;3,78741E-03;4,13995E-03;3,81547E-03;5,14099E-03;4,19721E-03;4,63948E-03;8,46713E-03;8,57887E-03;7,38668E-03;7,57788E-03;6,67782E-03;1,09841E-02;1,09020E-02;0,00000E+00;0,00000E+00;2,69172E-05;6,57435E-05;7,31771E-05;6,07472E-05;1,32812E-04;0,00000E+00;0,00000E+00;0,00000E+00;1,09781E-04;2,10326E-04;4,40261E-04;1,45174E-04;1,08881E-04;2,64405E-04;0,00000E+00;1,50162E-04;1,33302E-04;2,07893E-04;4,41459E-05;6,34160E-05;1,47591E-04;6,12418E-05;2,34661E-04;1,99690E-04;1,69836E-04;3,35347E-04;2,98971E-04;3,53919E-04;5,40759E-04;5,41847E-04;5,33598E-04;6,15658E-04;6,17271E-04;6,80561E-04;6,51697E-04;9,72370E-04;7,85544E-04;5,92323E-04
803;4,02516E-04;7,96391E-04;2,09906E-03;1,68580E-03;2,20622E-03;1,34761E-03;2,19012E-03;3,19381E-03;3,41224E-03;4,14572E-03;5,97078E-03;4,59341E-03;6,25993E-03;6,79661E-03;6,76819E-03;7,66406E-03;7,11253E-03;5,45426E-03;1,19967E-02;1,34911E-02;0,00000E+00;2,53172E-05;9,58021E-05;1,26278E-04;1,29265E-05;0,00000E+00;2,31380E-05;0,00000E+00;1,30199E-04;1,62050E-04;3,65440E-04;0,00000E+00;1,45576E-04;4,11343E-05;3,08507E-05;1,24596E-04;2,86080E-04;6,10787E-05;3,77702E-05;4,56166E-04;4,82037E-05;7,72717E-05;8,72457E-05;2,35841E-05;1,52338E-04;2,96066E-04;1,77896E-04;3,91022E-04;4,17879E-04;5,28360E-04;3,06648E-04;4,48976E-04;2,95852E-04;8,90818E-04;3,47171E-04;7,37294E-04;9,03920E-04;9,26461E-04;8,17887E-04;6,57298E-04
804;2,03348E-04;1,10147E-03;1,40222E-03;1,69902E-03;1,60181E-03;2,49724E-03;2,52861E-03;3,04780E-03;3,79443E-03;4,71111E-03;5,60450E-03;6,36835E-03;7,72213E-03;7,00265E-03;8,04005E-03;6,15312E-03;8,99074E-03;7,72366E-03;5,87856E-03;7,65141E-03;5,35661E-06;0,00000E+00;8,86392E-06;1,71745E-05;1,87790E-05;6,18985E-05;2,87585E-05;2,05259E-05;3,52292E-04;3,24786E-04;5,00561E-04;0,00000E+00;1,61043E-05;5,22882E-06;1,71999E-04;0,00000E+00;1,30721E-05;5,26418E-04;5,58448E-04;4,65908E-05;2,36450E-05;4,59030E-05;7,16558E-05;1,45853E-04;2,25511E-04;2,20132E-04;2,82135E-04;2,71093E-04;4,90185E-04;2,63530E-04;2,76743E-04;3,47545E-04;4,02450E-04;3,38371E-04;3,76782E-04;6,71093E-04;6,85564E-04;7,65119E-04;6,26924E-04;7,83328E-04
805;2,77352E-04;6,82037E-04;8,36800E-04;1,31930E-03;1,73498E-03;2,38616E-03;2,92996E-03;2,91004E-03;5,18861E-03;4,38568E-03;4,05007E-03;6,24668E-03;5,37903E-03;6,71268E-03;8,85041E-03;8,56224E-03;9,31211E-03;1,01821E-02;7,22741E-03;9,71845E-03;0,00000E+00;0,00000E+00;7,10411E-05;1,37648E-04;1,50507E-04;0,00000E+00;3,71449E-04;2,64050E-04;9,17866E-05;5,80271E-05;5,53242E-05;8,58671E-05;1,29070E-04;4,19071E-05;0,00000E+00;1,04414E-05;2,50948E-04;2,94844E-04;3,33233E-04;3,73409E-04;3,80432E-05;7,90389E-06;5,04905E-05;1,59778E-04;1,18102E-04;1,62048E-04;1,51666E-04;2,14597E-04;3,17226E-04;3,10603E-04;2,96612E-04;4,23844E-04;4,24660E-04;5,98314E-04;5,04069E-04;3,24003E-04;5,54881E-04;8,06076E-04;7,63674E-04;6,64834E-04
806;3,43559E-04;8,06782E-04;8,30178E-04;1,45926E-03;1,35358E-03;1,68099E-03;2,52611E-03;3,40319E-03;4,37015E-03;3,93522E-03;3,13315E-03;5,90541E-03;5,54153E-03;3,06335E-03;7,41495E-03;7,00682E-03;9,21262E-03;7,58902E-03;8,80746E-03;9,25390E-03;0,00000E+00;0,00000E+00;3,10650E-05;0,00000E+00;1,44791E-04;0,00000E+00;3,24348E-04;1,25521E-04;0,00000E+00;0,00000E+00;4,97822E-05;1,83627E-04;1,77383E-04;4,03155E-04;1,09951E-04;1,78094E-04;3,12606E-04;2,62201E-04;2,08894E-04;2,09938E-04;3,54602E-05;4,61455E-05;1,00298E-04;1,83140E-04;1,77554E-04;3,57614E-04;2,29604E-04;1,43714E-04;2,78118E-04;2,86512E-04;3,34231E-04;3,37796E-04;4,29589E-04;5,49779E-04;6,55039E-04;7,93605E-04;5,47986E-04;7,04289E-04;7,23692E-04;6,41036E-04
807;4,37348E-04;8,17422E-04;8,84673E-04;1,67706E-03;1,89419E-03;2,10617E-03;1,92913E-03;3,48263E-03;3,82870E-03;4,32555E-03;6,19784E-03;6,28989E-03;6,14456E-03;6,34131E-03;8,09461E-03;7,25206E-03;6,55857E-03;5,07209E-03;7,02214E-03;7,83898E-03;0,00000E+00;0,00000E+00;4,24584E-05;0,00000E+00;4,20827E-05;0,00000E+00;4,26091E-05;0,00000E+00;0,00000E+00;1,09222E-04;0,00000E+00;2,19002E-05;5,15553E-05;1,17175E-04;4,00065E-04;2,84576E-04;1,42457E-04;3,12713E-05;3,26037E-05;6,10173E-05;1,01016E-05;3,15527E-05;1,08270E-04;1,27775E-04;1,07861E-04;1,66033E-04;1,25400E-04;2,52703E-04;2,21172E-04;2,91066E-04;3,44277E-04;3,23861E-04;2,04100E-04;6,50699E-04;5,42731E-04;2,25349E-04;7,21924E-04;8,06299E-04;6,79483E-04;6,11761E-04
808;3,16886E-04;6,63875E-04;1,20378E-03;2,08096E-03;2,08661E-03;2,77456E-03;1,68504E-03;3,12052E-03;2,41501E-03;4,52609E-03;3,77270E-03;6,55306E-03;4,73327E-03;8,98096E-03;4,60317E-03;6,82988E-03;7,57792E-03;4,44509E-03;8,82590E-03;5,91620E-03;0,00000E+00;0,00000E+00;6,06020E-06;0,00000E+00;7,47001E-06;0,00000E+00;6,50672E-05;2,04122E-05;6,50798E-06;0,00000E+00;0,00000E+00;4,81640E-04;9,15148E-06;0,00000E+00;5,85674E-05;0,00000E+00;1,46419E-04;0,00000E+00;5,37776E-04;0,00000E+00;6,37205E-05;1,34539E-04;8,14866E-05;1,57877E-04;1,73574E-04;1,83841E-04;1,27363E-04;1,47547E-04;1,23848E-04;3,58311E-04;3,52605E-04;6,51138E-04;4,05151E-04;3,85839E-04;3,76441E-04;4,51913E-04;7,02740E-04;5,08496E-04;5,59606E-04;6,33431E-04
809;1,98317E-04;8,45672E-04;1,10186E-03;1,57701E-03;1,60487E-03;2,77969E-03;3,83092E-03;2,94654E-03;3,00587E-03;2,80308E-03;5,02379E-03;4,67210E-03;4,13156E-03;5,37853E-03;8,16222E-03;6,56204E-03;7,09722E-03;6,62320E-03;8,57507E-03;7,62475E-03;0,00000E+00;2,96229E-06;8,60838E-05;2,73779E-05;1,57227E-04;0,00000E+00;5,35993E-05;1,68324E-04;5,36664E-05;4,42424E-05;0,00000E+00;8,75874E-06;7,54654E-05;0,00000E+00;0,00000E+00;0,00000E+00;0,00000E+00;7,50396E-05;0,00000E+00;0,00000E+00;3,81061E-05;3,24147E-05;2,16514E-05;5,17797E-05;3,24590E-05;1,36807E-04;2,03297E-04;1,60209E-04;5,30438E-04;3,08045E-04;3,66706E-04;3,78507E-04;3,70423E-04;4,46118E-04;6,18723E-04;4,00852E-04;6,10201E-04;6,20644E-04;3,90479E-04;7,91469E-04
810;1,26783E-04;9,70009E-04;1,17665E-03;1,37201E-03;1,50438E-03;2,35506E-03;2,78396E-03;4,02878E-03;3,27626E-03;4,28843E-03;6,29606E-03;3,57964E-03;7,48464E-03;5,92574E-03;6,66800E-03;8,50728E-03;7,09717E-03;6,68190E-03;7,24757E-03;8,42062E-03;0,00000E+00;2,72516E-05;6,15493E-05;5,60537E-05;1,20836E-04;0,00000E+00;2,16001E-04;1,05331E-05;5,87693E-05;5,59054E-05;1,27831E-04;2,65139E-05;1,81810E-04;0,00000E+00;0,00000E+00;9,39134E-05;5,63480E-05;9,48212E-05;0,00000E+00;0,00000E+00;1,94714E-05;0,00000E+00;2,10757E-05;4,46340E-05;8,32674E-05;5,18891E-05;2,14891E-04;2,55265E-04;3,83147E-04;2,49326E-04;2,16400E-04;3,06661E-04;4,78303E-04;4,94523E-04;5,37698E-04;5,60150E-04;5,65327E-04;6,66117E-04;4,64684E-04;6,41047E-04
811;1,57380E-04;1,02010E-03;1,20535E-03;2,13032E-03;1,29566E-03;1,33445E-03;2,94898E-03;3,74674E-03;4,77949E-03;4,21826E-03;2,28896E-03;6,33618E-03;3,62753E-03;5,11563E-03;4,96661E-03;5,32275E-03;7,40589E-03;7,73337E-03;6,21608E-03;7,46529E-03;0,00000E+00;6,72518E-06;6,15840E-05;6,13878E-06;0,00000E+00;0,00000E+00;6,17926E-05;3,01328E-06;1,68125E-05;1,86329E-05;3,65695E-05;7,08170E-05;3,36208E-04;0,00000E+00;0,00000E+00;2,68664E-05;1,61198E-05;0,00000E+00;9,88494E-05;4,45359E-04;9,02229E-05;5,49320E-05;7,24672E-05;3,15648E-06;1,38825E-04;1,25224E-04;2,62335E-04;1,54682E-04;2,30612E-04;3,43408E-04;3,33128E-04;4,36030E-04;1,29176E-04;3,65993E-04;4,26541E-04;4,19680E-04;4,65400E-04;7,34510E-04;4,65447E-04;6,75381E-04
812;2,25998E-04;4,12598E-04;1,45727E-03;1,52982E-03;1,90775E-03;2,80150E-03;2,98054E-03;3,34691E-03;2,32696E-03;1,98740E-03;4,49842E-03;4,60483E-03;4,42241E-03;7,08035E-03;4,01731E-03;5,74303E-03;5,23645E-03;7,64773E-03;4,48664E-03;7,53297E-03;0,00000E+00;6,11955E-06;0,00000E+00;0,00000E+00;4,35584E-05;0,00000E+00;0,00000E+00;1,82799E-04;0,00000E+00;0,00000E+00;8,31906E-06;2,94027E-05;7,26051E-06;4,12542E-05;8,89002E-05;1,77800E-04;5,33401E-04;7,67814E-05;4,03204E-04;7,00173E-06;5,56338E-06;5,61350E-06;9,57110E-05;1,21172E-05;2,77492E-05;7,59433E-05;1,77955E-04;2,04993E-04;2,44339E-04;1,34939E-04;2,89492E-04;2,91080E-04;3,96686E-04;4,38800E-04;4,17615E-04;5,31271E-04;5,23639E-04;3,20021E-04;7,48640E-04;6,09480E-04
813;2,05608E-04;7,06625E-04;1,33062E-03;1,43308E-03;2,18299E-03;2,68247E-03;3,52839E-03;3,14150E-03;3,06887E-03;3,36310E-03;2,10674E-03;4,02858E-03;1,75298E-03;4,24895E-03;6,64187E-03;6,16721E-03;6,59213E-03;5,02585E-03;4,32546E-03;7,53966E-03;0,00000E+00;4,79490E-05;0,00000E+00;4,68533E-05;7,73936E-06;0,00000E+00;4,92129E-05;1,83987E-05;6,15931E-05;9,08573E-05;6,51829E-05;3,83272E-04;7,61359E-05;3,88859E-04;0,00000E+00;0,00000E+00;7,65533E-05;3,28961E-04;4,37095E-04;5,48612E-05;1,90108E-05;4,48106E-05;9,46293E-05;1,19034E-04;1,25950E-04;1,77162E-04;1,52219E-04;1,59856E-04;1,14513E-04;3,04855E-04;2,91092E-04;2,51609E-04;4,59682E-04;2,07769E-04;5,25310E-04;2,20963E-04;4,37104E-04;5,91502E-04;6,60973E-04;4,33734E-04
814;2,56126E-04;7,34094E-04;1,11444E-03;1,62415E-03;1,53808E-03;1,89493E-03;2,96520E-03;2,88026E-03;2,81230E-03;3,94296E-03;5,03632E-03;6,37067E-03;3,74131E-03;4,14535E-03;5,88373E-03;5,92588E-03;5,85034E-03;5,32266E-03;7,14535E-03;5,08725E-03;0,00000E+00;0,00000E+00;4,06764E-06;1,17768E-04;0,00000E+00;0,00000E+00;6,03523E-05;2,25633E-05;7,55348E-05;3,24062E-04;0,00000E+00;2,66429E-04;2,36037E-05;8,04698E-05;0,00000E+00;4,22312E-04;1,89862E-04;0,00000E+00;2,18282E-04;4,88697E-05;0,00000E+00;7,35699E-05;2,70881E-05;8,87462E-05;1,50880E-04;1,40655E-04;3,25155E-04;2,59479E-04;2,68440E-04;3,44783E-04;1,56599E-04;2,60623E-04;2,90077E-04;2,94632E-04;2,07430E-04;1,60274E-04;6,36233E-04;4,70584E-04;5,86810E-04;4,96742E-04
815;2,56892E-04;7,24550E-04;1,06718E-03;1,70194E-03;1,10338E-03;2,16135E-03;2,32846E-03;3,07754E-03;2,46286E-03;2,30512E-03;6,67087E-03;4,37944E-03;2,11334E-03;4,63568E-03;5,93592E-03;8,19849E-03;3,10806E-03;7,18688E-03;2,47169E-03;7,14604E-03;0,00000E+00;1,92174E-05;7,72402E-05;1,64066E-05;0,00000E+00;1,79031E-04;1,24370E-04;3,09978E-05;0,00000E+00;5,78463E-05;4,17993E-05;2,14724E-05;1,21602E-04;2,76377E-05;8,29130E-05;5,29451E-04;2,61104E-05;6,49076E-05;7,97420E-04;1,32945E-05;1,36538E-05;1,15844E-04;6,20235E-06;1,61052E-05;1,58657E-04;9,06268E-05;5,74428E-05;4,96097E-05;2,98986E-04;2,95633E-04;3,47918E-04;4,51953E-04;3,41180E-04;4,62491E-04;4,34435E-04;3,73429E-04;5,98865E-04;3,21528E-04;3,65916E-04;7,77870E-04
816;3,86631E-04;5,31689E-04;7,27826E-04;1,42849E-03;2,02906E-03;2,08345E-03;2,32507E-03;1,92599E-03;2,15683E-03;2,21051E-03;3,32673E-03;1,65519E-03;4,45122E-03;7,26438E-03;7,32122E-03;5,87785E-03;6,84231E-03;7,60702E-03;7,77795E-03;5,82061E-03;0,00000E+00;1,12072E-05;1,46793E-04;0,00000E+00;0,00000E+00;0,00000E+00;1,70476E-05;3,70549E-05;2,90948E-05;0,00000E+00;0,00000E+00;5,22130E-04;0,00000E+00;1,85974E-05;2,05485E-04;2,15770E-04;0,00000E+00;2,61890E-04;3,95687E-04;1,14328E-04;3,27505E-05;7,88669E-06;1,61945E-04;4,32127E-05;1,22807E-04;1,55144E-04;2,21722E-04;2,51150E-04;3,75080E-04;9,46095E-05;2,56357E-04;1,98111E-04;3,67145E-04;2,42985E-04;3,52713E-04;6,62806E-04;2,62263E-04;3,36581E-04;4,20198E-04;4,09914E-04
817;1,43994E-04;6,11383E-04;2,60266E-04;1,42584E-03;2,03148E-03;1,55893E-03;2,81903E-03;2,36640E-03;2,54494E-03;4,33410E-03;1,38998E-03;5,18270E-03;4,42792E-03;4,11032E-03;2,45121E-03;6,66985E-03;6,54660E-03;7,96277E-03;5,50030E-03;3,52738E-03;0,00000E+00;8,78094E-05;5,04252E-05;3,93880E-05;0,00000E+00;0,00000E+00;1,24729E-04;2,42635E-05;4,26004E-04;1,19345E-04;0,00000E+00;8,28349E-05;0,00000E+00;1,29800E-04;3,89400E-04;1,81172E-04;6,89526E-05;3,55644E-04;7,15108E-04;0,00000E+00;2,10876E-05;3,92489E-05;4,85488E-06;7,77363E-05;1,45563E-04;1,37719E-04;2,46752E-04;3,47142E-04;1,63410E-04;2,99869E-04;2,22568E-04;3,16450E-04;2,11390E-04;2,36682E-04;4,31400E-04;5,25269E-04;5,05672E-04;4,77950E-04;3,42747E-04;6,60150E-04
818;1,16067E-04;5,20673E-04;9,22373E-04;1,47449E-03;1,76331E-03;1,64560E-03;2,40088E-03;3,76793E-03;3,39418E-03;3,44257E-03;3,33668E-03;4,17980E-03;4,32771E-03;2,86060E-03;3,37383E-03;6,19626E-03;6,38165E-03;5,97679E-03;4,98645E-03;4,80481E-03;0,00000E+00;6,92202E-05;0,00000E+00;4,54336E-05;7,15230E-05;8,60031E-06;6,62800E-06;0,00000E+00;2,57157E-04;1,92813E-04;0,00000E+00;5,45066E-05;5,25736E-05;0,00000E+00;0,00000E+00;1,78987E-04;4,97748E-04;0,00000E+00;0,00000E+00;2,53499E-05;2,43243E-05;5,41967E-05;0,00000E+00;7,20489E-05;1,60468E-04;2,18248E-04;2,00705E-04;3,30060E-04;1,60576E-04;1,17265E-04;3,16638E-04;2,34411E-04;3,71023E-04;4,18089E-04;5,66655E-04;7,09783E-04;2,88519E-04;4,70928E-04;4,64454E-04;4,01442E-04
819;1,68738E-04;5,91939E-04;5,11779E-04;6,91978E-04;1,81633E-03;1,54435E-03;1,32491E-03;1,82843E-03;3,24371E-03;2,39518E-03;5,80708E-03;1,79628E-03;5,31583E-03;6,30604E-03;5,37380E-04;5,50006E-03;6,95089E-03;7,91423E-03;2,06111E-03;6,07963E-03;0,00000E+00;1,41965E-05;0,00000E+00;0,00000E+00;1,74585E-05;2,09930E-06;2,84699E-05;4,78969E-05;0,00000E+00;1,34620E-05;0,00000E+00;0,00000E+00;1,28330E-05;5,69399E-05;0,00000E+00;6,18010E-05;4,72193E-04;0,00000E+00;2,78844E-04;6,18780E-06;2,51160E-05;6,48816E-05;1,59728E-05;8,64776E-05;1,46035E-04;2,80016E-04;1,03988E-04;1,28119E-04;2,09558E-04;2,24867E-04;4,83646E-04;1,57538E-04;7,98575E-05;4,15527E-04;1,04020E-04;7,61405E-04;4,15942E-04;5,51697E-04;7,77782E-05;7,25295E-04
820;4,04354E-04;4,19353E-04;2,79593E-04;1,20822E-03;1,42515E-03;2,85752E-03;2,38005E-03;2,77816E-03;2,47152E-03;3,93806E-03;5,45311E-03;2,20751E-03;5,63405E-03;5,40821E-03;6,45232E-03;5,37872E-03;5,74865E-03;5,73927E-03;7,55540E-03;5,21788E-03;0,00000E+00;2,08236E-05;5,07674E-05;6,23337E-06;1,82888E-05;7,85407E-06;2,16060E-04;2,18326E-04;6,30508E-05;0,00000E+00;2,71757E-04;2,88856E-04;0,00000E+00;0,00000E+00;0,00000E+00;0,00000E+00;3,59372E-04;0,00000E+00;0,00000E+00;0,00000E+00;2,84520E-05;2,26389E-06;2,71007E-05;6,29270E-05;6,78293E-05;1,02182E-04;1,18215E-05;2,43704E-04;2,41883E-04;2,64923E-04;4,94023E-04;1,56469E-04;9,19180E-05;4,73821E-04;2,09865E-04;2,85473E-04;7,75548E-04;4,85165E-04;6,07623E-04;2,22486E-04
821;2,42303E-04;7,45292E-04;7,40448E-04;5,11495E-04;1,99753E-03;2,19833E-03;2,56540E-03;2,12679E-03;2,72428E-03;3,06927E-03;3,46714E-03;2,19282E-03;4,06460E-03;4,18209E-03;6,92107E-03;6,30873E-03;3,49689E-03;5,47128E-03;5,54247E-03;5,28761E-03;0,00000E+00;0,00000E+00;0,00000E+00;5,09689E-05;2,09797E-04;4,65499E-05;2,15582E-04;0,00000E+00;4,81542E-05;0,00000E+00;0,00000E+00;1,06373E-04;1,51233E-04;0,00000E+00;0,00000E+00;1,59586E-04;0,00000E+00;0,00000E+00;4,50875E-05;2,03138E-04;5,59246E-05;1,11359E-05;5,62750E-05;1,41282E-04;1,77427E-04;2,14621E-04;1,59064E-04;1,62284E-04;1,23797E-04;7,36890E-05;2,31736E-04;2,55945E-04;2,96798E-04;2,31273E-04;1,29038E-04;2,50762E-04;5,05711E-04;5,16641E-04;3,54955E-04;4,80267E-04
822;1,15421E-04;4,91728E-04;1,14124E-03;1,12696E-03;1,10938E-03;9,37419E-04;1,22912E-03;2,39150E-03;2,88523E-03;3,13082E-03;2,34744E-03;4,52957E-03;5,44101E-03;5,82761E-03;4,59013E-03;5,37457E-03;6,19197E-03;4,98771E-03;5,56238E-03;3,33068E-03;1,96088E-05;0,00000E+00;4,44730E-06;1,48408E-05;1,14840E-04;0,00000E+00;0,00000E+00;0,00000E+00;1,78868E-04;4,35912E-05;0,00000E+00;4,14231E-04;1,78502E-04;0,00000E+00;0,00000E+00;1,68872E-04;2,51852E-04;0,00000E+00;4,77110E-05;2,14959E-04;1,32934E-05;8,47658E-05;1,00813E-04;8,89302E-05;2,00502E-04;2,25580E-04;1,04672E-04;1,51652E-04;1,60268E-04;1,57546E-04;2,21869E-04;2,27822E-04;2,89273E-04;2,50201E-05;5,22620E-04;3,23298E-04;2,72793E-04;4,05723E-04;5,31649E-04;4,82209E-04
823;8,41759E-05;3,89270E-04;7,80628E-04;1,12494E-03;1,99818E-03;1,82312E-03;2,44221E-03;1,37020E-03;3,81882E-03;2,21456E-03;3,92824E-03;2,71726E-03;5,00008E-03;4,48249E-03;7,41395E-03;6,28928E-03;4,29081E-03;2,54637E-03;3,35147E-03;5,38834E-03;4,04997E-06;0,00000E+00;9,18539E-07;2,55076E-05;2,29396E-05;0,00000E+00;2,23268E-04;0,00000E+00;2,77441E-04;9,00326E-06;0,00000E+00;3,30366E-04;3,81447E-06;2,97691E-05;2,08384E-04;0,00000E+00;5,20172E-05;1,39827E-04;0,00000E+00;0,00000E+00;0,00000E+00;2,85759E-05;1,75103E-05;6,36605E-07;2,79542E-05;1,94809E-04;1,70519E-05;1,24782E-04;6,86788E-05;1,38701E-04;2,65070E-04;6,62062E-05;4,47890E-04;3,86904E-04;7,97391E-05;3,79477E-04;2,23268E-04;3,49421E-04;1,67046E-04;1,18632E-04
824;3,97681E-05;6,10475E-04;5,44392E-04;9,72817E-04;1,71873E-03;2,09619E-03;1,26807E-03;2,84344E-03;1,87561E-03;8,12516E-04;3,40775E-03;4,67201E-03;1,85000E-03;4,86028E-03;4,20071E-03;5,45450E-03;5,81208E-03;5,01587E-03;2,10559E-03;2,43899E-03;0,00000E+00;0,00000E+00;0,00000E+00;6,46200E-05;3,07523E-05;3,89596E-04;6,15584E-05;1,49824E-04;3,82483E-04;1,23311E-04;1,34688E-04;5,32019E-05;0,00000E+00;0,00000E+00;1,75042E-05;0,00000E+00;0,00000E+00;4,62476E-05;7,26865E-05;0,00000E+00;7,77521E-06;1,38667E-05;6,32875E-05;1,54240E-05;7,38327E-05;5,50308E-06;1,12030E-04;1,28440E-04;2,07010E-04;2,05545E-04;1,46220E-04;6,75583E-05;3,90734E-04;5,07884E-04;6,13321E-05;2,57647E-04;6,57156E-04;4,74963E-04;4,45278E-04;3,60778E-04
825;1,59695E-04;3,68173E-04;1,39072E-03;1,18499E-03;3,74030E-04;1,77746E-03;1,54032E-03;1,79978E-03;1,65907E-03;2,95300E-03;2,77513E-03;1,88899E-03;4,82451E-03;2,44099E-03;6,66984E-03;3,50222E-03;5,73960E-03;5,42017E-03;5,41972E-03;6,23368E-03;0,00000E+00;0,00000E+00;0,00000E+00;1,26135E-04;6,89254E-05;2,08957E-04;6,96408E-05;0,00000E+00;1,59541E-04;1,81920E-05;0,00000E+00;3,11276E-04;0,00000E+00;0,00000E+00;8,41498E-05;0,00000E+00;6,56912E-05;2,22331E-04;0,00000E+00;0,00000E+00;4,12794E-05;2,36476E-05;2,21133E-05;9,92328E-05;2,26112E-05;5,67457E-05;1,92561E-04;2,81305E-04;1,90837E-04;1,07158E-04;2,19125E-04;1,92631E-04;2,79597E-04;4,38599E-05;4,27198E-04;4,11357E-04;4,03580E-04;1,44521E-04;6,56912E-05;5,49471E-04
826;2,84993E-04;6,82397E-04;8,95044E-04;9,25673E-04;1,34798E-04;5,09930E-04;2,43841E-03;1,51384E-03;8,36506E-04;2,76099E-03;3,60036E-03;6,80779E-04;6,70381E-03;4,00320E-03;3,68881E-03;5,37736E-03;3,93164E-03;4,85873E-03;6,49609E-03;6,49609E-03;0,00000E+00;0,00000E+00;0,00000E+00;5,62854E-05;9,31190E-05;9,48625E-06;1,76240E-04;0,00000E+00;1,00198E-04;3,66837E-04;0,00000E+00;1,62061E-04;0,00000E+00;0,00000E+00;0,00000E+00;4,39327E-05;3,91079E-04;0,00000E+00;0,00000E+00;0,00000E+00;1,78197E-05;3,51500E-05;3,05897E-05;4,93226E-05;2,75445E-05;1,52703E-04;1,75828E-04;2,07032E-04;1,04147E-04;1,86015E-04;1,92112E-04;2,60010E-04;2,19423E-04;3,98607E-04;2,87628E-04;4,14572E-04;1,69257E-04;3,99080E-04;3,91079E-04;6,54360E-04
827;1,66353E-04;4,37020E-04;1,40425E-03;9,09421E-04;1,84224E-03;8,48750E-04;1,68873E-03;1,42335E-03;3,39161E-03;2,90700E-03;3,11459E-03;4,79891E-03;5,48981E-03;3,55535E-03;2,82561E-03;6,20957E-03;4,23592E-03;4,62289E-03;6,68455E-03;6,34177E-03;4,82843E-05;0,00000E+00;0,00000E+00;0,00000E+00;1,78504E-04;1,53117E-06;3,91594E-04;0,00000E+00;0,00000E+00;1,85264E-04;0,00000E+00;3,05998E-04;0,00000E+00;0,00000E+00;2,48062E-04;7,09115E-06;1,15199E-04;0,00000E+00;7,59251E-05;5,92053E-04;0,00000E+00;1,80846E-05;1,59137E-06;9,97957E-05;1,21092E-04;1,76039E-04;2,25258E-04;9,70202E-05;1,89866E-04;1,93424E-04;3,65220E-04;1,82080E-04;5,06974E-04;2,38853E-04;2,98016E-04;1,85176E-04;4,62023E-04;3,37121E-04;4,25277E-04;5,91404E-04
828;1,75067E-04;9,79408E-04;2,13837E-04;1,57186E-03;8,10860E-04;1,42710E-03;1,91864E-03;2,29981E-03;1,28352E-03;2,93275E-03;3,66155E-03;9,00921E-04;1,81885E-03;6,17372E-03;4,93536E-03;3,36788E-03;3,10531E-03;7,84428E-03;4,66700E-03;3,44710E-03;1,00261E-06;1,71255E-05;2,30345E-04;0,00000E+00;9,63510E-06;3,47572E-05;0,00000E+00;0,00000E+00;6,71538E-06;4,45771E-05;1,99952E-04;1,93287E-04;0,00000E+00;2,11285E-04;0,00000E+00;0,00000E+00;0,00000E+00;4,51795E-04;7,29397E-04;1,02115E-04;0,00000E+00;6,63021E-05;2,30764E-05;8,52081E-05;1,34503E-04;2,10061E-04;1,19629E-04;2,25909E-04;2,50319E-05;1,23500E-04;3,06665E-04;8,17679E-05;2,87250E-04;2,53198E-04;1,76681E-04;8,84011E-05;6,41116E-04;4,93074E-04;4,67915E-04;3,28935E-04
829;1,82765E-04;5,56257E-04;6,73801E-04;1,31949E-03;9,31655E-04;1,19590E-03;1,13442E-03;2,36006E-03;2,19860E-03;2,42843E-03;1,13198E-03;2,00368E-03;5,29733E-03;4,07471E-03;6,89314E-03;3,59949E-03;6,87035E-03;6,90428E-03;4,31270E-03;9,19052E-03;3,82599E-06;3,41690E-05;0,00000E+00;2,86645E-05;1,29451E-04;2,19316E-04;0,00000E+00;2,41204E-05;2,56260E-05;2,09811E-04;0,00000E+00;1,88647E-04;0,00000E+00;5,61119E-04;0,00000E+00;2,86743E-05;0,00000E+00;1,44259E-04;2,28131E-04;1,04253E-04;0,00000E+00;7,08916E-05;8,04373E-06;8,02873E-05;5,13494E-05;1,89273E-04;1,27981E-04;2,28823E-04;1,95852E-04;2,85932E-04;1,69973E-05;1,95339E-04;8,06364E-05;2,72590E-04;6,09887E-05;4,04441E-04;2,06836E-04;3,77806E-04;4,40217E-04;5,80542E-04
830;6,62835E-05;3,09943E-04;1,00942E-03;5,19157E-04;1,18264E-03;7,88501E-04;1,98017E-03;1,24228E-03;1,38587E-03;3,44687E-03;2,31323E-03;3,27126E-03;5,13049E-03;2,30473E-03;4,28954E-03;6,42884E-03;6,35839E-03;1,90927E-03;5,45380E-03;5,25778E-03;0,00000E+00;0,00000E+00;0,00000E+00;2,30205E-05;1,24720E-04;6,96143E-05;2,91699E-04;8,48038E-05;0,00000E+00;3,18865E-05;1,05880E-04;1,51503E-04;1,23210E-04;6,73359E-04;0,00000E+00;2,30284E-05;0,00000E+00;0,00000E+00;4,22902E-05;3,56455E-04;1,15286E-05;3,87632E-05;1,11199E-04;5,11809E-06;2,50816E-05;1,63107E-04;2,87855E-05;5,49999E-05;1,89443E-04;2,20888E-04;7,96390E-06;2,43982E-04;7,35220E-05;8,16814E-05;1,32600E-04;2,72275E-04;9,21136E-05;3,66234E-04;1,86687E-04;5,05173E-04
831;4,10639E-05;7,25257E-05;5,15857E-04;8,20458E-04;1,51851E-03;1,40394E-03;1,54505E-03;2,62656E-03;1,55806E-03;2,67042E-03;5,54485E-03;3,06960E-03;6,75688E-03;4,93883E-03;3,42719E-03;3,74754E-03;3,33424E-03;2,32430E-03;9,48056E-03;6,04171E-03;0,00000E+00;0,00000E+00;6,16894E-05;0,00000E+00;5,42999E-06;9,77847E-05;4,68185E-04;7,06561E-06;0,00000E+00;8,95795E-05;1,82660E-04;0,00000E+00;1,33045E-05;4,53578E-05;3,23472E-05;4,85208E-04;0,00000E+00;6,07744E-04;1,58409E-04;4,09067E-04;1,24489E-06;8,70036E-06;1,13100E-05;3,70070E-07;2,00919E-05;6,58565E-05;1,05128E-04;9,95614E-05;4,94830E-05;1,85009E-04;0,00000E+00;2,21088E-04;2,24504E-04;2,15972E-04;2,10485E-04;4,62065E-05;1,94083E-04;2,87756E-04;2,62763E-04;6,98395E-04
832;3,36305E-04;5,52754E-04;6,49390E-04;5,82839E-04;1,51007E-03;3,65916E-04;8,19279E-04;1,55875E-03;2,72739E-03;1,35400E-03;2,34977E-03;6,58367E-03;2,53980E-03;4,10834E-03;2,10252E-03;7,15984E-03;5,27571E-03;3,58937E-03;5,85746E-03;4,52283E-03;0,00000E+00;3,97020E-06;6,04953E-05;0,00000E+00;7,04017E-06;3,05099E-04;0,00000E+00;4,80299E-05;0,00000E+00;0,00000E+00;0,00000E+00;4,10698E-04;1,72498E-05;5,75101E-04;0,00000E+00;1,86072E-04;7,42885E-05;0,00000E+00;2,44665E-04;0,00000E+00;3,83427E-05;7,90326E-06;4,48480E-05;6,90025E-05;2,45806E-05;6,32918E-05;1,63630E-04;2,57620E-04;9,18610E-05;1,14969E-04;4,23434E-05;2,40686E-04;5,68899E-05;1,95480E-04;3,79170E-04;3,43091E-04;3,38618E-04;2,43521E-04;4,41303E-04;2,00698E-04
833;1,38793E-04;7,17359E-04;5,32004E-04;1,05024E-03;4,64704E-04;1,87690E-03;1,61940E-03;1,23621E-03;1,18050E-03;2,99880E-03;1,92153E-03;3,47778E-03;4,12541E-03;4,10651E-03;4,92610E-03;1,51357E-03;3,52414E-03;3,71990E-03;4,10774E-03;3,37230E-03;0,00000E+00;0,00000E+00;0,00000E+00;0,00000E+00;5,47997E-05;1,01199E-04;0,00000E+00;1,31786E-04;0,00000E+00;3,25396E-05;0,00000E+00;3,85421E-04;6,53385E-05;9,76400E-05;0,00000E+00;3,55809E-04;1,83696E-04;0,00000E+00;0,00000E+00;1,19654E-04;6,20190E-06;3,90157E-05;0,00000E+00;8,03659E-06;1,09945E-04;1,63948E-04;3,54899E-04;2,76676E-04;1,61812E-04;1,23532E-04;2,35492E-04;1,62656E-04;2,29634E-04;4,11222E-04;2,73693E-04;4,02809E-04;3,69434E-04;4,01210E-04;3,90560E-05;2,68043E-04
834;2,09339E-04;6,01587E-04;2,49624E-04;1,23737E-03;1,16523E-03;1,17592E-03;7,38368E-04;1,67340E-03;4,25973E-04;1,99841E-03;8,88110E-04;5,22503E-04;3,42769E-03;3,78962E-03;5,69059E-03;1,96398E-03;4,87413E-03;2,31728E-03;4,77161E-03;3,86991E-03;0,00000E+00;0,00000E+00;0,00000E+00;0,00000E+00;5,85894E-05;0,00000E+00;1,00116E-04;8,83535E-05;0,00000E+00;2,18156E-05;1,13561E-04;0,00000E+00;9,24276E-06;0,00000E+00;0,00000E+00;9,45312E-05;2,81799E-04;2,64514E-04;3,37069E-04;8,02200E-05;0,00000E+00;8,41124E-05;0,00000E+00;1,54254E-06;3,34270E-05;1,28477E-04;3,35547E-04;1,27828E-04;5,36924E-05;4,89993E-05;2,42441E-04;3,12839E-04;4,62402E-04;1,64502E-04;1,20584E-04;3,13758E-04;2,46716E-04;4,35330E-04;3,75434E-05;2,45934E-04
835;2,92546E-04;5,22030E-04;2,56641E-06;9,87532E-04;5,21627E-05;1,70849E-04;1,93249E-03;2,18774E-03;1,66061E-03;1,23063E-03;3,27223E-03;0,00000E+00;3,56860E-03;5,26424E-03;1,19105E-03;4,63047E-03;4,55397E-03;5,73489E-03;7,95944E-03;4,32143E-03;0,00000E+00;0,00000E+00;3,64165E-05;1,27621E-04;1,84342E-06;4,00771E-04;2,62918E-04;0,00000E+00;1,07545E-04;7,13888E-05;3,17722E-04;1,97861E-04;0,00000E+00;0,00000E+00;0,00000E+00;0,00000E+00;1,28320E-05;1,35613E-05;1,72811E-05;0,00000E+00;2,42578E-06;3,78314E-06;8,87052E-05;0,00000E+00;6,61682E-06;1,47844E-04;2,09184E-04;2,24561E-06;2,01936E-04;2,25291E-05;1,61183E-04;1,46506E-05;1,40019E-04;3,17686E-04;2,92209E-04;3,87709E-04;2,55265E-05;4,59202E-05;1,73781E-04;6,07914E-04
836;1,89179E-04;4,11525E-04;9,67683E-04;3,11899E-04;2,05832E-03;1,42958E-03;1,07160E-03;1,40350E-03;2,20825E-03;1,57129E-03;1,44844E-03;1,37733E-03;6,30142E-03;4,09424E-03;5,14501E-03;2,61128E-03;3,96169E-03;2,11121E-03;4,40354E-03;4,29468E-03;0,00000E+00;1,11169E-06;9,06070E-05;3,65312E-05;0,00000E+00;9,40548E-05;0,00000E+00;7,38047E-05;2,50123E-05;9,40854E-05;4,49410E-04;3,87076E-04;1,70549E-04;1,98100E-04;2,15836E-04;0,00000E+00;4,98372E-04;0,00000E+00;3,38973E-05;9,51576E-04;3,90810E-05;0,00000E+00;4,81102E-05;1,12563E-04;4,95976E-06;1,76377E-04;1,56569E-04;1,96101E-04;7,99900E-05;1,58006E-04;3,87036E-05;5,41447E-05;5,47494E-05;4,78828E-04;5,57639E-05;4,04776E-04;3,01730E-04;3,72218E-04;2,55327E-04;5,01682E-04
837;6,88988E-05;3,75501E-04;9,83893E-04;8,50462E-04;1,31098E-03;1,90539E-03;1,29180E-03;6,95958E-04;2,37075E-03;2,56359E-03;1,79117E-03;2,95808E-03;2,83468E-03;1,98815E-03;2,10196E-03;4,42274E-03;3,21024E-03;4,26869E-03;4,79830E-03;4,51817E-03;0,00000E+00;2,89640E-05;1,94662E-05;8,39622E-05;0,00000E+00;3,12588E-05;3,45274E-05;1,33944E-04;5,74875E-05;2,16243E-04;2,45053E-04;0,00000E+00;0,00000E+00;7,34921E-05;4,96072E-04;0,00000E+00;2,07165E-04;3,64898E-04;0,00000E+00;0,00000E+00;0,00000E+00;0,00000E+00;3,91705E-05;1,30260E-04;6,18505E-06;2,03759E-04;7,34921E-05;2,02693E-04;2,37051E-04;1,92804E-04;1,36717E-04;1,74939E-04;1,45835E-04;3,83346E-05;1,55597E-04;4,57974E-04;3,94777E-04;9,18651E-05;1,84042E-04;4,23446E-04
838;1,59906E-04;5,22859E-04;9,11626E-04;1,02975E-03;6,68838E-04;6,12788E-04;8,41473E-04;1,48323E-04;2,58047E-03;2,32667E-03;3,98490E-03;2,88718E-03;1,64316E-03;1,38373E-03;4,37646E-03;4,15499E-03;4,10462E-03;2,57358E-03;5,73260E-03;4,49997E-03;0,00000E+00;2,50586E-05;1,18594E-04;0,00000E+00;0,00000E+00;3,93530E-06;1,82252E-05;0,00000E+00;0,00000E+00;0,00000E+00;2,22727E-04;3,50670E-04;7,03562E-05;1,59906E-04;0,00000E+00;5,33019E-05;1,09351E-04;1,92610E-04;6,52569E-05;2,03546E-04;3,66777E-05;5,84256E-05;1,34570E-04;1,60593E-05;4,14576E-05;3,43785E-05;6,66273E-05;2,17203E-04;1,85846E-04;1,88987E-04;1,08161E-04;2,20814E-04;1,44705E-04;1,33455E-04;2,42337E-04;1,13221E-04;1,84061E-04;7,99528E-05;2,19481E-04;3,61505E-04
839;1,96111E-04;6,24405E-04;3,59517E-04;6,67891E-04;1,06511E-06;1,15372E-03;1,07469E-03;6,94069E-04;1,80930E-03;2,96449E-03;3,75339E-03;2,39639E-03;7,12892E-03;3,94294E-03;1,98339E-03;1,99720E-03;6,72094E-03;3,15460E-03;6,90297E-03;1,01554E-03;6,66277E-06;0,00000E+00;2,26668E-05;0,00000E+00;2,36509E-06;6,18877E-05;7,19942E-05;0,00000E+00;1,27893E-06;1,98746E-04;4,87059E-04;3,73489E-07;2,59772E-06;1,42626E-04;0,00000E+00;3,56565E-04;7,13129E-05;1,25610E-04;8,73077E-05;0,00000E+00;1,12185E-07;0,00000E+00;6,82200E-05;8,00380E-07;1,79211E-04;1,76098E-06;1,96111E-04;1,97246E-04;9,93181E-07;1,29152E-05;3,09219E-04;5,01800E-07;4,22435E-04;1,36092E-04;6,96201E-07;4,31454E-06;1,05448E-03;1,44897E-04;4,29467E-04;2,86387E-04
840;1,93776E-05;1,27123E-04;4,60491E-04;3,87165E-04;4,87755E-04;1,87037E-03;7,56934E-04;1,88775E-03;1,80123E-03;1,96251E-03;1,88135E-03;3,65892E-03;4,11229E-03;1,48518E-03;2,37397E-03;4,14455E-03;3,14500E-03;1,00321E-03;1,12096E-03;4,47652E-03;0,00000E+00;0,00000E+00;0,00000E+00;0,00000E+00;2,75782E-04;3,43050E-05;7,94366E-05;1,08668E-05;1,67319E-04;2,00319E-04;2,00233E-04;4,35508E-05;3,02908E-04;0,00000E+00;0,00000E+00;0,00000E+00;0,00000E+00;0,00000E+00;4,74477E-05;6,16651E-05;1,30813E-05;0,00000E+00;2,37692E-05;9,33285E-05;6,87235E-05;2,35800E-04;0,00000E+00;1,44505E-04;1,32761E-04;2,16898E-04;1,83601E-04;2,15520E-04;1,77537E-04;2,54137E-04;1,19373E-04;7,16252E-04;4,01395E-04;3,51988E-04;1,85352E-04;2,14749E-04
841;1,01378E-04;4,50907E-04;2,04673E-04;1,66555E-03;1,45131E-03;1,41256E-03;4,22323E-04;5,02397E-04;4,52176E-04;0,00000E+00;2,03953E-03;2,44327E-03;1,87626E-03;4,80012E-03;2,87741E-03;1,88548E-03;1,73280E-03;2,03953E-03;3,70470E-03;4,45889E-03;3,23213E-05;0,00000E+00;0,00000E+00;0,00000E+00;0,00000E+00;3,31991E-05;9,60948E-06;1,91297E-05;1,04181E-04;9,44673E-05;2,90668E-05;0,00000E+00;3,38243E-05;0,00000E+00;0,00000E+00;1,53752E-04;1,53752E-04;0,00000E+00;4,36470E-04;2,06411E-04;0,00000E+00;0,00000E+00;0,00000E+00;0,00000E+00;4,58299E-05;1,26128E-04;0,00000E+00;5,49533E-05;5,78584E-05;1,40260E-04;1,96232E-04;4,25039E-04;2,17697E-04;0,00000E+00;2,60836E-04;5,86642E-04;3,53141E-04;5,18665E-04;3,55551E-04;2,69900E-04
842;2,35425E-04;2,91861E-04;7,49340E-04;7,47174E-04;9,95221E-04;1,20970E-03;2,29341E-03;4,71693E-04;5,34850E-04;1,15020E-03;3,39507E-03;1,75812E-03;2,37945E-03;3,51043E-03;1,77612E-03;3,50463E-03;2,51495E-03;3,71367E-03;3,95446E-03;1,40564E-03;1,27209E-05;0,00000E+00;0,00000E+00;1,23475E-04;0,00000E+00;1,30664E-05;3,78206E-06;0,00000E+00;8,25076E-05;2,59395E-04;1,85794E-04;0,00000E+00;2,41566E-04;3,74670E-04;2,30566E-04;6,05130E-05;6,05130E-05;0,00000E+00;1,38910E-04;3,85139E-05;1,93234E-05;0,00000E+00;6,14447E-05;5,50241E-05;2,16837E-04;1,43308E-04;1,15283E-04;2,00572E-04;5,30454E-05;1,65714E-04;1,95599E-04;1,75263E-04;1,24702E-04;2,28507E-04;1,77182E-04;3,13772E-04;4,17709E-04;3,16643E-04;5,86658E-04;5,24710E-04
843;1,40862E-04;5,71155E-04;3,51219E-04;5,30041E-04;1,45422E-03;1,11893E-03;2,05353E-03;1,51777E-03;1,02754E-03;2,36595E-03;3,19422E-03;3,47232E-03;2,64319E-04;5,70006E-03;2,90510E-03;2,27725E-03;1,14825E-03;3,66214E-04;4,79133E-03;3,24651E-03;0,00000E+00;0,00000E+00;1,15173E-04;0,00000E+00;0,00000E+00;0,00000E+00;0,00000E+00;3,27713E-04;0,00000E+00;8,27688E-06;0,00000E+00;4,24036E-04;0,00000E+00;3,61684E-04;2,19177E-05;0,00000E+00;3,90082E-04;9,35895E-06;4,77573E-04;0,00000E+00;1,49078E-05;2,56062E-06;3,05211E-05;1,44791E-04;2,39169E-04;7,20472E-06;1,38869E-04;1,38995E-04;2,35613E-04;1,88853E-06;1,94677E-05;1,97976E-04;5,68943E-05;2,77534E-04;2,72748E-04;2,87701E-04;2,10236E-04;1,37501E-04;2,29140E-05;2,97915E-04
844;1,48886E-04;1,34828E-04;9,02734E-04;4,60306E-04;1,47282E-04;1,55442E-03;9,98853E-04;9,19484E-04;1,90717E-03;3,30955E-03;3,00685E-03;4,93508E-03;3,41960E-03;5,11368E-04;1,45284E-03;3,48224E-03;2,59666E-03;2,38627E-03;4,47832E-03;6,66351E-03;0,00000E+00;4,82474E-06;7,36145E-05;0,00000E+00;0,00000E+00;0,00000E+00;0,00000E+00;0,00000E+00;7,96060E-05;1,03078E-04;3,49806E-05;9,51034E-06;0,00000E+00;2,23330E-04;2,72958E-04;6,93875E-05;1,48886E-04;1,16554E-04;2,10597E-04;5,88828E-05;4,37823E-06;3,18893E-05;9,18846E-05;1,05683E-04;2,30240E-04;1,69668E-05;1,64548E-04;3,30665E-05;1,98235E-04;4,17876E-05;9,43970E-05;2,41083E-04;4,57890E-04;8,62583E-05;4,19968E-05;4,01127E-04;4,96288E-05;6,93875E-05;3,08495E-04;4,47270E-04
845;1,10953E-04;1,91384E-04;1,11508E-03;7,30542E-04;7,70564E-04;9,46865E-04;3,77065E-04;1,48866E-03;6,05172E-04;1,39296E-03;3,06534E-03;5,09334E-03;6,35484E-04;1,49061E-03;3,34565E-03;1,51407E-03;8,69111E-04;1,65411E-03;4,90640E-03;3,78968E-03;0,00000E+00;5,63123E-05;0,00000E+00;0,00000E+00;0,00000E+00;1,00394E-04;0,00000E+00;0,00000E+00;2,50233E-04;0,00000E+00;4,60316E-05;1,25148E-05;0,00000E+00;6,34018E-05;0,00000E+00;9,13083E-05;0,00000E+00;0,00000E+00;8,90107E-05;7,74850E-05;1,41696E-05;1,11833E-05;0,00000E+00;4,65560E-05;1,63565E-05;1,19775E-04;2,54035E-04;4,54400E-05;9,95828E-05;1,77610E-04;1,31557E-04;2,86143E-04;2,38718E-04;2,61047E-04;2,95093E-04;1,43715E-04;1,26804E-04;2,49813E-04;1,99507E-04;4,56093E-04
846;2,97135E-05;2,19185E-04;2,56852E-04;9,89459E-05;2,64772E-04;1,14139E-03;4,44017E-04;1,31072E-03;2,45813E-03;1,09822E-03;3,68377E-03;1,20072E-03;2,34595E-03;2,18981E-04;2,33398E-03;2,56248E-03;3,77517E-03;4,30453E-03;3,14244E-03;2,28583E-03;0,00000E+00;1,33803E-05;0,00000E+00;0,00000E+00;0,00000E+00;2,68858E-05;0,00000E+00;0,00000E+00;3,89592E-05;0,00000E+00;1,86975E-04;2,79586E-04;0,00000E+00;1,69791E-05;0,00000E+00;0,00000E+00;2,16349E-04;0,00000E+00;3,16571E-04;0,00000E+00;3,79465E-06;8,24328E-05;2,77441E-05;1,24678E-05;1,55022E-04;2,60969E-05;6,14940E-05;7,66152E-05;2,31035E-05;3,14535E-04;3,52313E-05;1,75076E-04;8,21217E-05;1,25892E-04;1,93717E-04;1,36473E-04;2,03946E-04;4,24478E-05;3,69801E-04;1,11447E-04
847;1,27798E-04;6,33803E-04;5,24322E-05;1,15840E-04;1,51734E-03;2,57293E-03;1,37357E-03;1,05432E-04;2,00683E-03;1,07472E-03;7,66937E-04;3,12102E-04;1,01814E-03;1,11465E-04;5,07740E-03;2,59959E-03;1,71222E-03;4,95696E-03;5,84134E-03;5,74918E-03;2,51218E-07;2,32976E-05;0,00000E+00;1,15196E-06;2,89703E-05;0,00000E+00;0,00000E+00;0,00000E+00;0,00000E+00;1,47450E-04;0,00000E+00;6,30195E-05;0,00000E+00;1,31229E-04;4,59301E-04;4,03325E-06;0,00000E+00;0,00000E+00;1,00083E-04;8,35215E-05;2,70158E-05;3,35383E-06;0,00000E+00;0,00000E+00;1,23415E-04;2,53600E-05;4,03325E-06;1,66053E-04;2,13505E-04;1,55475E-04;7,94199E-05;1,01119E-04;1,95393E-04;1,85135E-05;2,61937E-04;3,48239E-05;2,74558E-04;8,20181E-05;6,56145E-05;1,04201E-04
848;1,56763E-04;1,76166E-04;4,13320E-04;1,30958E-03;8,06584E-04;1,33698E-03;2,09894E-03;1,06988E-03;1,83519E-03;1,17607E-03;2,12955E-03;3,25786E-03;1,79441E-03;1,87121E-03;1,38247E-03;3,90021E-03;3,67398E-03;2,82496E-03;3,61813E-03;3,97841E-03;1,44772E-06;2,90908E-05;7,94995E-05;5,82321E-05;1,66951E-04;3,60045E-05;2,08430E-05;0,00000E+00;0,00000E+00;6,43669E-05;0,00000E+00;4,20305E-04;0,00000E+00;0,00000E+00;2,77907E-05;2,32429E-05;0,00000E+00;3,26335E-05;1,13824E-04;1,76875E-04;1,55836E-05;1,93275E-05;2,18284E-05;0,00000E+00;0,00000E+00;1,51969E-04;6,84027E-05;1,16214E-05;2,07292E-04;1,22921E-04;9,13028E-05;2,40620E-04;8,02939E-05;1,64674E-04;1,20057E-04;1,16214E-05;1,46153E-04;1,94535E-04;1,73692E-04;1,90365E-04
849;1,34667E-04;4,28733E-04;2,97721E-04;1,21449E-03;4,19857E-05;1,05429E-03;1,30443E-03;5,59778E-04;1,79833E-03;2,50780E-03;4,89237E-03;3,11938E-03;2,29658E-03;1,18744E-03;4,09704E-03;1,41009E-03;6,00151E-04;1,02850E-03;3,62837E-03;3,34845E-03;0,00000E+00;0,00000E+00;7,68201E-05;1,04209E-04;0,00000E+00;3,47910E-05;2,01405E-05;1,06721E-04;1,93520E-04;1,97630E-04;0,00000E+00;2,89960E-04;0,00000E+00;0,00000E+00;3,12311E-04;4,75761E-04;0,00000E+00;3,15336E-05;4,07729E-04;1,70914E-04;1,09126E-05;7,37285E-05;2,10927E-05;1,04806E-05;0,00000E+00;8,04148E-05;7,93199E-05;7,73112E-05;6,51069E-05;3,59274E-04;2,85664E-04;2,33979E-04;6,87426E-05;2,74415E-04;2,98948E-04;0,00000E+00;3,35517E-04;3,42601E-04;2,39202E-04;1,67468E-04
850;2,25078E-04;5,87809E-05;3,64375E-04;4,66132E-04;0,00000E+00;6,89881E-04;7,11135E-04;1,53411E-03;8,48994E-04;2,25397E-03;1,90712E-03;2,29765E-03;3,51949E-03;4,82918E-03;3,56871E-03;2,04312E-03;2,49291E-03;4,74134E-03;2,20980E-03;2,56170E-03;0,00000E+00;8,41167E-05;0,00000E+00;8,09386E-06;0,00000E+00;0,00000E+00;0,00000E+00;1,58918E-05;9,19028E-05;5,17990E-04;7,62334E-05;4,21841E-04;5,61836E-04;0,00000E+00;4,25073E-05;7,08456E-05;0,00000E+00;0,00000E+00;6,07148E-05;4,27746E-05;3,83848E-05;5,92440E-05;4,14767E-05;3,11709E-05;1,80587E-05;1,11364E-05;4,73180E-05;2,80342E-04;6,19713E-06;2,90611E-04;2,94006E-05;5,34184E-05;2,91147E-04;1,02633E-04;8,60426E-05;1,68018E-04;1,06172E-04;3,25458E-04;4,13871E-04;6,20807E-04
851;2,09046E-04;1,91955E-05;3,66612E-04;2,22346E-04;1,56049E-03;4,63714E-04;1,65336E-04;1,63463E-03;2,17534E-03;1,27584E-03;3,24908E-03;1,92093E-03;2,61443E-03;2,56506E-03;4,86789E-03;7,38122E-04;1,71004E-03;0,00000E+00;3,19300E-03;3,07136E-03;0,00000E+00;0,00000E+00;0,00000E+00;0,00000E+00;1,66668E-04;0,00000E+00;3,17955E-06;5,65770E-05;0,00000E+00;2,20129E-05;1,24379E-04;1,19574E-04;0,00000E+00;2,16566E-04;8,26682E-05;0,00000E+00;8,26682E-05;2,48852E-04;0,00000E+00;3,93814E-05;1,41926E-05;7,25016E-05;8,83109E-05;2,98847E-05;1,05299E-04;1,30585E-04;6,96106E-05;2,18371E-04;0,00000E+00;8,85117E-05;4,39832E-05;9,36814E-06;6,01049E-05;2,55909E-04;2,84556E-04;6,95213E-05;2,80586E-04;1,08283E-04;5,72319E-05;4,88471E-04
852;6,73472E-05;7,36435E-05;1,90088E-04;1,49524E-03;5,93709E-04;1,04568E-03;1,30255E-03;1,23528E-03;2,14371E-03;1,84303E-03;7,24228E-04;1,96785E-03;2,86368E-03;1,17687E-03;2,84936E-03;4,17162E-03;1,08634E-03;0,00000E+00;2,24187E-03;5,10556E-03;0,00000E+00;0,00000E+00;0,00000E+00;0,00000E+00;5,88221E-05;0,00000E+00;1,05605E-05;1,30288E-04;0,00000E+00;7,31132E-05;3,35405E-04;5,28151E-04;0,00000E+00;0,00000E+00;3,89221E-04;0,00000E+00;2,74572E-04;2,23213E-04;1,20312E-04;0,00000E+00;0,00000E+00;1,23813E-06;3,86431E-05;9,92583E-05;6,74806E-05;1,72459E-04;0,00000E+00;3,16814E-05;0,00000E+00;1,33997E-04;1,63077E-04;4,92115E-05;2,57683E-04;2,19788E-04;9,32548E-05;3,43312E-04;3,45904E-04;1,63784E-05;4,35765E-04;4,60773E-04
853;6,79397E-05;2,15541E-04;2,92606E-04;6,51071E-04;5,32121E-04;1,02233E-03;1,31393E-03;1,96717E-03;1,47066E-03;2,51136E-03;3,87761E-03;2,48521E-03;2,74032E-03;3,30539E-03;9,91869E-04;2,20705E-03;2,94934E-03;1,76435E-03;1,96623E-03;6,76495E-03;0,00000E+00;0,00000E+00;0,00000E+00;2,27926E-05;5,93868E-05;0,00000E+00;0,00000E+00;0,00000E+00;3,49569E-04;1,84163E-05;0,00000E+00;6,28833E-04;0,00000E+00;0,00000E+00;7,43522E-04;5,58611E-04;5,32010E-05;0,00000E+00;1,47520E-04;2,03161E-04;0,00000E+00;8,47840E-07;1,51017E-05;0,00000E+00;1,12920E-04;4,23122E-05;4,65509E-05;9,97520E-05;0,00000E+00;8,80845E-05;1,40425E-04;1,23920E-05;3,97527E-05;3,15068E-04;1,92015E-04;1,38756E-04;2,95482E-04;5,03325E-04;3,27837E-04;3,63422E-04
854;5,71067E-05;3,65711E-04;4,18782E-04;2,82439E-04;1,63324E-03;3,37411E-05;3,37411E-05;1,89994E-03;3,57806E-05;1,96951E-03;3,00198E-03;6,83823E-05;6,99674E-04;2,14782E-03;2,85900E-03;8,60373E-04;9,10105E-04;6,87241E-04;2,71695E-03;1,25730E-03;0,00000E+00;3,59661E-05;0,00000E+00;5,37262E-05;8,07860E-07;1,43599E-04;1,29312E-04;2,48630E-04;1,47802E-05;7,78664E-07;0,00000E+00;2,03482E-05;3,90142E-04;7,38928E-05;2,81176E-05;5,77815E-04;7,41178E-04;4,77232E-04;4,09852E-04;8,58988E-06;0,00000E+00;3,35155E-05;4,14569E-06;0,00000E+00;2,82062E-06;0,00000E+00;1,58991E-04;3,19275E-05;1,72365E-04;2,93594E-04;1,33217E-04;4,08218E-05;2,91008E-04;2,23823E-04;2,15783E-04;1,95979E-05;3,98060E-04;7,62266E-05;1,54534E-04;1,04175E-04
855;2,48907E-04;3,19202E-04;5,08731E-04;6,42020E-04;1,21294E-03;1,61709E-03;1,14088E-03;1,83516E-03;1,28594E-03;2,40347E-03;0,00000E+00;3,12314E-03;2,13927E-03;5,91472E-03;2,55020E-03;2,37999E-03;1,27543E-03;4,51926E-03;3,39436E-03;1,27477E-03;5,43272E-06;0,00000E+00;0,00000E+00;0,00000E+00;6,52067E-06;6,27780E-05;1,56227E-04;2,07829E-04;7,50028E-05;0,00000E+00;1,97870E-04;0,00000E+00;0,00000E+00;0,00000E+00;7,26246E-05;0,00000E+00;8,72212E-05;3,92541E-04;0,00000E+00;1,61778E-04;0,00000E+00;4,80380E-06;7,50332E-05;0,00000E+00;0,00000E+00;1,62214E-04;7,99528E-05;2,76200E-04;8,47730E-06;0,00000E+00;1,75298E-04;1,82032E-04;1,33777E-04;1,91763E-04;6,75926E-05;2,86139E-04;2,46207E-04;1,81562E-05;4,16051E-04;4,94194E-04
856;9,45024E-05;2,90112E-04;3,05976E-04;6,19780E-04;7,15488E-04;8,43220E-04;8,35190E-04;7,76287E-04;1,31580E-03;8,27249E-04;1,39015E-03;3,28785E-03;1,04469E-04;3,68106E-03;2,93992E-03;2,54424E-03;1,48969E-03;2,32790E-03;2,86257E-03;4,76520E-03;0,00000E+00;0,00000E+00;4,09955E-05;0,00000E+00;1,35760E-05;0,00000E+00;2,10136E-04;1,27190E-04;1,18276E-04;0,00000E+00;0,00000E+00;0,00000E+00;0,00000E+00;0,00000E+00;2,28590E-04;1,93466E-05;0,00000E+00;3,59296E-04;9,47433E-05;4,84580E-04;0,00000E+00;1,00015E-05;6,51254E-06;0,00000E+00;0,00000E+00;1,19963E-04;4,83665E-05;1,35426E-04;1,07180E-04;0,00000E+00;1,32115E-04;8,55035E-05;1,11652E-04;4,47445E-04;2,33935E-04;2,77180E-04;1,83123E-04;8,61674E-05;2,18471E-04;3,64016E-04
857;6,66385E-05;2,19080E-04;6,91398E-05;8,58403E-04;6,77279E-04;2,24704E-04;1,31306E-03;7,39138E-04;2,05795E-03;2,73351E-03;2,42173E-03;1,11910E-03;4,58368E-03;4,77696E-04;2,57846E-03;3,33579E-03;5,92766E-03;1,71915E-03;2,77652E-03;2,22423E-03;0,00000E+00;1,64750E-05;1,83134E-05;0,00000E+00;1,48915E-04;0,00000E+00;4,32124E-05;0,00000E+00;0,00000E+00;0,00000E+00;1,11982E-04;0,00000E+00;1,56373E-04;0,00000E+00;3,45699E-05;8,64248E-06;3,85022E-04;2,55079E-04;2,96143E-04;6,60067E-05;0,00000E+00;0,00000E+00;2,90927E-06;0,00000E+00;0,00000E+00;5,89815E-05;2,16062E-05;6,04974E-05;7,37866E-05;0,00000E+00;2,68994E-05;1,14551E-04;0,00000E+00;1,73595E-04;3,14044E-04;4,45520E-04;1,57991E-04;2,88160E-04;7,47225E-04;6,42983E-04
858;1,95185E-04;6,21570E-05;6,35545E-04;2,75044E-04;1,05619E-03;7,06715E-04;1,49791E-03;9,11366E-04;5,82314E-04;1,09322E-04;3,67947E-03;1,01452E-03;5,24492E-03;1,26986E-04;0,00000E+00;1,71058E-03;4,13063E-03;3,75242E-04;1,09615E-03;1,92590E-03;0,00000E+00;4,56423E-07;1,08902E-04;5,03757E-05;5,89363E-07;0,00000E+00;1,28482E-04;0,00000E+00;2,06748E-04;2,54149E-05;5,82951E-04;6,77643E-04;0,00000E+00;1,38025E-04;3,91708E-04;7,34185E-05;5,50639E-04;4,31062E-04;4,49428E-05;0,00000E+00;1,07728E-04;3,33004E-05;4,11908E-06;2,69556E-05;2,26520E-04;8,20984E-05;1,32799E-05;7,18844E-05;2,46184E-04;1,04380E-04;2,74505E-05;3,62630E-06;7,07536E-05;4,14284E-04;1,43748E-05;4,32823E-04;3,30383E-04;1,18333E-04;2,38610E-04;0,00000E+00
859;4,59415E-05;3,10983E-04;6,80780E-04;3,16304E-04;7,13844E-04;1,03448E-03;9,13149E-04;1,06225E-03;2,41522E-03;3,16531E-04;7,07871E-04;1,26671E-03;3,19426E-03;2,12558E-03;6,00019E-04;6,83949E-03;1,17652E-03;3,92761E-03;2,72363E-03;2,95110E-03;0,00000E+00;7,40031E-06;0,00000E+00;1,36789E-04;9,55577E-06;0,00000E+00;0,00000E+00;3,38204E-05;0,00000E+00;1,41961E-04;1,82422E-05;2,38647E-04;0,00000E+00;5,36752E-04;4,95600E-04;8,44320E-05;0,00000E+00;0,00000E+00;8,86022E-05;0,00000E+00;2,44115E-05;0,00000E+00;0,00000E+00;1,23997E-05;6,71084E-05;1,54434E-04;1,02703E-04;2,96846E-04;1,75847E-05;0,00000E+00;2,60096E-04;5,87958E-05;2,66573E-04;1,11029E-05;3,28159E-04;1,72946E-04;0,00000E+00;2,23498E-04;1,20617E-05;0,00000E+00
860;7,61661E-05;2,95542E-05;8,73053E-04;1,27716E-03;1,23896E-03;8,90347E-04;1,31285E-03;1,28200E-03;1,46852E-03;3,25612E-04;3,60775E-04;4,59555E-03;2,79654E-03;1,59378E-03;9,37042E-04;3,88859E-03;2,50597E-03;4,79106E-03;3,52295E-03;2,43037E-03;0,00000E+00;0,00000E+00;8,16608E-05;1,94240E-05;0,00000E+00;6,85280E-05;0,00000E+00;5,84669E-05;0,00000E+00;1,92054E-04;2,46791E-05;2,13262E-04;0,00000E+00;1,14225E-04;3,11895E-04;1,82232E-04;0,00000E+00;0,00000E+00;2,58634E-04;0,00000E+00;7,99941E-07;5,99783E-05;1,78056E-05;1,67751E-05;2,63078E-05;1,24269E-04;1,33962E-04;1,06310E-04;7,00585E-05;1,00267E-04;3,60556E-05;8,34894E-06;2,19959E-04;9,45963E-05;1,28644E-04;1,13345E-05;2,72029E-04;3,03736E-04;5,03214E-05;9,06762E-05
861;1,74212E-05;3,41419E-04;5,84523E-04;3,42172E-04;1,99743E-04;3,27353E-04;1,44994E-03;8,11839E-04;4,29746E-04;1,23278E-03;3,12583E-03;2,57697E-03;9,45500E-04;6,26909E-03;2,97406E-03;1,91163E-03;5,23876E-03;3,77650E-03;4,17267E-04;2,55083E-03;0,00000E+00;5,55146E-05;2,09189E-05;4,97579E-06;1,07526E-04;1,75547E-05;0,00000E+00;1,15189E-04;0,00000E+00;1,61218E-04;3,77339E-04;4,77556E-05;0,00000E+00;2,32864E-04;4,64566E-05;1,74212E-05;9,97987E-05;2,73442E-04;5,65005E-04;5,08140E-04;2,60305E-05;1,53645E-05;3,81559E-05;5,37403E-05;8,34278E-05;1,67665E-04;2,38007E-04;5,21392E-05;2,93145E-04;9,92552E-05;7,10349E-05;8,79017E-05;3,65915E-05;2,32459E-04;1,74840E-04;6,94360E-05;3,52448E-04;1,46255E-04;4,19768E-05;5,64945E-05
862;7,16157E-06;4,36690E-04;5,25192E-04;2,69999E-04;8,12060E-04;4,18787E-04;2,75556E-04;7,94217E-05;2,15090E-03;6,24123E-04;3,87555E-03;4,48621E-04;5,27789E-05;2,06219E-03;3,15172E-03;2,33174E-03;3,80770E-03;1,34211E-03;1,53815E-03;3,23655E-03;0,00000E+00;7,48861E-05;1,81024E-04;0,00000E+00;1,71469E-06;0,00000E+00;2,38719E-06;7,22904E-05;0,00000E+00;1,86761E-04;2,60469E-04;7,91445E-04;6,06203E-05;2,30539E-04;4,45730E-04;0,00000E+00;3,44445E-04;1,01117E-03;6,74720E-04;2,19224E-04;2,55249E-05;7,29071E-05;0,00000E+00;5,61945E-05;2,65129E-05;7,97686E-05;0,00000E+00;1,42552E-04;2,56651E-04;2,56428E-05;1,38932E-04;0,00000E+00;2,32351E-04;1,72481E-04;2,06872E-04;3,33360E-04;3,34207E-05;2,27640E-04;6,59898E-05;1,89445E-04
863;7,41379E-05;0,00000E+00;5,06336E-04;3,47464E-04;6,06171E-04;7,75414E-04;1,84525E-04;6,51657E-04;8,63847E-04;1,46005E-03;3,00099E-03;4,53088E-03;1,11300E-03;1,97911E-03;1,80103E-03;3,81860E-03;1,27490E-03;3,31868E-03;3,07790E-03;1,01992E-03;0,00000E+00;6,28776E-05;6,55533E-05;0,00000E+00;1,95916E-05;0,00000E+00;1,18984E-05;3,60316E-04;0,00000E+00;1,30789E-04;0,00000E+00;5,01598E-04;8,11882E-05;3,49640E-04;3,33156E-04;2,30656E-04;0,00000E+00;0,00000E+00;0,00000E+00;1,95736E-05;0,00000E+00;5,81214E-06;0,00000E+00;2,79585E-05;1,56939E-04;1,12950E-04;0,00000E+00;6,22395E-05;1,17427E-04;2,00683E-04;9,87558E-05;0,00000E+00;3,46756E-04;0,00000E+00;6,10293E-04;2,63781E-04;1,66578E-04;3,51834E-04;1,48276E-04;0,00000E+00
864;5,26531E-05;1,26105E-04;1,03464E-03;6,06436E-04;1,23009E-04;9,40655E-04;7,33160E-04;1,39897E-03;1,42591E-03;6,36112E-04;3,40009E-03;3,85028E-03;7,31165E-04;2,03386E-03;3,98311E-03;4,43139E-03;4,41607E-03;2,24172E-03;2,97097E-03;3,90808E-03;0,00000E+00;0,00000E+00;0,00000E+00;5,22022E-05;4,70107E-05;2,70617E-04;0,00000E+00;0,00000E+00;6,53568E-05;8,17051E-05;0,00000E+00;4,10534E-04;6,98429E-05;1,98424E-04;3,39431E-04;7,46735E-04;7,83302E-05;0,00000E+00;0,00000E+00;3,82432E-04;5,52820E-06;4,99994E-06;5,85953E-06;0,00000E+00;1,28903E-04;4,65519E-05;1,24023E-04;3,30706E-05;4,19733E-04;6,26891E-05;6,32073E-05;9,61625E-05;1,02828E-04;7,62687E-05;4,03133E-04;5,62059E-04;2,61101E-05;3,73887E-04;6,61412E-05;1,69715E-04
865;1,50086E-04;1,23689E-05;7,68293E-05;1,73945E-04;6,45054E-04;8,70732E-05;4,26755E-04;1,61208E-03;9,72070E-04;7,75639E-04;1,49738E-03;1,84019E-04;0,00000E+00;9,90871E-05;2,83106E-04;1,85024E-03;2,98718E-03;4,27879E-03;6,07652E-04;2,34465E-03;0,00000E+00;0,00000E+00;0,00000E+00;7,91775E-05;3,67904E-06;2,65432E-05;0,00000E+00;0,00000E+00;6,41046E-06;4,15636E-04;1,68064E-04;2,34292E-04;0,00000E+00;1,11124E-04;1,44417E-04;5,37805E-05;2,66972E-04;3,04473E-04;0,00000E+00;3,58589E-05;4,62910E-05;2,52012E-05;2,96691E-05;7,07186E-05;1,05515E-05;2,75846E-05;1,21646E-05;6,48223E-05;5,52037E-05;0,00000E+00;6,19963E-06;1,04927E-04;3,16430E-04;3,16622E-04;6,66169E-05;4,99391E-05;2,06288E-04;1,52693E-04;0,00000E+00;3,51670E-05
866;2,92167E-04;1,49686E-05;9,91761E-05;6,70523E-04;1,63886E-03;5,88016E-04;4,53983E-04;1,76763E-04;8,85096E-04;8,81027E-04;8,22265E-04;4,56814E-05;8,67946E-04;3,72821E-03;2,31029E-03;1,10132E-03;3,03802E-03;3,49166E-04;2,50613E-03;3,65313E-03;0,00000E+00;0,00000E+00;0,00000E+00;0,00000E+00;0,00000E+00;0,00000E+00;1,71798E-04;2,45824E-04;0,00000E+00;5,38306E-04;1,19425E-04;2,59750E-05;0,00000E+00;4,95881E-05;0,00000E+00;4,04395E-04;9,91761E-05;6,67614E-04;1,41657E-04;0,00000E+00;0,00000E+00;0,00000E+00;0,00000E+00;8,49626E-06;7,92129E-05;4,00290E-05;1,57928E-05;2,08477E-04;2,58301E-04;2,99370E-05;0,00000E+00;0,00000E+00;3,90580E-05;2,14336E-04;2,82233E-04;2,47940E-05;3,59838E-04;2,06617E-05;2,17703E-04;2,84270E-04
867;3,84858E-05;1,77182E-04;3,27252E-04;4,80592E-04;9,42945E-04;7,08882E-04;1,51410E-03;4,46079E-04;3,31761E-04;4,52636E-04;2,07506E-03;2,13615E-03;5,16846E-03;1,03753E-03;3,05016E-03;2,38455E-03;2,45591E-03;2,12723E-04;2,52659E-03;3,64372E-03;0,00000E+00;0,00000E+00;0,00000E+00;1,09922E-05;0,00000E+00;1,66202E-05;1,43576E-04;2,79735E-04;0,00000E+00;2,11009E-04;1,01860E-04;0,00000E+00;0,00000E+00;1,25140E-04;9,62145E-05;5,42274E-04;2,50280E-04;2,93750E-04;3,57485E-04;0,00000E+00;2,24083E-05;0,00000E+00;5,82987E-05;5,25273E-05;1,48224E-04;3,36180E-05;0,00000E+00;6,77842E-05;1,36542E-04;4,25566E-05;1,06476E-04;0,00000E+00;9,85666E-05;8,70334E-06;1,44037E-04;6,25701E-05;1,75607E-04;2,06085E-04;7,93923E-05;2,88643E-05
868;2,75064E-05;4,20094E-04;1,91506E-04;2,48795E-04;5,50010E-04;8,04977E-04;6,20308E-04;2,01827E-03;2,17115E-03;1,41986E-04;0,00000E+00;1,71678E-03;1,54173E-03;0,00000E+00;8,88390E-04;1,77431E-03;4,18391E-03;2,77776E-04;1,94443E-03;3,50590E-03;0,00000E+00;0,00000E+00;6,42730E-06;5,69048E-06;0,00000E+00;8,60404E-06;1,49426E-05;1,97278E-04;0,00000E+00;3,44841E-05;5,27316E-05;9,97754E-05;0,00000E+00;1,81990E-04;2,92462E-04;4,85307E-04;9,09951E-05;1,52070E-04;3,34213E-04;0,00000E+00;1,16004E-05;8,02523E-05;3,01804E-05;3,83654E-05;7,67332E-05;1,47088E-05;1,81990E-04;0,00000E+00;2,43819E-04;2,20309E-05;2,33444E-04;0,00000E+00;0,00000E+00;3,03773E-04;1,45937E-04;1,36493E-04;3,32533E-04;1,55523E-04;1,91729E-04;3,03094E-04
869;0,00000E+00;0,00000E+00;7,08918E-04;2,66977E-04;1,47886E-04;2,53102E-05;7,40556E-04;1,59110E-03;8,38752E-06;1,42240E-03;0,00000E+00;2,39458E-03;2,23518E-03;2,21770E-03;4,84746E-03;2,45287E-03;3,52383E-03;5,28284E-03;4,65891E-03;3,62293E-03;0,00000E+00;0,00000E+00;0,00000E+00;2,31001E-05;3,53616E-04;0,00000E+00;1,58189E-06;1,16346E-04;0,00000E+00;0,00000E+00;3,85548E-05;0,00000E+00;0,00000E+00;0,00000E+00;7,87687E-04;8,43673E-06;0,00000E+00;9,24950E-05;0,00000E+00;3,00797E-04;5,35934E-05;0,00000E+00;2,65155E-05;1,45529E-04;3,77827E-07;7,42914E-05;1,69756E-04;2,62834E-05;1,80250E-04;0,00000E+00;6,20004E-06;1,45051E-04;5,52534E-05;2,01178E-04;3,69513E-06;1,77230E-04;3,88916E-04;1,38900E-04;6,75133E-05;0,00000E+00
870;1,21581E-05;0,00000E+00;9,72648E-05;5,67178E-04;8,55832E-04;1,31352E-03;9,97515E-04;0,00000E+00;1,06382E-03;2,40428E-03;0,00000E+00;6,72015E-05;2,91308E-03;1,97196E-03;1,56905E-03;2,30827E-03;1,09834E-03;1,77066E-03;3,42880E-03;3,76572E-03;0,00000E+00;6,76314E-06;2,83394E-05;5,44138E-05;3,49321E-05;0,00000E+00;4,25809E-05;2,06920E-04;0,00000E+00;3,36696E-05;3,00489E-04;3,99938E-05;0,00000E+00;1,82372E-04;1,21581E-05;2,63572E-04;9,72648E-05;0,00000E+00;5,95402E-05;0,00000E+00;2,57556E-05;0,00000E+00;0,00000E+00;2,50138E-05;1,01703E-05;2,29340E-05;9,12271E-05;1,77420E-04;3,18012E-04;3,84118E-06;1,66892E-04;5,37335E-05;2,97018E-04;1,06612E-04;9,94649E-05;4,86324E-05;3,97422E-04;2,83873E-05;3,12205E-04;0,00000E+00
871;2,90227E-05;1,69294E-04;4,42496E-04;5,25261E-04;4,90299E-04;9,01606E-04;6,75428E-04;1,61046E-03;2,00051E-03;1,14321E-03;2,71243E-03;2,16245E-03;1,91671E-03;1,24586E-03;1,67913E-03;2,99165E-03;7,74981E-04;1,19165E-03;2,43752E-03;2,58327E-03;0,00000E+00;9,64487E-06;4,04146E-05;5,44740E-05;4,98164E-05;0,00000E+00;2,21999E-04;1,07377E-04;1,02364E-04;1,61266E-04;3,39176E-04;1,72339E-04;4,11268E-05;2,60079E-04;8,74434E-05;2,38962E-04;1,38709E-04;2,74404E-05;8,49098E-05;0,00000E+00;6,73025E-06;0,00000E+00;7,86634E-06;0,00000E+00;4,18606E-05;1,40457E-04;3,90118E-05;1,16841E-05;1,87494E-04;5,47788E-06;1,05059E-04;1,36874E-04;1,16378E-04;3,90056E-05;0,00000E+00;6,93543E-05;1,75262E-04;1,40210E-04;2,73264E-04;0,00000E+00
872;3,08827E-06;1,91135E-04;4,61332E-04;3,55115E-04;5,79412E-05;4,15677E-04;1,85552E-03;4,25664E-04;3,04705E-04;1,58463E-04;2,05718E-03;5,46234E-04;7,65857E-04;0,00000E+00;1,40114E-03;3,57552E-03;7,79231E-04;2,38977E-04;2,53655E-03;3,93769E-03;0,00000E+00;0,00000E+00;8,07418E-05;0,00000E+00;0,00000E+00;0,00000E+00;3,35795E-04;1,03912E-05;2,70562E-05;1,49844E-04;6,53898E-05;3,04763E-05;6,50992E-04;0,00000E+00;1,85296E-05;4,94123E-05;3,11757E-04;7,25286E-06;0,00000E+00;5,73213E-04;4,76720E-05;5,23717E-06;2,07918E-06;0,00000E+00;1,10643E-05;1,88204E-04;1,73199E-04;2,90681E-05;3,10061E-05;0,00000E+00;2,19439E-04;3,73139E-04;3,48347E-04;6,81293E-05;0,00000E+00;2,77118E-04;3,23442E-04;4,00776E-04;5,07784E-04;3,29077E-04
873;0,00000E+00;1,48713E-04;5,50293E-04;1,14988E-03;6,36461E-05;3,28992E-04;9,77630E-04;1,19890E-03;8,03641E-04;4,79865E-04;4,80436E-04;6,11370E-03;4,11731E-03;2,81257E-05;4,50012E-04;1,68754E-04;2,50265E-03;5,28886E-03;6,42538E-03;0,00000E+00;0,00000E+00;2,00453E-05;9,01122E-05;1,01735E-05;3,48720E-05;1,55620E-04;0,00000E+00;1,93056E-04;3,18430E-06;0,00000E+00;8,88170E-05;2,96344E-05;0,00000E+00;0,00000E+00;1,52655E-05;0,00000E+00;0,00000E+00;6,57275E-05;1,12646E-04;1,69467E-04;5,56643E-06;1,36205E-05;0,00000E+00;3,17530E-05;0,00000E+00;1,05564E-04;4,50443E-05;7,20709E-05;2,96740E-05;9,10791E-05;3,07458E-04;3,41011E-04;1,61629E-04;2,12340E-05;2,70355E-04;1,87186E-04;2,54425E-05;0,00000E+00;5,40532E-05;4,06151E-04
874;0,00000E+00;1,95169E-04;5,54348E-04;7,74987E-04;5,17756E-04;4,30318E-04;9,59182E-04;0,00000E+00;1,79846E-03;2,21999E-03;3,01880E-03;1,64941E-03;3,75642E-03;2,32984E-03;4,20890E-03;8,24704E-04;1,28060E-03;3,61300E-03;2,19921E-03;9,13497E-05;0,00000E+00;0,00000E+00;1,86165E-04;9,69219E-05;1,42786E-04;0,00000E+00;0,00000E+00;1,53400E-04;1,60354E-04;0,00000E+00;4,88344E-04;0,00000E+00;0,00000E+00;1,48743E-04;7,46027E-05;1,65270E-05;1,65270E-05;3,21211E-04;5,77702E-04;4,00888E-04;2,72032E-05;0,00000E+00;0,00000E+00;4,85431E-05;8,88166E-06;7,29682E-05;8,67667E-05;3,71857E-05;2,41396E-04;2,61073E-05;2,69322E-04;1,15991E-04;2,35043E-04;2,96875E-04;1,95710E-04;2,98411E-04;2,23500E-04;4,13175E-05;2,06587E-04;4,79976E-04
875;0,00000E+00;5,10440E-05;1,42666E-03;6,37083E-04;1,69577E-04;1,89808E-04;9,05485E-04;6,02775E-04;1,60697E-03;8,71560E-04;1,34887E-03;3,89441E-03;3,05651E-04;1,79850E-03;4,76415E-03;1,55777E-03;5,99500E-04;2,19089E-03;2,33665E-03;7,49375E-05;0,00000E+00;0,00000E+00;5,74576E-06;3,87230E-05;1,20311E-04;0,00000E+00;0,00000E+00;0,00000E+00;1,18778E-04;0,00000E+00;3,45594E-04;0,00000E+00;0,00000E+00;1,22019E-04;0,00000E+00;4,17408E-05;1,35577E-05;0,00000E+00;5,78729E-04;1,72578E-05;1,19342E-05;3,83490E-05;0,00000E+00;3,98217E-05;5,77716E-05;2,36277E-05;2,19139E-04;8,68710E-05;1,28368E-04;2,14168E-05;1,15481E-04;7,76515E-05;1,33190E-04;3,70101E-04;8,90703E-05;0,00000E+00;1,79987E-04;3,38942E-05;4,51302E-04;2,10144E-04
876;0,00000E+00;5,10296E-04;8,34164E-05;8,68618E-04;4,37331E-04;9,59030E-04;5,79779E-04;2,33436E-04;2,60419E-04;1,86316E-03;2,42956E-03;2,93156E-03;6,73852E-04;0,00000E+00;2,24911E-04;4,52983E-03;1,10434E-03;3,37367E-05;1,68683E-04;5,07998E-03;0,00000E+00;0,00000E+00;4,23372E-05;0,00000E+00;6,57625E-06;0,00000E+00;2,79717E-04;0,00000E+00;0,00000E+00;1,10661E-04;1,38467E-05;0,00000E+00;0,00000E+00;4,39555E-04;2,79717E-04;2,03455E-06;2,79717E-04;0,00000E+00;2,72010E-04;2,54325E-04;2,06027E-05;2,76842E-06;8,96759E-06;0,00000E+00;3,64457E-06;1,70569E-06;1,70520E-04;4,06909E-06;3,55939E-06;0,00000E+00;1,16182E-04;1,22981E-04;1,19775E-04;1,52820E-05;1,05009E-04;3,99596E-05;2,46878E-04;0,00000E+00;2,03455E-05;3,99596E-04
877;1,68352E-05;2,28861E-04;6,05288E-04;7,86050E-04;2,85775E-04;3,22404E-04;1,27818E-03;3,86175E-04;0,00000E+00;3,63694E-03;1,38250E-03;2,65866E-04;2,96047E-03;5,51852E-04;1,31065E-03;6,21985E-03;2,93316E-03;1,07784E-03;7,18560E-04;4,35735E-03;2,39681E-05;0,00000E+00;1,55312E-04;0,00000E+00;2,10102E-04;5,29977E-05;3,25005E-05;2,15794E-05;0,00000E+00;9,66644E-05;0,00000E+00;0,00000E+00;0,00000E+00;9,62009E-06;0,00000E+00;3,06804E-04;2,92504E-04;3,05312E-04;0,00000E+00;4,58051E-04;1,45973E-05;0,00000E+00;1,45873E-05;9,08401E-05;3,44658E-06;0,00000E+00;2,88603E-05;3,25005E-05;1,78612E-04;2,35755E-05;4,45087E-05;1,06292E-05;0,00000E+00;4,20429E-04;2,37661E-04;0,00000E+00;3,66475E-04;0,00000E+00;1,92402E-05;3,01474E-04
878;3,64995E-05;3,06536E-04;5,45629E-04;4,74789E-04;8,53079E-04;5,02479E-04;1,18618E-03;4,05620E-04;1,13126E-03;9,58105E-04;3,82284E-03;3,64255E-03;5,76411E-04;1,98626E-03;3,18142E-03;2,30829E-03;3,13644E-03;1,41514E-03;0,00000E+00;2,21153E-03;5,19642E-05;0,00000E+00;1,61539E-04;6,09380E-06;1,53251E-05;5,40426E-05;0,00000E+00;4,67852E-05;0,00000E+00;1,44398E-05;0,00000E+00;0,00000E+00;2,44072E-04;2,08569E-05;0,00000E+00;3,12853E-04;0,00000E+00;0,00000E+00;2,08968E-04;1,85843E-04;4,29410E-05;0,00000E+00;1,43642E-05;1,74272E-04;7,47236E-06;4,91892E-05;2,59925E-04;4,80051E-05;1,28827E-04;1,34662E-04;2,41834E-04;1,25196E-04;2,52075E-05;1,06838E-04;3,21609E-04;3,20034E-05;1,46477E-04;0,00000E+00;4,17137E-05;1,25141E-04
879;0,00000E+00;2,23261E-04;6,94502E-04;1,55975E-04;4,63452E-04;8,99194E-04;9,45696E-04;1,75106E-03;1,36584E-03;6,98132E-04;1,63843E-03;1,50163E-03;3,11709E-03;2,70732E-03;4,80208E-03;5,07028E-05;2,65662E-03;6,08433E-04;1,10015E-03;2,60592E-03;1,44637E-05;0,00000E+00;5,36804E-05;1,06843E-04;6,58895E-06;0,00000E+00;0,00000E+00;0,00000E+00;0,00000E+00;4,82301E-04;2,50856E-05;4,63769E-04;5,13617E-04;5,97117E-04;0,00000E+00;0,00000E+00;0,00000E+00;0,00000E+00;8,98447E-05;0,00000E+00;5,16798E-05;1,00309E-05;1,73427E-05;5,25396E-05;0,00000E+00;2,11487E-05;9,31448E-05;1,20159E-04;1,76159E-04;5,50644E-05;7,29638E-05;4,39197E-05;1,54546E-04;4,59346E-05;5,44682E-04;3,03463E-05;7,22396E-04;2,65385E-04;3,31731E-05;1,49279E-04
880;0,00000E+00;1,44283E-04;0,00000E+00;9,31191E-04;1,39457E-03;7,10427E-04;1,04454E-04;3,95675E-04;0,00000E+00;3,85301E-04;5,92630E-03;2,76820E-03;1,76130E-03;3,21218E-03;2,28457E-03;2,88675E-05;4,15057E-03;5,11416E-03;8,95085E-04;1,32098E-03;0,00000E+00;7,20106E-05;0,00000E+00;0,00000E+00;2,86107E-05;1,20411E-04;3,91703E-06;2,29230E-04;2,74187E-04;1,65460E-04;4,37490E-04;0,00000E+00;2,29792E-06;0,00000E+00;4,38150E-04;3,39476E-05;0,00000E+00;1,22656E-05;2,49413E-04;2,53512E-04;5,76287E-05;5,52735E-06;3,63417E-05;1,20829E-05;0,00000E+00;1,91561E-05;6,52839E-07;1,95730E-04;0,00000E+00;9,07523E-06;3,16368E-04;0,00000E+00;2,45325E-04;4,06269E-04;1,77598E-04;1,71078E-04;7,41102E-05;0,00000E+00;1,59327E-04;6,52839E-06
881;0,00000E+00;1,49108E-04;2,32454E-04;6,41106E-04;2,87085E-04;9,63432E-04;1,41784E-03;1,72338E-03;8,08845E-04;4,82015E-04;3,86713E-03;5,42483E-03;6,42423E-04;1,96405E-03;4,47570E-03;1,67669E-03;3,95227E-03;5,29617E-03;1,92243E-03;3,21211E-04;4,52463E-06;3,03062E-05;0,00000E+00;0,00000E+00;1,04356E-05;6,27414E-06;4,22727E-05;6,32163E-05;9,09161E-05;0,00000E+00;1,70489E-04;0,00000E+00;2,80491E-04;0,00000E+00;0,00000E+00;3,66364E-04;1,45284E-05;1,32371E-04;5,86546E-04;0,00000E+00;0,00000E+00;5,96513E-05;6,32447E-06;3,18761E-05;0,00000E+00;2,06733E-04;2,52059E-05;7,04546E-05;5,93065E-05;1,53021E-04;2,92383E-04;0,00000E+00;2,77468E-04;3,07222E-04;4,51250E-04;1,26818E-04;2,78491E-04;0,00000E+00;2,46983E-04;1,21304E-04
882;1,66281E-04;3,76709E-04;2,61756E-04;2,86010E-04;3,58348E-04;6,75206E-04;3,27195E-04;8,99290E-04;9,10804E-04;0,00000E+00;2,78126E-03;3,36947E-03;2,48805E-03;4,01521E-03;1,35638E-03;2,12545E-03;3,19959E-03;0,00000E+00;4,48927E-03;1,68519E-03;5,09498E-06;3,41265E-05;0,00000E+00;0,00000E+00;1,07301E-04;5,30228E-05;9,31174E-05;1,04438E-04;1,02377E-04;0,00000E+00;0,00000E+00;0,00000E+00;2,87923E-04;0,00000E+00;0,00000E+00;3,19260E-04;1,63598E-05;0,00000E+00;0,00000E+00;0,00000E+00;1,31436E-05;0,00000E+00;4,47794E-05;3,12338E-05;0,00000E+00;0,00000E+00;2,04497E-05;1,13071E-04;6,67823E-05;6,20236E-05;1,10409E-04;2,93956E-05;1,15255E-04;5,46145E-05;3,74475E-04;0,00000E+00;4,05108E-04;2,12840E-04;3,04721E-04;5,72592E-05
883;2,72547E-05;3,42247E-05;1,16094E-04;4,34917E-04;1,08310E-03;1,39423E-03;1,23834E-03;1,33930E-03;5,12964E-04;1,65470E-03;1,44619E-04;2,41032E-04;5,03134E-04;2,90723E-03;0,00000E+00;1,80758E-03;1,02430E-03;1,28337E-03;4,68767E-03;1,92809E-03;2,41037E-05;3,76712E-05;0,00000E+00;0,00000E+00;1,56614E-05;7,53283E-06;1,52626E-05;1,71183E-05;0,00000E+00;1,33959E-04;1,17054E-04;0,00000E+00;2,04319E-04;3,86980E-04;6,96564E-04;5,23291E-05;0,00000E+00;3,63532E-04;0,00000E+00;0,00000E+00;2,15434E-06;0,00000E+00;6,81310E-05;0,00000E+00;6,23893E-05;0,00000E+00;0,00000E+00;1,85332E-05;0,00000E+00;2,44522E-04;5,82456E-05;4,81816E-06;2,47495E-04;0,00000E+00;1,90993E-05;3,86980E-05;4,36075E-05;2,86423E-04;4,36075E-06;0,00000E+00
884;2,38628E-04;1,32799E-04;2,59904E-04;4,85811E-04;6,07999E-04;8,60894E-05;7,69233E-05;1,08866E-03;1,15765E-03;2,12983E-03;3,04231E-03;2,24351E-03;2,68498E-03;1,59760E-03;2,07344E-03;3,39875E-03;4,68968E-03;2,90572E-03;5,20893E-03;1,42753E-03;1,21618E-05;1,63741E-04;2,47624E-05;1,97735E-05;0,00000E+00;2,90074E-04;5,00002E-05;0,00000E+00;3,53966E-04;5,32562E-06;0,00000E+00;1,35268E-04;6,89872E-05;9,76117E-04;3,88876E-04;1,76924E-04;5,38463E-05;0,00000E+00;1,88353E-05;6,85417E-05;4,62675E-05;7,67092E-06;1,51877E-05;6,77818E-06;6,47062E-05;7,47470E-05;9,84052E-05;3,20503E-04;1,79434E-05;1,45198E-04;1,87689E-04;2,83068E-04;1,84024E-04;8,34588E-05;1,38779E-04;4,65062E-04;2,02130E-04;4,61540E-05;0,00000E+00;0,00000E+00
885;0,00000E+00;3,97248E-04;7,82366E-04;6,69105E-04;5,56584E-04;9,95902E-04;9,84501E-04;4,98261E-04;2,17901E-03;2,22020E-03;3,90657E-03;2,06027E-03;1,03013E-03;1,72493E-03;2,52904E-03;3,82137E-03;9,83835E-04;1,82685E-03;5,53424E-03;2,74027E-03;1,01574E-05;6,61947E-05;2,96192E-05;5,98847E-05;2,13087E-05;0,00000E+00;1,61316E-04;0,00000E+00;0,00000E+00;7,08984E-05;0,00000E+00;5,74749E-05;4,90393E-04;2,79558E-04;2,37327E-04;5,35819E-04;2,22407E-04;0,00000E+00;5,70433E-05;3,33454E-04;1,03915E-05;4,74111E-05;3,39828E-05;2,05280E-05;2,18872E-05;6,58650E-05;1,84823E-04;1,02195E-04;1,40842E-04;0,00000E+00;1,61132E-04;6,86402E-05;9,17474E-06;3,02275E-04;5,77711E-04;4,26797E-04;2,32965E-05;2,58443E-04;4,94432E-05;2,47216E-04
886;9,59660E-05;2,84980E-04;1,79801E-04;7,58972E-04;8,16390E-04;9,23268E-04;5,54983E-04;5,32131E-04;7,90675E-04;3,82734E-03;1,39049E-03;0,00000E+00;2,29854E-03;2,48454E-04;5,59022E-04;3,66504E-03;4,09524E-03;3,75115E-03;2,65676E-03;1,29486E-03;0,00000E+00;9,77440E-05;0,00000E+00;0,00000E+00;1,21077E-05;1,38144E-04;2,61528E-04;0,00000E+00;0,00000E+00;9,75605E-05;0,00000E+00;0,00000E+00;2,66997E-04;3,19887E-04;4,54738E-04;0,00000E+00;3,37128E-05;0,00000E+00;0,00000E+00;7,15223E-05;4,53349E-05;2,29366E-05;3,58939E-05;0,00000E+00;5,59074E-05;2,35530E-05;4,21410E-05;1,12391E-04;1,89058E-04;1,01064E-04;1,99127E-04;0,00000E+00;1,76371E-04;1,21577E-04;2,96849E-04;1,46535E-04;1,75938E-04;9,94142E-05;1,72043E-04;1,88453E-04
887;1,17256E-05;5,01329E-06;2,12214E-05;0,00000E+00;4,02479E-04;3,50614E-05;8,11028E-04;1,44204E-03;2,26673E-04;5,63738E-04;8,33831E-04;1,88526E-03;5,69487E-04;5,19338E-03;2,03995E-05;0,00000E+00;4,87889E-04;2,94943E-04;1,07778E-03;3,27243E-03;0,00000E+00;0,00000E+00;2,68832E-05;0,00000E+00;0,00000E+00;2,04476E-04;6,45868E-06;0,00000E+00;9,23823E-06;1,02206E-05;0,00000E+00;2,91876E-04;2,80791E-04;1,26867E-04;8,45782E-05;0,00000E+00;8,30402E-06;0,00000E+00;0,00000E+00;0,00000E+00;1,68710E-05;4,15590E-05;9,64567E-05;1,43182E-05;2,31394E-06;6,30108E-05;1,15334E-06;1,61352E-04;0,00000E+00;4,95557E-06;0,00000E+00;3,73798E-06;9,99270E-05;1,23529E-04;9,86710E-05;2,30667E-06;2,76032E-05;0,00000E+00;1,29635E-04;4,61334E-07
888;3,78297E-05;2,51885E-04;8,93587E-04;3,61759E-04;2,30443E-04;1,20270E-03;1,71325E-03;1,15071E-03;5,68972E-04;2,89962E-03;5,58653E-03;5,01831E-04;4,80122E-03;2,03669E-03;9,60244E-04;5,82270E-04;9,60244E-04;2,00733E-03;5,55716E-03;8,73405E-04;0,00000E+00;0,00000E+00;4,46450E-05;0,00000E+00;0,00000E+00;1,17626E-04;2,25014E-04;3,69225E-05;3,85420E-04;3,62590E-04;0,00000E+00;4,47984E-04;7,35307E-04;7,90082E-05;0,00000E+00;1,84352E-04;2,85542E-04;1,08239E-04;0,00000E+00;0,00000E+00;1,54159E-05;1,69224E-05;7,90114E-05;8,54299E-05;7,82568E-05;3,17151E-05;9,37939E-05;1,92844E-04;0,00000E+00;1,79185E-04;0,00000E+00;1,22607E-04;1,03718E-05;3,84645E-05;2,85335E-04;1,94172E-04;2,11846E-04;6,58402E-05;1,76384E-04;1,51319E-05
889;3,19882E-05;3,67520E-04;3,74149E-04;4,97778E-04;5,66577E-05;7,89012E-04;2,62258E-04;1,82442E-04;6,72502E-04;7,47600E-04;1,84400E-03;4,24340E-04;2,00300E-03;2,76390E-03;4,00600E-04;4,05448E-03;4,00600E-04;5,65787E-04;2,75771E-03;1,20180E-03;0,00000E+00;0,00000E+00;6,14312E-05;0,00000E+00;2,75721E-04;7,73596E-05;1,81191E-05;5,08051E-05;1,13386E-04;9,07845E-05;1,93516E-05;6,31346E-05;5,46045E-04;1,08715E-04;5,11811E-05;2,53668E-04;1,81191E-05;3,89336E-04;0,00000E+00;0,00000E+00;6,39384E-07;2,32851E-05;5,01151E-05;3,19317E-05;3,24576E-06;0,00000E+00;7,70063E-05;1,91604E-04;1,11925E-04;2,28979E-05;1,23899E-04;0,00000E+00;1,42715E-05;1,70393E-04;1,19038E-04;5,21340E-04;1,40748E-04;9,05957E-05;3,60885E-04;3,19882E-04
890;7,25234E-06;2,17537E-04;2,52492E-04;1,43160E-04;4,18228E-04;5,44593E-04;5,69809E-04;1,04031E-03;1,01310E-03;1,62431E-03;1,08817E-03;2,63086E-03;1,05610E-03;2,20287E-03;4,22442E-04;7,37581E-04;1,90099E-03;7,61938E-04;1,40886E-03;2,53465E-03;0,00000E+00;0,00000E+00;1,05269E-04;0,00000E+00;6,25112E-05;1,75389E-05;0,00000E+00;0,00000E+00;0,00000E+00;1,20504E-05;3,51158E-04;2,02870E-04;1,02110E-04;2,29285E-04;5,08387E-04;0,00000E+00;0,00000E+00;5,45033E-05;0,00000E+00;0,00000E+00;5,52882E-05;2,02215E-05;2,60407E-06;0,00000E+00;2,05364E-05;5,60653E-05;0,00000E+00;1,07139E-04;1,36800E-04;2,41464E-04;1,86677E-04;3,23705E-04;7,52483E-05;2,33936E-04;0,00000E+00;2,53190E-04;3,19103E-05;0,00000E+00;1,50653E-04;7,25234E-05
891;2,83939E-05;3,16513E-04;3,74481E-04;7,96514E-04;1,04455E-04;9,14578E-04;1,33618E-05;1,54755E-03;0,00000E+00;1,62782E-03;1,47806E-03;2,52077E-03;6,27767E-04;5,02407E-04;1,24192E-03;0,00000E+00;7,97826E-04;9,08609E-04;1,98824E-03;3,99106E-03;0,00000E+00;0,00000E+00;3,17410E-05;0,00000E+00;1,91953E-05;1,77893E-04;5,41503E-05;0,00000E+00;2,81212E-04;2,78618E-04;6,91737E-04;4,39534E-05;0,00000E+00;0,00000E+00;0,00000E+00;5,34473E-05;0,00000E+00;8,79475E-05;2,52053E-04;2,55127E-04;9,31102E-05;0,00000E+00;0,00000E+00;8,34756E-05;0,00000E+00;1,00597E-04;0,00000E+00;2,33832E-05;0,00000E+00;2,11074E-05;7,16242E-05;2,46767E-04;2,94959E-04;3,36526E-04;1,61013E-04;1,85219E-04;3,18308E-04;6,68092E-05;2,67237E-05;7,48961E-05
892;1,25647E-04;0,00000E+00;4,81913E-04;6,03537E-04;6,02282E-04;9,01023E-04;4,35587E-04;1,13009E-03;3,57729E-04;2,42268E-03;2,93864E-03;1,38340E-04;3,84343E-03;1,10672E-03;2,34404E-03;5,32736E-04;2,21343E-03;2,62845E-03;1,24506E-03;4,81181E-03;0,00000E+00;2,41265E-05;0,00000E+00;0,00000E+00;7,19104E-05;0,00000E+00;1,20401E-04;0,00000E+00;0,00000E+00;5,37380E-04;2,09720E-04;1,64661E-04;0,00000E+00;0,00000E+00;2,31318E-04;2,96610E-04;1,92765E-04;3,16899E-04;4,28988E-04;9,55769E-04;2,20799E-05;0,00000E+00;1,08149E-05;3,67568E-06;4,14370E-05;2,10318E-04;0,00000E+00;1,55067E-04;5,05856E-05;7,90737E-05;2,68322E-04;1,24184E-04;0,00000E+00;3,13325E-05;2,95974E-04;9,14858E-05;2,60233E-04;3,08114E-04;2,25411E-04;0,00000E+00
893;1,24874E-05;2,31738E-04;3,76159E-04;1,26670E-04;1,93709E-03;8,95652E-04;3,13722E-04;1,52032E-03;9,10159E-04;1,24589E-03;4,36436E-03;0,00000E+00;9,66300E-04;0,00000E+00;6,64582E-03;2,11316E-03;0,00000E+00;1,06083E-03;2,29847E-03;4,50240E-03;0,00000E+00;1,56292E-05;0,00000E+00;0,00000E+00;0,00000E+00;0,00000E+00;1,49419E-04;0,00000E+00;0,00000E+00;2,45265E-04;3,77718E-05;0,00000E+00;1,68889E-04;0,00000E+00;5,33699E-04;6,24368E-05;1,24874E-04;6,56028E-04;0,00000E+00;0,00000E+00;7,90140E-06;0,00000E+00;7,00592E-06;7,98609E-05;3,25731E-05;1,11536E-04;1,11957E-04;4,37057E-05;3,27695E-05;1,01060E-05;0,00000E+00;1,68399E-04;1,25975E-05;0,00000E+00;0,00000E+00;6,67124E-05;1,68579E-04;3,25350E-04;2,41106E-04;0,00000E+00
894;0,00000E+00;1,04327E-03;3,09955E-04;1,05945E-06;1,06117E-06;1,15126E-03;3,05426E-06;8,41811E-04;1,87823E-03;0,00000E+00;5,62728E-06;3,91967E-03;1,71415E-03;3,42643E-03;2,69219E-03;0,00000E+00;4,16160E-03;3,69650E-03;7,50304E-06;1,47035E-03;0,00000E+00;0,00000E+00;1,12593E-04;0,00000E+00;0,00000E+00;7,32774E-07;0,00000E+00;1,73819E-04;0,00000E+00;0,00000E+00;3,34840E-05;6,97702E-07;2,38903E-06;1,18777E-06;1,78983E-04;0,00000E+00;0,00000E+00;2,19175E-06;2,07739E-07;5,07272E-04;4,19137E-08;0,00000E+00;0,00000E+00;9,96776E-08;0,00000E+00;2,32262E-04;4,24203E-07;6,78725E-07;3,87327E-05;7,08583E-05;0,00000E+00;2,93667E-04;2,67299E-07;9,30243E-05;2,72104E-04;7,74887E-04;2,21396E-04;1,36231E-04;2,21396E-04;0,00000E+00
895;0,00000E+00;1,81074E-04;9,03934E-05;3,43549E-04;4,61208E-04;6,19840E-04;1,14021E-03;0,00000E+00;3,76582E-04;4,04922E-04;1,91042E-03;8,45357E-04;6,03907E-04;7,85136E-04;0,00000E+00;0,00000E+00;8,18035E-04;4,88533E-03;2,33310E-03;3,51302E-04;0,00000E+00;0,00000E+00;1,91544E-05;0,00000E+00;7,88417E-05;1,37238E-04;3,87400E-05;1,30350E-04;0,00000E+00;0,00000E+00;2,92952E-05;2,15626E-04;4,70158E-04;2,22452E-04;3,49567E-04;0,00000E+00;0,00000E+00;4,55973E-04;3,89065E-05;0,00000E+00;9,67256E-06;0,00000E+00;0,00000E+00;6,98724E-05;3,46984E-05;4,93304E-05;7,94470E-05;1,85225E-04;4,51831E-05;1,82920E-04;4,91239E-05;2,34081E-05;5,00611E-05;1,40904E-04;2,07497E-04;7,74800E-05;0,00000E+00;6,35576E-04;3,87400E-05;7,10234E-05
896;3,23079E-05;8,49413E-05;1,33992E-04;4,73335E-04;3,89060E-04;9,18804E-04;8,42237E-04;0,00000E+00;1,72308E-03;1,48437E-03;1,98393E-03;7,83047E-04;9,20535E-04;3,02101E-03;3,71438E-03;2,28577E-03;9,52221E-04;2,11605E-04;3,94692E-03;0,00000E+00;0,00000E+00;0,00000E+00;2,83930E-05;2,21464E-05;1,16869E-04;0,00000E+00;5,74252E-05;2,80187E-04;4,04354E-04;1,07365E-04;6,29700E-05;2,74719E-04;3,36884E-05;3,61849E-04;2,58463E-04;0,00000E+00;0,00000E+00;6,74322E-05;0,00000E+00;0,00000E+00;1,09104E-05;2,34462E-05;1,45009E-05;7,59013E-05;5,14342E-05;4,01194E-06;0,00000E+00;8,61379E-05;6,69760E-05;1,81427E-05;1,26448E-04;0,00000E+00;0,00000E+00;3,19508E-05;1,87804E-04;1,14850E-04;1,93848E-04;0,00000E+00;7,03484E-05;4,02512E-04
897;7,87963E-06;1,44709E-04;0,00000E+00;1,60124E-04;3,64904E-04;1,24476E-03;7,77975E-05;5,54640E-04;2,84101E-04;8,80949E-04;3,18428E-03;9,99391E-04;4,58479E-03;1,95799E-03;3,48597E-03;2,49253E-03;2,79507E-03;4,73011E-03;1,05718E-03;0,00000E+00;0,00000E+00;0,00000E+00;0,00000E+00;5,40132E-06;1,25732E-04;0,00000E+00;0,00000E+00;2,12103E-05;9,86187E-05;2,61854E-05;6,35974E-05;3,62878E-05;2,05379E-04;5,16138E-04;1,40835E-04;4,66785E-04;0,00000E+00;4,56772E-05;0,00000E+00;9,90294E-05;4,74730E-06;1,74805E-05;3,53664E-06;3,42760E-05;0,00000E+00;1,05987E-04;2,13943E-04;1,45870E-04;1,13421E-04;0,00000E+00;1,20699E-04;3,72483E-04;2,14470E-04;4,86965E-04;2,80806E-05;0,00000E+00;4,36265E-04;3,50089E-04;2,17095E-04;7,24926E-05
898;5,03722E-06;1,62190E-05;4,37860E-04;2,91861E-04;2,43589E-04;3,89499E-04;1,24640E-03;1,06926E-03;3,56113E-05;8,88252E-04;1,48492E-04;8,16706E-04;5,39709E-03;3,71230E-04;2,63548E-03;3,34107E-04;3,26644E-03;4,03112E-03;4,34288E-03;2,09353E-03;0,00000E+00;0,00000E+00;1,42318E-06;0,00000E+00;0,00000E+00;6,72825E-05;5,97727E-05;0,00000E+00;0,00000E+00;4,23091E-04;1,47270E-04;4,16405E-04;1,18203E-05;5,45298E-04;1,14177E-04;1,55799E-04;4,70140E-05;7,88667E-06;0,00000E+00;2,15418E-04;2,88636E-05;0,00000E+00;8,84660E-05;3,43211E-05;8,42183E-06;2,21263E-04;4,19768E-05;0,00000E+00;9,36001E-05;8,69913E-05;2,78723E-05;2,96831E-05;3,82433E-04;0,00000E+00;0,00000E+00;1,65874E-04;2,72649E-04;3,89499E-05;4,06963E-04;2,09530E-04
899;1,94466E-05;1,58678E-04;4,96193E-04;9,38978E-04;0,00000E+00;2,78459E-04;0,00000E+00;1,54717E-03;1,37480E-04;1,87106E-03;1,23289E-03;3,15295E-03;1,93967E-03;1,43316E-03;2,19292E-03;1,50972E-03;1,43316E-04;2,31266E-03;3,33151E-03;1,43316E-03;0,00000E+00;0,00000E+00;5,49431E-06;5,68089E-05;0,00000E+00;0,00000E+00;2,05297E-04;0,00000E+00;3,73403E-05;7,18049E-05;0,00000E+00;0,00000E+00;3,60680E-04;0,00000E+00;5,20348E-04;5,96698E-05;1,81501E-04;3,04471E-05;4,13968E-04;6,60101E-05;0,00000E+00;0,00000E+00;4,00543E-05;0,00000E+00;3,25131E-05;1,31170E-04;2,41614E-04;6,96148E-05;1,15682E-04;1,29722E-04;1,62631E-04;1,14594E-04;1,73594E-04;0,00000E+00;8,71143E-06;3,27297E-04;0,00000E+00;1,09395E-04;1,82388E-04;2,07430E-04
900;0,00000E+00;6,19397E-05;2,35552E-04;0,00000E+00;1,40314E-03;7,11365E-04;6,64776E-05;7,19001E-04;0,00000E+00;1,30117E-03;4,25313E-04;0,00000E+00;3,44875E-03;0,00000E+00;1,13126E-03;1,41771E-04;2,93954E-03;5,67084E-04;2,79056E-03;3,30698E-03;0,00000E+00;0,00000E+00;4,22599E-05;3,66292E-05;1,19375E-05;0,00000E+00;3,20615E-05;0,00000E+00;2,40762E-05;0,00000E+00;0,00000E+00;0,00000E+00;2,90883E-04;9,97164E-05;5,12984E-05;3,84738E-05;3,32388E-04;1,56124E-04;3,48306E-04;0,00000E+00;0,00000E+00;0,00000E+00;1,43903E-06;0,00000E+00;7,14506E-05;2,15034E-05;2,34112E-04;1,36293E-04;5,96769E-05;2,02588E-05;3,54810E-05;1,10176E-04;0,00000E+00;2,08055E-04;5,61695E-06;1,85957E-04;0,00000E+00;7,05354E-05;2,25082E-04;0,00000E+00
