;;;;;;;;;;;;;;;;;;;;;;;;;;;;;;;;;;;;;;;;;;;;;;;;;;;;;;;;;;;;
;;;;;;;;;;;;;;;;;;;;;;;;;;;;;;;;;;;;;;;;;;;;;;;;;;;;;;;;;;;;
;;;;;;;;;;;;;;;;;;;;;;;;;;;;;;;;;;;;;;;;;;;;;;;;;;;;;;;;;;;;
Device number: 2016951;;;;;;;;;;;;;;;;;;;;;;;;;;;;;;;;;;;;;;;;;;;;;;;;;;;;;;;;;;;;
Name;#9;#10;#11;#12;#13;#14;#15;#16;#17;#18;#19;#20;#21;#22;#23;#24;#25;#26;#27;#28;#29;#30;#31;#32;#33;#34;#35;#36;#37;#38;#39;#40;#41;#42;#43;#44;#45;#46;#47;#48;#49;#50;#51;#52;#53;#54;#55;#56;#57;#58;#59;#60;#61;#62;#63;#64;#65;#66;#67;#68
Measuring mode;Irradiance;Irradiance;Irradiance;Irradiance;Irradiance;Irradiance;Irradiance;Irradiance;Irradiance;Irradiance;Irradiance;Irradiance;Irradiance;Irradiance;Irradiance;Irradiance;Irradiance;Irradiance;Irradiance;Irradiance;Irradiance;Irradiance;Irradiance;Irradiance;Irradiance;Irradiance;Irradiance;Irradiance;Irradiance;Irradiance;Irradiance;Irradiance;Irradiance;Irradiance;Irradiance;Irradiance;Irradiance;Irradiance;Irradiance;Irradiance;Irradiance;Irradiance;Irradiance;Irradiance;Irradiance;Irradiance;Irradiance;Irradiance;Irradiance;Irradiance;Irradiance;Irradiance;Irradiance;Irradiance;Irradiance;Irradiance;Irradiance;Irradiance;Irradiance;Irradiance
Correction;UV;UV;UV;UV;UV;UV;UV;UV;UV;UV;UV;UV;UV;UV;UV;UV;UV;UV;UV;UV;UV;UV;UV;UV;UV;UV;UV;UV;UV;UV;UV;UV;UV;UV;UV;UV;UV;UV;UV;UV;UV;UV;UV;UV;UV;UV;UV;UV;UV;UV;UV;UV;UV;UV;UV;UV;UV;UV;UV;UV
Date;20-02-2026;20-02-2026;20-02-2026;20-02-2026;20-02-2026;20-02-2026;20-02-2026;20-02-2026;20-02-2026;20-02-2026;20-02-2026;20-02-2026;20-02-2026;20-02-2026;20-02-2026;20-02-2026;20-02-2026;20-02-2026;20-02-2026;20-02-2026;20-02-2026;20-02-2026;20-02-2026;20-02-2026;20-02-2026;20-02-2026;20-02-2026;20-02-2026;20-02-2026;20-02-2026;20-02-2026;20-02-2026;20-02-2026;20-02-2026;20-02-2026;20-02-2026;20-02-2026;20-02-2026;20-02-2026;20-02-2026;20-02-2026;20-02-2026;20-02-2026;20-02-2026;20-02-2026;20-02-2026;20-02-2026;20-02-2026;20-02-2026;20-02-2026;20-02-2026;20-02-2026;20-02-2026;20-02-2026;20-02-2026;20-02-2026;20-02-2026;20-02-2026;20-02-2026;20-02-2026
Time;11:29:20;11:29:32;11:29:44;11:30:26;11:30:39;11:30:54;11:31:10;11:31:48;11:32:04;11:32:39;11:33:26;11:33:38;11:33:48;11:33:58;11:34:07;11:34:17;11:34:26;11:34:36;11:34:45;11:34:57;11:37:13;11:37:52;11:38:19;11:38:35;11:38:52;11:39:02;11:40:01;11:40:14;11:40:26;11:40:39;11:40:50;11:41:02;11:41:14;11:41:26;11:41:36;11:41:47;11:41:55;11:42:04;11:42:13;11:42:23;11:43:03;11:43:45;11:44:04;11:44:15;11:44:25;11:44:44;11:44:56;11:45:12;11:46:11;11:46:25;11:46:41;11:46:52;11:47:07;11:47:21;11:47:35;11:47:46;11:47:58;11:48:11;11:48:22;11:48:35
Sync. frequency [Hz];0,00;0,00;0,00;0,00;0,00;0,00;0,00;0,00;0,00;0,00;0,00;0,00;0,00;0,00;0,00;0,00;0,00;0,00;0,00;0,00;0,00;0,00;0,00;0,00;0,00;0,00;0,00;0,00;0,00;0,00;0,00;0,00;0,00;0,00;0,00;0,00;0,00;0,00;0,00;0,00;0,00;0,00;0,00;0,00;0,00;0,00;0,00;0,00;0,00;0,00;0,00;0,00;0,00;0,00;0,00;0,00;0,00;0,00;0,00;0,00
T_int [ms];149,84;64,08;41,10;30,14;25,00;20,36;17,53;15,31;12,50;12,50;12,50;10,64;9,95;9,18;8,81;4,52;4,52;4,52;4,52;4,52;268,69;117,87;76,13;56,93;50,00;37,85;32,40;28,72;25,00;25,00;21,40;19,80;18,28;16,98;16,07;15,13;14,27;12,50;12,50;12,50;1064,49;312,55;181,06;128,55;100,00;86,18;73,55;65,29;59,14;50,00;50,00;50,00;43,29;40,88;38,43;36,30;34,81;33,30;32,02;30,78
Averages;1;1;1;1;1;1;1;1;1;1;1;1;1;1;1;1;1;1;1;1;1;1;1;1;1;1;1;1;1;1;1;1;1;1;1;1;1;1;1;1;1;1;1;1;1;1;1;1;1;1;1;1;1;1;1;1;1;1;1;1
;;;;;;;;;;;;;;;;;;;;;;;;;;;;;;;;;;;;;;;;;;;;;;;;;;;;;;;;;;;;
Ev [lx] (CIE1931 2°);3,478E+03;8,411E+03;1,331E+04;1,822E+04;2,301E+04;2,774E+04;3,241E+04;3,702E+04;4,163E+04;4,611E+04;5,052E+04;5,500E+04;5,936E+04;6,372E+04;6,804E+04;7,284E+04;7,709E+04;8,125E+04;8,539E+04;8,940E+04;4,625E+01;1,078E+02;1,708E+02;2,344E+02;2,944E+02;3,577E+02;4,168E+02;4,787E+02;5,400E+02;5,983E+02;6,584E+02;7,195E+02;7,801E+02;8,342E+02;8,933E+02;9,490E+02;1,008E+03;1,064E+03;1,121E+03;1,167E+03;6,665E-01;2,636E+00;4,152E+00;6,587E+00;7,602E+00;1,004E+01;1,218E+01;1,343E+01;1,540E+01;1,674E+01;1,797E+01;2,056E+01;2,342E+01;2,542E+01;2,701E+01;2,846E+01;3,062E+01;3,203E+01;3,568E+01;3,766E+01
Ee [W/sqm] (230-1000nm);1,118E+01;2,690E+01;4,259E+01;5,811E+01;7,324E+01;8,831E+01;1,030E+02;1,176E+02;1,322E+02;1,464E+02;1,602E+02;1,746E+02;1,885E+02;2,021E+02;2,158E+02;2,313E+02;2,448E+02;2,578E+02;2,709E+02;2,832E+02;8,550E-01;2,020E+00;3,218E+00;4,470E+00;5,572E+00;6,898E+00;7,970E+00;9,172E+00;1,034E+01;1,161E+01;1,274E+01;1,399E+01;1,515E+01;1,634E+01;1,751E+01;1,865E+01;1,993E+01;2,117E+01;2,218E+01;2,341E+01;3,824E-01;1,435E+00;2,591E+00;3,799E+00;4,940E+00;6,054E+00;7,163E+00;8,251E+00;9,326E+00;1,041E+01;1,146E+01;1,251E+01;1,359E+01;1,459E+01;1,565E+01;1,666E+01;1,763E+01;1,855E+01;1,955E+01;2,057E+01
CCT [K] (CIE1931 2°);5625;5609;5604;5590;5587;5587;5576;5576;5573;5570;5570;5569;5565;5566;5562;5552;5556;5561;5552;5549;0;0;0;0;0;0;0;0;0;0;0;0;0;0;0;0;0;0;0;0;0;0;0;0;0;0;0;0;0;0;0;0;0;0;0;0;0;0;0;0
;;;;;;;;;;;;;;;;;;;;;;;;;;;;;;;;;;;;;;;;;;;;;;;;;;;;;;;;;;;;
Chrom. Coord. (CIE1931 2°);;;;;;;;;;;;;;;;;;;;;;;;;;;;;;;;;;;;;;;;;;;;;;;;;;;;;;;;;;;;
x;0,3296;0,3300;0,3301;0,3304;0,3305;0,3305;0,3308;0,3307;0,3308;0,3309;0,3309;0,3309;0,3310;0,3310;0,3311;0,3313;0,3312;0,3311;0,3313;0,3314;0,7185;0,7203;0,7190;0,7188;0,7208;0,7184;0,7203;0,7184;0,7198;0,7194;0,7204;0,7190;0,7203;0,7192;0,7188;0,7204;0,7201;0,7193;0,7195;0,7204;0,6002;0,6305;0,6646;0,6182;0,6757;0,6497;0,6707;0,6769;0,6860;0,6844;0,6968;0,6858;0,6699;0,6742;0,6871;0,6878;0,6981;0,7041;0,6915;0,6962
y;0,3433;0,3439;0,3443;0,3447;0,3450;0,3452;0,3454;0,3457;0,3457;0,3457;0,3461;0,3460;0,3461;0,3462;0,3464;0,3466;0,3466;0,3465;0,3468;0,3467;0,2780;0,2769;0,2774;0,2773;0,2779;0,2780;0,2780;0,2774;0,2782;0,2774;0,2783;0,2771;0,2784;0,2770;0,2776;0,2782;0,2780;0,2779;0,2782;0,2777;0,2639;0,3052;0,2895;0,2704;0,2824;0,2726;0,2875;0,2805;0,2860;0,2709;0,2722;0,2706;0,2716;0,2767;0,2749;0,2721;0,2764;0,2766;0,2816;0,2817
;;;;;;;;;;;;;;;;;;;;;;;;;;;;;;;;;;;;;;;;;;;;;;;;;;;;;;;;;;;;
PAR;;;;;;;;;;;;;;;;;;;;;;;;;;;;;;;;;;;;;;;;;;;;;;;;;;;;;;;;;;;;
Begin [nm];400;400;400;400;400;400;400;400;400;400;400;400;400;400;400;400;400;400;400;400;400;400;400;400;400;400;400;400;400;400;400;400;400;400;400;400;400;400;400;400;400;400;400;400;400;400;400;400;400;400;400;400;400;400;400;400;400;400;400;400
End [nm];700;700;700;700;700;700;700;700;700;700;700;700;700;700;700;700;700;700;700;700;700;700;700;700;700;700;700;700;700;700;700;700;700;700;700;700;700;700;700;700;700;700;700;700;700;700;700;700;700;700;700;700;700;700;700;700;700;700;700;700
Ephot (Begin..End) [umol/s sqm];4,97711E+01;1,20087E+02;1,89721E+02;2,59388E+02;3,27194E+02;3,94047E+02;4,60016E+02;5,25129E+02;5,90107E+02;6,53549E+02;7,15528E+02;7,78760E+02;8,40067E+02;9,01495E+02;9,62319E+02;1,02910E+03;1,08904E+03;1,14751E+03;1,20599E+03;1,26225E+03;4,65306E+00;1,10195E+01;1,74381E+01;2,40250E+01;3,03320E+01;3,68225E+01;4,32456E+01;4,97338E+01;5,61372E+01;6,25604E+01;6,89696E+01;7,56721E+01;8,20030E+01;8,83923E+01;9,46419E+01;1,00953E+02;1,07522E+02;1,13829E+02;1,19963E+02;1,25959E+02;1,56200E-01;6,00675E-01;1,11865E+00;1,70173E+00;2,25591E+00;2,86116E+00;3,45704E+00;4,06780E+00;4,68250E+00;5,33053E+00;5,99021E+00;6,65834E+00;7,36132E+00;8,03232E+00;8,68606E+00;9,39311E+00;1,01241E+01;1,08240E+01;1,15437E+01;1,22325E+01
Ephot (301..400nm) [umol/s sqm];3,83914E-02;6,27311E-02;9,94512E-02;1,25366E-01;1,36030E-01;1,65858E-01;2,51322E-01;2,31096E-01;2,32743E-01;3,31767E-01;3,35884E-01;4,02143E-01;4,57110E-01;4,60366E-01;5,13089E-01;4,95656E-01;5,21081E-01;7,17155E-01;7,48543E-01;8,52141E-01;3,67694E-03;3,00360E-03;1,47953E-02;2,68431E-02;1,52937E-02;5,19037E-02;4,42584E-02;4,66982E-02;4,22189E-02;5,73460E-02;5,97184E-02;7,86655E-02;7,98115E-02;7,84150E-02;8,62166E-02;9,93616E-02;1,17772E-01;1,93801E-01;8,49948E-02;1,27153E-01;2,86806E-03;5,32333E-03;8,20460E-03;1,83745E-02;1,45456E-02;2,08809E-02;2,81534E-02;2,34317E-02;2,49283E-02;1,46199E-02;3,81531E-02;2,99335E-02;3,03603E-02;2,96725E-02;5,69452E-02;6,67417E-02;2,10164E-02;1,61950E-02;6,53118E-02;6,10730E-02
Ephot (401..500nm) [umol/s sqm];1,32086E+01;3,16971E+01;4,98917E+01;6,79770E+01;8,55648E+01;1,02873E+02;1,19852E+02;1,36552E+02;1,53331E+02;1,69619E+02;1,85527E+02;2,01862E+02;2,17529E+02;2,33220E+02;2,48692E+02;2,65636E+02;2,80907E+02;2,96137E+02;3,10789E+02;3,25230E+02;2,27713E-03;6,95351E-03;1,15306E-02;1,53867E-02;9,26558E-03;2,80802E-02;1,37535E-02;4,06670E-02;2,69675E-02;3,31237E-02;2,72904E-02;4,72598E-02;2,49941E-02;4,89044E-02;5,74554E-02;2,94465E-02;3,33743E-02;6,23807E-02;6,12249E-02;5,13873E-02;1,69990E-03;3,34663E-03;4,34068E-03;1,14915E-02;7,13878E-03;1,45661E-02;1,26536E-02;1,32149E-02;1,00995E-02;1,51540E-02;1,06587E-02;1,58431E-02;2,67365E-02;2,02287E-02;2,09784E-02;1,80601E-02;1,39317E-02;1,69836E-02;1,72352E-02;1,30381E-02
Ephot (501..600nm) [umol/s sqm];2,27511E+01;5,50980E+01;8,72916E+01;1,19581E+02;1,51067E+02;1,82280E+02;2,13006E+02;2,43522E+02;2,73871E+02;3,03497E+02;3,32636E+02;3,62311E+02;3,91019E+02;4,20052E+02;4,48515E+02;4,80150E+02;5,08446E+02;5,36083E+02;5,63410E+02;5,89981E+02;5,79608E-03;5,58428E-03;1,90375E-02;2,32298E-02;2,34203E-02;4,08724E-02;3,44259E-02;4,43803E-02;5,35354E-02;4,93610E-02;6,19607E-02;5,22159E-02;8,19192E-02;5,51263E-02;8,63758E-02;8,53994E-02;8,72500E-02;1,00944E-01;1,04826E-01;7,98341E-02;1,49667E-03;6,70823E-03;6,61190E-03;1,11069E-02;8,47859E-03;1,33000E-02;1,73309E-02;1,54662E-02;1,83163E-02;1,22286E-02;1,15202E-02;1,54092E-02;2,26747E-02;2,66484E-02;2,39802E-02;1,91447E-02;2,08479E-02;2,02361E-02;3,19759E-02;3,47837E-02
Ephot (601..700nm) [umol/s sqm];1,38105E+01;3,32908E+01;5,25355E+01;7,18251E+01;9,05547E+01;1,08892E+02;1,27152E+02;1,45049E+02;1,62898E+02;1,80427E+02;1,97358E+02;2,14574E+02;2,31508E+02;2,48205E+02;2,65102E+02;2,83311E+02;2,99670E+02;3,15270E+02;3,31783E+02;3,47025E+02;4,64499E+00;1,10069E+01;1,74074E+01;2,39864E+01;3,02984E+01;3,67535E+01;4,31971E+01;4,96476E+01;5,60567E+01;6,24779E+01;6,88793E+01;7,55727E+01;8,18955E+01;8,82882E+01;9,44975E+01;1,00838E+02;1,07402E+02;1,13664E+02;1,19797E+02;1,25827E+02;1,53003E-01;5,90620E-01;1,10741E+00;1,67889E+00;2,23974E+00;2,83318E+00;3,42683E+00;4,03912E+00;4,65409E+00;5,30314E+00;5,96803E+00;6,62709E+00;7,31134E+00;7,98544E+00;8,64102E+00;9,35584E+00;1,00892E+01;1,07865E+01;1,14945E+01;1,21847E+01
Ephot (701..800nm) [umol/s sqm];1,02760E+00;2,44758E+00;3,85584E+00;5,27345E+00;6,64328E+00;7,96016E+00;9,31814E+00;1,06676E+01;1,20126E+01;1,32389E+01;1,45432E+01;1,58026E+01;1,72049E+01;1,83412E+01;1,95667E+01;2,09718E+01;2,22426E+01;2,31721E+01;2,46424E+01;2,56716E+01;1,84613E-02;4,26135E-02;8,33813E-02;1,21705E-01;1,31893E-01;1,65078E-01;1,90223E-01;2,59152E-01;2,92874E-01;3,10253E-01;3,83521E-01;4,57039E-01;4,30178E-01;4,95585E-01;5,72717E-01;5,56080E-01;6,64305E-01;7,13895E-01;7,24781E-01;8,49831E-01;2,13316E+00;7,99280E+00;1,44734E+01;2,09719E+01;2,72186E+01;3,33805E+01;3,94505E+01;4,53752E+01;5,12766E+01;5,71598E+01;6,28603E+01;6,84290E+01;7,40567E+01;7,95932E+01;8,50019E+01;9,03844E+01;9,57385E+01;1,00835E+02;1,06002E+02;1,11026E+02
;;;;;;;;;;;;;;;;;;;;;;;;;;;;;;;;;;;;;;;;;;;;;;;;;;;;;;;;;;;;
;;;;;;;;;;;;;;;;;;;;;;;;;;;;;;;;;;;;;;;;;;;;;;;;;;;;;;;;;;;;
Wavelength [nm];Ee [W/(sqm*nm)];Ee [W/(sqm*nm)];Ee [W/(sqm*nm)];Ee [W/(sqm*nm)];Ee [W/(sqm*nm)];Ee [W/(sqm*nm)];Ee [W/(sqm*nm)];Ee [W/(sqm*nm)];Ee [W/(sqm*nm)];Ee [W/(sqm*nm)];Ee [W/(sqm*nm)];Ee [W/(sqm*nm)];Ee [W/(sqm*nm)];Ee [W/(sqm*nm)];Ee [W/(sqm*nm)];Ee [W/(sqm*nm)];Ee [W/(sqm*nm)];Ee [W/(sqm*nm)];Ee [W/(sqm*nm)];Ee [W/(sqm*nm)];Ee [W/(sqm*nm)];Ee [W/(sqm*nm)];Ee [W/(sqm*nm)];Ee [W/(sqm*nm)];Ee [W/(sqm*nm)];Ee [W/(sqm*nm)];Ee [W/(sqm*nm)];Ee [W/(sqm*nm)];Ee [W/(sqm*nm)];Ee [W/(sqm*nm)];Ee [W/(sqm*nm)];Ee [W/(sqm*nm)];Ee [W/(sqm*nm)];Ee [W/(sqm*nm)];Ee [W/(sqm*nm)];Ee [W/(sqm*nm)];Ee [W/(sqm*nm)];Ee [W/(sqm*nm)];Ee [W/(sqm*nm)];Ee [W/(sqm*nm)];Ee [W/(sqm*nm)];Ee [W/(sqm*nm)];Ee [W/(sqm*nm)];Ee [W/(sqm*nm)];Ee [W/(sqm*nm)];Ee [W/(sqm*nm)];Ee [W/(sqm*nm)];Ee [W/(sqm*nm)];Ee [W/(sqm*nm)];Ee [W/(sqm*nm)];Ee [W/(sqm*nm)];Ee [W/(sqm*nm)];Ee [W/(sqm*nm)];Ee [W/(sqm*nm)];Ee [W/(sqm*nm)];Ee [W/(sqm*nm)];Ee [W/(sqm*nm)];Ee [W/(sqm*nm)];Ee [W/(sqm*nm)];Ee [W/(sqm*nm)]
363;2,28210E-04;3,38418E-04;3,33498E-04;8,73669E-04;4,03664E-05;2,97395E-04;1,74110E-03;2,11779E-03;4,11204E-04;2,71586E-03;8,90941E-04;7,24630E-04;2,68659E-03;1,11984E-03;1,27072E-03;1,51523E-03;2,63082E-03;4,46235E-03;2,18458E-03;9,47020E-04;0,00000E+00;0,00000E+00;0,00000E+00;3,54526E-04;1,19934E-04;0,00000E+00;2,64406E-05;0,00000E+00;0,00000E+00;0,00000E+00;4,00315E-04;0,00000E+00;1,40592E-04;0,00000E+00;0,00000E+00;3,39725E-04;0,00000E+00;7,02197E-04;5,48272E-04;8,90941E-04;0,00000E+00;0,00000E+00;0,00000E+00;1,51356E-04;0,00000E+00;1,29227E-04;0,00000E+00;0,00000E+00;0,00000E+00;0,00000E+00;3,42670E-05;0,00000E+00;9,89460E-05;5,25320E-04;5,25193E-05;7,07995E-05;0,00000E+00;0,00000E+00;0,00000E+00;1,11329E-04
364;2,14180E-04;9,87991E-05;2,76211E-04;2,47724E-04;0,00000E+00;0,00000E+00;1,80578E-04;1,34469E-03;3,03890E-04;4,55835E-04;1,53870E-03;2,83363E-03;1,74215E-03;2,02621E-03;4,31172E-04;2,47132E-03;3,28224E-03;3,24367E-03;1,93071E-03;2,86232E-03;0,00000E+00;6,22342E-05;0,00000E+00;8,59014E-05;8,86347E-05;0,00000E+00;1,95403E-05;1,27708E-04;0,00000E+00;0,00000E+00;2,95843E-04;8,02712E-04;9,06478E-04;0,00000E+00;0,00000E+00;2,51066E-04;1,02811E-03;1,01297E-04;4,05187E-04;6,58429E-04;0,00000E+00;6,64984E-05;0,00000E+00;8,86494E-05;2,44518E-05;9,55020E-05;0,00000E+00;0,00000E+00;0,00000E+00;0,00000E+00;2,53242E-05;0,00000E+00;7,31237E-05;2,78764E-04;0,00000E+00;4,90165E-04;6,32193E-04;0,00000E+00;0,00000E+00;2,80876E-04
365;1,59444E-04;2,21740E-04;8,13014E-04;8,11637E-04;0,00000E+00;5,42806E-04;0,00000E+00;1,45959E-03;0,00000E+00;2,52606E-04;1,87415E-04;9,34431E-04;1,02881E-03;3,69482E-03;1,43363E-03;2,87750E-04;1,50757E-03;4,53024E-03;3,66323E-03;3,60192E-03;0,00000E+00;1,32501E-05;0,00000E+00;1,29217E-04;0,00000E+00;8,75946E-04;0,00000E+00;1,37134E-04;0,00000E+00;0,00000E+00;0,00000E+00;1,70903E-04;1,70874E-04;1,39469E-03;0,00000E+00;2,08697E-04;3,29529E-04;0,00000E+00;5,05213E-04;0,00000E+00;0,00000E+00;1,41580E-05;0,00000E+00;0,00000E+00;1,31509E-04;0,00000E+00;0,00000E+00;0,00000E+00;0,00000E+00;0,00000E+00;1,57879E-04;3,78909E-04;0,00000E+00;2,31721E-04;0,00000E+00;9,32200E-05;1,34599E-04;0,00000E+00;6,90289E-04;4,22838E-05
366;0,00000E+00;2,96528E-04;2,04367E-04;1,71118E-04;5,52772E-04;4,39897E-04;9,85403E-04;0,00000E+00;0,00000E+00;5,52772E-04;4,25667E-05;1,50024E-04;1,53861E-03;1,12903E-03;4,66673E-03;0,00000E+00;7,63834E-04;3,55489E-03;3,99975E-04;7,63834E-03;0,00000E+00;0,00000E+00;0,00000E+00;0,00000E+00;0,00000E+00;0,00000E+00;4,86405E-04;2,96426E-05;3,40534E-05;2,12834E-05;2,42161E-04;8,72430E-05;0,00000E+00;5,08661E-04;0,00000E+00;8,44020E-05;7,45738E-06;0,00000E+00;8,51334E-06;0,00000E+00;0,00000E+00;0,00000E+00;0,00000E+00;0,00000E+00;0,00000E+00;1,11134E-05;3,75780E-04;0,00000E+00;0,00000E+00;0,00000E+00;4,14579E-04;1,72741E-04;0,00000E+00;0,00000E+00;8,30732E-06;1,92598E-04;0,00000E+00;0,00000E+00;6,46602E-04;1,38293E-05
367;1,57182E-05;2,13175E-04;5,54283E-04;9,08470E-04;3,76835E-05;4,77734E-04;0,00000E+00;0,00000E+00;0,00000E+00;3,76835E-04;5,43219E-04;2,13590E-03;2,33689E-03;1,53936E-04;2,11086E-03;2,18703E-03;1,97874E-03;4,72974E-03;6,66648E-03;1,45802E-03;0,00000E+00;0,00000E+00;0,00000E+00;3,30964E-05;0,00000E+00;0,00000E+00;1,41984E-04;3,78286E-04;6,60676E-04;4,78869E-04;0,00000E+00;9,51605E-05;0,00000E+00;0,00000E+00;0,00000E+00;1,32617E-03;1,28177E-04;0,00000E+00;1,08644E-04;0,00000E+00;1,23902E-05;0,00000E+00;0,00000E+00;0,00000E+00;0,00000E+00;1,41824E-04;0,00000E+00;0,00000E+00;5,57543E-05;0,00000E+00;1,31892E-04;0,00000E+00;0,00000E+00;0,00000E+00;1,06015E-04;6,36000E-04;6,76593E-05;0,00000E+00;7,08022E-04;1,76484E-04
368;1,04310E-04;4,43764E-04;2,10941E-04;8,83199E-04;1,11452E-04;5,77937E-04;2,35356E-04;0,00000E+00;7,26138E-04;1,44458E-03;0,00000E+00;1,85673E-03;1,79918E-03;3,20446E-04;2,22603E-04;5,64732E-03;4,11911E-03;8,90989E-03;3,25193E-03;5,58924E-03;0,00000E+00;0,00000E+00;0,00000E+00;6,88963E-05;0,00000E+00;0,00000E+00;1,71993E-04;5,74622E-04;4,70672E-04;4,31449E-04;7,71174E-05;1,98094E-04;3,15979E-04;0,00000E+00;0,00000E+00;5,18475E-04;6,87152E-05;3,96075E-04;0,00000E+00;1,98038E-04;2,57925E-05;1,32004E-05;0,00000E+00;6,41896E-06;1,65031E-04;0,00000E+00;0,00000E+00;7,58300E-05;1,16063E-04;0,00000E+00;2,74558E-04;0,00000E+00;0,00000E+00;1,61479E-04;0,00000E+00;0,00000E+00;1,64550E-04;0,00000E+00;6,12471E-05;5,36164E-05
369;1,31191E-04;1,82528E-05;4,70233E-04;1,29710E-03;6,32707E-04;0,00000E+00;5,08283E-04;6,11175E-04;1,38106E-03;4,89925E-04;1,87142E-04;1,69559E-03;6,77031E-04;2,54823E-04;1,85867E-03;2,62257E-03;2,06878E-03;6,27953E-03;3,62036E-03;6,03313E-03;0,00000E+00;0,00000E+00;0,00000E+00;0,00000E+00;0,00000E+00;0,00000E+00;3,78028E-05;4,26466E-04;0,00000E+00;0,00000E+00;5,72342E-05;1,24052E-03;8,10370E-04;0,00000E+00;0,00000E+00;8,50363E-04;2,45894E-04;2,93955E-04;0,00000E+00;8,95545E-04;4,50498E-05;9,79692E-06;2,13178E-04;4,76395E-06;1,22481E-04;6,78601E-05;9,54156E-05;5,62787E-05;0,00000E+00;7,01782E-05;0,00000E+00;2,80713E-04;0,00000E+00;1,19845E-04;0,00000E+00;3,22214E-04;1,75928E-05;7,02484E-05;5,11396E-04;1,91792E-04
370;1,68321E-05;5,17270E-04;4,98361E-04;8,95353E-04;1,31151E-04;3,67191E-04;2,42525E-04;2,29452E-04;1,81593E-04;8,37314E-04;2,79587E-04;2,67170E-03;1,50272E-03;5,49483E-05;1,92824E-03;3,36554E-03;6,39650E-03;1,00372E-03;6,06992E-03;8,92197E-04;0,00000E+00;3,80556E-05;0,00000E+00;6,04069E-04;0,00000E+00;0,00000E+00;2,30741E-04;0,00000E+00;0,00000E+00;7,77506E-04;2,09608E-04;2,67498E-04;1,24175E-04;0,00000E+00;0,00000E+00;1,46808E-03;5,30230E-05;1,79424E-03;5,98081E-04;1,61416E-04;9,71425E-06;0,00000E+00;4,59683E-05;0,00000E+00;0,00000E+00;8,40320E-05;2,05748E-05;0,00000E+00;0,00000E+00;1,51328E-05;0,00000E+00;3,29668E-04;0,00000E+00;2,92603E-04;0,00000E+00;6,94801E-05;0,00000E+00;1,51479E-05;1,10274E-04;3,27762E-05
371;0,00000E+00;2,95524E-06;3,17134E-04;4,57588E-04;2,65121E-05;1,83300E-04;2,25110E-03;5,63018E-04;0,00000E+00;1,43923E-04;1,82479E-03;7,19298E-04;4,42115E-03;1,95973E-04;6,05763E-03;0,00000E+00;3,36759E-03;0,00000E+00;6,28030E-05;5,76352E-03;3,17159E-06;0,00000E+00;0,00000E+00;1,71714E-04;0,00000E+00;0,00000E+00;2,92241E-06;5,67297E-04;0,00000E+00;0,00000E+00;0,00000E+00;0,00000E+00;9,80418E-04;0,00000E+00;0,00000E+00;4,38071E-05;1,33555E-03;0,00000E+00;1,30342E-04;9,08985E-05;0,00000E+00;4,24125E-06;0,00000E+00;2,20971E-06;1,62928E-05;0,00000E+00;1,99368E-04;0,00000E+00;0,00000E+00;0,00000E+00;0,00000E+00;4,23612E-04;1,74980E-05;0,00000E+00;7,39156E-06;6,09571E-04;0,00000E+00;0,00000E+00;0,00000E+00;3,17598E-04
372;2,88543E-05;8,00903E-05;1,99871E-04;4,94630E-04;7,01212E-04;3,11649E-04;1,52024E-03;4,99166E-04;3,11294E-04;2,34399E-03;0,00000E+00;1,83759E-03;2,17263E-04;2,62654E-03;2,36333E-03;7,64718E-04;3,78642E-03;7,64718E-04;8,41721E-04;1,33826E-03;4,25074E-05;0,00000E+00;0,00000E+00;0,00000E+00;0,00000E+00;0,00000E+00;1,32577E-04;0,00000E+00;0,00000E+00;0,00000E+00;0,00000E+00;4,36720E-05;7,33202E-04;0,00000E+00;0,00000E+00;5,87128E-04;1,27925E-03;0,00000E+00;3,11294E-04;1,39121E-03;0,00000E+00;5,68437E-05;0,00000E+00;6,32488E-05;0,00000E+00;0,00000E+00;0,00000E+00;0,00000E+00;0,00000E+00;0,00000E+00;0,00000E+00;0,00000E+00;3,14417E-04;6,34568E-05;1,10316E-04;4,80612E-04;0,00000E+00;0,00000E+00;0,00000E+00;0,00000E+00
373;9,62286E-05;8,54319E-05;6,97853E-04;6,09054E-04;9,41721E-04;0,00000E+00;0,00000E+00;4,25814E-04;7,77960E-04;9,36428E-04;1,21023E-03;1,78170E-03;7,62577E-04;7,41564E-04;3,26792E-03;1,94828E-03;8,45159E-03;3,45338E-03;2,17403E-03;4,83098E-03;2,81512E-06;0,00000E+00;0,00000E+00;3,98592E-05;0,00000E+00;0,00000E+00;1,97126E-04;0,00000E+00;0,00000E+00;3,02558E-05;0,00000E+00;5,12382E-04;1,79558E-03;0,00000E+00;1,41206E-04;5,99917E-04;4,47575E-04;7,86651E-04;6,56937E-04;3,64965E-04;0,00000E+00;0,00000E+00;0,00000E+00;1,53354E-04;0,00000E+00;7,02154E-05;1,02841E-05;6,95109E-05;0,00000E+00;0,00000E+00;0,00000E+00;0,00000E+00;1,68614E-04;1,33916E-04;2,37422E-05;2,76489E-04;1,30375E-04;0,00000E+00;2,36226E-05;3,44039E-04
374;1,05254E-04;1,00247E-04;8,07391E-04;5,98994E-04;6,30851E-04;4,20684E-04;0,00000E+00;1,65490E-03;5,19553E-04;2,10128E-03;3,13990E-03;1,90465E-03;1,73582E-03;7,92670E-04;3,62837E-03;4,74981E-03;3,02774E-03;3,28140E-03;2,11345E-03;4,82782E-03;2,12365E-06;9,08324E-06;8,43800E-05;3,00687E-05;0,00000E+00;3,96010E-04;0,00000E+00;0,00000E+00;0,00000E+00;3,22604E-04;0,00000E+00;3,17002E-04;1,87288E-04;0,00000E+00;1,06522E-04;1,93858E-03;0,00000E+00;5,93427E-04;5,13908E-04;0,00000E+00;0,00000E+00;0,00000E+00;0,00000E+00;6,21427E-05;0,00000E+00;7,78151E-05;7,75803E-06;5,24371E-05;0,00000E+00;0,00000E+00;0,00000E+00;0,00000E+00;1,48391E-04;0,00000E+00;0,00000E+00;2,65448E-04;9,83515E-05;9,64541E-05;5,19370E-04;2,59533E-04
375;1,57088E-04;2,27410E-05;1,08362E-03;7,34804E-04;1,16410E-03;9,54320E-05;1,19033E-03;1,60521E-03;9,71497E-05;4,66319E-04;1,39548E-03;3,28099E-03;3,41733E-04;1,87134E-03;4,07279E-03;1,63538E-03;0,00000E+00;1,35226E-03;4,10569E-03;7,51767E-04;0,00000E+00;2,06053E-06;1,91416E-05;2,44352E-04;0,00000E+00;8,98346E-05;7,29897E-04;9,68731E-05;1,66932E-04;1,12524E-03;6,50046E-04;0,00000E+00;2,28298E-04;0,00000E+00;0,00000E+00;6,12932E-04;0,00000E+00;0,00000E+00;1,45203E-03;8,90303E-04;2,09091E-05;0,00000E+00;0,00000E+00;0,00000E+00;0,00000E+00;5,63644E-06;0,00000E+00;0,00000E+00;0,00000E+00;2,50398E-04;3,33863E-04;1,94754E-04;2,90738E-04;0,00000E+00;2,17189E-04;4,05117E-04;0,00000E+00;2,18806E-05;1,06956E-03;0,00000E+00
376;2,67151E-04;2,50564E-05;4,10194E-05;2,96593E-04;1,37249E-04;5,48445E-04;1,12344E-03;9,43863E-05;8,34920E-05;4,14958E-04;1,23762E-03;8,09981E-04;2,27676E-03;2,83162E-03;2,86972E-03;8,37337E-03;0,00000E+00;4,12571E-03;1,77495E-04;3,54989E-04;0,00000E+00;0,00000E+00;0,00000E+00;3,26371E-04;0,00000E+00;2,92894E-04;3,86441E-04;5,80223E-04;0,00000E+00;8,30750E-05;0,00000E+00;8,92009E-05;3,51338E-05;0,00000E+00;0,00000E+00;8,01010E-04;9,77948E-04;6,42246E-06;1,46074E-03;7,06471E-05;0,00000E+00;0,00000E+00;0,00000E+00;0,00000E+00;0,00000E+00;1,58206E-04;1,20066E-05;0,00000E+00;3,33004E-04;0,00000E+00;2,56898E-05;0,00000E+00;0,00000E+00;0,00000E+00;0,00000E+00;2,21159E-06;3,91675E-04;9,64334E-06;4,73114E-04;1,56493E-05
377;8,12409E-05;3,68019E-04;7,07242E-04;8,72870E-04;2,35827E-04;4,43851E-04;4,91253E-04;1,89766E-03;1,22630E-03;1,16174E-03;9,09680E-04;2,32362E-03;3,19530E-03;8,54383E-04;2,40639E-03;0,00000E+00;0,00000E+00;2,51617E-03;2,60697E-03;5,56012E-03;0,00000E+00;0,00000E+00;0,00000E+00;1,03560E-04;0,00000E+00;1,86917E-04;1,81965E-04;0,00000E+00;0,00000E+00;3,61472E-04;3,65831E-05;1,31015E-03;5,80273E-04;0,00000E+00;2,67942E-04;0,00000E+00;3,30521E-04;9,43306E-05;9,43306E-05;1,28816E-03;0,00000E+00;0,00000E+00;0,00000E+00;0,00000E+00;0,00000E+00;0,00000E+00;1,76349E-04;5,99540E-05;1,98566E-05;0,00000E+00;3,77323E-04;0,00000E+00;4,52113E-05;0,00000E+00;8,14862E-05;1,72668E-04;0,00000E+00;1,53393E-04;0,00000E+00;2,55285E-04
378;5,40196E-05;5,43434E-05;4,66832E-04;5,01607E-04;0,00000E+00;2,89513E-04;1,19578E-03;1,12063E-03;8,35758E-04;1,56076E-03;2,28101E-03;2,65501E-03;4,35771E-03;2,39353E-03;1,46057E-03;3,07966E-04;0,00000E+00;2,08629E-03;0,00000E+00;1,99051E-03;0,00000E+00;0,00000E+00;0,00000E+00;0,00000E+00;0,00000E+00;1,84007E-05;6,23379E-04;0,00000E+00;0,00000E+00;6,86275E-05;8,01723E-05;0,00000E+00;1,78884E-04;0,00000E+00;5,87199E-04;3,22224E-04;2,92837E-04;0,00000E+00;1,67152E-04;1,10619E-03;4,57990E-06;0,00000E+00;0,00000E+00;0,00000E+00;0,00000E+00;0,00000E+00;0,00000E+00;1,31390E-04;4,35159E-05;0,00000E+00;2,78586E-05;0,00000E+00;9,90810E-05;0,00000E+00;1,78578E-04;3,07217E-04;0,00000E+00;2,57611E-05;2,82762E-04;2,36758E-04
379;1,07185E-05;1,64211E-04;1,82358E-04;3,55244E-05;8,63050E-04;7,83974E-04;9,86758E-04;1,98582E-03;1,89777E-03;1,14161E-03;2,26883E-03;2,02826E-03;3,03882E-03;1,26338E-03;5,56605E-04;4,13973E-03;0,00000E+00;6,07134E-03;1,30100E-03;3,33207E-03;0,00000E+00;0,00000E+00;0,00000E+00;0,00000E+00;0,00000E+00;1,41441E-05;4,79173E-04;0,00000E+00;0,00000E+00;1,96148E-04;3,20802E-04;0,00000E+00;8,87701E-04;0,00000E+00;4,27204E-04;2,47685E-04;4,31278E-04;7,06132E-04;1,28485E-04;4,28282E-04;3,52043E-06;0,00000E+00;0,00000E+00;0,00000E+00;0,00000E+00;0,00000E+00;0,00000E+00;0,00000E+00;0,00000E+00;0,00000E+00;2,14141E-05;0,00000E+00;0,00000E+00;0,00000E+00;4,84882E-04;0,00000E+00;0,00000E+00;2,94516E-04;2,17351E-04;6,17086E-04
380;2,87829E-04;2,66451E-04;5,86402E-04;0,00000E+00;2,03768E-04;1,26930E-03;3,56066E-04;4,68857E-04;1,41265E-03;1,48195E-04;3,98666E-03;3,48203E-04;1,87890E-03;2,81402E-03;1,85920E-03;9,21510E-04;4,20677E-03;2,27481E-03;3,11168E-03;5,63145E-04;0,00000E+00;0,00000E+00;6,66481E-05;0,00000E+00;1,01478E-04;0,00000E+00;0,00000E+00;0,00000E+00;0,00000E+00;9,59617E-04;7,57423E-05;0,00000E+00;4,80241E-04;0,00000E+00;8,11276E-04;0,00000E+00;6,70920E-04;3,41403E-03;0,00000E+00;0,00000E+00;0,00000E+00;2,02924E-05;0,00000E+00;0,00000E+00;0,00000E+00;0,00000E+00;0,00000E+00;0,00000E+00;1,28693E-04;0,00000E+00;1,01478E-04;1,52218E-04;0,00000E+00;0,00000E+00;1,14482E-04;3,14499E-04;0,00000E+00;6,95360E-05;0,00000E+00;6,48589E-04
381;4,32851E-05;1,81824E-04;1,84407E-04;1,22788E-03;5,28176E-06;0,00000E+00;1,22173E-03;4,74358E-05;8,12947E-04;9,18582E-04;1,01661E-03;2,43282E-03;3,92276E-04;8,07206E-04;4,36228E-03;6,29403E-04;0,00000E+00;2,66358E-03;1,09007E-03;5,91278E-03;0,00000E+00;0,00000E+00;0,00000E+00;7,50077E-05;0,00000E+00;0,00000E+00;2,64903E-05;0,00000E+00;2,40948E-04;7,92264E-06;0,00000E+00;7,18887E-05;0,00000E+00;0,00000E+00;9,67915E-05;2,61819E-05;9,97474E-04;1,70807E-03;0,00000E+00;6,83230E-04;2,48089E-06;0,00000E+00;0,00000E+00;4,62231E-06;0,00000E+00;3,49912E-04;1,28684E-04;0,00000E+00;0,00000E+00;0,00000E+00;0,00000E+00;1,18840E-05;3,28805E-05;0,00000E+00;0,00000E+00;0,00000E+00;3,22429E-05;0,00000E+00;0,00000E+00;2,31221E-04
382;1,07064E-04;9,08040E-05;1,96159E-04;1,75897E-04;1,02237E-04;1,56234E-04;6,28206E-05;1,22985E-03;4,90498E-04;2,90281E-03;2,29921E-03;4,14002E-04;2,26814E-03;3,65800E-03;0,00000E+00;3,90709E-04;0,00000E+00;2,90362E-03;2,74733E-03;4,13910E-03;0,00000E+00;0,00000E+00;0,00000E+00;0,00000E+00;0,00000E+00;0,00000E+00;4,41857E-04;0,00000E+00;2,48524E-04;1,32149E-04;0,00000E+00;0,00000E+00;1,35342E-04;0,00000E+00;1,37056E-04;4,36713E-04;2,47677E-04;0,00000E+00;3,11023E-04;8,48245E-05;4,83536E-05;1,24389E-05;3,31846E-05;7,71000E-05;0,00000E+00;5,52148E-05;2,09618E-04;0,00000E+00;0,00000E+00;0,00000E+00;0,00000E+00;2,26499E-04;0,00000E+00;0,00000E+00;0,00000E+00;0,00000E+00;5,37810E-04;0,00000E+00;0,00000E+00;0,00000E+00
383;2,86936E-04;4,98301E-05;1,57637E-04;7,74233E-04;3,34897E-04;1,31390E-03;1,80028E-04;9,90679E-04;5,10898E-04;1,97973E-03;1,46585E-03;8,89818E-04;1,82099E-03;1,56120E-03;2,07766E-03;1,30111E-03;2,23278E-03;3,01264E-03;1,68281E-03;1,95368E-03;0,00000E+00;0,00000E+00;0,00000E+00;4,43476E-05;0,00000E+00;0,00000E+00;1,55846E-04;0,00000E+00;6,38623E-05;2,52471E-04;0,00000E+00;3,18777E-04;3,05687E-04;1,85859E-04;7,85536E-05;0,00000E+00;5,59410E-04;0,00000E+00;7,02485E-04;5,95541E-04;1,57482E-05;2,80949E-05;7,49516E-05;4,41898E-05;0,00000E+00;9,71503E-05;0,00000E+00;0,00000E+00;0,00000E+00;0,00000E+00;0,00000E+00;6,38623E-05;0,00000E+00;0,00000E+00;0,00000E+00;0,00000E+00;0,00000E+00;0,00000E+00;3,35104E-04;0,00000E+00
384;3,41393E-04;0,00000E+00;3,53092E-04;7,53122E-04;4,24592E-04;1,12863E-03;7,11911E-04;4,13135E-04;0,00000E+00;2,89147E-04;5,64663E-04;3,00920E-03;3,01363E-03;2,24532E-03;3,31345E-03;3,73318E-03;6,39214E-03;4,36949E-03;7,86317E-04;3,57039E-03;0,00000E+00;0,00000E+00;0,00000E+00;3,56981E-05;0,00000E+00;1,19364E-04;1,25450E-04;0,00000E+00;0,00000E+00;2,03229E-04;0,00000E+00;3,47874E-04;0,00000E+00;1,49609E-04;6,32325E-05;6,56936E-04;0,00000E+00;7,22868E-05;5,06008E-04;3,25167E-04;0,00000E+00;0,00000E+00;0,00000E+00;6,36873E-05;0,00000E+00;2,38504E-04;0,00000E+00;0,00000E+00;1,37509E-04;0,00000E+00;0,00000E+00;0,00000E+00;0,00000E+00;0,00000E+00;3,76200E-04;0,00000E+00;0,00000E+00;1,62808E-04;2,97965E-04;2,93562E-04
385;1,36590E-04;0,00000E+00;4,55510E-04;4,96669E-04;4,62882E-04;1,57119E-03;1,13423E-03;8,60929E-04;1,48680E-03;4,43252E-04;2,69134E-03;2,85996E-03;3,52525E-03;4,87144E-04;2,91116E-03;1,35404E-03;1,13703E-03;4,03067E-03;4,10900E-03;4,86017E-03;0,00000E+00;0,00000E+00;0,00000E+00;1,02017E-04;0,00000E+00;2,95375E-05;2,50955E-04;0,00000E+00;4,18163E-04;3,25238E-04;0,00000E+00;2,25858E-05;8,26057E-04;0,00000E+00;7,22814E-05;1,00706E-03;0,00000E+00;4,82513E-04;4,03991E-04;0,00000E+00;2,18238E-06;0,00000E+00;1,92460E-05;6,95758E-06;0,00000E+00;1,22383E-04;0,00000E+00;0,00000E+00;3,40276E-05;0,00000E+00;0,00000E+00;2,09081E-04;1,34161E-04;3,12554E-04;9,30936E-05;1,27996E-04;0,00000E+00;4,02881E-05;6,98311E-06;7,26443E-05
386;5,42542E-06;5,20486E-04;1,35985E-05;5,97141E-04;2,21668E-04;2,19737E-04;7,54087E-04;7,40526E-04;3,53842E-04;1,41950E-03;1,10224E-03;6,54628E-04;7,25556E-04;3,87433E-05;1,08483E-03;1,87716E-03;5,10331E-03;7,86344E-05;2,47137E-04;5,99134E-03;0,00000E+00;0,00000E+00;6,67399E-06;1,19670E-04;0,00000E+00;0,00000E+00;8,15997E-05;1,94603E-05;8,01278E-04;1,01618E-05;4,74851E-06;4,77608E-04;0,00000E+00;0,00000E+00;0,00000E+00;5,37655E-04;0,00000E+00;7,72298E-05;3,33519E-04;0,00000E+00;3,81847E-07;0,00000E+00;7,10406E-05;1,64532E-04;0,00000E+00;0,00000E+00;2,33649E-04;8,09873E-05;1,20279E-05;1,21942E-05;2,03236E-06;3,96575E-04;2,34738E-05;0,00000E+00;5,15970E-04;3,64164E-04;1,13925E-04;0,00000E+00;0,00000E+00;9,01891E-04
387;1,11996E-04;2,10064E-04;4,21869E-04;5,46272E-04;2,18480E-04;9,72235E-04;9,03623E-05;1,27721E-03;7,40908E-04;9,05554E-04;1,51383E-03;7,66326E-04;1,65498E-03;1,30233E-03;4,16924E-03;2,50264E-03;2,87024E-03;2,08290E-03;5,42554E-03;4,35855E-03;0,00000E+00;0,00000E+00;1,93429E-04;7,23021E-05;0,00000E+00;1,00442E-04;0,00000E+00;4,27224E-04;1,64646E-04;2,05808E-04;1,55389E-04;2,07887E-04;0,00000E+00;0,00000E+00;0,00000E+00;2,72053E-04;1,99810E-04;1,56414E-03;5,06706E-04;0,00000E+00;7,73357E-06;0,00000E+00;1,07985E-04;0,00000E+00;0,00000E+00;0,00000E+00;0,00000E+00;6,79330E-05;2,75742E-04;2,46969E-04;4,11616E-05;0,00000E+00;4,75417E-04;0,00000E+00;0,00000E+00;0,00000E+00;0,00000E+00;0,00000E+00;0,00000E+00;6,17564E-05
388;3,94391E-05;2,95556E-04;3,46090E-04;3,61488E-04;3,96944E-04;1,27210E-03;3,11668E-04;1,38479E-03;8,25746E-04;1,14687E-03;2,44665E-03;2,11085E-04;1,20866E-03;1,78547E-03;2,25642E-03;1,26782E-04;2,10599E-03;1,15864E-03;3,52876E-03;5,59248E-03;0,00000E+00;0,00000E+00;1,37673E-04;1,41017E-04;0,00000E+00;3,28253E-04;0,00000E+00;7,82014E-05;2,29374E-05;2,29374E-05;1,66730E-04;8,68840E-05;0,00000E+00;0,00000E+00;0,00000E+00;4,54806E-04;4,72168E-04;0,00000E+00;4,19243E-04;3,66998E-04;1,77769E-05;0,00000E+00;0,00000E+00;0,00000E+00;0,00000E+00;7,98470E-05;0,00000E+00;1,60531E-04;7,59535E-05;0,00000E+00;0,00000E+00;0,00000E+00;7,94781E-05;0,00000E+00;0,00000E+00;3,15942E-05;0,00000E+00;6,88810E-05;5,37259E-05;1,45935E-04
389;2,89495E-05;2,68023E-04;1,40995E-04;3,31301E-04;7,05829E-04;1,15854E-03;1,35754E-03;8,99983E-04;2,08482E-03;2,15604E-03;2,70264E-03;1,47829E-03;2,19056E-03;2,36628E-03;4,23429E-03;2,85200E-03;6,06758E-03;0,00000E+00;4,51060E-03;5,02960E-03;0,00000E+00;0,00000E+00;6,52442E-05;1,18526E-04;0,00000E+00;7,64033E-05;7,66518E-05;0,00000E+00;3,17301E-04;2,51074E-04;2,25223E-05;5,32938E-04;0,00000E+00;0,00000E+00;3,60602E-04;5,46414E-04;3,48076E-04;4,63590E-04;0,00000E+00;3,74693E-04;1,80524E-05;0,00000E+00;0,00000E+00;7,72779E-05;0,00000E+00;9,59300E-05;0,00000E+00;0,00000E+00;0,00000E+00;0,00000E+00;0,00000E+00;8,27840E-05;1,05048E-04;2,02505E-04;0,00000E+00;2,65552E-05;0,00000E+00;5,78952E-05;4,51571E-05;2,42058E-04
390;4,26668E-05;1,97610E-04;1,40800E-04;4,31460E-04;5,30766E-04;1,00014E-03;8,21757E-04;1,25429E-03;7,92150E-04;1,08084E-03;2,19277E-03;3,88964E-04;3,30970E-03;2,12328E-03;8,40621E-04;3,31376E-03;1,20396E-03;9,42323E-04;1,80396E-03;1,76101E-03;0,00000E+00;0,00000E+00;1,71669E-05;0,00000E+00;0,00000E+00;0,00000E+00;2,01685E-05;0,00000E+00;7,84152E-05;6,09896E-05;0,00000E+00;1,21011E-04;4,08027E-04;0,00000E+00;1,02316E-03;4,31897E-05;9,15851E-05;1,21979E-04;8,52426E-05;1,74256E-05;2,48420E-05;0,00000E+00;8,23895E-05;2,03332E-05;0,00000E+00;7,58250E-06;1,44872E-05;0,00000E+00;0,00000E+00;0,00000E+00;0,00000E+00;1,49646E-04;4,53112E-04;5,32827E-05;8,31797E-05;0,00000E+00;0,00000E+00;0,00000E+00;0,00000E+00;6,36900E-05
391;3,59590E-05;8,96714E-05;6,08444E-04;2,28807E-04;8,37923E-04;3,21130E-04;7,50029E-04;1,75556E-03;1,80796E-03;2,56121E-03;5,08734E-04;1,51625E-03;1,54539E-03;7,80054E-06;2,84485E-05;4,22581E-03;7,12448E-05;0,00000E+00;6,83984E-03;2,57348E-03;0,00000E+00;0,00000E+00;1,28381E-04;0,00000E+00;0,00000E+00;0,00000E+00;1,10508E-06;0,00000E+00;1,52334E-04;2,64392E-04;0,00000E+00;0,00000E+00;1,76280E-05;4,31700E-04;1,33682E-05;0,00000E+00;5,23719E-04;1,03465E-04;1,98338E-04;0,00000E+00;2,75447E-05;0,00000E+00;0,00000E+00;0,00000E+00;0,00000E+00;0,00000E+00;0,00000E+00;0,00000E+00;0,00000E+00;0,00000E+00;2,45774E-04;0,00000E+00;0,00000E+00;4,09529E-04;9,53716E-05;0,00000E+00;0,00000E+00;1,83440E-04;2,01274E-05;4,65295E-06
392;1,13450E-04;4,69986E-04;6,06138E-04;8,68782E-04;4,55726E-04;9,77054E-04;1,82873E-03;3,15772E-04;2,02512E-03;9,07477E-04;8,61977E-04;8,79023E-04;1,95072E-03;3,35347E-04;1,19073E-03;5,60070E-03;2,30834E-03;1,25749E-04;2,61173E-03;4,49094E-03;0,00000E+00;0,00000E+00;1,12064E-05;0,00000E+00;7,96265E-05;0,00000E+00;2,99532E-05;0,00000E+00;3,03155E-04;5,43471E-04;0,00000E+00;0,00000E+00;4,77809E-04;0,00000E+00;4,86220E-04;1,31571E-04;2,72035E-04;1,55277E-04;3,73394E-04;0,00000E+00;0,00000E+00;0,00000E+00;0,00000E+00;4,42443E-06;0,00000E+00;0,00000E+00;5,79973E-05;0,00000E+00;0,00000E+00;0,00000E+00;8,43202E-05;0,00000E+00;0,00000E+00;5,69755E-04;0,00000E+00;0,00000E+00;7,35255E-05;0,00000E+00;6,34369E-04;1,26119E-04
393;6,33426E-05;4,74749E-04;5,65477E-04;4,14488E-04;1,18871E-03;1,28407E-03;1,05320E-03;1,15561E-03;2,57856E-03;1,40065E-03;2,61910E-03;1,81747E-03;1,35873E-03;1,15651E-03;1,98356E-03;2,17994E-03;9,34259E-04;3,64533E-03;1,77246E-03;2,13191E-03;0,00000E+00;0,00000E+00;9,60537E-05;0,00000E+00;1,97197E-04;0,00000E+00;0,00000E+00;0,00000E+00;3,66223E-04;2,07990E-05;0,00000E+00;5,25227E-05;0,00000E+00;0,00000E+00;3,06778E-04;3,94572E-04;0,00000E+00;2,49588E-04;7,32447E-04;0,00000E+00;0,00000E+00;0,00000E+00;3,73338E-05;2,71369E-05;0,00000E+00;1,20672E-04;1,43632E-04;0,00000E+00;0,00000E+00;0,00000E+00;1,12684E-04;0,00000E+00;0,00000E+00;1,14476E-04;5,41217E-05;0,00000E+00;1,82088E-04;0,00000E+00;2,19949E-04;0,00000E+00
394;1,36181E-04;2,54495E-04;1,82453E-04;5,37549E-04;1,10225E-03;1,01884E-03;2,91612E-04;8,65103E-04;1,80653E-03;1,15590E-03;2,91852E-03;2,54719E-03;2,84484E-03;2,53924E-03;1,84626E-03;2,15531E-03;2,32111E-03;5,39897E-03;1,66734E-03;5,14430E-03;0,00000E+00;0,00000E+00;5,96589E-05;1,05376E-04;0,00000E+00;0,00000E+00;0,00000E+00;0,00000E+00;0,00000E+00;1,81673E-05;0,00000E+00;1,59496E-04;0,00000E+00;0,00000E+00;0,00000E+00;6,00374E-05;0,00000E+00;2,18008E-04;6,59898E-04;4,19935E-04;9,15789E-06;0,00000E+00;6,57431E-05;2,57993E-05;0,00000E+00;2,09820E-04;4,07822E-05;0,00000E+00;0,00000E+00;0,00000E+00;0,00000E+00;5,99907E-05;0,00000E+00;9,99914E-05;1,25326E-04;0,00000E+00;0,00000E+00;0,00000E+00;0,00000E+00;0,00000E+00
395;1,53234E-04;1,25761E-04;7,51062E-05;5,65797E-04;2,94209E-04;1,12337E-03;4,47636E-04;8,48887E-04;1,62377E-03;1,52215E-03;2,38977E-03;2,60534E-03;3,29462E-03;2,72583E-03;1,27907E-03;4,03909E-03;2,37060E-03;7,02104E-04;1,47370E-03;4,31237E-03;0,00000E+00;0,00000E+00;0,00000E+00;2,97499E-05;0,00000E+00;1,79353E-04;0,00000E+00;1,01301E-04;0,00000E+00;0,00000E+00;0,00000E+00;3,20769E-05;0,00000E+00;0,00000E+00;0,00000E+00;0,00000E+00;0,00000E+00;3,87915E-04;1,86303E-04;5,06472E-04;1,62510E-05;0,00000E+00;9,35415E-06;3,29378E-06;0,00000E+00;1,30756E-04;1,15137E-05;1,03975E-04;0,00000E+00;0,00000E+00;0,00000E+00;5,57282E-05;2,24021E-05;0,00000E+00;1,22976E-04;0,00000E+00;0,00000E+00;0,00000E+00;2,12009E-04;0,00000E+00
396;2,35152E-04;3,85283E-04;6,84982E-04;9,63569E-04;9,85788E-04;6,89201E-04;2,32796E-03;2,59466E-04;9,23682E-05;7,81404E-04;1,12080E-03;4,02338E-03;2,59067E-03;3,04025E-03;4,49606E-03;3,14640E-03;5,44875E-03;6,43073E-03;5,66491E-03;3,15618E-03;0,00000E+00;0,00000E+00;4,54986E-05;3,85341E-04;0,00000E+00;2,13533E-04;0,00000E+00;1,84796E-05;2,30921E-04;0,00000E+00;6,20015E-06;1,32263E-04;0,00000E+00;0,00000E+00;0,00000E+00;7,05810E-04;0,00000E+00;0,00000E+00;1,84736E-04;0,00000E+00;0,00000E+00;0,00000E+00;1,46563E-06;0,00000E+00;0,00000E+00;6,12883E-05;0,00000E+00;3,00632E-04;0,00000E+00;0,00000E+00;5,30733E-06;0,00000E+00;2,66713E-04;0,00000E+00;5,10753E-04;1,27229E-04;0,00000E+00;0,00000E+00;0,00000E+00;0,00000E+00
397;1,87739E-04;5,15816E-04;5,06322E-04;2,39698E-04;7,40158E-04;4,40746E-04;1,35489E-03;1,84628E-03;1,99896E-05;2,17365E-03;9,45487E-04;1,02053E-03;2,14562E-03;1,56583E-03;1,98041E-03;3,83618E-03;4,47779E-03;2,21758E-03;3,43295E-03;4,73270E-03;0,00000E+00;0,00000E+00;2,95394E-05;8,77816E-06;0,00000E+00;0,00000E+00;0,00000E+00;7,54648E-04;0,00000E+00;2,99844E-05;2,53195E-04;6,38529E-04;0,00000E+00;0,00000E+00;0,00000E+00;9,08048E-04;1,75102E-05;0,00000E+00;0,00000E+00;0,00000E+00;3,99045E-06;0,00000E+00;5,98517E-05;1,16626E-05;0,00000E+00;3,98446E-04;0,00000E+00;0,00000E+00;5,91509E-05;0,00000E+00;2,66709E-04;0,00000E+00;0,00000E+00;0,00000E+00;0,00000E+00;0,00000E+00;0,00000E+00;0,00000E+00;0,00000E+00;0,00000E+00
398;1,46513E-04;9,17817E-04;2,72180E-04;7,88672E-05;8,12130E-04;5,81024E-04;1,85380E-03;1,87418E-03;2,43861E-04;2,96888E-03;1,94199E-03;2,72306E-03;2,62238E-03;3,48513E-03;1,61576E-03;3,60472E-03;4,89703E-03;2,90601E-03;6,17081E-03;4,51988E-03;0,00000E+00;3,63002E-05;7,93499E-05;1,57193E-04;0,00000E+00;0,00000E+00;0,00000E+00;2,97960E-04;0,00000E+00;1,94644E-04;0,00000E+00;9,60427E-05;0,00000E+00;0,00000E+00;4,43757E-04;3,54904E-04;4,70365E-05;0,00000E+00;0,00000E+00;7,60658E-05;1,07193E-05;0,00000E+00;2,62571E-06;3,13284E-05;2,37706E-05;2,81031E-04;0,00000E+00;6,55338E-05;1,58894E-04;3,80329E-05;1,43751E-04;0,00000E+00;0,00000E+00;0,00000E+00;0,00000E+00;1,83354E-04;0,00000E+00;4,28299E-05;5,93893E-05;0,00000E+00
399;1,99968E-04;4,87882E-04;3,41576E-04;9,78935E-04;8,95204E-04;9,79237E-04;1,09581E-03;1,06905E-03;1,12880E-03;3,06436E-03;2,44387E-03;2,27917E-03;1,77844E-03;3,83027E-03;2,71852E-03;5,50054E-03;6,52672E-03;6,33094E-03;3,08192E-03;6,34669E-03;0,00000E+00;8,72393E-05;5,51511E-05;1,24438E-04;0,00000E+00;0,00000E+00;0,00000E+00;2,77500E-04;0,00000E+00;1,06264E-04;0,00000E+00;8,94480E-05;0,00000E+00;0,00000E+00;4,13286E-04;9,25018E-05;0,00000E+00;0,00000E+00;3,35893E-04;6,86646E-04;0,00000E+00;0,00000E+00;2,44542E-06;0,00000E+00;2,21384E-05;9,19767E-05;1,33200E-04;6,10340E-05;0,00000E+00;3,54214E-05;8,85535E-06;0,00000E+00;0,00000E+00;0,00000E+00;0,00000E+00;2,28597E-04;1,20616E-04;1,23946E-04;5,53114E-05;0,00000E+00
400;2,64233E-04;2,23670E-04;7,67431E-04;1,55043E-03;2,12191E-03;8,28122E-04;1,75046E-03;1,77947E-03;2,19198E-03;2,03647E-03;1,91984E-03;3,96415E-03;3,19733E-03;5,47798E-03;2,70624E-03;9,93489E-04;5,31858E-03;4,71240E-03;3,11272E-03;2,78639E-03;0,00000E+00;1,63384E-05;1,68642E-05;0,00000E+00;2,74178E-04;0,00000E+00;8,46228E-05;3,50042E-04;0,00000E+00;0,00000E+00;2,98948E-04;0,00000E+00;1,49988E-04;0,00000E+00;1,70615E-04;2,82853E-05;0,00000E+00;5,11799E-04;1,02710E-04;1,88301E-04;0,00000E+00;0,00000E+00;8,58100E-05;7,10950E-05;1,64507E-04;3,36243E-05;6,55820E-05;0,00000E+00;0,00000E+00;0,00000E+00;0,00000E+00;0,00000E+00;1,68894E-04;0,00000E+00;2,37816E-05;1,76842E-05;3,68823E-05;8,05936E-05;0,00000E+00;0,00000E+00
401;1,20936E-04;2,30962E-04;4,11919E-04;8,23099E-04;1,65509E-03;8,79397E-04;2,10605E-03;1,02505E-03;1,25476E-03;1,62440E-03;3,12607E-03;2,11617E-03;4,50860E-03;1,73116E-03;1,17184E-03;5,39912E-03;1,10656E-02;5,68643E-03;6,90552E-03;6,43065E-03;6,38027E-07;7,65480E-07;2,49408E-04;3,89956E-05;0,00000E+00;1,43028E-06;0,00000E+00;0,00000E+00;1,44363E-06;4,58440E-05;2,11273E-04;5,69725E-05;3,94867E-06;0,00000E+00;0,00000E+00;5,96346E-07;0,00000E+00;2,69290E-04;0,00000E+00;2,66402E-04;0,00000E+00;4,31949E-05;0,00000E+00;6,08651E-05;0,00000E+00;3,86404E-05;2,27605E-04;0,00000E+00;2,44104E-06;1,44363E-06;0,00000E+00;0,00000E+00;5,13034E-04;0,00000E+00;1,15536E-04;0,00000E+00;0,00000E+00;5,33338E-04;0,00000E+00;0,00000E+00
402;2,41273E-04;7,20423E-04;7,42248E-04;1,37049E-03;1,60904E-03;1,10718E-03;1,98583E-03;1,82814E-03;1,69380E-03;3,17642E-03;2,23679E-03;3,21979E-03;4,97445E-03;4,93637E-03;5,02142E-03;1,26179E-03;2,84916E-03;5,45307E-03;5,07773E-03;5,87889E-03;6,22973E-05;9,02357E-05;1,62431E-04;1,20297E-05;9,13132E-06;1,39654E-04;0,00000E+00;0,00000E+00;3,60109E-04;1,40957E-04;3,70506E-04;1,81224E-04;3,85550E-04;1,34442E-05;0,00000E+00;1,78932E-04;0,00000E+00;3,00177E-04;1,64364E-04;5,47879E-05;0,00000E+00;5,63738E-05;1,00865E-05;5,35501E-05;9,13132E-06;0,00000E+00;2,28412E-04;0,00000E+00;2,57645E-04;1,40957E-04;0,00000E+00;1,82626E-05;2,03507E-05;0,00000E+00;1,24745E-04;0,00000E+00;0,00000E+00;0,00000E+00;5,70351E-05;0,00000E+00
403;5,29942E-05;7,12841E-04;4,82074E-04;4,58506E-04;1,99522E-03;1,58281E-03;1,56456E-03;3,39527E-03;3,15008E-03;2,36684E-03;2,92342E-03;2,17371E-03;3,76752E-03;5,45460E-03;5,10179E-03;5,38627E-03;2,71446E-03;7,53815E-03;8,01121E-03;3,38777E-03;0,00000E+00;4,44777E-05;3,44318E-05;3,45331E-05;2,62129E-05;1,05403E-04;1,09452E-04;0,00000E+00;6,46842E-04;0,00000E+00;0,00000E+00;6,00595E-04;0,00000E+00;3,85938E-05;0,00000E+00;3,46503E-04;0,00000E+00;5,24259E-05;5,78220E-04;4,76439E-04;0,00000E+00;1,27644E-05;2,89550E-05;5,98228E-05;3,06457E-05;0,00000E+00;4,38412E-04;0,00000E+00;5,54044E-05;0,00000E+00;0,00000E+00;5,24259E-05;0,00000E+00;0,00000E+00;3,58100E-04;0,00000E+00;8,91397E-05;0,00000E+00;2,32948E-04;0,00000E+00
404;1,69890E-04;5,93537E-04;6,18766E-04;8,66491E-04;1,32032E-03;1,63479E-03;1,99798E-03;2,34268E-03;3,11156E-03;2,19282E-03;3,25078E-03;3,86275E-03;5,21979E-03;4,40318E-03;3,43002E-03;6,92553E-03;3,41554E-03;8,02424E-03;7,06444E-03;4,66841E-03;0,00000E+00;0,00000E+00;0,00000E+00;0,00000E+00;0,00000E+00;2,06648E-04;1,07034E-04;1,59248E-04;1,21879E-04;0,00000E+00;5,80096E-04;6,91385E-04;0,00000E+00;7,69578E-05;0,00000E+00;0,00000E+00;0,00000E+00;3,65888E-04;4,69925E-04;5,21191E-04;8,59304E-06;1,24825E-05;1,44344E-05;2,36050E-05;4,33489E-06;6,82333E-05;1,23770E-04;0,00000E+00;0,00000E+00;0,00000E+00;0,00000E+00;0,00000E+00;0,00000E+00;1,11879E-04;0,00000E+00;0,00000E+00;8,71711E-05;0,00000E+00;6,76904E-05;0,00000E+00
405;3,19903E-04;5,80546E-04;1,08237E-03;1,41245E-03;1,51297E-03;2,48154E-03;1,97592E-03;3,83238E-03;3,49119E-03;3,85205E-03;2,90740E-03;3,78044E-03;5,33742E-03;4,45025E-03;5,78174E-03;9,12802E-03;6,41585E-03;3,76167E-03;7,65380E-03;5,18516E-03;0,00000E+00;4,37209E-05;6,76918E-05;1,20695E-04;0,00000E+00;3,42981E-05;0,00000E+00;5,01323E-04;2,06397E-04;0,00000E+00;1,19548E-03;2,50338E-04;1,40957E-04;2,54845E-05;0,00000E+00;0,00000E+00;0,00000E+00;1,49540E-03;1,21164E-04;1,09991E-03;3,65244E-06;0,00000E+00;4,77993E-06;1,13584E-04;0,00000E+00;2,25954E-05;1,16777E-05;0,00000E+00;0,00000E+00;0,00000E+00;0,00000E+00;1,20245E-04;1,98405E-05;3,70486E-05;0,00000E+00;0,00000E+00;0,00000E+00;0,00000E+00;0,00000E+00;1,39522E-04
406;1,65027E-04;7,34771E-04;8,09145E-04;1,27974E-03;1,32915E-03;2,89173E-03;2,62394E-03;1,89695E-03;3,93994E-03;3,77077E-03;3,33962E-03;3,02161E-03;5,81069E-03;4,08460E-03;7,53192E-03;8,05431E-03;5,68666E-03;6,37977E-03;1,44379E-03;8,98161E-03;4,36824E-05;1,97818E-07;1,43218E-05;5,46093E-07;0,00000E+00;0,00000E+00;0,00000E+00;2,02967E-06;8,61374E-05;0,00000E+00;3,03700E-04;5,88809E-07;1,75748E-04;0,00000E+00;4,64780E-04;0,00000E+00;6,72952E-04;9,45180E-04;0,00000E+00;1,02899E-03;3,80934E-05;0,00000E+00;4,12516E-05;5,13919E-07;1,49380E-04;0,00000E+00;5,28367E-08;1,79768E-04;0,00000E+00;0,00000E+00;0,00000E+00;5,44059E-07;1,47976E-04;4,43714E-04;1,94354E-04;2,93940E-05;0,00000E+00;6,72885E-04;0,00000E+00;6,31276E-07
407;2,84654E-04;6,22763E-04;7,73677E-04;1,30244E-03;1,62410E-03;2,35294E-03;3,03176E-03;3,06381E-03;3,68754E-03;3,66229E-03;2,85477E-03;4,13716E-03;5,24872E-03;5,33436E-03;6,65958E-03;9,99606E-03;7,60170E-03;8,83733E-03;1,18245E-02;8,27583E-03;0,00000E+00;6,84129E-05;0,00000E+00;0,00000E+00;6,60010E-05;3,33457E-04;5,09267E-05;5,02706E-05;0,00000E+00;4,01975E-04;7,71040E-05;0,00000E+00;2,92682E-04;0,00000E+00;2,49891E-04;2,72641E-05;0,00000E+00;2,19674E-04;8,25013E-05;6,60010E-05;0,00000E+00;0,00000E+00;0,00000E+00;0,00000E+00;4,12506E-06;1,43597E-05;1,27781E-04;0,00000E+00;0,00000E+00;0,00000E+00;0,00000E+00;1,54319E-04;1,42934E-05;0,00000E+00;4,72170E-04;0,00000E+00;0,00000E+00;5,14912E-05;0,00000E+00;8,35602E-05
408;3,79973E-04;8,38598E-04;6,44905E-04;1,77685E-03;2,33204E-03;3,26541E-03;2,86194E-03;4,45021E-03;5,24156E-03;5,21637E-03;3,82384E-03;5,90989E-03;6,96217E-03;7,49117E-03;7,99805E-03;7,50658E-03;8,12191E-03;9,20343E-03;8,60725E-03;9,09259E-03;0,00000E+00;5,42608E-05;1,08076E-04;6,50364E-05;2,12891E-04;5,06926E-05;1,57919E-04;2,70478E-04;1,64557E-04;1,09660E-04;6,81242E-04;0,00000E+00;3,49875E-05;1,93824E-04;6,11393E-04;8,45435E-05;2,88291E-05;5,84942E-04;2,55829E-04;6,32510E-04;0,00000E+00;0,00000E+00;4,99868E-05;0,00000E+00;1,69053E-05;4,45281E-05;3,47830E-05;0,00000E+00;4,86936E-05;8,22783E-05;0,00000E+00;0,00000E+00;1,48857E-04;0,00000E+00;1,49783E-04;0,00000E+00;0,00000E+00;1,48249E-04;0,00000E+00;6,68277E-05
409;4,26904E-04;8,92747E-04;1,39842E-03;2,05310E-03;2,28927E-03;3,14465E-03;3,38385E-03;4,68624E-03;3,71306E-03;5,41699E-03;4,95042E-03;7,33694E-03;7,42747E-03;7,02743E-03;9,51779E-03;9,26948E-03;6,75992E-03;8,99773E-03;1,05616E-02;1,39557E-02;0,00000E+00;9,90622E-05;1,12690E-04;6,78131E-05;8,57911E-06;1,62365E-04;0,00000E+00;1,19486E-04;1,71582E-04;2,30973E-04;5,18462E-04;0,00000E+00;0,00000E+00;2,02099E-04;3,47008E-04;0,00000E+00;3,00600E-05;3,43165E-04;1,96656E-04;6,42770E-04;0,00000E+00;0,00000E+00;5,21210E-05;2,86838E-05;4,28956E-06;2,13930E-05;1,67111E-05;0,00000E+00;5,07726E-05;2,33283E-04;0,00000E+00;1,84365E-04;1,08998E-04;0,00000E+00;0,00000E+00;0,00000E+00;0,00000E+00;2,65308E-04;3,83854E-05;6,96809E-05
410;3,65925E-04;8,93745E-04;2,17294E-03;1,88524E-03;3,03004E-03;2,87043E-03;4,11519E-03;3,23498E-03;5,33647E-03;4,91070E-03;6,81486E-03;5,34693E-03;7,82032E-03;9,40810E-03;1,22597E-02;1,04169E-02;8,59408E-03;1,10362E-02;1,33789E-02;1,92720E-02;0,00000E+00;8,36148E-05;1,59677E-04;0,00000E+00;0,00000E+00;4,43565E-04;0,00000E+00;2,25743E-04;2,59333E-04;1,67697E-04;2,05744E-05;0,00000E+00;0,00000E+00;9,54554E-05;0,00000E+00;0,00000E+00;0,00000E+00;3,89000E-04;7,04466E-05;2,64946E-04;1,59877E-05;0,00000E+00;6,26633E-05;1,02752E-05;0,00000E+00;7,66346E-06;5,98629E-06;0,00000E+00;0,00000E+00;3,44585E-04;0,00000E+00;1,14669E-04;0,00000E+00;0,00000E+00;0,00000E+00;0,00000E+00;0,00000E+00;3,96659E-05;1,37505E-05;0,00000E+00
411;3,46680E-04;1,17198E-03;1,50027E-03;2,05773E-03;2,97646E-03;4,08167E-03;4,69755E-03;4,10671E-03;5,46385E-03;4,48572E-03;7,57389E-03;7,80577E-03;1,04034E-02;1,18453E-02;1,20408E-02;1,41335E-02;1,52124E-02;1,63642E-02;1,70619E-02;1,98235E-02;0,00000E+00;9,79884E-07;3,25099E-06;0,00000E+00;1,00238E-04;7,84669E-06;0,00000E+00;1,15636E-03;5,27995E-06;1,62361E-04;2,34202E-04;1,11376E-03;0,00000E+00;1,94344E-06;1,18514E-03;0,00000E+00;1,40488E-04;7,91993E-06;4,81144E-04;8,41506E-05;3,25505E-07;0,00000E+00;9,53911E-05;1,01369E-04;0,00000E+00;0,00000E+00;0,00000E+00;0,00000E+00;0,00000E+00;5,93994E-06;0,00000E+00;9,89991E-07;0,00000E+00;4,90403E-05;0,00000E+00;0,00000E+00;0,00000E+00;0,00000E+00;0,00000E+00;0,00000E+00
412;5,62371E-04;9,04222E-04;1,45638E-03;2,52676E-03;3,77864E-03;4,42263E-03;4,84256E-03;5,81624E-03;5,48131E-03;6,93844E-03;8,12504E-03;1,06260E-02;9,11526E-03;1,06810E-02;1,15982E-02;1,08767E-02;1,42551E-02;1,72055E-02;1,95059E-02;1,47626E-02;0,00000E+00;3,11105E-06;1,41483E-04;1,74645E-04;0,00000E+00;3,39088E-05;0,00000E+00;3,58473E-04;9,94253E-05;1,72765E-04;2,88155E-04;0,00000E+00;2,31071E-04;0,00000E+00;3,42283E-05;0,00000E+00;0,00000E+00;0,00000E+00;2,86858E-04;1,46680E-05;0,00000E+00;0,00000E+00;9,11382E-06;1,28906E-05;0,00000E+00;1,05755E-04;2,47831E-04;0,00000E+00;0,00000E+00;4,97127E-05;1,15996E-04;9,56195E-05;1,82763E-04;1,01339E-04;0,00000E+00;0,00000E+00;0,00000E+00;0,00000E+00;0,00000E+00;0,00000E+00
413;5,74354E-04;1,14226E-03;2,29814E-03;3,07318E-03;4,33799E-03;5,36224E-03;5,99910E-03;6,26461E-03;7,72239E-03;8,28172E-03;8,79484E-03;1,04152E-02;1,11460E-02;1,29161E-02;1,43377E-02;1,70400E-02;1,70636E-02;1,99976E-02;1,93073E-02;2,20747E-02;0,00000E+00;7,12555E-05;0,00000E+00;0,00000E+00;4,52297E-05;1,14433E-04;6,97989E-05;5,75250E-04;0,00000E+00;3,53039E-04;5,78277E-05;0,00000E+00;7,21311E-04;3,32963E-04;1,15511E-04;0,00000E+00;0,00000E+00;0,00000E+00;6,58841E-04;4,95005E-05;0,00000E+00;0,00000E+00;4,32470E-05;0,00000E+00;0,00000E+00;0,00000E+00;2,04984E-05;4,61834E-05;0,00000E+00;6,78446E-05;0,00000E+00;1,21616E-04;1,00053E-04;1,84400E-05;0,00000E+00;0,00000E+00;0,00000E+00;0,00000E+00;0,00000E+00;0,00000E+00
414;6,41266E-04;1,25926E-03;2,39318E-03;3,25752E-03;4,55484E-03;5,14666E-03;6,40506E-03;7,32218E-03;8,87853E-03;9,41206E-03;1,18539E-02;1,33997E-02;1,31487E-02;1,43287E-02;1,67354E-02;2,12057E-02;1,90731E-02;1,99263E-02;2,41788E-02;2,59647E-02;0,00000E+00;6,65371E-05;0,00000E+00;0,00000E+00;4,95330E-05;0,00000E+00;7,64399E-05;2,55673E-04;8,96770E-05;1,37996E-04;0,00000E+00;5,66143E-05;2,70968E-04;3,64642E-04;0,00000E+00;0,00000E+00;1,17831E-04;0,00000E+00;3,96264E-04;0,00000E+00;0,00000E+00;1,79325E-06;1,36786E-05;0,00000E+00;2,24193E-05;4,55253E-05;2,24487E-05;1,53591E-04;0,00000E+00;1,19138E-04;0,00000E+00;3,59761E-05;0,00000E+00;2,01945E-05;8,75069E-05;4,63208E-05;0,00000E+00;0,00000E+00;0,00000E+00;0,00000E+00
415;5,42534E-04;1,49465E-03;2,95580E-03;3,50831E-03;5,15476E-03;5,52220E-03;7,93497E-03;7,91160E-03;1,00716E-02;1,17292E-02;1,41283E-02;1,61909E-02;1,63134E-02;1,78102E-02;1,95091E-02;2,42091E-02;2,29926E-02;2,41739E-02;2,76503E-02;2,87725E-02;0,00000E+00;0,00000E+00;0,00000E+00;0,00000E+00;0,00000E+00;1,37507E-04;0,00000E+00;3,79727E-05;3,48984E-05;1,57429E-04;0,00000E+00;2,20319E-05;0,00000E+00;2,18941E-04;4,62677E-05;0,00000E+00;4,58547E-05;5,35336E-04;4,16372E-04;5,94818E-05;2,79391E-06;6,97857E-07;0,00000E+00;7,51909E-05;8,72461E-06;1,77165E-05;0,00000E+00;4,00886E-05;7,54334E-05;1,74492E-05;0,00000E+00;4,36231E-06;3,43508E-05;0,00000E+00;1,30791E-04;1,80261E-05;1,70876E-04;0,00000E+00;1,62544E-04;0,00000E+00
416;7,88950E-04;1,72467E-03;3,07003E-03;4,90635E-03;5,98270E-03;8,00462E-03;8,12807E-03;9,26424E-03;1,25501E-02;1,41582E-02;1,50491E-02;1,76613E-02;1,70101E-02;2,25830E-02;2,15341E-02;2,43043E-02;2,77722E-02;3,05071E-02;3,11849E-02;3,32858E-02;0,00000E+00;0,00000E+00;1,82777E-04;0,00000E+00;7,42125E-05;1,52275E-04;0,00000E+00;0,00000E+00;0,00000E+00;5,64809E-06;1,73394E-04;0,00000E+00;0,00000E+00;8,31580E-06;1,27173E-03;8,58373E-04;1,30015E-04;2,03331E-05;1,64849E-03;7,44384E-04;4,45504E-05;0,00000E+00;0,00000E+00;2,85590E-06;1,48425E-04;0,00000E+00;0,00000E+00;0,00000E+00;2,86511E-06;0,00000E+00;0,00000E+00;0,00000E+00;3,44167E-04;0,00000E+00;3,67427E-06;0,00000E+00;1,39736E-04;2,78575E-04;6,17374E-06;2,41106E-04
417;8,63968E-04;2,17521E-03;3,52166E-03;5,41489E-03;6,40118E-03;7,98367E-03;1,05575E-02;1,11741E-02;1,36719E-02;1,54858E-02;1,82828E-02;1,79877E-02;2,19414E-02;2,55297E-02;2,49078E-02;2,85882E-02;3,28768E-02;3,51698E-02;3,38189E-02;4,00904E-02;1,17955E-06;1,66810E-04;0,00000E+00;1,18869E-04;0,00000E+00;6,23362E-05;0,00000E+00;1,91690E-04;0,00000E+00;0,00000E+00;0,00000E+00;2,78047E-04;1,90714E-04;1,11990E-04;1,95762E-04;0,00000E+00;0,00000E+00;1,00669E-03;1,39450E-04;3,80319E-05;8,93194E-07;6,54243E-05;4,37607E-06;0,00000E+00;6,30937E-05;0,00000E+00;0,00000E+00;1,44820E-04;1,75758E-04;6,94909E-05;0,00000E+00;1,90159E-05;7,26704E-05;0,00000E+00;1,22791E-04;0,00000E+00;0,00000E+00;9,44715E-05;0,00000E+00;0,00000E+00
418;8,95122E-04;2,45659E-03;4,12842E-03;6,59674E-03;7,76882E-03;9,09962E-03;1,15747E-02;1,39598E-02;1,55476E-02;1,78403E-02;1,97875E-02;2,22037E-02;2,55679E-02;2,77675E-02;3,20721E-02;3,22138E-02;3,88342E-02;3,74275E-02;4,22173E-02;4,85725E-02;4,41633E-06;0,00000E+00;0,00000E+00;6,71950E-05;0,00000E+00;1,17090E-04;0,00000E+00;0,00000E+00;0,00000E+00;1,36365E-05;0,00000E+00;5,16534E-05;7,14051E-04;4,19301E-04;2,12142E-05;1,80258E-04;0,00000E+00;2,72730E-05;5,22114E-04;2,78760E-04;6,22653E-06;0,00000E+00;1,63844E-05;1,32599E-05;8,89967E-05;0,00000E+00;0,00000E+00;1,36310E-04;1,79530E-04;1,42395E-04;0,00000E+00;7,11974E-05;1,57502E-05;0,00000E+00;0,00000E+00;0,00000E+00;1,95871E-05;0,00000E+00;4,25875E-05;0,00000E+00
419;1,11488E-03;3,04306E-03;4,85305E-03;6,89522E-03;9,50437E-03;1,07061E-02;1,33034E-02;1,64998E-02;1,81491E-02;2,11285E-02;2,30580E-02;2,63137E-02;2,93508E-02;3,20073E-02;3,76447E-02;3,75121E-02;4,14297E-02;4,38016E-02;4,90859E-02;4,99668E-02;0,00000E+00;1,32147E-05;0,00000E+00;4,26285E-05;0,00000E+00;1,38921E-04;2,56398E-04;1,98860E-04;0,00000E+00;1,61790E-05;0,00000E+00;6,12839E-05;0,00000E+00;3,05775E-05;2,51695E-05;2,13866E-04;0,00000E+00;3,23579E-05;0,00000E+00;4,94081E-04;1,85400E-05;0,00000E+00;0,00000E+00;1,97711E-05;5,19205E-06;0,00000E+00;9,17698E-05;0,00000E+00;2,22539E-04;0,00000E+00;0,00000E+00;0,00000E+00;1,86867E-05;0,00000E+00;0,00000E+00;0,00000E+00;2,32389E-05;0,00000E+00;5,05276E-05;0,00000E+00
420;1,27367E-03;3,52636E-03;5,72559E-03;7,56372E-03;1,00783E-02;1,27791E-02;1,67526E-02;1,82555E-02;1,98457E-02;2,32744E-02;2,77985E-02;2,96101E-02;3,32847E-02;3,79235E-02;4,09653E-02;4,30986E-02;4,89857E-02;5,20798E-02;5,58805E-02;5,67879E-02;2,56674E-05;5,56523E-06;0,00000E+00;7,26848E-05;0,00000E+00;0,00000E+00;1,07979E-04;1,79800E-04;0,00000E+00;0,00000E+00;2,90043E-04;0,00000E+00;0,00000E+00;5,34933E-05;0,00000E+00;1,82329E-04;0,00000E+00;0,00000E+00;4,96554E-04;1,39941E-04;6,36774E-06;1,03708E-04;0,00000E+00;1,70096E-06;5,73592E-05;8,00253E-06;1,88675E-04;5,28150E-05;5,91567E-05;0,00000E+00;2,34484E-04;0,00000E+00;0,00000E+00;1,68703E-05;0,00000E+00;0,00000E+00;0,00000E+00;0,00000E+00;0,00000E+00;0,00000E+00
421;1,45409E-03;3,33258E-03;6,36228E-03;9,13814E-03;1,14667E-02;1,50406E-02;1,77050E-02;2,17790E-02;2,42919E-02;2,86456E-02;3,19532E-02;3,56933E-02;3,81530E-02;3,92996E-02;4,72287E-02;5,11149E-02;5,34717E-02;6,15588E-02;6,68324E-02;6,82048E-02;7,84904E-06;0,00000E+00;0,00000E+00;4,12492E-06;0,00000E+00;0,00000E+00;0,00000E+00;4,53981E-04;0,00000E+00;1,03054E-04;1,64602E-05;0,00000E+00;7,04693E-04;6,59797E-04;0,00000E+00;1,20232E-03;1,20362E-04;0,00000E+00;6,46506E-04;0,00000E+00;0,00000E+00;5,88551E-06;0,00000E+00;0,00000E+00;1,74888E-04;4,54150E-07;8,51418E-06;2,99729E-06;0,00000E+00;0,00000E+00;1,33071E-05;0,00000E+00;0,00000E+00;1,27002E-04;0,00000E+00;0,00000E+00;0,00000E+00;0,00000E+00;0,00000E+00;0,00000E+00
422;1,68868E-03;3,98573E-03;7,25559E-03;9,73510E-03;1,44204E-02;1,69319E-02;2,20644E-02;2,55834E-02;2,90579E-02;3,24812E-02;3,57953E-02;3,95245E-02;4,57444E-02;5,01295E-02;5,60860E-02;6,02135E-02;7,09856E-02;7,33686E-02;7,50418E-02;8,32495E-02;0,00000E+00;3,46650E-06;0,00000E+00;0,00000E+00;3,68104E-05;0,00000E+00;0,00000E+00;0,00000E+00;0,00000E+00;6,00746E-05;0,00000E+00;3,43936E-05;0,00000E+00;3,05453E-04;0,00000E+00;2,97792E-04;1,90888E-05;5,44794E-05;0,00000E+00;3,26877E-05;4,23263E-06;0,00000E+00;0,00000E+00;0,00000E+00;3,13993E-05;6,32159E-06;1,53147E-04;4,38072E-05;3,80926E-05;0,00000E+00;0,00000E+00;2,17918E-05;0,00000E+00;3,67384E-05;0,00000E+00;0,00000E+00;0,00000E+00;0,00000E+00;0,00000E+00;0,00000E+00
423;1,94069E-03;5,13622E-03;8,16833E-03;1,18180E-02;1,54295E-02;1,96840E-02;2,28552E-02;2,97094E-02;3,46367E-02;3,79201E-02;4,08298E-02;4,77710E-02;5,17459E-02;6,06293E-02;6,33804E-02;6,67992E-02;7,64871E-02;8,10849E-02;8,89823E-02;9,45675E-02;0,00000E+00;1,45334E-05;0,00000E+00;1,29974E-04;9,13630E-05;0,00000E+00;0,00000E+00;0,00000E+00;0,00000E+00;0,00000E+00;7,20346E-05;1,44197E-04;0,00000E+00;2,40773E-04;0,00000E+00;2,85282E-04;8,00307E-05;2,77737E-04;4,93293E-05;1,37045E-04;0,00000E+00;0,00000E+00;0,00000E+00;1,91868E-05;4,57903E-05;2,65036E-05;0,00000E+00;1,83664E-04;1,04264E-05;0,00000E+00;0,00000E+00;9,13630E-05;0,00000E+00;0,00000E+00;0,00000E+00;0,00000E+00;0,00000E+00;0,00000E+00;0,00000E+00;0,00000E+00
424;2,41379E-03;6,11883E-03;9,70021E-03;1,38190E-02;1,77575E-02;2,24033E-02;2,70121E-02;3,29085E-02;3,89979E-02;4,30920E-02;4,89371E-02;5,50772E-02;6,17740E-02;6,75506E-02;7,37013E-02;8,16954E-02;8,54439E-02;9,26030E-02;1,05538E-01;1,08166E-01;0,00000E+00;0,00000E+00;0,00000E+00;2,74548E-04;5,71470E-05;0,00000E+00;0,00000E+00;1,32653E-04;0,00000E+00;0,00000E+00;9,18913E-05;4,81036E-05;3,12620E-04;9,26489E-05;0,00000E+00;3,63921E-04;0,00000E+00;6,29272E-05;2,91515E-04;0,00000E+00;0,00000E+00;0,00000E+00;0,00000E+00;2,44757E-05;5,11283E-05;0,00000E+00;0,00000E+00;1,02116E-04;1,33005E-05;1,14294E-04;0,00000E+00;9,52450E-06;7,70057E-05;1,51441E-04;0,00000E+00;0,00000E+00;0,00000E+00;0,00000E+00;0,00000E+00;0,00000E+00
425;2,61221E-03;6,94191E-03;1,11113E-02;1,64774E-02;2,10959E-02;2,68335E-02;3,32825E-02;3,84113E-02;4,46945E-02;5,08758E-02;5,73427E-02;6,34914E-02;7,06130E-02;7,54578E-02;8,58993E-02;9,30745E-02;1,01219E-01;1,10834E-01;1,20903E-01;1,19747E-01;0,00000E+00;5,44216E-06;0,00000E+00;5,02072E-05;2,63843E-05;1,69476E-04;1,38589E-04;1,50586E-04;1,28294E-04;0,00000E+00;0,00000E+00;2,22090E-05;1,44334E-04;4,91112E-04;5,58839E-04;1,27191E-04;0,00000E+00;0,00000E+00;1,05537E-04;0,00000E+00;0,00000E+00;0,00000E+00;1,06285E-05;3,99202E-05;0,00000E+00;1,48867E-05;3,48861E-05;4,71461E-05;0,00000E+00;5,27686E-05;0,00000E+00;4,39738E-06;3,55529E-05;6,99192E-05;2,16994E-04;0,00000E+00;0,00000E+00;0,00000E+00;0,00000E+00;6,25212E-05
426;3,05295E-03;7,81218E-03;1,28053E-02;1,83772E-02;2,51644E-02;3,08764E-02;3,62361E-02;4,50686E-02;5,21376E-02;5,73260E-02;6,58089E-02;7,53170E-02;8,16119E-02;9,24326E-02;1,01252E-01;1,08566E-01;1,18075E-01;1,23094E-01;1,39123E-01;1,43414E-01;0,00000E+00;4,23038E-07;1,37691E-04;0,00000E+00;0,00000E+00;1,31740E-05;1,07730E-05;6,94477E-06;1,38987E-04;1,61268E-04;0,00000E+00;2,03621E-04;1,76442E-04;2,75613E-04;1,93970E-04;9,88701E-06;0,00000E+00;2,58028E-04;4,51549E-04;6,45071E-05;0,00000E+00;0,00000E+00;8,26192E-07;2,16370E-04;0,00000E+00;1,15719E-06;2,71181E-06;1,72901E-04;5,45376E-05;0,00000E+00;1,61268E-04;0,00000E+00;0,00000E+00;1,77521E-04;1,68677E-05;1,11066E-04;0,00000E+00;0,00000E+00;0,00000E+00;4,85999E-06
427;3,53863E-03;8,72416E-03;1,51068E-02;2,22004E-02;2,88410E-02;3,48154E-02;4,30552E-02;5,08352E-02;5,81121E-02;6,89086E-02;7,76552E-02;8,54088E-02;9,32813E-02;1,03592E-01;1,12873E-01;1,23309E-01;1,33439E-01;1,45082E-01;1,53307E-01;1,64318E-01;0,00000E+00;5,58811E-05;0,00000E+00;0,00000E+00;1,68084E-04;2,70057E-04;1,09186E-05;2,46353E-05;6,13188E-05;1,88673E-05;0,00000E+00;2,97780E-05;0,00000E+00;1,07753E-03;7,18302E-04;3,11753E-05;5,78448E-05;0,00000E+00;1,75645E-04;0,00000E+00;0,00000E+00;1,87325E-05;1,30256E-06;2,27726E-05;1,06129E-05;8,49218E-06;0,00000E+00;0,00000E+00;0,00000E+00;0,00000E+00;9,96148E-05;2,92742E-05;0,00000E+00;0,00000E+00;0,00000E+00;1,29940E-05;8,40972E-05;0,00000E+00;0,00000E+00;1,18885E-04
428;3,99218E-03;1,06180E-02;1,76688E-02;2,47997E-02;3,29529E-02;4,14360E-02;4,89379E-02;5,84717E-02;6,76334E-02;7,71696E-02;8,88141E-02;9,82426E-02;1,10675E-01;1,18000E-01;1,27536E-01;1,44633E-01;1,53349E-01;1,65077E-01;1,76938E-01;1,95429E-01;0,00000E+00;1,90964E-05;0,00000E+00;0,00000E+00;3,33986E-05;8,82394E-05;5,15410E-05;1,16290E-04;2,89455E-04;8,90629E-05;0,00000E+00;1,40567E-04;0,00000E+00;0,00000E+00;3,81025E-04;3,33125E-04;2,73056E-04;0,00000E+00;0,00000E+00;3,37633E-04;0,00000E+00;0,00000E+00;6,14872E-06;0,00000E+00;7,26068E-05;0,00000E+00;0,00000E+00;0,00000E+00;0,00000E+00;0,00000E+00;5,56643E-05;0,00000E+00;0,00000E+00;1,37652E-05;0,00000E+00;6,13381E-05;0,00000E+00;7,60436E-05;0,00000E+00;0,00000E+00
429;4,68111E-03;1,25825E-02;2,03097E-02;2,86055E-02;3,78218E-02;4,84800E-02;5,74136E-02;6,70383E-02;7,69048E-02;8,93934E-02;1,02361E-01;1,12084E-01;1,29182E-01;1,36340E-01;1,47733E-01;1,64945E-01;1,77625E-01;1,92025E-01;2,09653E-01;2,19539E-01;2,30288E-05;1,27554E-04;0,00000E+00;0,00000E+00;1,76789E-05;0,00000E+00;0,00000E+00;0,00000E+00;0,00000E+00;0,00000E+00;0,00000E+00;2,90184E-04;0,00000E+00;0,00000E+00;0,00000E+00;2,56236E-04;9,29165E-05;0,00000E+00;4,24294E-04;4,65221E-04;0,00000E+00;0,00000E+00;0,00000E+00;0,00000E+00;3,10148E-05;1,02570E-05;0,00000E+00;0,00000E+00;1,49467E-05;6,18762E-05;0,00000E+00;0,00000E+00;0,00000E+00;1,89670E-05;0,00000E+00;1,46107E-04;0,00000E+00;1,04780E-04;9,66212E-05;0,00000E+00
430;5,55898E-03;1,39684E-02;2,34011E-02;3,32277E-02;4,35300E-02;5,52603E-02;6,55449E-02;7,78414E-02;9,16580E-02;1,03043E-01;1,15459E-01;1,29064E-01;1,44973E-01;1,56626E-01;1,68638E-01;1,86815E-01;2,03689E-01;2,13535E-01;2,35620E-01;2,52769E-01;1,16102E-05;5,10415E-05;5,53002E-05;0,00000E+00;8,91298E-06;0,00000E+00;0,00000E+00;0,00000E+00;0,00000E+00;0,00000E+00;0,00000E+00;1,46299E-04;0,00000E+00;1,77099E-04;0,00000E+00;0,00000E+00;4,68447E-05;0,00000E+00;2,13912E-04;0,00000E+00;0,00000E+00;0,00000E+00;0,00000E+00;6,54999E-05;0,00000E+00;5,17114E-06;4,08858E-05;9,21166E-06;7,53549E-06;3,11954E-05;0,00000E+00;0,00000E+00;0,00000E+00;0,00000E+00;4,69500E-05;7,36610E-05;0,00000E+00;0,00000E+00;4,87124E-05;1,95396E-05
431;6,19769E-03;1,59563E-02;2,70231E-02;3,83476E-02;5,10964E-02;6,36564E-02;7,51591E-02;8,92582E-02;1,05203E-01;1,16796E-01;1,31704E-01;1,49015E-01;1,63782E-01;1,81263E-01;1,99593E-01;2,14614E-01;2,33887E-01;2,46638E-01;2,71772E-01;2,80971E-01;0,00000E+00;0,00000E+00;5,53269E-06;0,00000E+00;0,00000E+00;0,00000E+00;0,00000E+00;2,11578E-04;0,00000E+00;0,00000E+00;0,00000E+00;3,06894E-04;0,00000E+00;1,77185E-05;9,45318E-05;0,00000E+00;2,12912E-04;0,00000E+00;0,00000E+00;4,86121E-04;0,00000E+00;4,37438E-05;0,00000E+00;6,55315E-06;0,00000E+00;0,00000E+00;2,10634E-04;9,21611E-07;0,00000E+00;0,00000E+00;0,00000E+00;3,03825E-04;4,56194E-04;0,00000E+00;4,69727E-06;0,00000E+00;0,00000E+00;0,00000E+00;0,00000E+00;1,95491E-06
432;7,37408E-03;1,89901E-02;3,19757E-02;4,49475E-02;5,90278E-02;7,29005E-02;9,08451E-02;1,03010E-01;1,22002E-01;1,37921E-01;1,54752E-01;1,73477E-01;1,88607E-01;2,08466E-01;2,26572E-01;2,38488E-01;2,69183E-01;2,86841E-01;3,00970E-01;3,30491E-01;0,00000E+00;0,00000E+00;0,00000E+00;3,53937E-06;0,00000E+00;1,88896E-05;4,72435E-05;0,00000E+00;4,28983E-04;2,36461E-04;0,00000E+00;2,54414E-05;9,36936E-05;4,21067E-05;4,44910E-04;0,00000E+00;0,00000E+00;3,22394E-05;0,00000E+00;6,44788E-05;0,00000E+00;0,00000E+00;5,13345E-05;7,83727E-06;1,10823E-05;2,33809E-06;0,00000E+00;0,00000E+00;5,11066E-06;0,00000E+00;1,14395E-04;1,28695E-04;6,98185E-06;2,44853E-04;2,41859E-04;0,00000E+00;0,00000E+00;0,00000E+00;0,00000E+00;1,96390E-05
433;8,35169E-03;2,15415E-02;3,66093E-02;5,26371E-02;6,77605E-02;8,41373E-02;1,04100E-01;1,20635E-01;1,39613E-01;1,56660E-01;1,79956E-01;1,99032E-01;2,22495E-01;2,40926E-01;2,61888E-01;2,77503E-01;3,11245E-01;3,27861E-01;3,58232E-01;3,83067E-01;0,00000E+00;0,00000E+00;0,00000E+00;1,94992E-05;2,61683E-05;0,00000E+00;1,71310E-05;0,00000E+00;0,00000E+00;1,99816E-04;0,00000E+00;1,53379E-04;5,16179E-04;0,00000E+00;1,13987E-04;0,00000E+00;0,00000E+00;3,66026E-04;0,00000E+00;4,38967E-04;0,00000E+00;0,00000E+00;0,00000E+00;4,31773E-05;6,10548E-05;2,19904E-05;0,00000E+00;3,20640E-05;4,58550E-05;0,00000E+00;0,00000E+00;1,15140E-04;4,45095E-05;6,40124E-05;0,00000E+00;0,00000E+00;0,00000E+00;3,14333E-05;8,17247E-06;1,08196E-04
434;9,77736E-03;2,51395E-02;4,16711E-02;5,96896E-02;7,76479E-02;9,91996E-02;1,18301E-01;1,36902E-01;1,59860E-01;1,83088E-01;2,05146E-01;2,30344E-01;2,50987E-01;2,77038E-01;2,96860E-01;3,23754E-01;3,46421E-01;3,80702E-01;4,04488E-01;4,31311E-01;0,00000E+00;0,00000E+00;3,30646E-05;0,00000E+00;3,91497E-05;0,00000E+00;0,00000E+00;2,19116E-04;0,00000E+00;0,00000E+00;0,00000E+00;1,97726E-05;2,29504E-05;4,94151E-05;1,70534E-04;5,54573E-05;0,00000E+00;2,81878E-04;3,69190E-04;1,25279E-04;8,27647E-06;0,00000E+00;0,00000E+00;0,00000E+00;0,00000E+00;1,36284E-05;0,00000E+00;4,79702E-05;2,64793E-05;0,00000E+00;0,00000E+00;1,72259E-04;3,81173E-05;9,57674E-05;1,41919E-04;1,27132E-04;0,00000E+00;4,70267E-05;1,22266E-05;0,00000E+00
435;1,13342E-02;2,93293E-02;4,81349E-02;6,82090E-02;9,02612E-02;1,14054E-01;1,37313E-01;1,57962E-01;1,82054E-01;2,10783E-01;2,33556E-01;2,60168E-01;2,79335E-01;3,12686E-01;3,43286E-01;3,65366E-01;4,02246E-01;4,38035E-01;4,63982E-01;4,81725E-01;0,00000E+00;0,00000E+00;1,92302E-04;2,02474E-05;6,91610E-05;0,00000E+00;0,00000E+00;5,41905E-04;0,00000E+00;0,00000E+00;0,00000E+00;0,00000E+00;1,26197E-05;4,34480E-04;0,00000E+00;6,85868E-05;0,00000E+00;0,00000E+00;2,03006E-04;0,00000E+00;4,55097E-06;2,76600E-05;3,50147E-05;0,00000E+00;0,00000E+00;1,07002E-04;0,00000E+00;0,00000E+00;0,00000E+00;0,00000E+00;0,00000E+00;2,53590E-04;1,59867E-05;0,00000E+00;2,43006E-04;6,99057E-05;3,31136E-05;0,00000E+00;0,00000E+00;0,00000E+00
436;1,27423E-02;3,28398E-02;5,39619E-02;7,82984E-02;1,03972E-01;1,30055E-01;1,58329E-01;1,83016E-01;2,15329E-01;2,37651E-01;2,71101E-01;2,99857E-01;3,28594E-01;3,64448E-01;3,92917E-01;4,21272E-01;4,57628E-01;4,87032E-01;5,33608E-01;5,66351E-01;0,00000E+00;0,00000E+00;2,16162E-05;4,11089E-05;3,78823E-05;0,00000E+00;0,00000E+00;5,23169E-05;0,00000E+00;0,00000E+00;0,00000E+00;2,21942E-04;4,00662E-05;4,81902E-04;0,00000E+00;3,91991E-04;0,00000E+00;0,00000E+00;0,00000E+00;0,00000E+00;1,65129E-05;3,43383E-06;4,34688E-06;8,54620E-05;0,00000E+00;1,32838E-05;1,79244E-04;0,00000E+00;0,00000E+00;0,00000E+00;0,00000E+00;7,54264E-05;1,01512E-04;1,43329E-04;2,04800E-05;0,00000E+00;4,11087E-06;0,00000E+00;0,00000E+00;0,00000E+00
437;1,50186E-02;3,78301E-02;6,31022E-02;8,91531E-02;1,17921E-01;1,48159E-01;1,77604E-01;2,07176E-01;2,36870E-01;2,74399E-01;3,04891E-01;3,35047E-01;3,71331E-01;4,11259E-01;4,43890E-01;4,88174E-01;5,20109E-01;5,66997E-01;5,94190E-01;6,31190E-01;7,96120E-06;0,00000E+00;0,00000E+00;1,51395E-06;0,00000E+00;0,00000E+00;0,00000E+00;0,00000E+00;0,00000E+00;0,00000E+00;0,00000E+00;2,20423E-04;0,00000E+00;6,71879E-04;5,36337E-05;0,00000E+00;0,00000E+00;6,55048E-04;4,13709E-05;5,13383E-04;0,00000E+00;2,28134E-06;0,00000E+00;0,00000E+00;0,00000E+00;0,00000E+00;6,78616E-05;1,32010E-05;0,00000E+00;0,00000E+00;7,13031E-05;0,00000E+00;0,00000E+00;0,00000E+00;0,00000E+00;2,16070E-04;2,04835E-04;8,56494E-05;2,22683E-05;0,00000E+00
438;1,71776E-02;4,38745E-02;7,39589E-02;1,04623E-01;1,36257E-01;1,69101E-01;2,01707E-01;2,38528E-01;2,79567E-01;3,12546E-01;3,52549E-01;3,88465E-01;4,27704E-01;4,74159E-01;5,13794E-01;5,54152E-01;5,93887E-01;6,37356E-01;6,82251E-01;7,30904E-01;0,00000E+00;0,00000E+00;0,00000E+00;9,76215E-06;0,00000E+00;0,00000E+00;0,00000E+00;1,52618E-04;0,00000E+00;2,92213E-05;4,55161E-05;2,80687E-05;0,00000E+00;1,29070E-04;3,45837E-04;0,00000E+00;0,00000E+00;1,77843E-04;2,66764E-04;0,00000E+00;0,00000E+00;0,00000E+00;1,34492E-06;0,00000E+00;0,00000E+00;0,00000E+00;0,00000E+00;8,51217E-05;0,00000E+00;0,00000E+00;0,00000E+00;1,26626E-04;5,62511E-06;0,00000E+00;0,00000E+00;0,00000E+00;0,00000E+00;0,00000E+00;0,00000E+00;7,91134E-05
439;1,96444E-02;5,12689E-02;8,56612E-02;1,20910E-01;1,58630E-01;1,98245E-01;2,34489E-01;2,76672E-01;3,18120E-01;3,63326E-01;4,05759E-01;4,49366E-01;4,94240E-01;5,39568E-01;5,95628E-01;6,34926E-01;6,92775E-01;7,39083E-01;7,81025E-01;8,37797E-01;0,00000E+00;0,00000E+00;5,77833E-05;0,00000E+00;6,39860E-05;0,00000E+00;0,00000E+00;2,49162E-04;0,00000E+00;4,77062E-05;7,43088E-05;0,00000E+00;4,37541E-05;2,10717E-04;0,00000E+00;0,00000E+00;1,12099E-04;0,00000E+00;0,00000E+00;0,00000E+00;0,00000E+00;0,00000E+00;1,54481E-05;4,04424E-05;0,00000E+00;0,00000E+00;0,00000E+00;0,00000E+00;0,00000E+00;0,00000E+00;7,99826E-05;2,06727E-04;9,18346E-06;0,00000E+00;0,00000E+00;0,00000E+00;0,00000E+00;3,60282E-05;0,00000E+00;1,55144E-04
440;2,28818E-02;5,92355E-02;9,70004E-02;1,40478E-01;1,83135E-01;2,27849E-01;2,73038E-01;3,16967E-01;3,65302E-01;4,19902E-01;4,68706E-01;5,24580E-01;5,69440E-01;6,19846E-01;6,81297E-01;7,30738E-01;7,88746E-01;8,46819E-01;9,00437E-01;9,50417E-01;4,53367E-05;0,00000E+00;3,45688E-05;0,00000E+00;3,82796E-05;0,00000E+00;0,00000E+00;1,54235E-04;0,00000E+00;1,55037E-04;0,00000E+00;6,99123E-04;2,61759E-05;0,00000E+00;0,00000E+00;0,00000E+00;6,70631E-05;0,00000E+00;0,00000E+00;0,00000E+00;9,88304E-06;0,00000E+00;7,92823E-06;2,41946E-05;2,76853E-05;0,00000E+00;0,00000E+00;0,00000E+00;0,00000E+00;0,00000E+00;4,78495E-05;0,00000E+00;0,00000E+00;0,00000E+00;0,00000E+00;1,06775E-04;1,74972E-04;2,15538E-05;0,00000E+00;1,55457E-05
441;2,63537E-02;6,89615E-02;1,13014E-01;1,62511E-01;2,12573E-01;2,63058E-01;3,14802E-01;3,70467E-01;4,27258E-01;4,87735E-01;5,44102E-01;6,00644E-01;6,59686E-01;7,25199E-01;7,81023E-01;8,55315E-01;9,19847E-01;9,68164E-01;1,03569E+00;1,08476E+00;6,81358E-06;0,00000E+00;0,00000E+00;4,98774E-05;0,00000E+00;0,00000E+00;0,00000E+00;2,31798E-05;0,00000E+00;2,33003E-05;0,00000E+00;1,05070E-04;0,00000E+00;0,00000E+00;8,83484E-05;0,00000E+00;0,00000E+00;1,13581E-04;0,00000E+00;2,83952E-04;1,14884E-05;0,00000E+00;0,00000E+00;9,93997E-05;4,16078E-06;1,23558E-04;0,00000E+00;1,08727E-05;0,00000E+00;8,51855E-05;0,00000E+00;0,00000E+00;2,78770E-04;0,00000E+00;0,00000E+00;3,56030E-05;1,69047E-04;0,00000E+00;0,00000E+00;1,38378E-04
442;3,08990E-02;7,96806E-02;1,31817E-01;1,89124E-01;2,46257E-01;3,02757E-01;3,68667E-01;4,30346E-01;4,93043E-01;5,59238E-01;6,29641E-01;6,87350E-01;7,56822E-01;8,31332E-01;9,07666E-01;9,76821E-01;1,02899E+00;1,10436E+00;1,19007E+00;1,25353E+00;1,34361E-06;3,06282E-06;5,17323E-05;1,00310E-04;1,15525E-05;0,00000E+00;0,00000E+00;1,27074E-04;2,85534E-05;2,51532E-04;1,68698E-05;0,00000E+00;0,00000E+00;5,52790E-05;4,44203E-04;0,00000E+00;2,02391E-05;5,77623E-05;5,71067E-05;2,85534E-04;0,00000E+00;0,00000E+00;0,00000E+00;1,11059E-05;1,78458E-04;0,00000E+00;0,00000E+00;3,27998E-05;0,00000E+00;4,28300E-05;0,00000E+00;1,14213E-04;1,00073E-05;0,00000E+00;8,39070E-05;7,88852E-05;0,00000E+00;4,33651E-06;0,00000E+00;0,00000E+00
443;3,64486E-02;9,36533E-02;1,53595E-01;2,20689E-01;2,88571E-01;3,57064E-01;4,28209E-01;4,99403E-01;5,73325E-01;6,53430E-01;7,25006E-01;8,01919E-01;8,70681E-01;9,60221E-01;1,03540E+00;1,11565E+00;1,20263E+00;1,27272E+00;1,35782E+00;1,45400E+00;1,03634E-05;4,27939E-05;1,09728E-04;0,00000E+00;8,91051E-05;0,00000E+00;0,00000E+00;2,52638E-04;0,00000E+00;2,86670E-04;1,30118E-04;0,00000E+00;0,00000E+00;4,26372E-04;0,00000E+00;0,00000E+00;1,56106E-04;7,16675E-04;0,00000E+00;0,00000E+00;9,97662E-06;0,00000E+00;0,00000E+00;5,27323E-05;0,00000E+00;0,00000E+00;0,00000E+00;0,00000E+00;0,00000E+00;7,68256E-05;2,25958E-05;0,00000E+00;7,71874E-05;0,00000E+00;2,87929E-04;1,59643E-04;0,00000E+00;3,34479E-05;0,00000E+00;0,00000E+00
444;4,28261E-02;1,09665E-01;1,80762E-01;2,59076E-01;3,37592E-01;4,15353E-01;4,95405E-01;5,78717E-01;6,65453E-01;7,56442E-01;8,33480E-01;9,24850E-01;1,00909E+00;1,09946E+00;1,19373E+00;1,27785E+00;1,36764E+00;1,46701E+00;1,54044E+00;1,64399E+00;1,55016E-05;7,58189E-05;0,00000E+00;1,33022E-05;4,54377E-05;9,00351E-05;0,00000E+00;2,67649E-04;1,51459E-05;2,98710E-04;0,00000E+00;5,16337E-04;0,00000E+00;0,00000E+00;0,00000E+00;0,00000E+00;0,00000E+00;4,81723E-04;0,00000E+00;0,00000E+00;1,77244E-05;8,48035E-06;0,00000E+00;1,37867E-04;0,00000E+00;3,95431E-05;0,00000E+00;0,00000E+00;3,84154E-05;1,36488E-04;4,01436E-05;3,02918E-05;0,00000E+00;0,00000E+00;2,33733E-04;1,10588E-05;0,00000E+00;6,82248E-05;3,54760E-05;6,15087E-05
445;4,99071E-02;1,27487E-01;2,10727E-01;3,00292E-01;3,88121E-01;4,80055E-01;5,73873E-01;6,69428E-01;7,65728E-01;8,59687E-01;9,53284E-01;1,05323E+00;1,15749E+00;1,24519E+00;1,34187E+00;1,42938E+00;1,54626E+00;1,66077E+00;1,74667E+00;1,83544E+00;1,00931E-05;2,71910E-05;0,00000E+00;1,79551E-05;2,95846E-05;2,96266E-04;2,44957E-04;1,28763E-04;9,86155E-06;9,01952E-05;0,00000E+00;3,89634E-04;2,02612E-04;3,42767E-04;4,60953E-04;1,39883E-04;0,00000E+00;8,04244E-04;0,00000E+00;0,00000E+00;0,00000E+00;5,52158E-06;0,00000E+00;4,52315E-05;0,00000E+00;5,64445E-05;0,00000E+00;0,00000E+00;5,18525E-05;0,00000E+00;0,00000E+00;1,97231E-05;8,55568E-05;0,00000E+00;3,32162E-04;0,00000E+00;0,00000E+00;4,44214E-05;7,26714E-05;4,00485E-05
446;5,80105E-02;1,48814E-01;2,44427E-01;3,43598E-01;4,49466E-01;5,50946E-01;6,56533E-01;7,61606E-01;8,72255E-01;9,77297E-01;1,08257E+00;1,19647E+00;1,29098E+00;1,40375E+00;1,51520E+00;1,62984E+00;1,73460E+00;1,83583E+00;1,95057E+00;2,04168E+00;2,27122E-05;0,00000E+00;0,00000E+00;1,20745E-04;0,00000E+00;7,77904E-05;4,32529E-05;0,00000E+00;1,62734E-04;3,73705E-06;0,00000E+00;2,14910E-04;3,57759E-05;3,79986E-04;8,13919E-05;2,46996E-05;0,00000E+00;3,04742E-04;0,00000E+00;1,62734E-04;0,00000E+00;0,00000E+00;0,00000E+00;2,90708E-06;0,00000E+00;2,90243E-05;0,00000E+00;0,00000E+00;1,62046E-05;0,00000E+00;0,00000E+00;0,00000E+00;1,51070E-05;4,97598E-05;8,14785E-05;0,00000E+00;0,00000E+00;0,00000E+00;7,22816E-05;0,00000E+00
447;6,79591E-02;1,72777E-01;2,79761E-01;3,93908E-01;5,12213E-01;6,27313E-01;7,41999E-01;8,63307E-01;9,85383E-01;1,10174E+00;1,21247E+00;1,33137E+00;1,43506E+00;1,55788E+00;1,69219E+00;1,81869E+00;1,91567E+00;2,03747E+00;2,13576E+00;2,23754E+00;0,00000E+00;0,00000E+00;1,36018E-04;2,26958E-05;1,42115E-05;3,56695E-04;7,17899E-06;2,02472E-06;1,13692E-04;4,30485E-04;0,00000E+00;4,40529E-05;0,00000E+00;1,36984E-05;0,00000E+00;9,39292E-05;0,00000E+00;9,30398E-06;0,00000E+00;4,65199E-06;1,09254E-07;0,00000E+00;3,21163E-07;7,33702E-06;0,00000E+00;1,61940E-05;0,00000E+00;0,00000E+00;0,00000E+00;0,00000E+00;0,00000E+00;3,07490E-05;4,76014E-04;1,07137E-04;0,00000E+00;1,41831E-04;3,34099E-06;0,00000E+00;2,36086E-05;0,00000E+00
448;7,72579E-02;1,94963E-01;3,18215E-01;4,43981E-01;5,69593E-01;6,96021E-01;8,21044E-01;9,51589E-01;1,08077E+00;1,20123E+00;1,31494E+00;1,44837E+00;1,57449E+00;1,70356E+00;1,80916E+00;1,95020E+00;2,06323E+00;2,19390E+00;2,27843E+00;2,40568E+00;7,69728E-07;0,00000E+00;5,07990E-05;1,40639E-04;0,00000E+00;0,00000E+00;7,45901E-05;1,27255E-04;0,00000E+00;4,16932E-04;0,00000E+00;5,12550E-04;0,00000E+00;2,03228E-04;0,00000E+00;0,00000E+00;0,00000E+00;8,83960E-05;0,00000E+00;9,38344E-05;1,01696E-05;1,98514E-06;1,10472E-05;6,06301E-05;6,20455E-06;1,92255E-04;0,00000E+00;0,00000E+00;0,00000E+00;2,06818E-05;0,00000E+00;3,03717E-05;0,00000E+00;3,71474E-05;0,00000E+00;4,56591E-05;1,44628E-04;0,00000E+00;2,24303E-04;0,00000E+00
449;8,79427E-02;2,17931E-01;3,56098E-01;4,93047E-01;6,26627E-01;7,64025E-01;8,97720E-01;1,04296E+00;1,16846E+00;1,30733E+00;1,42452E+00;1,55830E+00;1,68562E+00;1,81365E+00;1,92711E+00;2,07436E+00;2,20140E+00;2,33518E+00;2,41831E+00;2,54800E+00;1,49051E-06;3,30261E-05;4,18364E-05;1,21714E-04;0,00000E+00;0,00000E+00;4,51282E-05;2,09167E-04;0,00000E+00;2,08253E-04;0,00000E+00;1,82039E-04;3,87188E-05;1,41514E-04;1,10109E-04;0,00000E+00;0,00000E+00;5,66223E-04;0,00000E+00;9,61166E-05;2,23368E-05;3,84405E-06;1,54833E-05;8,41160E-05;1,20146E-05;7,43534E-05;4,81155E-06;0,00000E+00;0,00000E+00;4,00486E-05;0,00000E+00;1,60194E-05;0,00000E+00;1,95932E-05;0,00000E+00;8,77412E-05;3,10090E-04;0,00000E+00;0,00000E+00;0,00000E+00
450;9,74942E-02;2,40762E-01;3,88057E-01;5,35582E-01;6,78414E-01;8,20266E-01;9,61933E-01;1,10587E+00;1,24162E+00;1,37716E+00;1,50454E+00;1,63734E+00;1,77135E+00;1,90178E+00;2,01808E+00;2,16654E+00;2,27923E+00;2,41125E+00;2,53167E+00;2,62292E+00;0,00000E+00;2,33710E-05;2,96057E-05;2,63936E-05;0,00000E+00;0,00000E+00;2,31881E-05;3,82255E-04;3,99213E-05;7,98426E-05;0,00000E+00;0,00000E+00;2,73995E-05;1,46942E-04;1,71077E-04;0,00000E+00;1,39878E-04;4,00690E-04;0,00000E+00;0,00000E+00;1,07942E-05;0,00000E+00;0,00000E+00;0,00000E+00;0,00000E+00;0,00000E+00;1,01896E-05;0,00000E+00;0,00000E+00;0,00000E+00;0,00000E+00;1,99607E-05;0,00000E+00;9,76549E-05;6,49254E-05;6,20904E-05;6,47481E-05;4,49564E-05;0,00000E+00;0,00000E+00
451;1,05157E-01;2,58059E-01;4,11259E-01;5,65650E-01;7,12095E-01;8,61773E-01;1,00488E+00;1,14590E+00;1,28605E+00;1,43118E+00;1,54650E+00;1,68048E+00;1,81205E+00;1,94106E+00;2,05924E+00;2,19993E+00;2,31549E+00;2,43181E+00;2,54582E+00;2,64937E+00;2,14254E-05;0,00000E+00;1,51236E-04;2,35948E-04;0,00000E+00;0,00000E+00;0,00000E+00;7,80650E-05;8,15282E-06;1,63056E-05;0,00000E+00;0,00000E+00;0,00000E+00;2,18361E-04;1,90249E-05;0,00000E+00;2,85663E-05;0,00000E+00;0,00000E+00;0,00000E+00;5,73802E-06;0,00000E+00;0,00000E+00;2,98550E-05;0,00000E+00;1,18755E-04;1,38559E-06;2,93909E-05;0,00000E+00;1,27929E-04;1,40722E-04;4,07641E-06;1,03430E-04;1,99433E-05;1,32592E-05;0,00000E+00;0,00000E+00;9,18111E-06;0,00000E+00;1,66249E-04
452;1,11178E-01;2,70511E-01;4,31445E-01;5,82685E-01;7,31363E-01;8,82245E-01;1,03198E+00;1,15787E+00;1,30601E+00;1,43813E+00;1,55383E+00;1,67981E+00;1,82105E+00;1,93057E+00;2,06054E+00;2,18904E+00;2,32952E+00;2,42608E+00;2,51579E+00;2,64454E+00;1,13811E-06;1,28715E-05;4,01679E-06;1,21738E-04;0,00000E+00;2,30835E-06;0,00000E+00;4,82629E-05;0,00000E+00;8,73709E-06;0,00000E+00;3,54440E-04;0,00000E+00;2,83004E-05;5,76965E-04;0,00000E+00;1,53068E-05;0,00000E+00;6,98967E-06;0,00000E+00;0,00000E+00;0,00000E+00;1,11005E-04;1,40220E-04;0,00000E+00;1,86992E-04;0,00000E+00;1,48610E-04;0,00000E+00;1,74742E-05;0,00000E+00;0,00000E+00;9,60575E-05;3,20588E-06;3,41026E-06;1,52739E-04;0,00000E+00;0,00000E+00;0,00000E+00;1,80131E-04
453;1,15013E-01;2,76605E-01;4,30557E-01;5,86750E-01;7,35578E-01;8,83328E-01;1,01063E+00;1,15363E+00;1,27989E+00;1,40189E+00;1,53202E+00;1,65054E+00;1,78478E+00;1,88239E+00;2,01011E+00;2,12122E+00;2,22806E+00;2,34534E+00;2,45795E+00;2,55694E+00;1,41573E-05;1,38309E-05;4,99661E-05;0,00000E+00;0,00000E+00;8,30601E-05;1,73147E-05;9,11556E-05;0,00000E+00;1,08683E-04;0,00000E+00;5,48906E-05;0,00000E+00;4,51153E-04;2,26167E-04;0,00000E+00;1,90405E-04;0,00000E+00;8,69467E-05;0,00000E+00;0,00000E+00;0,00000E+00;0,00000E+00;1,08368E-04;0,00000E+00;2,52224E-05;0,00000E+00;0,00000E+00;0,00000E+00;2,28587E-04;2,61799E-05;3,36599E-05;5,61559E-05;1,31366E-04;5,70192E-05;6,18179E-05;5,37200E-06;0,00000E+00;0,00000E+00;0,00000E+00
454;1,15668E-01;2,75836E-01;4,28200E-01;5,76203E-01;7,20164E-01;8,56847E-01;9,87251E-01;1,12124E+00;1,24163E+00;1,36334E+00;1,47819E+00;1,59188E+00;1,70828E+00;1,81330E+00;1,90671E+00;2,04267E+00;2,14899E+00;2,23809E+00;2,33535E+00;2,43331E+00;1,46579E-05;1,11378E-05;0,00000E+00;5,76501E-06;0,00000E+00;1,15297E-04;3,67338E-05;1,93390E-04;0,00000E+00;0,00000E+00;2,60721E-04;0,00000E+00;1,79542E-05;2,10278E-04;3,76147E-04;1,30153E-04;0,00000E+00;2,10049E-04;0,00000E+00;0,00000E+00;1,91158E-05;0,00000E+00;0,00000E+00;1,22156E-04;0,00000E+00;0,00000E+00;0,00000E+00;0,00000E+00;3,88471E-05;2,38035E-05;5,55415E-05;7,14105E-05;1,19137E-04;3,70718E-04;3,09699E-05;1,94438E-04;1,33966E-04;0,00000E+00;2,04998E-05;5,33142E-05
455;1,13180E-01;2,67447E-01;4,11755E-01;5,52252E-01;6,87247E-01;8,21456E-01;9,39675E-01;1,05846E+00;1,17900E+00;1,28769E+00;1,39765E+00;1,50994E+00;1,60769E+00;1,70919E+00;1,79655E+00;1,92185E+00;2,02569E+00;2,12239E+00;2,19418E+00;2,29764E+00;6,67082E-05;8,53247E-06;9,17837E-05;4,41649E-06;0,00000E+00;9,84587E-05;0,00000E+00;8,10990E-05;0,00000E+00;0,00000E+00;1,99735E-04;2,58796E-04;2,17620E-04;4,93816E-04;2,50335E-04;9,97081E-05;0,00000E+00;2,72715E-04;0,00000E+00;0,00000E+00;1,63947E-05;0,00000E+00;0,00000E+00;4,55013E-05;0,00000E+00;2,16214E-05;4,43349E-05;0,00000E+00;2,97601E-05;0,00000E+00;3,72666E-05;0,00000E+00;0,00000E+00;1,35310E-04;0,00000E+00;4,84852E-05;1,07280E-04;0,00000E+00;3,02528E-05;1,16515E-04
456;1,08728E-01;2,52840E-01;3,90466E-01;5,19290E-01;6,48926E-01;7,61620E-01;8,78472E-01;9,85898E-01;1,09147E+00;1,20170E+00;1,29206E+00;1,39563E+00;1,48624E+00;1,58573E+00;1,66834E+00;1,76963E+00;1,88291E+00;1,95157E+00;2,02913E+00;2,11975E+00;1,29842E-05;1,01763E-04;2,14808E-05;7,37427E-05;0,00000E+00;3,08256E-04;2,96167E-04;1,89802E-05;7,19687E-05;0,00000E+00;0,00000E+00;6,05679E-05;4,77122E-05;1,15571E-04;7,46408E-05;0,00000E+00;5,88392E-04;2,61654E-05;2,39896E-04;0,00000E+00;9,42415E-06;2,11074E-05;0,00000E+00;4,24046E-06;0,00000E+00;5,06021E-06;1,03760E-05;0,00000E+00;0,00000E+00;0,00000E+00;8,72178E-06;0,00000E+00;5,54159E-05;0,00000E+00;0,00000E+00;8,26087E-05;7,20476E-05;2,70153E-04;3,03087E-04;9,56487E-05
457;1,02383E-01;2,37268E-01;3,64974E-01;4,85738E-01;6,01084E-01;7,10330E-01;8,17704E-01;9,19813E-01;1,01999E+00;1,10323E+00;1,20382E+00;1,29639E+00;1,38184E+00;1,46428E+00;1,55535E+00;1,65330E+00;1,71991E+00;1,83092E+00;1,88577E+00;1,96917E+00;1,01153E-06;1,76597E-05;7,93341E-07;7,42631E-06;0,00000E+00;0,00000E+00;8,31747E-05;0,00000E+00;2,15589E-04;0,00000E+00;0,00000E+00;3,43311E-04;0,00000E+00;0,00000E+00;6,43891E-04;0,00000E+00;3,17434E-05;2,41588E-06;4,83177E-06;0,00000E+00;0,00000E+00;0,00000E+00;0,00000E+00;8,02577E-05;0,00000E+00;1,36052E-04;2,03729E-05;9,25059E-07;0,00000E+00;0,00000E+00;0,00000E+00;1,75166E-04;0,00000E+00;1,48323E-04;0,00000E+00;9,69579E-05;0,00000E+00;0,00000E+00;0,00000E+00;3,53153E-04
458;9,42897E-02;2,18611E-01;3,35920E-01;4,47023E-01;5,51033E-01;6,51549E-01;7,48284E-01;8,41552E-01;9,34715E-01;1,01757E+00;1,10953E+00;1,19284E+00;1,27098E+00;1,34541E+00;1,43023E+00;1,52527E+00;1,60103E+00;1,66929E+00;1,75235E+00;1,79815E+00;3,70318E-05;8,99506E-06;1,39268E-05;1,30366E-04;0,00000E+00;0,00000E+00;0,00000E+00;0,00000E+00;2,67301E-05;0,00000E+00;0,00000E+00;1,37923E-04;0,00000E+00;7,87105E-05;4,19847E-04;0,00000E+00;5,57243E-04;4,24099E-05;1,11550E-04;0,00000E+00;8,63181E-06;0,00000E+00;1,84539E-06;2,88671E-05;0,00000E+00;5,53622E-05;3,60383E-05;1,62390E-05;0,00000E+00;0,00000E+00;2,00476E-05;1,33650E-05;0,00000E+00;0,00000E+00;0,00000E+00;8,68266E-05;0,00000E+00;0,00000E+00;0,00000E+00;5,16690E-05
459;8,72320E-02;2,01632E-01;3,09269E-01;4,10750E-01;5,08110E-01;5,99510E-01;6,86603E-01;7,75368E-01;8,67504E-01;9,45735E-01;1,02334E+00;1,11103E+00;1,18331E+00;1,25020E+00;1,32551E+00;1,41429E+00;1,49858E+00;1,55966E+00;1,62052E+00;1,69949E+00;5,39970E-05;0,00000E+00;2,77668E-05;9,54806E-05;0,00000E+00;0,00000E+00;0,00000E+00;0,00000E+00;6,24133E-05;1,93270E-04;7,05570E-05;2,42767E-04;0,00000E+00;2,90493E-04;3,64110E-04;0,00000E+00;3,38595E-04;9,66349E-05;6,24133E-05;0,00000E+00;2,07222E-05;1,93239E-05;4,30888E-06;0,00000E+00;0,00000E+00;2,45288E-05;2,87408E-05;0,00000E+00;0,00000E+00;1,81190E-05;4,68099E-05;3,12066E-05;5,58067E-05;7,38709E-05;7,07223E-05;7,38339E-05;0,00000E+00;0,00000E+00;4,71555E-05;0,00000E+00
460;7,96932E-02;1,84289E-01;2,82722E-01;3,80265E-01;4,68606E-01;5,53706E-01;6,32485E-01;7,17333E-01;7,94974E-01;8,76997E-01;9,46929E-01;1,02637E+00;1,09661E+00;1,16747E+00;1,23370E+00;1,31259E+00;1,38549E+00;1,44428E+00;1,51366E+00;1,58298E+00;7,45838E-06;0,00000E+00;2,30329E-05;9,43861E-05;0,00000E+00;0,00000E+00;0,00000E+00;0,00000E+00;0,00000E+00;1,94896E-04;5,85278E-05;1,03441E-04;0,00000E+00;8,85155E-05;2,68954E-04;0,00000E+00;3,71732E-04;8,01597E-05;0,00000E+00;0,00000E+00;4,70646E-07;1,60294E-05;0,00000E+00;0,00000E+00;0,00000E+00;2,03469E-05;4,73464E-05;0,00000E+00;6,57741E-05;1,50299E-05;9,50860E-05;0,00000E+00;4,62922E-05;8,24219E-05;5,86649E-05;3,45040E-05;0,00000E+00;0,00000E+00;3,91160E-05;0,00000E+00
461;7,37899E-02;1,71783E-01;2,64127E-01;3,51769E-01;4,41603E-01;5,14314E-01;5,99139E-01;6,73425E-01;7,42614E-01;8,20563E-01;8,91659E-01;9,61983E-01;1,04102E+00;1,10497E+00;1,16916E+00;1,24517E+00;1,30600E+00;1,37519E+00;1,43359E+00;1,50292E+00;2,09473E-06;0,00000E+00;0,00000E+00;4,05519E-06;0,00000E+00;0,00000E+00;0,00000E+00;0,00000E+00;9,00532E-05;1,21801E-04;0,00000E+00;7,43413E-05;0,00000E+00;5,30349E-04;7,18302E-05;0,00000E+00;2,42672E-05;0,00000E+00;9,00532E-05;0,00000E+00;2,64367E-06;0,00000E+00;0,00000E+00;8,31880E-05;0,00000E+00;0,00000E+00;6,27769E-06;0,00000E+00;1,75664E-05;0,00000E+00;2,53948E-05;0,00000E+00;0,00000E+00;4,69511E-05;0,00000E+00;1,24040E-04;3,23374E-05;0,00000E+00;0,00000E+00;9,14283E-05
462;6,84206E-02;1,58880E-01;2,45995E-01;3,31130E-01;4,08576E-01;4,91832E-01;5,70031E-01;6,34539E-01;7,12016E-01;7,85097E-01;8,45840E-01;9,15132E-01;9,82135E-01;1,05349E+00;1,10571E+00;1,18107E+00;1,24501E+00;1,30888E+00;1,35772E+00;1,42246E+00;0,00000E+00;1,51651E-06;1,17399E-06;0,00000E+00;0,00000E+00;4,72263E-07;0,00000E+00;0,00000E+00;0,00000E+00;5,72005E-06;0,00000E+00;9,93064E-06;0,00000E+00;1,05272E-06;0,00000E+00;0,00000E+00;1,37790E-05;0,00000E+00;0,00000E+00;4,26567E-04;1,35440E-05;7,43487E-07;0,00000E+00;4,48159E-05;1,96627E-06;9,88559E-05;0,00000E+00;0,00000E+00;9,06754E-07;7,15006E-07;0,00000E+00;6,55338E-05;0,00000E+00;2,76459E-04;5,11583E-05;0,00000E+00;0,00000E+00;0,00000E+00;0,00000E+00;0,00000E+00
463;6,51269E-02;1,51863E-01;2,35899E-01;3,15773E-01;3,94163E-01;4,71947E-01;5,39301E-01;6,09414E-01;6,75634E-01;7,40988E-01;8,02202E-01;8,82337E-01;9,44619E-01;1,00086E+00;1,06795E+00;1,14245E+00;1,19390E+00;1,25411E+00;1,29690E+00;1,36298E+00;0,00000E+00;4,39789E-05;3,40456E-05;2,35600E-05;0,00000E+00;2,94451E-05;0,00000E+00;4,67015E-05;0,00000E+00;1,65881E-04;0,00000E+00;2,87988E-04;0,00000E+00;3,05288E-05;1,02012E-04;0,00000E+00;3,99591E-04;0,00000E+00;2,38448E-05;2,07352E-04;0,00000E+00;4,54021E-05;0,00000E+00;1,27377E-04;5,85120E-05;6,91714E-06;0,00000E+00;0,00000E+00;2,62959E-05;2,07352E-05;5,96119E-06;3,57671E-05;8,60648E-05;1,14125E-04;0,00000E+00;3,69495E-05;5,99373E-05;0,00000E+00;0,00000E+00;0,00000E+00
464;6,20527E-02;1,45303E-01;2,25625E-01;3,02483E-01;3,75492E-01;4,52373E-01;5,20760E-01;5,86376E-01;6,56506E-01;7,18679E-01;7,75529E-01;8,53549E-01;9,06697E-01;9,70284E-01;1,02344E+00;1,09276E+00;1,15064E+00;1,20063E+00;1,25285E+00;1,30988E+00;0,00000E+00;0,00000E+00;3,28691E-05;6,06874E-05;0,00000E+00;4,05687E-05;0,00000E+00;1,20297E-04;0,00000E+00;0,00000E+00;0,00000E+00;0,00000E+00;0,00000E+00;0,00000E+00;2,62769E-04;0,00000E+00;0,00000E+00;0,00000E+00;6,14210E-05;0,00000E+00;0,00000E+00;6,14112E-05;1,22848E-05;5,93191E-05;3,83882E-06;5,97586E-05;3,40221E-05;0,00000E+00;0,00000E+00;0,00000E+00;1,53553E-05;9,21316E-05;3,18031E-04;2,04038E-05;0,00000E+00;9,51772E-05;1,62378E-04;0,00000E+00;0,00000E+00;0,00000E+00
465;5,94842E-02;1,39874E-01;2,16414E-01;2,93882E-01;3,61963E-01;4,35977E-01;5,01128E-01;5,66787E-01;6,30852E-01;6,92976E-01;7,46585E-01;8,18826E-01;8,74549E-01;9,30855E-01;9,79537E-01;1,04636E+00;1,09923E+00;1,15629E+00;1,20598E+00;1,24917E+00;0,00000E+00;0,00000E+00;6,15094E-05;5,67691E-05;0,00000E+00;0,00000E+00;0,00000E+00;9,84638E-05;1,61593E-05;0,00000E+00;0,00000E+00;1,02016E-04;0,00000E+00;9,51668E-05;0,00000E+00;0,00000E+00;0,00000E+00;0,00000E+00;0,00000E+00;2,90868E-04;0,00000E+00;0,00000E+00;1,10893E-05;3,24284E-05;0,00000E+00;5,19225E-05;8,01450E-05;0,00000E+00;0,00000E+00;1,05036E-04;0,00000E+00;9,69559E-05;1,33625E-04;1,07358E-04;0,00000E+00;0,00000E+00;5,36315E-05;0,00000E+00;1,89249E-04;0,00000E+00
466;5,75717E-02;1,35187E-01;2,10811E-01;2,83470E-01;3,50226E-01;4,19840E-01;4,82271E-01;5,44382E-01;6,03192E-01;6,66632E-01;7,19944E-01;7,80049E-01;8,41929E-01;8,86937E-01;9,51297E-01;9,93461E-01;1,04923E+00;1,11364E+00;1,15016E+00;1,19240E+00;1,96522E-06;0,00000E+00;8,58319E-05;1,46856E-04;0,00000E+00;0,00000E+00;2,60758E-04;2,94919E-05;4,84004E-06;2,11214E-04;1,97396E-04;3,23908E-04;0,00000E+00;2,85044E-05;0,00000E+00;0,00000E+00;3,70031E-04;0,00000E+00;1,68971E-04;1,71606E-04;1,73616E-05;0,00000E+00;3,79126E-05;7,07708E-05;0,00000E+00;4,21215E-06;1,48064E-05;0,00000E+00;0,00000E+00;3,14603E-05;0,00000E+00;1,13526E-04;2,09137E-04;2,66392E-05;0,00000E+00;8,72784E-05;1,39042E-05;0,00000E+00;2,71064E-04;0,00000E+00
467;5,54521E-02;1,32936E-01;2,03388E-01;2,70770E-01;3,39268E-01;4,01734E-01;4,65853E-01;5,21816E-01;5,89653E-01;6,36789E-01;6,96228E-01;7,45596E-01;7,94245E-01;8,54904E-01;8,93010E-01;9,57048E-01;1,00867E+00;1,05495E+00;1,10261E+00;1,14229E+00;4,27728E-05;2,77632E-05;5,25780E-07;1,99213E-06;0,00000E+00;3,87763E-06;1,37943E-04;0,00000E+00;1,06740E-06;2,55392E-04;1,55871E-06;4,19204E-04;0,00000E+00;3,42738E-04;2,49083E-06;0,00000E+00;9,35007E-07;5,33702E-07;5,13986E-04;1,53235E-04;1,79939E-06;2,77481E-07;2,94765E-07;5,49459E-05;0,00000E+00;5,92694E-05;0,00000E+00;0,00000E+00;0,00000E+00;2,81998E-04;1,86796E-06;0,00000E+00;1,38696E-06;3,27055E-05;2,32597E-04;7,18261E-05;0,00000E+00;1,15041E-04;3,81152E-04;0,00000E+00
468;5,40463E-02;1,26556E-01;1,95132E-01;2,62983E-01;3,22054E-01;3,86916E-01;4,43443E-01;5,00810E-01;5,58932E-01;6,08299E-01;6,61766E-01;7,11506E-01;7,60470E-01;8,08351E-01;8,63948E-01;9,12281E-01;9,59951E-01;1,00076E+00;1,03812E+00;1,07817E+00;4,94188E-06;5,17485E-05;4,00604E-05;1,51785E-04;0,00000E+00;3,58592E-04;0,00000E+00;9,24676E-06;1,29130E-04;0,00000E+00;1,18762E-04;0,00000E+00;0,00000E+00;3,29287E-04;2,22834E-04;0,00000E+00;8,05455E-05;4,06640E-05;2,43984E-04;0,00000E+00;0,00000E+00;2,11419E-05;2,24589E-05;3,61198E-05;0,00000E+00;3,54377E-05;0,00000E+00;0,00000E+00;1,34714E-05;8,13280E-05;1,42324E-04;0,00000E+00;1,24080E-04;1,76868E-04;0,00000E+00;1,12022E-04;0,00000E+00;0,00000E+00;1,91207E-04;0,00000E+00
469;5,15880E-02;1,20805E-01;1,85171E-01;2,49992E-01;3,04322E-01;3,62508E-01;4,19156E-01;4,74291E-01;5,20905E-01;5,73387E-01;6,24607E-01;6,72205E-01;7,11167E-01;7,62737E-01;8,09629E-01;8,57597E-01;8,94332E-01;9,40665E-01;9,86865E-01;1,02053E+00;1,40361E-05;0,00000E+00;0,00000E+00;4,93781E-05;0,00000E+00;1,79352E-04;0,00000E+00;2,62630E-05;1,35769E-04;0,00000E+00;2,38836E-05;1,16161E-04;1,25820E-04;0,00000E+00;2,36997E-04;0,00000E+00;2,64287E-05;1,43110E-04;0,00000E+00;1,22666E-04;0,00000E+00;0,00000E+00;0,00000E+00;3,52053E-05;0,00000E+00;1,00652E-04;0,00000E+00;4,69697E-05;9,44374E-05;1,07333E-04;0,00000E+00;1,02222E-05;5,22713E-05;2,90782E-04;0,00000E+00;7,04006E-05;2,20242E-05;0,00000E+00;7,90370E-05;4,98157E-05
470;4,93896E-02;1,15390E-01;1,75834E-01;2,35619E-01;2,89368E-01;3,43145E-01;3,93414E-01;4,44292E-01;4,92329E-01;5,46830E-01;5,87444E-01;6,32191E-01;6,74612E-01;7,20122E-01;7,66561E-01;8,09666E-01;8,46487E-01;8,81430E-01;9,36909E-01;9,62442E-01;0,00000E+00;0,00000E+00;9,96330E-06;4,87066E-05;0,00000E+00;0,00000E+00;1,63875E-04;0,00000E+00;6,06805E-05;0,00000E+00;2,35588E-05;2,10352E-04;1,24109E-04;0,00000E+00;1,41177E-04;0,00000E+00;3,98654E-04;1,41164E-04;3,64083E-04;1,20998E-04;0,00000E+00;0,00000E+00;0,00000E+00;5,01541E-05;0,00000E+00;0,00000E+00;1,54692E-05;4,63309E-05;5,54113E-05;1,81724E-04;0,00000E+00;1,16274E-04;9,63683E-05;1,04827E-04;0,00000E+00;6,94432E-05;2,17247E-05;0,00000E+00;1,26244E-04;4,91382E-05
471;4,70563E-02;1,08460E-01;1,65996E-01;2,22637E-01;2,75906E-01;3,24314E-01;3,71684E-01;4,18592E-01;4,66884E-01;5,08928E-01;5,53864E-01;5,94212E-01;6,36098E-01;6,82306E-01;7,23521E-01;7,56325E-01;8,01710E-01;8,37189E-01;8,79658E-01;9,11145E-01;0,00000E+00;0,00000E+00;7,57252E-05;0,00000E+00;0,00000E+00;1,32355E-05;5,49534E-05;0,00000E+00;2,80850E-04;3,40656E-04;0,00000E+00;1,08019E-04;0,00000E+00;5,90064E-05;0,00000E+00;0,00000E+00;1,33684E-04;7,21388E-04;2,82399E-04;0,00000E+00;0,00000E+00;9,61697E-06;1,93679E-05;1,68185E-05;0,00000E+00;0,00000E+00;5,18740E-06;5,37103E-05;1,27062E-04;4,54741E-05;3,00578E-05;3,56098E-05;3,23159E-05;1,71563E-04;0,00000E+00;0,00000E+00;0,00000E+00;0,00000E+00;3,17746E-05;0,00000E+00
472;4,42666E-02;1,01758E-01;1,58652E-01;2,11611E-01;2,58128E-01;3,06309E-01;3,54877E-01;3,97826E-01;4,40383E-01;4,81589E-01;5,17405E-01;5,64829E-01;6,07135E-01;6,38133E-01;6,73206E-01;7,21380E-01;7,57066E-01;7,78359E-01;8,23086E-01;8,56080E-01;0,00000E+00;0,00000E+00;5,10923E-07;2,18979E-05;0,00000E+00;9,34227E-08;0,00000E+00;4,34069E-04;1,83875E-06;2,40451E-06;0,00000E+00;5,35765E-07;0,00000E+00;1,83963E-04;3,87880E-05;1,23594E-04;0,00000E+00;5,09191E-06;1,13154E-06;0,00000E+00;0,00000E+00;6,78813E-08;1,36708E-07;0,00000E+00;0,00000E+00;7,23281E-06;0,00000E+00;3,79114E-07;1,14367E-05;1,41442E-07;2,12163E-07;0,00000E+00;8,63927E-05;6,22015E-05;1,45977E-04;1,03029E-04;0,00000E+00;1,12311E-04;0,00000E+00;0,00000E+00
473;4,16198E-02;9,58620E-02;1,46677E-01;1,96312E-01;2,45512E-01;2,86554E-01;3,28818E-01;3,70577E-01;4,11076E-01;4,49938E-01;4,92684E-01;5,31399E-01;5,68616E-01;6,04685E-01;6,44075E-01;6,74323E-01;7,02613E-01;7,43796E-01;7,90674E-01;8,10847E-01;0,00000E+00;0,00000E+00;0,00000E+00;4,39961E-05;0,00000E+00;4,41162E-05;0,00000E+00;0,00000E+00;0,00000E+00;2,80344E-04;3,53646E-04;1,36683E-04;0,00000E+00;7,02423E-06;1,48440E-04;0,00000E+00;0,00000E+00;0,00000E+00;0,00000E+00;0,00000E+00;0,00000E+00;0,00000E+00;0,00000E+00;8,63460E-05;0,00000E+00;0,00000E+00;0,00000E+00;0,00000E+00;0,00000E+00;9,08164E-05;1,90834E-05;2,38543E-06;2,09786E-04;4,93675E-05;0,00000E+00;0,00000E+00;0,00000E+00;0,00000E+00;2,08564E-04;0,00000E+00
474;3,90316E-02;9,00511E-02;1,38612E-01;1,85037E-01;2,28672E-01;2,72640E-01;3,11701E-01;3,52654E-01;3,88228E-01;4,27319E-01;4,65394E-01;5,02375E-01;5,39455E-01;5,71079E-01;6,09257E-01;6,42203E-01;6,76163E-01;7,02609E-01;7,39566E-01;7,75223E-01;0,00000E+00;0,00000E+00;3,16723E-06;1,44497E-04;0,00000E+00;2,17089E-04;0,00000E+00;0,00000E+00;2,02542E-04;1,21677E-04;0,00000E+00;1,92041E-04;0,00000E+00;2,23935E-05;4,73231E-04;0,00000E+00;1,52074E-04;7,71589E-05;0,00000E+00;0,00000E+00;0,00000E+00;9,25758E-06;0,00000E+00;7,50281E-06;2,41121E-05;0,00000E+00;7,54017E-05;0,00000E+00;0,00000E+00;6,26916E-05;6,08386E-05;7,60482E-06;0,00000E+00;0,00000E+00;1,88229E-05;7,30671E-05;4,84875E-05;2,89635E-05;1,18751E-05;0,00000E+00
475;3,66457E-02;8,51934E-02;1,30775E-01;1,74837E-01;2,16486E-01;2,57250E-01;2,94598E-01;3,35155E-01;3,73676E-01;4,09261E-01;4,43732E-01;4,76331E-01;5,13657E-01;5,50801E-01;5,83062E-01;6,18582E-01;6,37234E-01;6,75965E-01;7,09034E-01;7,42979E-01;0,00000E+00;0,00000E+00;3,37515E-06;4,51343E-06;2,89670E-05;1,57995E-04;0,00000E+00;6,30375E-05;2,15838E-04;0,00000E+00;0,00000E+00;1,64585E-04;0,00000E+00;0,00000E+00;0,00000E+00;1,91454E-04;1,62057E-04;8,22239E-05;0,00000E+00;1,44835E-04;0,00000E+00;1,56578E-05;7,99928E-06;7,99533E-06;2,56950E-05;5,46198E-05;8,03514E-05;1,49737E-04;3,67353E-05;6,68069E-05;0,00000E+00;0,00000E+00;6,69138E-05;0,00000E+00;2,00585E-05;7,78636E-05;5,16705E-05;3,08648E-05;0,00000E+00;0,00000E+00
476;3,45710E-02;8,04657E-02;1,24697E-01;1,65588E-01;2,05687E-01;2,44417E-01;2,84247E-01;3,18274E-01;3,56345E-01;3,88694E-01;4,26215E-01;4,59315E-01;4,93382E-01;5,21958E-01;5,60051E-01;5,86420E-01;6,19434E-01;6,52945E-01;6,82872E-01;7,17710E-01;0,00000E+00;0,00000E+00;0,00000E+00;0,00000E+00;1,07481E-05;2,83966E-05;0,00000E+00;2,33899E-05;0,00000E+00;9,62763E-05;0,00000E+00;6,10689E-05;0,00000E+00;0,00000E+00;0,00000E+00;7,10385E-05;2,02403E-04;0,00000E+00;3,85105E-04;6,31399E-04;0,00000E+00;1,13903E-05;3,48723E-05;0,00000E+00;0,00000E+00;1,09639E-04;0,00000E+00;7,03056E-05;1,60145E-04;1,34787E-04;3,85105E-05;0,00000E+00;1,69387E-04;0,00000E+00;0,00000E+00;0,00000E+00;0,00000E+00;0,00000E+00;0,00000E+00;4,69183E-05
477;3,25216E-02;7,69490E-02;1,20341E-01;1,61071E-01;1,96655E-01;2,36577E-01;2,72136E-01;3,07406E-01;3,44353E-01;3,76328E-01;4,17860E-01;4,53635E-01;4,76664E-01;5,15736E-01;5,45069E-01;5,87407E-01;6,09610E-01;6,30320E-01;6,62564E-01;6,98943E-01;0,00000E+00;0,00000E+00;0,00000E+00;0,00000E+00;0,00000E+00;9,52463E-05;0,00000E+00;0,00000E+00;1,68237E-04;2,61531E-06;0,00000E+00;3,03457E-04;0,00000E+00;0,00000E+00;1,86946E-04;0,00000E+00;5,49820E-06;0,00000E+00;1,04613E-05;1,56919E-05;0,00000E+00;2,51030E-07;8,66667E-07;0,00000E+00;0,00000E+00;1,20951E-04;0,00000E+00;1,75252E-04;3,98002E-06;1,56783E-05;1,04613E-06;0,00000E+00;1,78064E-05;1,46978E-05;0,00000E+00;0,00000E+00;0,00000E+00;0,00000E+00;1,68882E-04;1,27452E-06
478;3,18877E-02;7,43983E-02;1,15311E-01;1,54626E-01;1,95721E-01;2,33172E-01;2,70351E-01;3,06054E-01;3,39533E-01;3,72767E-01;4,08892E-01;4,34518E-01;4,76714E-01;5,02476E-01;5,38060E-01;5,72613E-01;5,94168E-01;6,34365E-01;6,62912E-01;6,84520E-01;0,00000E+00;0,00000E+00;5,99540E-05;9,48842E-06;0,00000E+00;1,87583E-04;0,00000E+00;2,64873E-04;0,00000E+00;1,82572E-04;0,00000E+00;0,00000E+00;0,00000E+00;4,45374E-05;5,99610E-04;0,00000E+00;0,00000E+00;1,01071E-04;2,59284E-05;1,03714E-04;1,14341E-05;1,62260E-05;0,00000E+00;0,00000E+00;0,00000E+00;4,86108E-05;1,79276E-04;9,32107E-05;1,09606E-05;0,00000E+00;1,94463E-05;6,08573E-05;1,33650E-04;4,22838E-05;2,77128E-04;1,81622E-04;0,00000E+00;4,86645E-05;0,00000E+00;0,00000E+00
479;3,09125E-02;7,29435E-02;1,13052E-01;1,52899E-01;1,90012E-01;2,29134E-01;2,63595E-01;3,00607E-01;3,31824E-01;3,72283E-01;4,02162E-01;4,33735E-01;4,69471E-01;5,00969E-01;5,29886E-01;5,68225E-01;5,87450E-01;6,24652E-01;6,58286E-01;6,89886E-01;0,00000E+00;0,00000E+00;8,99321E-06;3,37579E-05;0,00000E+00;0,00000E+00;0,00000E+00;1,35087E-04;2,73861E-05;4,56436E-05;0,00000E+00;1,26788E-04;0,00000E+00;1,58455E-04;0,00000E+00;0,00000E+00;6,39713E-05;2,15246E-04;3,47852E-04;3,68993E-04;0,00000E+00;1,75243E-05;0,00000E+00;2,84052E-05;0,00000E+00;1,07738E-04;0,00000E+00;0,00000E+00;3,89957E-05;0,00000E+00;7,37505E-05;0,00000E+00;1,42062E-04;1,50437E-04;0,00000E+00;0,00000E+00;4,58927E-05;1,73138E-04;0,00000E+00;0,00000E+00
480;3,04751E-02;7,23507E-02;1,11873E-01;1,51857E-01;1,90041E-01;2,26119E-01;2,61846E-01;2,95327E-01;3,33430E-01;3,64465E-01;4,00610E-01;4,34479E-01;4,64061E-01;5,00614E-01;5,28537E-01;5,60603E-01;5,87008E-01;6,24059E-01;6,57335E-01;6,87359E-01;0,00000E+00;2,65041E-05;1,03400E-05;0,00000E+00;0,00000E+00;0,00000E+00;0,00000E+00;1,55317E-04;3,14874E-05;5,24789E-05;6,48814E-05;1,45775E-04;0,00000E+00;0,00000E+00;0,00000E+00;2,29422E-05;7,35514E-05;0,00000E+00;5,71575E-04;0,00000E+00;0,00000E+00;2,01487E-05;3,83426E-05;5,96614E-05;3,47116E-06;5,75633E-05;0,00000E+00;9,56974E-05;1,76082E-05;9,71924E-05;2,60748E-05;0,00000E+00;0,00000E+00;2,54733E-05;3,61297E-05;0,00000E+00;5,27654E-05;0,00000E+00;5,42030E-05;0,00000E+00
481;3,03135E-02;7,15481E-02;1,11607E-01;1,51484E-01;1,91731E-01;2,26272E-01;2,65922E-01;2,95998E-01;3,33837E-01;3,66722E-01;3,99248E-01;4,35774E-01;4,62691E-01;4,96178E-01;5,30237E-01;5,68130E-01;6,01001E-01;6,20319E-01;6,59054E-01;6,76663E-01;0,00000E+00;1,08450E-05;0,00000E+00;8,18833E-06;0,00000E+00;1,35476E-04;0,00000E+00;0,00000E+00;0,00000E+00;2,05111E-04;1,57248E-04;0,00000E+00;0,00000E+00;1,37268E-04;0,00000E+00;9,38749E-06;0,00000E+00;0,00000E+00;6,35727E-04;0,00000E+00;0,00000E+00;0,00000E+00;3,62860E-05;1,10488E-05;4,80365E-05;1,48328E-05;0,00000E+00;1,10556E-04;7,20491E-06;3,97692E-05;3,64916E-05;0,00000E+00;0,00000E+00;1,04231E-05;1,47835E-05;0,00000E+00;0,00000E+00;1,81985E-04;2,21787E-05;0,00000E+00
482;3,05049E-02;7,21091E-02;1,13076E-01;1,52078E-01;1,90785E-01;2,28234E-01;2,67273E-01;2,99843E-01;3,33498E-01;3,72632E-01;4,04656E-01;4,38798E-01;4,68217E-01;5,01983E-01;5,38395E-01;5,72427E-01;6,04064E-01;6,31130E-01;6,64993E-01;6,88214E-01;0,00000E+00;0,00000E+00;0,00000E+00;2,09886E-05;0,00000E+00;2,23332E-04;0,00000E+00;6,12452E-05;0,00000E+00;1,50502E-04;3,36334E-05;0,00000E+00;0,00000E+00;7,56088E-05;0,00000E+00;0,00000E+00;0,00000E+00;0,00000E+00;4,47059E-04;0,00000E+00;0,00000E+00;0,00000E+00;1,71740E-05;0,00000E+00;2,22392E-06;0,00000E+00;7,97173E-06;3,40622E-06;0,00000E+00;0,00000E+00;1,33435E-06;0,00000E+00;6,77201E-05;0,00000E+00;0,00000E+00;0,00000E+00;5,05304E-05;1,14325E-04;0,00000E+00;0,00000E+00
483;3,06825E-02;7,28341E-02;1,14582E-01;1,53161E-01;1,89840E-01;2,30344E-01;2,67978E-01;3,03033E-01;3,35469E-01;3,77205E-01;4,11133E-01;4,42315E-01;4,75683E-01;5,09754E-01;5,46121E-01;5,76172E-01;6,02909E-01;6,43971E-01;6,72968E-01;7,04787E-01;0,00000E+00;1,90596E-05;0,00000E+00;5,51765E-05;2,04411E-05;2,29524E-04;1,80882E-05;1,98340E-04;1,21741E-04;2,05601E-04;0,00000E+00;0,00000E+00;0,00000E+00;6,01917E-05;0,00000E+00;8,39255E-05;6,84487E-06;0,00000E+00;9,73927E-05;0,00000E+00;0,00000E+00;6,54011E-06;0,00000E+00;0,00000E+00;2,34423E-05;7,93379E-06;1,00949E-04;0,00000E+00;4,95484E-06;0,00000E+00;0,00000E+00;9,19850E-05;1,88876E-04;2,38934E-06;5,08334E-06;2,15265E-05;1,17444E-04;9,29701E-05;1,83029E-05;0,00000E+00
484;3,07630E-02;7,28196E-02;1,13225E-01;1,55904E-01;1,94066E-01;2,31652E-01;2,70532E-01;3,03807E-01;3,45294E-01;3,77802E-01;4,13529E-01;4,50026E-01;4,81357E-01;5,13938E-01;5,48008E-01;5,84453E-01;6,07103E-01;6,44088E-01;6,79972E-01;7,12764E-01;0,00000E+00;1,07353E-04;8,54762E-06;4,10859E-05;0,00000E+00;5,73078E-05;7,21920E-05;8,14422E-05;7,79673E-05;2,49495E-04;0,00000E+00;0,00000E+00;0,00000E+00;0,00000E+00;0,00000E+00;3,49292E-04;2,73186E-05;0,00000E+00;6,23739E-05;0,00000E+00;0,00000E+00;2,77601E-06;8,38601E-06;0,00000E+00;9,35608E-05;9,71051E-05;4,24023E-05;4,31893E-05;1,97753E-05;3,03674E-05;0,00000E+00;2,60292E-05;1,10234E-04;9,53612E-06;2,02881E-05;1,57620E-04;4,36188E-05;1,87309E-04;7,30487E-05;7,04711E-06
485;3,05888E-02;7,41390E-02;1,15110E-01;1,56495E-01;1,96705E-01;2,34529E-01;2,72008E-01;3,08356E-01;3,44642E-01;3,79777E-01;4,16584E-01;4,51016E-01;4,85392E-01;5,15635E-01;5,52996E-01;5,87732E-01;6,18048E-01;6,48179E-01;6,86656E-01;7,20751E-01;0,00000E+00;3,88110E-05;1,06041E-05;0,00000E+00;0,00000E+00;1,59604E-04;4,13585E-05;0,00000E+00;6,70008E-05;0,00000E+00;0,00000E+00;0,00000E+00;0,00000E+00;0,00000E+00;0,00000E+00;1,77857E-05;2,34761E-05;1,87602E-04;6,70008E-04;0,00000E+00;0,00000E+00;6,65942E-06;3,44567E-05;0,00000E+00;0,00000E+00;1,04509E-04;0,00000E+00;1,10022E-04;0,00000E+00;3,76736E-05;8,71011E-05;9,25924E-05;1,36755E-04;0,00000E+00;8,71726E-06;8,89578E-05;9,26084E-05;0,00000E+00;0,00000E+00;8,74260E-06
486;3,11910E-02;7,37259E-02;1,16608E-01;1,57111E-01;1,97935E-01;2,35167E-01;2,75209E-01;3,09939E-01;3,50523E-01;3,82971E-01;4,21162E-01;4,59339E-01;4,95433E-01;5,24135E-01;5,63014E-01;6,00436E-01;6,28473E-01;6,59337E-01;6,96452E-01;7,29212E-01;0,00000E+00;0,00000E+00;0,00000E+00;3,97974E-05;1,17815E-04;1,11392E-04;1,84863E-05;0,00000E+00;2,11201E-04;0,00000E+00;2,11745E-05;0,00000E+00;0,00000E+00;0,00000E+00;0,00000E+00;0,00000E+00;1,04933E-05;5,91364E-04;2,99479E-04;2,53755E-04;0,00000E+00;1,43727E-06;6,33073E-05;0,00000E+00;9,06267E-05;3,14571E-05;2,46436E-05;1,77915E-04;0,00000E+00;7,25014E-05;7,51829E-05;2,69531E-05;4,18696E-05;0,00000E+00;3,89642E-06;0,00000E+00;4,32412E-05;8,16457E-05;0,00000E+00;4,41651E-05
487;3,16532E-02;7,41588E-02;1,16579E-01;1,59462E-01;2,00461E-01;2,38677E-01;2,77973E-01;3,13934E-01;3,55626E-01;3,94995E-01;4,31717E-01;4,65440E-01;5,02170E-01;5,29843E-01;5,67973E-01;6,02824E-01;6,47229E-01;6,80903E-01;7,06212E-01;7,48152E-01;4,24652E-06;0,00000E+00;0,00000E+00;2,70824E-06;8,01736E-06;1,70687E-04;0,00000E+00;0,00000E+00;1,03614E-04;6,84598E-05;1,44094E-06;0,00000E+00;0,00000E+00;0,00000E+00;0,00000E+00;2,26239E-04;0,00000E+00;3,45363E-05;0,00000E+00;1,08548E-04;9,11091E-06;1,64277E-05;3,57647E-06;0,00000E+00;6,16720E-06;2,00027E-04;3,27034E-05;1,15245E-04;0,00000E+00;1,76083E-04;1,50796E-04;0,00000E+00;5,55633E-05;1,39554E-05;0,00000E+00;1,72878E-04;1,77168E-06;2,11141E-04;0,00000E+00;3,00546E-06
488;3,18842E-02;7,57774E-02;1,18765E-01;1,61449E-01;2,01880E-01;2,42825E-01;2,83097E-01;3,22527E-01;3,62289E-01;3,93815E-01;4,35019E-01;4,67280E-01;5,07266E-01;5,46291E-01;5,81639E-01;6,18344E-01;6,49637E-01;6,77946E-01;7,19065E-01;7,48645E-01;0,00000E+00;0,00000E+00;0,00000E+00;0,00000E+00;1,70739E-04;3,68805E-05;1,73476E-04;9,11338E-06;0,00000E+00;0,00000E+00;5,70764E-05;0,00000E+00;0,00000E+00;0,00000E+00;0,00000E+00;5,76638E-05;8,59370E-04;4,15753E-04;0,00000E+00;0,00000E+00;8,64020E-06;0,00000E+00;2,25767E-05;0,00000E+00;0,00000E+00;1,71943E-04;3,55862E-06;0,00000E+00;1,47523E-05;0,00000E+00;0,00000E+00;0,00000E+00;0,00000E+00;0,00000E+00;0,00000E+00;0,00000E+00;1,25317E-05;0,00000E+00;0,00000E+00;0,00000E+00
489;3,17812E-02;7,68633E-02;1,20217E-01;1,63972E-01;2,07565E-01;2,46098E-01;2,86789E-01;3,28103E-01;3,68016E-01;4,03639E-01;4,43924E-01;4,85714E-01;5,15226E-01;5,53509E-01;5,83134E-01;6,29034E-01;6,71971E-01;6,98776E-01;7,26545E-01;7,64409E-01;0,00000E+00;3,47857E-06;2,69288E-06;0,00000E+00;7,85401E-05;1,76836E-04;0,00000E+00;1,62370E-04;1,06605E-04;1,14805E-04;2,56907E-04;0,00000E+00;0,00000E+00;0,00000E+00;0,00000E+00;2,59551E-04;1,43665E-04;3,14160E-05;0,00000E+00;0,00000E+00;6,54803E-06;1,04948E-05;2,26455E-06;0,00000E+00;0,00000E+00;0,00000E+00;1,60177E-05;0,00000E+00;6,64018E-05;0,00000E+00;6,56030E-05;0,00000E+00;5,68286E-05;0,00000E+00;0,00000E+00;2,82382E-05;5,64063E-05;0,00000E+00;1,34453E-04;1,33209E-04
490;3,20682E-02;7,80469E-02;1,21854E-01;1,65465E-01;2,07787E-01;2,49406E-01;2,90384E-01;3,31401E-01;3,72582E-01;4,10235E-01;4,48344E-01;4,91104E-01;5,28823E-01;5,61435E-01;5,94082E-01;6,34914E-01;6,81755E-01;7,15330E-01;7,43944E-01;7,77743E-01;0,00000E+00;4,63989E-06;3,59191E-06;5,07815E-05;5,78198E-05;1,44492E-05;7,93138E-05;1,61862E-04;2,57834E-04;1,53133E-04;0,00000E+00;6,48931E-05;7,02891E-05;0,00000E+00;0,00000E+00;0,00000E+00;1,91627E-04;1,28488E-04;0,00000E+00;0,00000E+00;8,73410E-06;4,89417E-05;1,72135E-05;0,00000E+00;0,00000E+00;0,00000E+00;0,00000E+00;2,95195E-05;3,80207E-05;0,00000E+00;8,75046E-05;0,00000E+00;7,58009E-05;0,00000E+00;0,00000E+00;3,76655E-05;0,00000E+00;0,00000E+00;1,79341E-04;1,77681E-04
491;3,27386E-02;7,90641E-02;1,24337E-01;1,65452E-01;2,11383E-01;2,54922E-01;2,96203E-01;3,37788E-01;3,78414E-01;4,18211E-01;4,55395E-01;4,98229E-01;5,34996E-01;5,78520E-01;6,07993E-01;6,57339E-01;6,97311E-01;7,28726E-01;7,58885E-01;7,93544E-01;0,00000E+00;0,00000E+00;4,58682E-05;1,70255E-04;1,50203E-04;6,91932E-05;5,18602E-05;0,00000E+00;5,59700E-05;0,00000E+00;0,00000E+00;3,14085E-05;3,40202E-05;0,00000E+00;0,00000E+00;0,00000E+00;0,00000E+00;3,41545E-04;0,00000E+00;0,00000E+00;0,00000E+00;3,36713E-05;6,86942E-06;0,00000E+00;0,00000E+00;2,02596E-05;0,00000E+00;1,47997E-04;6,26863E-05;0,00000E+00;0,00000E+00;0,00000E+00;8,06641E-05;0,00000E+00;2,27163E-05;0,00000E+00;0,00000E+00;0,00000E+00;0,00000E+00;0,00000E+00
492;3,31553E-02;7,93348E-02;1,24850E-01;1,67977E-01;2,13889E-01;2,54626E-01;3,03974E-01;3,45135E-01;3,85029E-01;4,20892E-01;4,61452E-01;5,04185E-01;5,39484E-01;5,83455E-01;6,22007E-01;6,62391E-01;7,06306E-01;7,38882E-01;7,82687E-01;8,09633E-01;0,00000E+00;0,00000E+00;1,84852E-05;1,28412E-05;1,07733E-05;1,36815E-04;1,18754E-06;7,65645E-05;8,79573E-05;0,00000E+00;0,00000E+00;8,32929E-05;0,00000E+00;0,00000E+00;0,00000E+00;0,00000E+00;0,00000E+00;1,56561E-04;0,00000E+00;0,00000E+00;0,00000E+00;6,75384E-06;0,00000E+00;0,00000E+00;0,00000E+00;1,29364E-04;0,00000E+00;1,17862E-05;3,90357E-06;0,00000E+00;0,00000E+00;1,09947E-05;7,11041E-06;0,00000E+00;2,00240E-06;9,08650E-05;0,00000E+00;0,00000E+00;0,00000E+00;1,78601E-05
493;3,38269E-02;8,09363E-02;1,27715E-01;1,75274E-01;2,21487E-01;2,65199E-01;3,05868E-01;3,53319E-01;3,91976E-01;4,37950E-01;4,78503E-01;5,19852E-01;5,58970E-01;5,98760E-01;6,41794E-01;6,80658E-01;7,29368E-01;7,59771E-01;8,06377E-01;8,40361E-01;2,01777E-06;0,00000E+00;0,00000E+00;6,54294E-05;6,11999E-05;6,13875E-06;2,39045E-05;5,32729E-05;3,09802E-06;0,00000E+00;0,00000E+00;0,00000E+00;8,36979E-05;0,00000E+00;2,40979E-05;0,00000E+00;0,00000E+00;0,00000E+00;1,23921E-05;2,85600E-04;0,00000E+00;0,00000E+00;0,00000E+00;0,00000E+00;0,00000E+00;5,39224E-06;0,00000E+00;1,30488E-05;1,38620E-05;3,09802E-06;1,03286E-04;2,16862E-05;1,00055E-04;1,74657E-04;1,33545E-04;6,47328E-05;2,44745E-05;0,00000E+00;4,83764E-06;0,00000E+00
494;3,44441E-02;8,23467E-02;1,29826E-01;1,79328E-01;2,23298E-01;2,70867E-01;3,14293E-01;3,58422E-01;4,02478E-01;4,43255E-01;4,91524E-01;5,34025E-01;5,73054E-01;6,18234E-01;6,48291E-01;7,03937E-01;7,43166E-01;7,76336E-01;8,30993E-01;8,60547E-01;1,02403E-05;0,00000E+00;0,00000E+00;1,38088E-05;0,00000E+00;3,11546E-05;1,27269E-04;0,00000E+00;9,28571E-05;0,00000E+00;0,00000E+00;0,00000E+00;0,00000E+00;0,00000E+00;1,22299E-04;1,14707E-04;0,00000E+00;0,00000E+00;6,28908E-05;0,00000E+00;3,80422E-06;0,00000E+00;0,00000E+00;0,00000E+00;4,24239E-05;2,73661E-05;4,19494E-05;6,62237E-05;2,65856E-05;1,57227E-05;1,10059E-04;1,10059E-04;2,08837E-04;0,00000E+00;1,97043E-04;8,58115E-05;1,24210E-04;0,00000E+00;2,45514E-05;3,13249E-05
495;3,50829E-02;8,39881E-02;1,32281E-01;1,81654E-01;2,29489E-01;2,75772E-01;3,19305E-01;3,64863E-01;4,05904E-01;4,54602E-01;5,03363E-01;5,46978E-01;5,85114E-01;6,30840E-01;6,69286E-01;7,24454E-01;7,62187E-01;7,97955E-01;8,36457E-01;8,73822E-01;0,00000E+00;0,00000E+00;0,00000E+00;0,00000E+00;0,00000E+00;8,91643E-05;8,51822E-06;3,20480E-05;1,10396E-04;0,00000E+00;0,00000E+00;0,00000E+00;0,00000E+00;0,00000E+00;0,00000E+00;3,66951E-04;0,00000E+00;0,00000E+00;0,00000E+00;0,00000E+00;5,44467E-06;0,00000E+00;5,08350E-06;0,00000E+00;6,07179E-05;2,13604E-05;6,00387E-05;0,00000E+00;2,07512E-05;0,00000E+00;0,00000E+00;6,13612E-06;0,00000E+00;1,50101E-05;2,75343E-04;6,08243E-05;9,69511E-05;5,52804E-05;0,00000E+00;7,47359E-05
496;3,56250E-02;8,53674E-02;1,35815E-01;1,84701E-01;2,34907E-01;2,80631E-01;3,29033E-01;3,74194E-01;4,17523E-01;4,64003E-01;5,17274E-01;5,59900E-01;6,03745E-01;6,47156E-01;6,92555E-01;7,40531E-01;7,74139E-01;8,29242E-01;8,50837E-01;9,00325E-01;0,00000E+00;7,49071E-05;0,00000E+00;3,69263E-05;0,00000E+00;4,66320E-05;0,00000E+00;4,60395E-05;0,00000E+00;0,00000E+00;1,37528E-04;2,12345E-04;0,00000E+00;0,00000E+00;1,83143E-04;1,06052E-04;1,47317E-04;0,00000E+00;0,00000E+00;2,35448E-04;0,00000E+00;1,21068E-05;3,28462E-05;0,00000E+00;0,00000E+00;8,43512E-05;0,00000E+00;0,00000E+00;8,90548E-05;0,00000E+00;4,20443E-05;5,36623E-05;0,00000E+00;9,01286E-05;9,38655E-05;0,00000E+00;5,07044E-05;2,89111E-05;2,36352E-04;1,56390E-05
497;3,61815E-02;8,73910E-02;1,37659E-01;1,88376E-01;2,35736E-01;2,84229E-01;3,34986E-01;3,82571E-01;4,28093E-01;4,72672E-01;5,25039E-01;5,66692E-01;6,16142E-01;6,57390E-01;6,99515E-01;7,44628E-01;7,84982E-01;8,41865E-01;8,77542E-01;9,20610E-01;0,00000E+00;8,09428E-06;6,97173E-06;3,19591E-05;4,24606E-05;8,41359E-05;1,63814E-04;3,16379E-06;2,12303E-05;0,00000E+00;1,48609E-05;2,29455E-05;3,19384E-04;0,00000E+00;1,51901E-04;0,00000E+00;1,59187E-05;0,00000E+00;0,00000E+00;2,54419E-05;0,00000E+00;2,16861E-05;3,26199E-06;0,00000E+00;1,16767E-04;1,74193E-04;0,00000E+00;1,62585E-05;1,74249E-05;0,00000E+00;4,54320E-06;5,45184E-06;0,00000E+00;3,48574E-05;4,72881E-06;0,00000E+00;1,37225E-04;0,00000E+00;1,74722E-04;0,00000E+00
498;3,66910E-02;8,92007E-02;1,39214E-01;1,92107E-01;2,44129E-01;2,92107E-01;3,41670E-01;3,90393E-01;4,44974E-01;4,85772E-01;5,38187E-01;5,81649E-01;6,28180E-01;6,74453E-01;7,23665E-01;7,67361E-01;8,07274E-01;8,53453E-01;9,16033E-01;9,37433E-01;0,00000E+00;0,00000E+00;5,97858E-05;0,00000E+00;9,99612E-05;1,06890E-04;4,68261E-05;0,00000E+00;3,64120E-04;0,00000E+00;0,00000E+00;0,00000E+00;0,00000E+00;0,00000E+00;1,25880E-04;0,00000E+00;2,22170E-04;1,21373E-04;0,00000E+00;0,00000E+00;0,00000E+00;1,45625E-05;0,00000E+00;7,86809E-06;0,00000E+00;1,57857E-06;0,00000E+00;1,17817E-04;5,98588E-05;0,00000E+00;1,96373E-05;8,09155E-05;0,00000E+00;1,49752E-05;1,41599E-05;3,06498E-04;1,88865E-04;5,57738E-05;1,10558E-04;2,65187E-05
499;3,75704E-02;9,04039E-02;1,44000E-01;1,95624E-01;2,48254E-01;2,98777E-01;3,49836E-01;3,96325E-01;4,51381E-01;4,99137E-01;5,47020E-01;5,92810E-01;6,39829E-01;6,84062E-01;7,37161E-01;7,85739E-01;8,22105E-01;8,78203E-01;9,19580E-01;9,73798E-01;0,00000E+00;6,14203E-06;0,00000E+00;0,00000E+00;1,09697E-04;0,00000E+00;0,00000E+00;1,89057E-05;4,34377E-05;7,23961E-06;5,07449E-05;0,00000E+00;1,28713E-04;0,00000E+00;1,01364E-04;0,00000E+00;1,05642E-04;1,73751E-04;0,00000E+00;0,00000E+00;6,46096E-06;0,00000E+00;0,00000E+00;9,85556E-06;0,00000E+00;9,09201E-06;0,00000E+00;5,40048E-05;2,44830E-05;0,00000E+00;5,48484E-05;0,00000E+00;0,00000E+00;8,62517E-05;8,15560E-05;0,00000E+00;0,00000E+00;8,60007E-05;2,26097E-05;1,64499E-04
500;3,80828E-02;9,22395E-02;1,47118E-01;2,00615E-01;2,51801E-01;3,03731E-01;3,55411E-01;4,08610E-01;4,54692E-01;5,08657E-01;5,55158E-01;6,04690E-01;6,52555E-01;7,03998E-01;7,46039E-01;7,95067E-01;8,45811E-01;8,90742E-01;9,44270E-01;9,87399E-01;0,00000E+00;9,39152E-06;7,67272E-06;0,00000E+00;0,00000E+00;0,00000E+00;1,08171E-04;4,92465E-05;6,64187E-05;1,10698E-05;7,75920E-05;0,00000E+00;1,96810E-04;0,00000E+00;1,54991E-04;3,86070E-05;1,79908E-04;2,65675E-04;4,67299E-04;0,00000E+00;9,87919E-06;5,60670E-06;4,83921E-06;3,55175E-05;0,00000E+00;0,00000E+00;0,00000E+00;0,00000E+00;3,74359E-05;0,00000E+00;0,00000E+00;0,00000E+00;1,01200E-04;0,00000E+00;0,00000E+00;0,00000E+00;0,00000E+00;4,15533E-05;3,45715E-05;6,54256E-05
501;3,86693E-02;9,38404E-02;1,48539E-01;2,03549E-01;2,57207E-01;3,10825E-01;3,61908E-01;4,14946E-01;4,62026E-01;5,15584E-01;5,63797E-01;6,15420E-01;6,66667E-01;7,16061E-01;7,59338E-01;8,08620E-01;8,63445E-01;9,17386E-01;9,61621E-01;9,98723E-01;0,00000E+00;0,00000E+00;4,29798E-06;0,00000E+00;9,65840E-05;9,56909E-05;8,54351E-05;1,37504E-04;0,00000E+00;0,00000E+00;9,40265E-05;0,00000E+00;0,00000E+00;0,00000E+00;1,00170E-04;2,16262E-05;3,39338E-04;3,21947E-05;2,61764E-04;0,00000E+00;0,00000E+00;3,14067E-06;2,71074E-06;1,14541E-05;0,00000E+00;9,33937E-06;0,00000E+00;0,00000E+00;0,00000E+00;0,00000E+00;0,00000E+00;0,00000E+00;5,66883E-05;7,87541E-05;0,00000E+00;0,00000E+00;0,00000E+00;0,00000E+00;0,00000E+00;1,18098E-04
502;3,93982E-02;9,56180E-02;1,50758E-01;2,07739E-01;2,63396E-01;3,15685E-01;3,69023E-01;4,18197E-01;4,69399E-01;5,26627E-01;5,76104E-01;6,29712E-01;6,80732E-01;7,25716E-01;7,80861E-01;8,28989E-01;8,74759E-01;9,27671E-01;9,76381E-01;1,02739E+00;0,00000E+00;0,00000E+00;7,41667E-05;0,00000E+00;1,24066E-05;1,22919E-05;3,48763E-05;2,12798E-04;0,00000E+00;2,25853E-04;1,79980E-04;0,00000E+00;0,00000E+00;0,00000E+00;2,36458E-04;0,00000E+00;3,62257E-05;4,13553E-06;4,10641E-04;0,00000E+00;0,00000E+00;3,12037E-05;0,00000E+00;0,00000E+00;4,61971E-05;4,28927E-05;0,00000E+00;1,88685E-04;0,00000E+00;2,05321E-05;0,00000E+00;4,10641E-05;3,55718E-05;1,01163E-05;1,86995E-04;0,00000E+00;2,94916E-04;0,00000E+00;0,00000E+00;6,17857E-05
503;3,99950E-02;9,70452E-02;1,53881E-01;2,10039E-01;2,65169E-01;3,22908E-01;3,76165E-01;4,31031E-01;4,82544E-01;5,37305E-01;5,84969E-01;6,37022E-01;6,92132E-01;7,45637E-01;7,90013E-01;8,41141E-01;8,95660E-01;9,49495E-01;9,90910E-01;1,04932E+00;0,00000E+00;0,00000E+00;1,02936E-04;1,15230E-05;0,00000E+00;0,00000E+00;2,57690E-05;0,00000E+00;2,14693E-05;1,20613E-04;1,95074E-05;0,00000E+00;0,00000E+00;0,00000E+00;0,00000E+00;2,75914E-05;0,00000E+00;0,00000E+00;2,41226E-04;0,00000E+00;0,00000E+00;3,81615E-07;0,00000E+00;0,00000E+00;5,94555E-05;0,00000E+00;0,00000E+00;1,68314E-05;2,75099E-05;0,00000E+00;9,54191E-06;0,00000E+00;6,96540E-05;8,04317E-05;2,17257E-05;9,29241E-05;0,00000E+00;3,01834E-04;9,41700E-05;3,26546E-05
504;4,04417E-02;9,84079E-02;1,55171E-01;2,13672E-01;2,70171E-01;3,25545E-01;3,81048E-01;4,37906E-01;4,90784E-01;5,44410E-01;5,94794E-01;6,50717E-01;7,00769E-01;7,53027E-01;7,98738E-01;8,58911E-01;9,06105E-01;9,51486E-01;1,00805E+00;1,04843E+00;0,00000E+00;0,00000E+00;4,57298E-05;1,23180E-04;0,00000E+00;1,79786E-05;1,68545E-04;0,00000E+00;1,40422E-04;1,08879E-04;1,27590E-04;0,00000E+00;9,30650E-06;0,00000E+00;5,29318E-05;1,80464E-04;8,34519E-05;0,00000E+00;0,00000E+00;2,44977E-04;5,11412E-06;2,49599E-06;1,87919E-06;0,00000E+00;2,73042E-05;0,00000E+00;5,08865E-05;7,53766E-05;1,60677E-05;0,00000E+00;6,24096E-05;0,00000E+00;4,32282E-05;1,61494E-04;1,42098E-04;1,01965E-04;0,00000E+00;6,64143E-05;1,06260E-05;3,86894E-05
505;4,13893E-02;1,00630E-01;1,58686E-01;2,16327E-01;2,73873E-01;3,29829E-01;3,85454E-01;4,41595E-01;4,95651E-01;5,49935E-01;6,03938E-01;6,53534E-01;7,07479E-01;7,64584E-01;8,10964E-01;8,68778E-01;9,21716E-01;9,69819E-01;1,01986E+00;1,06923E+00;0,00000E+00;0,00000E+00;3,28989E-05;7,82119E-05;8,39348E-05;3,68014E-05;0,00000E+00;0,00000E+00;0,00000E+00;2,22869E-04;0,00000E+00;0,00000E+00;2,14194E-04;0,00000E+00;8,65861E-05;1,66427E-04;1,36511E-04;0,00000E+00;1,34296E-04;4,00734E-04;8,36570E-06;1,25323E-05;7,70973E-06;6,52935E-06;0,00000E+00;0,00000E+00;8,32404E-05;5,12854E-05;3,78215E-05;2,79783E-05;5,03609E-05;2,23826E-05;7,07130E-05;1,77615E-04;0,00000E+00;9,21607E-05;0,00000E+00;1,08641E-04;1,92137E-04;1,26917E-04
506;4,19322E-02;1,01254E-01;1,60526E-01;2,18739E-01;2,78105E-01;3,32736E-01;3,93895E-01;4,46047E-01;5,05172E-01;5,55342E-01;6,13373E-01;6,68316E-01;7,13110E-01;7,69112E-01;8,21412E-01;8,82490E-01;9,31679E-01;9,82985E-01;1,03671E+00;1,08151E+00;8,67852E-06;0,00000E+00;0,00000E+00;4,77862E-05;8,90643E-05;1,17367E-04;4,79801E-05;0,00000E+00;0,00000E+00;2,67736E-05;5,44820E-05;0,00000E+00;1,19002E-04;2,28880E-05;0,00000E+00;9,95382E-05;2,72346E-04;1,24364E-04;4,53414E-04;1,24364E-04;0,00000E+00;7,49540E-06;2,77258E-06;3,90513E-06;0,00000E+00;1,53327E-04;0,00000E+00;1,53777E-05;1,98063E-05;1,67335E-05;7,67569E-05;7,55689E-05;5,38653E-05;6,95863E-05;3,03387E-05;5,05580E-05;0,00000E+00;0,00000E+00;1,40931E-04;3,80553E-05
507;4,23291E-02;1,02809E-01;1,62435E-01;2,21088E-01;2,82191E-01;3,39336E-01;3,93967E-01;4,54546E-01;5,13605E-01;5,58215E-01;6,18863E-01;6,80334E-01;7,21268E-01;7,80600E-01;8,33104E-01;8,99992E-01;9,39106E-01;9,91994E-01;1,04258E+00;1,10519E+00;1,27862E-06;0,00000E+00;6,53200E-06;1,29330E-04;1,05182E-04;4,29170E-05;7,06897E-06;0,00000E+00;0,00000E+00;2,78478E-04;8,02691E-06;0,00000E+00;0,00000E+00;3,37212E-06;0,00000E+00;0,00000E+00;4,01252E-05;4,95713E-04;8,50619E-04;1,83228E-05;6,07301E-06;1,43194E-05;0,00000E+00;0,00000E+00;0,00000E+00;5,72114E-05;0,00000E+00;0,00000E+00;0,00000E+00;0,00000E+00;6,87104E-06;9,16138E-06;7,93605E-06;0,00000E+00;4,46984E-06;4,73212E-06;0,00000E+00;0,00000E+00;8,30163E-05;2,58496E-04
508;4,30543E-02;1,02590E-01;1,63786E-01;2,23582E-01;2,80611E-01;3,41508E-01;3,98341E-01;4,61797E-01;5,14333E-01;5,68354E-01;6,23479E-01;6,82557E-01;7,33223E-01;7,93447E-01;8,37052E-01;9,00466E-01;9,61752E-01;1,01421E+00;1,03828E+00;1,10020E+00;2,83595E-06;3,99025E-06;3,94612E-05;9,67446E-05;0,00000E+00;2,56640E-04;2,02924E-05;1,27372E-05;1,04518E-05;0,00000E+00;0,00000E+00;0,00000E+00;0,00000E+00;0,00000E+00;3,57716E-05;0,00000E+00;1,05262E-04;0,00000E+00;4,18072E-06;0,00000E+00;1,96372E-07;1,92237E-05;2,59765E-06;7,55370E-06;6,50906E-05;0,00000E+00;7,48833E-05;0,00000E+00;7,06919E-06;0,00000E+00;0,00000E+00;0,00000E+00;6,50737E-05;2,81237E-05;5,67645E-05;1,93106E-04;0,00000E+00;3,13868E-06;0,00000E+00;7,86504E-05
509;4,32435E-02;1,04251E-01;1,65211E-01;2,27370E-01;2,88184E-01;3,45181E-01;4,01622E-01;4,63614E-01;5,20256E-01;5,80297E-01;6,31319E-01;6,88607E-01;7,42094E-01;8,02647E-01;8,49862E-01;9,07780E-01;9,71641E-01;1,00930E+00;1,06593E+00;1,12256E+00;7,23979E-06;3,78863E-05;0,00000E+00;1,69365E-05;0,00000E+00;2,53395E-04;3,60233E-05;1,45183E-04;1,74230E-04;0,00000E+00;0,00000E+00;0,00000E+00;8,79100E-06;0,00000E+00;2,66308E-04;1,06212E-05;0,00000E+00;2,18551E-04;3,11242E-05;2,57119E-05;1,76386E-06;0,00000E+00;1,93387E-05;2,72382E-05;0,00000E+00;4,28880E-05;0,00000E+00;1,23066E-05;5,80625E-05;0,00000E+00;0,00000E+00;0,00000E+00;5,39226E-05;2,09372E-04;1,31607E-04;0,00000E+00;4,61647E-06;2,33665E-05;0,00000E+00;2,78629E-04
510;4,34167E-02;1,06506E-01;1,67131E-01;2,30204E-01;2,91843E-01;3,46537E-01;4,08077E-01;4,69491E-01;5,24450E-01;5,84504E-01;6,39737E-01;6,94605E-01;7,54492E-01;8,06945E-01;8,60777E-01;9,24399E-01;9,75248E-01;1,01936E+00;1,08227E+00;1,13372E+00;0,00000E+00;1,42174E-05;0,00000E+00;2,94363E-05;0,00000E+00;2,95167E-05;0,00000E+00;8,75248E-05;1,67581E-04;0,00000E+00;0,00000E+00;0,00000E+00;1,52791E-05;0,00000E+00;1,33674E-04;1,84601E-05;2,63437E-04;3,79850E-04;0,00000E+00;4,46882E-05;5,24761E-07;1,28868E-05;0,00000E+00;2,08882E-06;2,14814E-05;9,32355E-05;0,00000E+00;2,13893E-05;1,04793E-04;0,00000E+00;0,00000E+00;0,00000E+00;1,24055E-05;0,00000E+00;0,00000E+00;0,00000E+00;8,02360E-06;0,00000E+00;2,51578E-05;3,87034E-04
511;4,36067E-02;1,07611E-01;1,69876E-01;2,31680E-01;2,95309E-01;3,53677E-01;4,12449E-01;4,71967E-01;5,28455E-01;5,88720E-01;6,48620E-01;7,05153E-01;7,59297E-01;8,14134E-01;8,70008E-01;9,25593E-01;9,88739E-01;1,04409E+00;1,10245E+00;1,13913E+00;1,39876E-06;0,00000E+00;0,00000E+00;0,00000E+00;0,00000E+00;1,88661E-04;0,00000E+00;0,00000E+00;1,80399E-04;0,00000E+00;3,51245E-05;0,00000E+00;0,00000E+00;0,00000E+00;8,48299E-05;0,00000E+00;1,67178E-04;0,00000E+00;1,20266E-04;0,00000E+00;0,00000E+00;3,10249E-05;0,00000E+00;1,32557E-06;3,24238E-05;1,18637E-05;2,04395E-05;0,00000E+00;9,86377E-05;0,00000E+00;4,50998E-05;0,00000E+00;7,87258E-06;9,19354E-05;0,00000E+00;0,00000E+00;0,00000E+00;0,00000E+00;2,15501E-04;8,64560E-05
512;4,45624E-02;1,06768E-01;1,70242E-01;2,34433E-01;2,95216E-01;3,54303E-01;4,15469E-01;4,74180E-01;5,38993E-01;5,95593E-01;6,53247E-01;7,14153E-01;7,63848E-01;8,25435E-01;8,77735E-01;9,32346E-01;9,94664E-01;1,04943E+00;1,11309E+00;1,15609E+00;3,79008E-05;2,04453E-05;3,79859E-05;8,46615E-06;0,00000E+00;1,71213E-04;1,33883E-04;5,03459E-05;2,97768E-05;0,00000E+00;2,76066E-04;0,00000E+00;0,00000E+00;0,00000E+00;1,49962E-04;9,55673E-05;3,03980E-04;0,00000E+00;1,98512E-05;0,00000E+00;9,50834E-06;3,61549E-05;0,00000E+00;0,00000E+00;8,98578E-05;0,00000E+00;1,54094E-04;2,21463E-05;6,29370E-06;0,00000E+00;1,70838E-05;0,00000E+00;0,00000E+00;1,51749E-05;0,00000E+00;5,31105E-05;0,00000E+00;0,00000E+00;9,31451E-05;6,86815E-05
513;4,47934E-02;1,08420E-01;1,73187E-01;2,36643E-01;2,97693E-01;3,62459E-01;4,16565E-01;4,83180E-01;5,41497E-01;6,00833E-01;6,53263E-01;7,15967E-01;7,75671E-01;8,28558E-01;8,81859E-01;9,32514E-01;9,97501E-01;1,04886E+00;1,12273E+00;1,16778E+00;8,30518E-06;8,43328E-05;3,32925E-05;0,00000E+00;0,00000E+00;0,00000E+00;1,70145E-04;3,13223E-04;1,82165E-06;0,00000E+00;1,22509E-04;1,15003E-05;4,98262E-06;0,00000E+00;2,83393E-06;3,31099E-05;0,00000E+00;0,00000E+00;2,09736E-04;4,91708E-04;2,80143E-06;0,00000E+00;0,00000E+00;0,00000E+00;7,24721E-06;2,88359E-05;1,56042E-04;0,00000E+00;1,02455E-04;0,00000E+00;0,00000E+00;0,00000E+00;0,00000E+00;7,29475E-05;1,29330E-05;2,73838E-05;0,00000E+00;0,00000E+00;2,84455E-06;6,45894E-05
514;4,54167E-02;1,09609E-01;1,74742E-01;2,36392E-01;2,97203E-01;3,64093E-01;4,24521E-01;4,81914E-01;5,43874E-01;6,02757E-01;6,67285E-01;7,24038E-01;7,74992E-01;8,35284E-01;8,95519E-01;9,51588E-01;1,01840E+00;1,06602E+00;1,12916E+00;1,17846E+00;7,69832E-05;0,00000E+00;8,71610E-05;3,74608E-05;3,04663E-06;2,01231E-05;7,30941E-05;1,93915E-04;1,31289E-04;3,04663E-05;5,43838E-05;9,79642E-05;2,17442E-04;0,00000E+00;7,15367E-05;3,82725E-04;1,06749E-04;0,00000E+00;3,00276E-04;1,60700E-04;0,00000E+00;8,77289E-06;0,00000E+00;1,89600E-05;4,37699E-05;1,76760E-06;5,27448E-06;3,26641E-05;9,55786E-05;0,00000E+00;0,00000E+00;3,65596E-05;0,00000E+00;0,00000E+00;2,37832E-05;0,00000E+00;0,00000E+00;0,00000E+00;8,60770E-05;0,00000E+00
515;4,56730E-02;1,10650E-01;1,74888E-01;2,38047E-01;3,01297E-01;3,63447E-01;4,24423E-01;4,86287E-01;5,46124E-01;6,06106E-01;6,67150E-01;7,23155E-01;7,77367E-01;8,40602E-01;8,98301E-01;9,55314E-01;1,02195E+00;1,07681E+00;1,12810E+00;1,17896E+00;2,68039E-05;0,00000E+00;7,48324E-05;6,87259E-05;5,58938E-06;3,69180E-05;1,12133E-04;9,43162E-05;2,12396E-04;1,59088E-04;0,00000E+00;0,00000E+00;3,21053E-04;0,00000E+00;8,69537E-05;2,18815E-04;1,95844E-04;0,00000E+00;3,80078E-04;6,70726E-05;0,00000E+00;1,60948E-05;0,00000E+00;3,47842E-05;4,47150E-05;3,24285E-06;1,15752E-04;7,96829E-05;1,89022E-05;0,00000E+00;0,00000E+00;6,70726E-05;1,19190E-04;0,00000E+00;1,30904E-04;0,00000E+00;0,00000E+00;0,00000E+00;1,13463E-04;8,38163E-06
516;4,58634E-02;1,11213E-01;1,75336E-01;2,39586E-01;3,02386E-01;3,65908E-01;4,27008E-01;4,88753E-01;5,50524E-01;6,11007E-01;6,69008E-01;7,24328E-01;7,86483E-01;8,52331E-01;9,00460E-01;9,55359E-01;1,01996E+00;1,08431E+00;1,13874E+00;1,17799E+00;2,24150E-05;0,00000E+00;1,81027E-05;3,82499E-05;1,01620E-04;0,00000E+00;0,00000E+00;2,39931E-05;1,45171E-04;6,89081E-05;0,00000E+00;0,00000E+00;0,00000E+00;0,00000E+00;0,00000E+00;2,62645E-04;1,78030E-04;2,61308E-04;2,90342E-05;0,00000E+00;2,04564E-06;0,00000E+00;0,00000E+00;0,00000E+00;4,71806E-05;5,47466E-05;1,66113E-04;1,31927E-05;0,00000E+00;0,00000E+00;9,43612E-05;0,00000E+00;1,21507E-04;0,00000E+00;5,82751E-05;1,99960E-05;0,00000E+00;5,44937E-05;0,00000E+00;1,94253E-04
517;4,62475E-02;1,11168E-01;1,77134E-01;2,42370E-01;3,01988E-01;3,66809E-01;4,27998E-01;4,96317E-01;5,53141E-01;6,14684E-01;6,73132E-01;7,30485E-01;7,91088E-01;8,51661E-01;9,10041E-01;9,73946E-01;1,01681E+00;1,08132E+00;1,13645E+00;1,19071E+00;4,57148E-05;2,77670E-05;0,00000E+00;6,95811E-06;1,84858E-05;0,00000E+00;0,00000E+00;2,11638E-04;3,44347E-04;0,00000E+00;0,00000E+00;0,00000E+00;1,79043E-04;0,00000E+00;0,00000E+00;4,36357E-05;3,23858E-05;4,75350E-05;5,28167E-06;7,48092E-05;3,72127E-07;0,00000E+00;0,00000E+00;5,09203E-05;8,58271E-06;9,95905E-06;6,70134E-05;2,86450E-05;7,11535E-05;2,15076E-04;1,71654E-05;0,00000E+00;7,62541E-06;0,00000E+00;1,09498E-04;3,63751E-06;0,00000E+00;3,46891E-04;1,46020E-05;3,43188E-05
518;4,60340E-02;1,11212E-01;1,76907E-01;2,42949E-01;3,05708E-01;3,68902E-01;4,34546E-01;4,95101E-01;5,60960E-01;6,16409E-01;6,77904E-01;7,33426E-01;7,97806E-01;8,56271E-01;9,04619E-01;9,62565E-01;1,03117E+00;1,09396E+00;1,14531E+00;1,18908E+00;4,03770E-05;0,00000E+00;1,22102E-05;4,33103E-05;0,00000E+00;5,63072E-05;8,57183E-06;8,86144E-05;0,00000E+00;0,00000E+00;1,74283E-04;0,00000E+00;2,82788E-04;8,71256E-05;1,48134E-05;5,21487E-04;2,22427E-05;5,52307E-04;4,37579E-04;3,17403E-05;0,00000E+00;0,00000E+00;2,45122E-05;8,28948E-05;4,36429E-06;0,00000E+00;3,23660E-06;2,30057E-05;8,33837E-05;0,00000E+00;9,52208E-06;1,58701E-06;0,00000E+00;1,06758E-05;0,00000E+00;1,08210E-04;4,24991E-05;9,24268E-05;3,27478E-05;2,10300E-04
519;4,61787E-02;1,11916E-01;1,77459E-01;2,45563E-01;3,06353E-01;3,70393E-01;4,33803E-01;4,94117E-01;5,57990E-01;6,21918E-01;6,80587E-01;7,36841E-01;7,97428E-01;8,58914E-01;9,21266E-01;9,78686E-01;1,04045E+00;1,09795E+00;1,14524E+00;1,20614E+00;0,00000E+00;0,00000E+00;9,56461E-05;0,00000E+00;8,67961E-06;7,89896E-05;9,22791E-05;5,70870E-05;1,15728E-05;1,73592E-05;1,26193E-04;0,00000E+00;1,26627E-04;0,00000E+00;1,44041E-04;1,24295E-04;2,16280E-04;0,00000E+00;8,02441E-04;3,08631E-04;0,00000E+00;1,34223E-05;4,79377E-06;6,78989E-05;4,24368E-05;8,39290E-06;6,49076E-05;1,01187E-04;2,44606E-05;0,00000E+00;9,25894E-05;1,54316E-05;6,68330E-06;1,07347E-04;3,38782E-05;1,27534E-04;0,00000E+00;3,47558E-05;2,04820E-04;2,03671E-04
520;4,65582E-02;1,12131E-01;1,78839E-01;2,43402E-01;3,08750E-01;3,71846E-01;4,36066E-01;4,95357E-01;5,61952E-01;6,19799E-01;6,85601E-01;7,40155E-01;7,98126E-01;8,61629E-01;9,22329E-01;9,78996E-01;1,04426E+00;1,09249E+00;1,15750E+00;1,20720E+00;0,00000E+00;0,00000E+00;7,72833E-05;1,75275E-05;4,17562E-05;1,39929E-04;1,72945E-05;1,10647E-04;2,24136E-05;3,36205E-05;1,28227E-04;0,00000E+00;0,00000E+00;0,00000E+00;0,00000E+00;2,90191E-04;0,00000E+00;0,00000E+00;5,98703E-05;0,00000E+00;0,00000E+00;2,59957E-05;9,28434E-06;3,27214E-05;1,99568E-05;2,49389E-05;1,05458E-04;8,15900E-05;4,73741E-05;0,00000E+00;0,00000E+00;1,39697E-04;3,59940E-05;6,85348E-06;6,56137E-05;0,00000E+00;0,00000E+00;0,00000E+00;1,55697E-04;5,46141E-05
521;4,69829E-02;1,13339E-01;1,79839E-01;2,45130E-01;3,11146E-01;3,75069E-01;4,38123E-01;5,02859E-01;5,63353E-01;6,22399E-01;6,89065E-01;7,42560E-01;8,07391E-01;8,63540E-01;9,27699E-01;9,86124E-01;1,04992E+00;1,09356E+00;1,16916E+00;1,20724E+00;6,58882E-06;0,00000E+00;0,00000E+00;1,22892E-05;1,74906E-05;4,62102E-05;0,00000E+00;4,88685E-05;0,00000E+00;0,00000E+00;8,99047E-05;0,00000E+00;7,74770E-05;0,00000E+00;0,00000E+00;4,09110E-04;0,00000E+00;0,00000E+00;4,19773E-05;4,53209E-04;0,00000E+00;1,92583E-05;5,08440E-05;1,22454E-05;1,39924E-05;6,08861E-06;2,85366E-05;9,46096E-05;2,39479E-05;0,00000E+00;0,00000E+00;9,79471E-05;1,61613E-05;0,00000E+00;0,00000E+00;0,00000E+00;0,00000E+00;1,16960E-04;9,32596E-05;0,00000E+00
522;4,69746E-02;1,14236E-01;1,80418E-01;2,47395E-01;3,13786E-01;3,76356E-01;4,42440E-01;5,05687E-01;5,64660E-01;6,28503E-01;6,85763E-01;7,53725E-01;8,10697E-01;8,76215E-01;9,27397E-01;9,93742E-01;1,06414E+00;1,12454E+00;1,16003E+00;1,22353E+00;1,29945E-06;0,00000E+00;0,00000E+00;0,00000E+00;4,58150E-05;8,47305E-05;0,00000E+00;1,46002E-04;0,00000E+00;0,00000E+00;0,00000E+00;0,00000E+00;1,52800E-05;0,00000E+00;0,00000E+00;5,88620E-04;0,00000E+00;0,00000E+00;1,46608E-04;8,93820E-05;0,00000E+00;3,79813E-06;1,00275E-05;0,00000E+00;1,14538E-04;2,12648E-05;0,00000E+00;8,40755E-05;1,67407E-04;1,55771E-04;0,00000E+00;0,00000E+00;7,40829E-05;7,84504E-05;3,57650E-05;0,00000E+00;3,29036E-04;6,43416E-05;6,54244E-06;0,00000E+00
523;4,66081E-02;1,13979E-01;1,79754E-01;2,46688E-01;3,15365E-01;3,75284E-01;4,39549E-01;5,02120E-01;5,68964E-01;6,31648E-01;6,93732E-01;7,51546E-01;8,07615E-01;8,73945E-01;9,31713E-01;9,90797E-01;1,06294E+00;1,10617E+00;1,16552E+00;1,22514E+00;0,00000E+00;0,00000E+00;3,21952E-05;1,98045E-04;3,47437E-06;2,75380E-06;3,30593E-04;0,00000E+00;7,84327E-05;0,00000E+00;3,24708E-06;2,47578E-04;0,00000E+00;0,00000E+00;0,00000E+00;2,03582E-04;4,80929E-04;2,35298E-04;0,00000E+00;0,00000E+00;0,00000E+00;0,00000E+00;0,00000E+00;6,21630E-06;0,00000E+00;0,00000E+00;1,41715E-06;5,32145E-07;4,69986E-06;0,00000E+00;6,25387E-06;0,00000E+00;6,79424E-05;0,00000E+00;0,00000E+00;1,54289E-04;0,00000E+00;2,50254E-04;0,00000E+00;0,00000E+00
524;4,67820E-02;1,13347E-01;1,80364E-01;2,48674E-01;3,11850E-01;3,75281E-01;4,41014E-01;5,05378E-01;5,68533E-01;6,30173E-01;6,88988E-01;7,52896E-01;8,09772E-01;8,71805E-01;9,36693E-01;1,00523E+00;1,05853E+00;1,11017E+00;1,16999E+00;1,23444E+00;0,00000E+00;0,00000E+00;0,00000E+00;2,18832E-05;3,84554E-05;3,04799E-05;1,80878E-04;0,00000E+00;5,53694E-05;0,00000E+00;3,59397E-05;6,99109E-05;0,00000E+00;0,00000E+00;0,00000E+00;1,01667E-04;4,85016E-05;0,00000E+00;5,53694E-05;0,00000E+00;1,43041E-06;0,00000E+00;0,00000E+00;6,88040E-05;2,76847E-05;4,81864E-06;1,56854E-05;1,64906E-05;5,90413E-05;5,53694E-06;6,92198E-05;2,49162E-05;6,39517E-06;3,72470E-05;0,00000E+00;6,35627E-05;0,00000E+00;2,49412E-05;9,51067E-05;4,04747E-05
525;4,71353E-02;1,14486E-01;1,81916E-01;2,48649E-01;3,12788E-01;3,77879E-01;4,42335E-01;5,06383E-01;5,72953E-01;6,32699E-01;6,92404E-01;7,58026E-01;8,12343E-01;8,76785E-01;9,38006E-01;1,00851E+00;1,06245E+00;1,11062E+00;1,18097E+00;1,22266E+00;0,00000E+00;0,00000E+00;0,00000E+00;1,24969E-04;0,00000E+00;5,10971E-05;7,78138E-05;0,00000E+00;1,50732E-04;0,00000E+00;0,00000E+00;1,41480E-04;0,00000E+00;0,00000E+00;0,00000E+00;0,00000E+00;9,81533E-05;0,00000E+00;4,21496E-04;0,00000E+00;2,89474E-06;3,86743E-06;2,26986E-05;0,00000E+00;6,56961E-05;9,75155E-06;0,00000E+00;2,14527E-05;1,42102E-05;1,12052E-05;0,00000E+00;5,04233E-05;2,41110E-05;7,53773E-05;1,63559E-04;0,00000E+00;0,00000E+00;5,04738E-05;2,30219E-04;1,60452E-04
526;4,74146E-02;1,14866E-01;1,80846E-01;2,49771E-01;3,17038E-01;3,78316E-01;4,46544E-01;5,11715E-01;5,77510E-01;6,33768E-01;6,95172E-01;7,59680E-01;8,15346E-01;8,78429E-01;9,44383E-01;1,00596E+00;1,06676E+00;1,12575E+00;1,18565E+00;1,23823E+00;0,00000E+00;8,77525E-06;0,00000E+00;1,25413E-04;0,00000E+00;3,72347E-05;5,32068E-05;6,00243E-05;8,33514E-05;0,00000E+00;1,77223E-04;0,00000E+00;0,00000E+00;0,00000E+00;0,00000E+00;2,27878E-05;0,00000E+00;0,00000E+00;2,25493E-04;0,00000E+00;0,00000E+00;2,81821E-06;1,65405E-05;2,41386E-05;7,04666E-06;3,20055E-05;0,00000E+00;0,00000E+00;0,00000E+00;0,00000E+00;6,20604E-05;0,00000E+00;8,13890E-06;0,00000E+00;1,19186E-04;1,70965E-04;0,00000E+00;4,14150E-05;1,45953E-04;5,72341E-05
527;4,76167E-02;1,14482E-01;1,82572E-01;2,50690E-01;3,17999E-01;3,82781E-01;4,45146E-01;5,10619E-01;5,71173E-01;6,34824E-01;6,97598E-01;7,57235E-01;8,20419E-01;8,80189E-01;9,47201E-01;1,01032E+00;1,06314E+00;1,13282E+00;1,18816E+00;1,23995E+00;3,64960E-05;3,96550E-05;8,78234E-05;2,96225E-05;0,00000E+00;4,71052E-05;1,11524E-05;1,25814E-05;1,15628E-05;1,06976E-04;3,71469E-05;0,00000E+00;0,00000E+00;0,00000E+00;0,00000E+00;4,77645E-06;0,00000E+00;5,34879E-04;0,00000E+00;0,00000E+00;0,00000E+00;0,00000E+00;0,00000E+00;5,05958E-06;6,24026E-05;6,70854E-06;1,33326E-04;0,00000E+00;9,04429E-05;0,00000E+00;1,30082E-05;0,00000E+00;1,13261E-04;5,45172E-05;0,00000E+00;1,09510E-04;0,00000E+00;8,68080E-06;2,75395E-04;0,00000E+00
528;4,78905E-02;1,14722E-01;1,82732E-01;2,50819E-01;3,14498E-01;3,85826E-01;4,45940E-01;5,15414E-01;5,78080E-01;6,40589E-01;7,00207E-01;7,61848E-01;8,21793E-01;8,89362E-01;9,50330E-01;1,00797E+00;1,06789E+00;1,12667E+00;1,19106E+00;1,23980E+00;0,00000E+00;0,00000E+00;0,00000E+00;0,00000E+00;1,45954E-04;4,04383E-06;0,00000E+00;0,00000E+00;7,90664E-05;3,67341E-06;0,00000E+00;3,45545E-04;2,66145E-05;1,14608E-04;6,05491E-05;6,51202E-04;0,00000E+00;1,36354E-04;7,34683E-06;2,44894E-05;0,00000E+00;2,74238E-06;0,00000E+00;0,00000E+00;6,12235E-07;0,00000E+00;0,00000E+00;3,28201E-06;6,72900E-06;9,73025E-06;0,00000E+00;4,28565E-06;7,77846E-06;2,87121E-04;6,37247E-06;0,00000E+00;0,00000E+00;0,00000E+00;2,57102E-05;1,19344E-05
529;4,77051E-02;1,14913E-01;1,82732E-01;2,50899E-01;3,15890E-01;3,84592E-01;4,45053E-01;5,12453E-01;5,74954E-01;6,38142E-01;6,98558E-01;7,59402E-01;8,27773E-01;8,83400E-01;9,48476E-01;1,01375E+00;1,06707E+00;1,13133E+00;1,18567E+00;1,24654E+00;0,00000E+00;0,00000E+00;0,00000E+00;0,00000E+00;4,24962E-05;5,39711E-05;8,19756E-06;2,31199E-05;3,12161E-05;4,58401E-05;0,00000E+00;1,92930E-05;0,00000E+00;7,82100E-06;0,00000E+00;1,27324E-04;3,72251E-05;2,44481E-04;9,16802E-05;3,05601E-04;0,00000E+00;3,42218E-05;0,00000E+00;1,13637E-05;1,42800E-05;0,00000E+00;1,62502E-05;4,09558E-05;1,04180E-04;0,00000E+00;2,39041E-05;8,80082E-05;9,70665E-05;5,44229E-05;7,95214E-05;3,29257E-05;3,81501E-06;0,00000E+00;1,60263E-04;1,70501E-04
530;4,76649E-02;1,15297E-01;1,83266E-01;2,52357E-01;3,20089E-01;3,84480E-01;4,49922E-01;5,15158E-01;5,78947E-01;6,37494E-01;7,08432E-01;7,69140E-01;8,23702E-01;8,88920E-01;9,44372E-01;1,01924E+00;1,07351E+00;1,13026E+00;1,19459E+00;1,24429E+00;1,65764E-05;0,00000E+00;0,00000E+00;1,64705E-05;8,92056E-05;1,97516E-05;8,95584E-05;4,85319E-05;3,34521E-05;0,00000E+00;0,00000E+00;0,00000E+00;0,00000E+00;1,64174E-05;1,31285E-04;5,52744E-05;4,06684E-04;1,87533E-05;0,00000E+00;0,00000E+00;0,00000E+00;3,07504E-05;0,00000E+00;4,39130E-05;1,39384E-05;5,44014E-06;3,41116E-05;0,00000E+00;4,24232E-05;0,00000E+00;5,01781E-05;1,42804E-04;0,00000E+00;7,50108E-05;1,21996E-04;6,91159E-05;8,00825E-06;0,00000E+00;6,09423E-05;1,51906E-04
531;4,73657E-02;1,15895E-01;1,83741E-01;2,52220E-01;3,19581E-01;3,84296E-01;4,50222E-01;5,14499E-01;5,79776E-01;6,41460E-01;7,10449E-01;7,66581E-01;8,26710E-01;8,92279E-01;9,49543E-01;1,01209E+00;1,07709E+00;1,14139E+00;1,19326E+00;1,24340E+00;1,24363E-05;0,00000E+00;0,00000E+00;1,23569E-05;0,00000E+00;1,59703E-04;8,52883E-05;0,00000E+00;0,00000E+00;0,00000E+00;7,82438E-05;0,00000E+00;0,00000E+00;0,00000E+00;9,84955E-05;0,00000E+00;2,46488E-04;6,76509E-05;2,67907E-05;0,00000E+00;0,00000E+00;4,23565E-05;0,00000E+00;5,67304E-05;1,33953E-05;1,57390E-05;9,10628E-06;5,64209E-05;0,00000E+00;4,68837E-05;7,36744E-05;5,27608E-05;9,28298E-05;2,04797E-04;9,15270E-05;0,00000E+00;0,00000E+00;0,00000E+00;8,36686E-05;9,08724E-05
532;4,75504E-02;1,15747E-01;1,84811E-01;2,51465E-01;3,18663E-01;3,82909E-01;4,51165E-01;5,15308E-01;5,78955E-01;6,40558E-01;7,03943E-01;7,68625E-01;8,29913E-01;8,87561E-01;9,49438E-01;1,01866E+00;1,07576E+00;1,13330E+00;1,19251E+00;1,25269E+00;0,00000E+00;1,10679E-05;0,00000E+00;7,63845E-05;0,00000E+00;3,32296E-05;6,85044E-06;9,08476E-05;1,73943E-05;0,00000E+00;1,72862E-05;0,00000E+00;0,00000E+00;2,56100E-04;0,00000E+00;2,58672E-04;0,00000E+00;1,50992E-04;5,91878E-06;0,00000E+00;0,00000E+00;2,09567E-05;0,00000E+00;5,99503E-05;3,77480E-05;2,57547E-06;3,15738E-05;1,24649E-05;0,00000E+00;1,03579E-05;1,62767E-05;0,00000E+00;5,06442E-05;1,51619E-04;9,05245E-05;0,00000E+00;1,49908E-04;2,21999E-04;1,40712E-04;3,06595E-05
533;4,82988E-02;1,16140E-01;1,85018E-01;2,52720E-01;3,20977E-01;3,88076E-01;4,51655E-01;5,16853E-01;5,85520E-01;6,49028E-01;7,04244E-01;7,70212E-01;8,32587E-01;8,96576E-01;9,58466E-01;1,01999E+00;1,08251E+00;1,13310E+00;1,19239E+00;1,24623E+00;8,95448E-06;0,00000E+00;0,00000E+00;0,00000E+00;0,00000E+00;2,54265E-05;7,50997E-05;5,59572E-05;1,41703E-05;5,45013E-06;0,00000E+00;1,28396E-04;1,31618E-04;4,81460E-06;6,78298E-06;0,00000E+00;2,77405E-04;3,59541E-04;4,23452E-04;0,00000E+00;0,00000E+00;4,32960E-06;0,00000E+00;4,02771E-06;9,62392E-05;8,93378E-05;3,96251E-05;6,63312E-05;9,76387E-05;8,17519E-06;1,92478E-05;1,56163E-04;2,39094E-04;9,75005E-05;2,12729E-06;5,30243E-05;6,26272E-06;0,00000E+00;1,05196E-04;0,00000E+00
534;4,80739E-02;1,16430E-01;1,85473E-01;2,54479E-01;3,20554E-01;3,86574E-01;4,51043E-01;5,17912E-01;5,79856E-01;6,45416E-01;7,07728E-01;7,71582E-01;8,36179E-01;8,93875E-01;9,58128E-01;1,02950E+00;1,08835E+00;1,13759E+00;1,20321E+00;1,25345E+00;5,24650E-06;0,00000E+00;0,00000E+00;0,00000E+00;0,00000E+00;0,00000E+00;1,16998E-05;7,91937E-05;1,97119E-04;7,58148E-05;0,00000E+00;9,57258E-05;7,71161E-05;1,34900E-04;9,43557E-05;0,00000E+00;1,06258E-04;3,35739E-04;0,00000E+00;0,00000E+00;0,00000E+00;3,88110E-05;2,12338E-06;6,40033E-05;0,00000E+00;0,00000E+00;5,15396E-06;1,17770E-05;8,66777E-06;1,13722E-04;0,00000E+00;3,03259E-05;7,88096E-05;5,57688E-05;2,95920E-05;0,00000E+00;8,71184E-05;0,00000E+00;0,00000E+00;3,33081E-05
535;4,83912E-02;1,16923E-01;1,85431E-01;2,54904E-01;3,21678E-01;3,88760E-01;4,52248E-01;5,21189E-01;5,85337E-01;6,46890E-01;7,13193E-01;7,72200E-01;8,41691E-01;8,95506E-01;9,64274E-01;1,02668E+00;1,08308E+00;1,13687E+00;1,20230E+00;1,26013E+00;1,13604E-05;0,00000E+00;0,00000E+00;0,00000E+00;3,65870E-05;0,00000E+00;1,41154E-05;0,00000E+00;0,00000E+00;0,00000E+00;4,27419E-05;1,15489E-04;2,42037E-04;1,47081E-04;9,96069E-05;0,00000E+00;0,00000E+00;3,32991E-04;1,09761E-04;0,00000E+00;0,00000E+00;1,75590E-05;1,47014E-05;1,72691E-05;0,00000E+00;0,00000E+00;0,00000E+00;2,55009E-05;1,87685E-05;2,74403E-05;5,48806E-05;0,00000E+00;0,00000E+00;2,27329E-04;0,00000E+00;0,00000E+00;0,00000E+00;0,00000E+00;3,57072E-05;2,20706E-04
536;4,84763E-02;1,17322E-01;1,87144E-01;2,56442E-01;3,22385E-01;3,89613E-01;4,53419E-01;5,21038E-01;5,85841E-01;6,49185E-01;7,10921E-01;7,73456E-01;8,41474E-01;8,97356E-01;9,65653E-01;1,03887E+00;1,08635E+00;1,14600E+00;1,21051E+00;1,26736E+00;2,20253E-05;5,57864E-06;0,00000E+00;0,00000E+00;2,82077E-05;0,00000E+00;7,17672E-05;1,25924E-04;0,00000E+00;2,63022E-05;1,71224E-04;1,22249E-04;7,58515E-05;1,93626E-05;1,58631E-04;1,30381E-04;1,38238E-04;0,00000E+00;6,10666E-04;1,57813E-04;0,00000E+00;1,35375E-05;7,78959E-06;2,55758E-05;0,00000E+00;0,00000E+00;0,00000E+00;0,00000E+00;2,77965E-05;6,06090E-05;4,23115E-05;0,00000E+00;7,59476E-05;1,59565E-04;0,00000E+00;0,00000E+00;0,00000E+00;1,57971E-04;2,75294E-05;2,10687E-04
537;4,87359E-02;1,18279E-01;1,86817E-01;2,55208E-01;3,21896E-01;3,92821E-01;4,57520E-01;5,21855E-01;5,88330E-01;6,49993E-01;7,09555E-01;7,79314E-01;8,41960E-01;9,01073E-01;9,64992E-01;1,03609E+00;1,09574E+00;1,14560E+00;1,20383E+00;1,26742E+00;5,05439E-06;1,28019E-06;0,00000E+00;0,00000E+00;6,85046E-05;2,26237E-05;1,39719E-05;1,63068E-04;0,00000E+00;6,03584E-06;1,71781E-04;1,58989E-04;4,12735E-06;4,44335E-06;1,87798E-05;2,99199E-05;6,31798E-04;1,37009E-04;1,20717E-04;1,73224E-04;0,00000E+00;0,00000E+00;0,00000E+00;2,58530E-05;1,71261E-05;0,00000E+00;0,00000E+00;1,31154E-05;6,37876E-06;9,05376E-06;0,00000E+00;0,00000E+00;1,74285E-05;4,18937E-05;0,00000E+00;1,17949E-05;0,00000E+00;3,62513E-05;0,00000E+00;2,20608E-05
538;4,86558E-02;1,17787E-01;1,85467E-01;2,55970E-01;3,25173E-01;3,89964E-01;4,59244E-01;5,20755E-01;5,90676E-01;6,50985E-01;7,15527E-01;7,78302E-01;8,39143E-01;8,99119E-01;9,70539E-01;1,04355E+00;1,09451E+00;1,16155E+00;1,22123E+00;1,26170E+00;1,47559E-06;0,00000E+00;0,00000E+00;0,00000E+00;4,46037E-06;6,54685E-07;0,00000E+00;0,00000E+00;0,00000E+00;3,80800E-05;3,47381E-06;1,62696E-05;2,60394E-05;2,91871E-06;1,18482E-04;8,18897E-06;0,00000E+00;0,00000E+00;0,00000E+00;0,00000E+00;0,00000E+00;0,00000E+00;0,00000E+00;3,46975E-06;2,72578E-06;9,94198E-05;5,82461E-05;6,56150E-05;8,04870E-05;0,00000E+00;0,00000E+00;1,12154E-04;5,15173E-06;7,53185E-05;1,11475E-04;3,30523E-05;2,73485E-04;2,23242E-06;2,32166E-06;4,02531E-06
539;4,89589E-02;1,18219E-01;1,87520E-01;2,56028E-01;3,23528E-01;3,94566E-01;4,60867E-01;5,22020E-01;5,87864E-01;6,56203E-01;7,16772E-01;7,86406E-01;8,44496E-01;9,00779E-01;9,68185E-01;1,03243E+00;1,09992E+00;1,15630E+00;1,21464E+00;1,27680E+00;3,67632E-05;1,26822E-05;0,00000E+00;0,00000E+00;6,76825E-05;9,93432E-06;0,00000E+00;3,03619E-05;2,98969E-05;2,98969E-05;5,27122E-05;2,90918E-04;0,00000E+00;4,42890E-05;0,00000E+00;1,24261E-04;0,00000E+00;0,00000E+00;0,00000E+00;1,59450E-04;0,00000E+00;1,19569E-06;1,30721E-05;6,91245E-05;4,13615E-05;0,00000E+00;1,86305E-05;5,72387E-06;0,00000E+00;2,74055E-05;0,00000E+00;1,12804E-04;1,09827E-04;1,04112E-04;0,00000E+00;1,10449E-04;3,93644E-05;3,38751E-05;3,52293E-05;8,94108E-05
540;4,92078E-02;1,18865E-01;1,89158E-01;2,57934E-01;3,25197E-01;3,96578E-01;4,62679E-01;5,25909E-01;5,92066E-01;6,57501E-01;7,17995E-01;7,85600E-01;8,43523E-01;9,10350E-01;9,70102E-01;1,04317E+00;1,10461E+00;1,17476E+00;1,21472E+00;1,28197E+00;3,34718E-05;2,80645E-05;0,00000E+00;0,00000E+00;4,47961E-05;1,00599E-04;0,00000E+00;1,06182E-04;6,61592E-05;6,61592E-05;1,56996E-04;9,74568E-05;0,00000E+00;1,45099E-04;0,00000E+00;1,33234E-04;1,09871E-04;0,00000E+00;0,00000E+00;3,52849E-04;0,00000E+00;2,64595E-06;2,89275E-05;3,64549E-05;0,00000E+00;0,00000E+00;4,12277E-05;1,26664E-05;7,95331E-05;1,36799E-04;0,00000E+00;0,00000E+00;7,00462E-05;4,72027E-05;0,00000E+00;3,98691E-05;8,71100E-05;0,00000E+00;9,09352E-05;2,22782E-04
541;4,88760E-02;1,19385E-01;1,90544E-01;2,59532E-01;3,28688E-01;3,97019E-01;4,63281E-01;5,31314E-01;5,95481E-01;6,60489E-01;7,21595E-01;7,84204E-01;8,51473E-01;9,12039E-01;9,69211E-01;1,04639E+00;1,10156E+00;1,16972E+00;1,22777E+00;1,28926E+00;6,11135E-06;0,00000E+00;2,96774E-05;0,00000E+00;3,51005E-05;7,88254E-05;1,39466E-04;3,05540E-05;0,00000E+00;0,00000E+00;2,88922E-04;0,00000E+00;2,47193E-04;1,13694E-04;0,00000E+00;1,04397E-04;8,60909E-05;0,00000E+00;0,00000E+00;0,00000E+00;0,00000E+00;4,13071E-06;8,91316E-06;0,00000E+00;0,00000E+00;0,00000E+00;1,31651E-04;1,97741E-05;1,49641E-04;1,04858E-04;4,51868E-05;0,00000E+00;0,00000E+00;1,02640E-04;4,19936E-05;4,60137E-05;0,00000E+00;0,00000E+00;1,21654E-04;1,35926E-04
542;4,88435E-02;1,19801E-01;1,88269E-01;2,59179E-01;3,25130E-01;3,98269E-01;4,63711E-01;5,26527E-01;5,92872E-01;6,57600E-01;7,21276E-01;7,82775E-01;8,49013E-01;9,15690E-01;9,66291E-01;1,04675E+00;1,09487E+00;1,17457E+00;1,22704E+00;1,28218E+00;1,12789E-06;0,00000E+00;6,96628E-06;0,00000E+00;0,00000E+00;1,66642E-04;3,27372E-05;0,00000E+00;1,17738E-04;2,85936E-04;1,37190E-04;0,00000E+00;2,88054E-04;0,00000E+00;0,00000E+00;0,00000E+00;0,00000E+00;8,07348E-04;0,00000E+00;0,00000E+00;0,00000E+00;9,69614E-07;2,09221E-06;0,00000E+00;0,00000E+00;5,85510E-05;3,09027E-05;4,97245E-05;2,04973E-05;1,53575E-04;1,06069E-05;5,88692E-05;0,00000E+00;2,40930E-05;9,85730E-06;1,78453E-05;0,00000E+00;0,00000E+00;1,56285E-04;1,61227E-05
543;4,92428E-02;1,19364E-01;1,90283E-01;2,59154E-01;3,28146E-01;3,99585E-01;4,67619E-01;5,32639E-01;6,00718E-01;6,62770E-01;7,22339E-01;7,86885E-01;8,56785E-01;9,15076E-01;9,81015E-01;1,05062E+00;1,11131E+00;1,15938E+00;1,22652E+00;1,29976E+00;2,72327E-05;0,00000E+00;0,00000E+00;0,00000E+00;9,91134E-06;0,00000E+00;7,18188E-06;4,93347E-05;1,30308E-05;1,86154E-06;0,00000E+00;0,00000E+00;7,63762E-06;0,00000E+00;2,05730E-04;1,98062E-04;4,89193E-06;0,00000E+00;4,15622E-04;2,79232E-05;0,00000E+00;8,93398E-07;7,71102E-07;0,00000E+00;0,00000E+00;6,57644E-05;1,24326E-05;1,06920E-06;7,18749E-05;2,32693E-06;0,00000E+00;0,00000E+00;8,76586E-05;7,96894E-06;0,00000E+00;1,28205E-06;6,68466E-07;0,00000E+00;0,00000E+00;0,00000E+00
544;4,95916E-02;1,19736E-01;1,89064E-01;2,60719E-01;3,30129E-01;3,97021E-01;4,66357E-01;5,30343E-01;5,96244E-01;6,59726E-01;7,24784E-01;7,92292E-01;8,52262E-01;9,15004E-01;9,82506E-01;1,04904E+00;1,10693E+00;1,17439E+00;1,23674E+00;1,28714E+00;1,38536E-05;0,00000E+00;1,12059E-05;2,99703E-05;9,88211E-06;5,79576E-05;1,67548E-04;0,00000E+00;2,18200E-04;2,97787E-05;6,26445E-05;2,46206E-05;1,22177E-04;0,00000E+00;9,10058E-05;1,96381E-04;7,82551E-05;3,89990E-05;0,00000E+00;4,66180E-04;0,00000E+00;1,42915E-05;1,97393E-05;0,00000E+00;7,31232E-06;0,00000E+00;9,61582E-05;5,44362E-05;0,00000E+00;3,72233E-05;0,00000E+00;0,00000E+00;1,80571E-04;1,69214E-04;0,00000E+00;6,75117E-05;1,06933E-05;1,09795E-05;0,00000E+00;0,00000E+00
545;4,92553E-02;1,19334E-01;1,88934E-01;2,59491E-01;3,30749E-01;3,98689E-01;4,62889E-01;5,30816E-01;5,97185E-01;6,62131E-01;7,31070E-01;7,90586E-01;8,56837E-01;9,17415E-01;9,81870E-01;1,05184E+00;1,11344E+00;1,17667E+00;1,23072E+00;1,29563E+00;6,54574E-06;0,00000E+00;2,50673E-05;9,79366E-05;6,26127E-05;2,05159E-04;1,17801E-04;0,00000E+00;2,18100E-05;0,00000E+00;1,91501E-04;5,50758E-05;4,81066E-05;9,06319E-05;4,08787E-04;9,76482E-05;6,16250E-05;1,04828E-04;0,00000E+00;4,36200E-05;0,00000E+00;0,00000E+00;2,50625E-05;1,71021E-05;3,39453E-05;0,00000E+00;4,18472E-05;8,68794E-05;0,00000E+00;0,00000E+00;0,00000E+00;0,00000E+00;0,00000E+00;1,20254E-04;0,00000E+00;1,11201E-04;4,42094E-05;2,45608E-05;3,43296E-05;4,99977E-05
546;4,90610E-02;1,19327E-01;1,90702E-01;2,59764E-01;3,32717E-01;3,99730E-01;4,62579E-01;5,32573E-01;6,00947E-01;6,67390E-01;7,30833E-01;7,95003E-01;8,53662E-01;9,18939E-01;9,80044E-01;1,06510E+00;1,12012E+00;1,18409E+00;1,23621E+00;1,29661E+00;5,18143E-06;0,00000E+00;0,00000E+00;6,35444E-05;4,52465E-05;2,52954E-04;4,90605E-05;2,21387E-04;0,00000E+00;1,14448E-04;4,06600E-05;0,00000E+00;1,25036E-04;2,40246E-04;4,59182E-04;1,39566E-04;4,87806E-05;1,39220E-05;1,27165E-04;1,01732E-04;5,37573E-06;4,06862E-06;5,58914E-05;1,35375E-05;9,65791E-05;0,00000E+00;4,60922E-05;2,66541E-06;7,52581E-05;0,00000E+00;0,00000E+00;3,81494E-05;2,93751E-05;5,23917E-05;0,00000E+00;3,10678E-05;3,49949E-05;0,00000E+00;1,66174E-04;3,95768E-05
547;4,96457E-02;1,19419E-01;1,90625E-01;2,62534E-01;3,31443E-01;4,00236E-01;4,67459E-01;5,33799E-01;6,00761E-01;6,66269E-01;7,32393E-01;7,93944E-01;8,55543E-01;9,27863E-01;9,80250E-01;1,06382E+00;1,12740E+00;1,18463E+00;1,23717E+00;1,29826E+00;4,63706E-05;0,00000E+00;0,00000E+00;9,28542E-06;0,00000E+00;4,58888E-05;1,16539E-05;5,25885E-05;1,16287E-04;7,70234E-05;2,91106E-04;1,88778E-04;1,34253E-04;8,89443E-05;4,58147E-04;2,49561E-05;1,16415E-04;1,99349E-04;3,02068E-05;2,41654E-05;1,27696E-06;2,75421E-05;3,00285E-05;0,00000E+00;3,20937E-05;0,00000E+00;3,08023E-06;0,00000E+00;1,78769E-05;0,00000E+00;0,00000E+00;9,06204E-06;6,97778E-06;4,80262E-05;2,26946E-04;2,46503E-04;2,98270E-04;9,97743E-05;2,40544E-04;8,09572E-05
548;4,98132E-02;1,20492E-01;1,92586E-01;2,62005E-01;3,33050E-01;3,98679E-01;4,68743E-01;5,34970E-01;6,04780E-01;6,69916E-01;7,33887E-01;8,01562E-01;8,58221E-01;9,20675E-01;9,86940E-01;1,06710E+00;1,11935E+00;1,18396E+00;1,25138E+00;1,31286E+00;0,00000E+00;0,00000E+00;1,22767E-05;0,00000E+00;0,00000E+00;8,95272E-06;0,00000E+00;0,00000E+00;1,68232E-04;7,47699E-05;7,38948E-06;7,08049E-05;0,00000E+00;0,00000E+00;3,48957E-04;0,00000E+00;7,91545E-06;4,11235E-04;0,00000E+00;3,73850E-05;0,00000E+00;1,73469E-06;5,50740E-05;4,04190E-06;4,74404E-06;3,79576E-05;9,50943E-05;3,92475E-05;0,00000E+00;1,80726E-06;5,60775E-05;0,00000E+00;5,76275E-05;1,10522E-06;4,98160E-05;0,00000E+00;2,74983E-05;0,00000E+00;1,41104E-06;0,00000E+00
549;5,03972E-02;1,21460E-01;1,91505E-01;2,62614E-01;3,33073E-01;4,01940E-01;4,68483E-01;5,37009E-01;6,08406E-01;6,70937E-01;7,36155E-01;7,96543E-01;8,66701E-01;9,25961E-01;9,96169E-01;1,05940E+00;1,12000E+00;1,18785E+00;1,25986E+00;1,31131E+00;0,00000E+00;0,00000E+00;0,00000E+00;0,00000E+00;2,89277E-05;1,46283E-04;2,97610E-05;0,00000E+00;2,89277E-05;3,37490E-05;1,43270E-04;0,00000E+00;0,00000E+00;0,00000E+00;3,75022E-05;0,00000E+00;1,29334E-04;5,78554E-05;2,89277E-05;0,00000E+00;0,00000E+00;3,10434E-05;1,75991E-05;7,44811E-05;7,75152E-05;2,09791E-05;1,00372E-04;8,42270E-05;4,68759E-05;3,19402E-05;1,20532E-05;0,00000E+00;5,96867E-05;2,69040E-05;1,92100E-05;0,00000E+00;1,40664E-05;0,00000E+00;3,43484E-05;4,30751E-05
550;5,03487E-02;1,21245E-01;1,92916E-01;2,63464E-01;3,34085E-01;4,02565E-01;4,70176E-01;5,40072E-01;6,08416E-01;6,75868E-01;7,40716E-01;8,06687E-01;8,63472E-01;9,28893E-01;9,97896E-01;1,06065E+00;1,12516E+00;1,19651E+00;1,24165E+00;1,30666E+00;0,00000E+00;0,00000E+00;0,00000E+00;0,00000E+00;6,49426E-05;0,00000E+00;6,68134E-05;0,00000E+00;1,69624E-04;1,97894E-04;1,93251E-04;1,54202E-04;1,43163E-04;1,28437E-05;8,41924E-05;0,00000E+00;0,00000E+00;1,29885E-04;6,49426E-05;0,00000E+00;0,00000E+00;1,72245E-05;7,47250E-06;4,26958E-05;1,96277E-05;4,70981E-05;8,89541E-06;9,89103E-05;1,05236E-04;1,84970E-05;2,70594E-05;0,00000E+00;0,00000E+00;1,98577E-05;0,00000E+00;9,61259E-05;7,77346E-06;0,00000E+00;1,88814E-04;1,46301E-04
551;5,04443E-02;1,21713E-01;1,92764E-01;2,65141E-01;3,38183E-01;4,04020E-01;4,73722E-01;5,38905E-01;6,06536E-01;6,73486E-01;7,40255E-01;8,06644E-01;8,67894E-01;9,35536E-01;1,00208E+00;1,07076E+00;1,12977E+00;1,19429E+00;1,24459E+00;1,31180E+00;0,00000E+00;4,55497E-05;0,00000E+00;2,21901E-05;1,26328E-05;8,34400E-05;9,74755E-05;5,49827E-05;1,58701E-04;9,67209E-05;1,12992E-04;1,22122E-04;1,82488E-04;1,01717E-05;1,17917E-04;0,00000E+00;0,00000E+00;1,01063E-04;1,26328E-04;0,00000E+00;7,41718E-06;4,31974E-05;4,70957E-05;3,35507E-05;1,55444E-05;0,00000E+00;4,56904E-05;2,90990E-05;6,94228E-05;1,03630E-05;7,57969E-05;0,00000E+00;1,45909E-05;1,77688E-04;0,00000E+00;7,61283E-05;0,00000E+00;9,48410E-06;2,57678E-04;3,92791E-05
552;5,05555E-02;1,23207E-01;1,92737E-01;2,65074E-01;3,35274E-01;4,05650E-01;4,76419E-01;5,42493E-01;6,08140E-01;6,77323E-01;7,39208E-01;8,07531E-01;8,74581E-01;9,31844E-01;1,00396E+00;1,07011E+00;1,12858E+00;1,19615E+00;1,26093E+00;1,31953E+00;4,61251E-06;1,07858E-05;0,00000E+00;5,25444E-06;1,76498E-04;1,97579E-05;1,37835E-04;1,85629E-04;1,79481E-05;4,95734E-05;5,79129E-05;6,25927E-05;1,29360E-04;0,00000E+00;1,56457E-04;0,00000E+00;8,68490E-05;2,39308E-05;1,29060E-04;0,00000E+00;1,75633E-06;5,04311E-05;2,02784E-05;3,49049E-06;0,00000E+00;0,00000E+00;3,72347E-05;0,00000E+00;8,62920E-05;6,60979E-05;1,79481E-05;0,00000E+00;3,45502E-06;4,20750E-05;0,00000E+00;1,13805E-05;0,00000E+00;2,24576E-06;3,03620E-05;5,36857E-05
553;5,07609E-02;1,23087E-01;1,94437E-01;2,67162E-01;3,36603E-01;4,07494E-01;4,78183E-01;5,45792E-01;6,12635E-01;6,75927E-01;7,44753E-01;8,06558E-01;8,77252E-01;9,38779E-01;9,98685E-01;1,07684E+00;1,15493E+00;1,19879E+00;1,26865E+00;1,32093E+00;5,97589E-07;0,00000E+00;0,00000E+00;8,15961E-06;0,00000E+00;7,40907E-05;0,00000E+00;7,98678E-06;5,09250E-05;2,98215E-04;1,21397E-04;0,00000E+00;5,58428E-05;0,00000E+00;8,20784E-05;1,21285E-05;0,00000E+00;3,71621E-05;0,00000E+00;0,00000E+00;0,00000E+00;3,81628E-06;4,10495E-05;0,00000E+00;5,56279E-06;0,00000E+00;0,00000E+00;0,00000E+00;1,41385E-04;0,00000E+00;9,29054E-06;1,76520E-04;0,00000E+00;0,00000E+00;1,45051E-04;0,00000E+00;0,00000E+00;0,00000E+00;1,02268E-04;1,07879E-04
554;5,03466E-02;1,22946E-01;1,94896E-01;2,66665E-01;3,34107E-01;4,07801E-01;4,74426E-01;5,41704E-01;6,11240E-01;6,78482E-01;7,42798E-01;8,06338E-01;8,72779E-01;9,43214E-01;1,00235E+00;1,06653E+00;1,13566E+00;1,21475E+00;1,26259E+00;1,32532E+00;9,54303E-06;0,00000E+00;1,89875E-05;0,00000E+00;0,00000E+00;2,03233E-04;5,57683E-05;1,27543E-04;2,67965E-04;1,46521E-05;3,01095E-04;0,00000E+00;1,13102E-04;1,27696E-04;4,09989E-04;1,93683E-04;0,00000E+00;0,00000E+00;6,74574E-05;3,85471E-05;0,00000E+00;6,78803E-05;0,00000E+00;1,49930E-05;1,46521E-05;0,00000E+00;8,18896E-06;2,39849E-05;0,00000E+00;0,00000E+00;0,00000E+00;0,00000E+00;5,56524E-06;1,17867E-05;5,64214E-05;0,00000E+00;0,00000E+00;0,00000E+00;1,14398E-05;3,57020E-05
555;5,07155E-02;1,22965E-01;1,95780E-01;2,65928E-01;3,38374E-01;4,06822E-01;4,77332E-01;5,46894E-01;6,11163E-01;6,79135E-01;7,46985E-01;8,07513E-01;8,77241E-01;9,36701E-01;1,00684E+00;1,06936E+00;1,13665E+00;1,21295E+00;1,25992E+00;1,32585E+00;0,00000E+00;0,00000E+00;4,22833E-05;0,00000E+00;0,00000E+00;1,15021E-04;1,71220E-04;7,57930E-05;1,94372E-04;0,00000E+00;3,04644E-04;0,00000E+00;7,33731E-05;4,51021E-04;2,26171E-04;2,87743E-05;1,22034E-04;1,74142E-05;1,50221E-04;8,58407E-05;0,00000E+00;2,93780E-05;3,60672E-06;7,57213E-05;6,53032E-05;0,00000E+00;1,82360E-05;8,34182E-05;2,94457E-05;0,00000E+00;1,74142E-05;0,00000E+00;2,24500E-05;2,62478E-05;1,25645E-04;0,00000E+00;1,50079E-04;0,00000E+00;7,47799E-05;0,00000E+00
556;5,06701E-02;1,23723E-01;1,95653E-01;2,67445E-01;3,40575E-01;4,10276E-01;4,82797E-01;5,48596E-01;6,16534E-01;6,81349E-01;7,49042E-01;8,12151E-01;8,85238E-01;9,43301E-01;1,00638E+00;1,08140E+00;1,14647E+00;1,21403E+00;1,27634E+00;1,32243E+00;1,17468E-06;0,00000E+00;0,00000E+00;0,00000E+00;7,57502E-05;1,23742E-04;3,69566E-05;8,15395E-05;1,06298E-04;7,57502E-05;7,19396E-05;0,00000E+00;0,00000E+00;1,86726E-04;1,38378E-04;2,26116E-05;2,28606E-04;1,36845E-05;0,00000E+00;0,00000E+00;0,00000E+00;1,19557E-05;4,57746E-06;3,32665E-05;5,13169E-05;0,00000E+00;0,00000E+00;2,35795E-05;2,31392E-05;0,00000E+00;5,15596E-05;3,78751E-05;7,90281E-06;8,49287E-05;0,00000E+00;0,00000E+00;1,17936E-04;0,00000E+00;5,87639E-05;0,00000E+00
557;5,09039E-02;1,23694E-01;1,96767E-01;2,69826E-01;3,38879E-01;4,12018E-01;4,81228E-01;5,49756E-01;6,12478E-01;6,82311E-01;7,46388E-01;8,19589E-01;8,82261E-01;9,46798E-01;1,01225E+00;1,08610E+00;1,15195E+00;1,20098E+00;1,26808E+00;1,33677E+00;2,72813E-07;0,00000E+00;0,00000E+00;6,52394E-05;1,75925E-05;1,71290E-04;0,00000E+00;5,10460E-06;8,79625E-06;1,75925E-05;7,71356E-05;0,00000E+00;2,48328E-04;1,29509E-05;0,00000E+00;0,00000E+00;3,08208E-05;2,64112E-04;0,00000E+00;0,00000E+00;0,00000E+00;1,60787E-05;6,19438E-05;4,49432E-05;0,00000E+00;0,00000E+00;3,36649E-05;0,00000E+00;4,88456E-05;0,00000E+00;6,65708E-05;8,79625E-06;8,57953E-05;1,97241E-05;5,36918E-05;1,47790E-04;8,29856E-05;0,00000E+00;3,09313E-04;0,00000E+00
558;5,12803E-02;1,23845E-01;1,96001E-01;2,70718E-01;3,42100E-01;4,14188E-01;4,84769E-01;5,45937E-01;6,19613E-01;6,86044E-01;7,47718E-01;8,19663E-01;8,83448E-01;9,46900E-01;1,01627E+00;1,08278E+00;1,15249E+00;1,21375E+00;1,28708E+00;1,33868E+00;0,00000E+00;4,82475E-05;0,00000E+00;3,24460E-05;0,00000E+00;1,00807E-04;1,49666E-05;2,05611E-04;1,84269E-05;2,58601E-04;0,00000E+00;4,66453E-05;2,65272E-06;0,00000E+00;0,00000E+00;3,05214E-05;0,00000E+00;7,38861E-04;5,42418E-04;1,10829E-04;0,00000E+00;0,00000E+00;0,00000E+00;3,23306E-05;0,00000E+00;8,57346E-05;6,93938E-05;7,42713E-07;1,24934E-04;4,84917E-07;1,45475E-06;0,00000E+00;3,36048E-06;9,48958E-06;3,15455E-06;2,54429E-05;0,00000E+00;5,82483E-06;0,00000E+00;7,87715E-06
559;5,11771E-02;1,24854E-01;1,96478E-01;2,70491E-01;3,41923E-01;4,14734E-01;4,80603E-01;5,52830E-01;6,21267E-01;6,89651E-01;7,52929E-01;8,24290E-01;8,89425E-01;9,49835E-01;1,01397E+00;1,09316E+00;1,15589E+00;1,21270E+00;1,27706E+00;1,33807E+00;0,00000E+00;1,85288E-05;6,39851E-06;2,35302E-05;0,00000E+00;6,41714E-05;2,66035E-04;1,90110E-04;3,59448E-04;3,40983E-05;8,53595E-05;0,00000E+00;3,98247E-05;1,43439E-05;0,00000E+00;0,00000E+00;0,00000E+00;0,00000E+00;4,56497E-04;0,00000E+00;0,00000E+00;0,00000E+00;1,54696E-05;0,00000E+00;0,00000E+00;0,00000E+00;6,60472E-06;4,47240E-05;0,00000E+00;1,94579E-05;3,40178E-05;0,00000E+00;9,82730E-05;1,66297E-04;4,73585E-05;2,01289E-05;0,00000E+00;1,20360E-04;4,94421E-05;1,41997E-04
560;5,14371E-02;1,24809E-01;1,97499E-01;2,72165E-01;3,40890E-01;4,16628E-01;4,82758E-01;5,52028E-01;6,18344E-01;6,90437E-01;7,55264E-01;8,25389E-01;8,90092E-01;9,51115E-01;1,01927E+00;1,08979E+00;1,16094E+00;1,22207E+00;1,28578E+00;1,34650E+00;1,87675E-05;0,00000E+00;1,39902E-05;5,14483E-05;0,00000E+00;3,51741E-05;9,03997E-05;3,05355E-05;2,77530E-04;7,45551E-05;1,86637E-04;0,00000E+00;0,00000E+00;1,99218E-04;0,00000E+00;1,59398E-04;2,15096E-04;0,00000E+00;1,70412E-04;0,00000E+00;0,00000E+00;0,00000E+00;3,38240E-05;0,00000E+00;4,60414E-05;0,00000E+00;3,62024E-06;7,34083E-05;0,00000E+00;4,85513E-05;2,66268E-05;0,00000E+00;1,04564E-04;5,21073E-05;0,00000E+00;8,02501E-05;0,00000E+00;1,57555E-04;2,03964E-04;8,75190E-05
561;5,17204E-02;1,24863E-01;1,97279E-01;2,72538E-01;3,42925E-01;4,14483E-01;4,85460E-01;5,54792E-01;6,23370E-01;6,87375E-01;7,53162E-01;8,29784E-01;8,89412E-01;9,54051E-01;1,02530E+00;1,09493E+00;1,16428E+00;1,22509E+00;1,29263E+00;1,34692E+00;3,09838E-05;0,00000E+00;3,33302E-05;3,89997E-05;3,80614E-05;1,17318E-04;1,46842E-04;7,87418E-05;8,69999E-05;7,61229E-05;0,00000E+00;9,61147E-05;0,00000E+00;3,53460E-04;0,00000E+00;1,22790E-04;1,65697E-04;0,00000E+00;0,00000E+00;0,00000E+00;0,00000E+00;0,00000E+00;1,22625E-05;1,48041E-05;3,54674E-05;3,68042E-05;2,58745E-05;9,71599E-05;0,00000E+00;1,68893E-05;0,00000E+00;0,00000E+00;1,61190E-04;0,00000E+00;0,00000E+00;2,79161E-05;0,00000E+00;6,59340E-05;7,38443E-05;7,89589E-05
562;5,18458E-02;1,25570E-01;1,98206E-01;2,73734E-01;3,41420E-01;4,13886E-01;4,89070E-01;5,57119E-01;6,25453E-01;6,91933E-01;7,51336E-01;8,19004E-01;8,95776E-01;9,52660E-01;1,02302E+00;1,09786E+00;1,16047E+00;1,22147E+00;1,28352E+00;1,34011E+00;6,79101E-06;0,00000E+00;7,47273E-06;8,74384E-06;8,53349E-06;2,63031E-05;3,29224E-05;2,14460E-04;2,84450E-06;1,70670E-05;3,09945E-04;2,15492E-05;0,00000E+00;5,02561E-05;7,73898E-05;2,19194E-04;0,00000E+00;0,00000E+00;0,00000E+00;3,97969E-04;0,00000E+00;0,00000E+00;2,74929E-06;4,20171E-05;0,00000E+00;1,30619E-05;2,27101E-05;2,17835E-05;0,00000E+00;0,00000E+00;0,00000E+00;0,00000E+00;3,61394E-05;0,00000E+00;9,70847E-05;0,00000E+00;0,00000E+00;0,00000E+00;0,00000E+00;1,15517E-05
563;5,19609E-02;1,26127E-01;1,98152E-01;2,71025E-01;3,43660E-01;4,16521E-01;4,86284E-01;5,54763E-01;6,20713E-01;6,92795E-01;7,54805E-01;8,21630E-01;8,86357E-01;9,54686E-01;1,02503E+00;1,09333E+00;1,15043E+00;1,21898E+00;1,28358E+00;1,33071E+00;0,00000E+00;0,00000E+00;3,00861E-05;2,40089E-05;0,00000E+00;8,40431E-06;1,13109E-04;4,62556E-04;0,00000E+00;3,18103E-06;0,00000E+00;3,86240E-04;2,75656E-04;1,56117E-06;8,55178E-05;6,93142E-05;0,00000E+00;2,12069E-05;3,29825E-04;0,00000E+00;2,58203E-06;2,18762E-05;1,26502E-05;0,00000E+00;0,00000E+00;0,00000E+00;9,11606E-05;0,00000E+00;0,00000E+00;2,74854E-05;1,00780E-04;3,71120E-06;2,11638E-05;8,96459E-05;0,00000E+00;1,46053E-06;1,71077E-04;0,00000E+00;0,00000E+00;8,92964E-05
564;5,19301E-02;1,25929E-01;2,00363E-01;2,72328E-01;3,44124E-01;4,14698E-01;4,87799E-01;5,56173E-01;6,21847E-01;6,92935E-01;7,55710E-01;8,29738E-01;8,93650E-01;9,58471E-01;1,02838E+00;1,10127E+00;1,15734E+00;1,22894E+00;1,28701E+00;1,34378E+00;0,00000E+00;1,15874E-05;0,00000E+00;1,07802E-04;3,97327E-05;1,30857E-04;2,29934E-05;0,00000E+00;4,46993E-05;4,82879E-05;8,70313E-05;2,62691E-04;5,43390E-05;5,05105E-05;0,00000E+00;1,19303E-04;0,00000E+00;2,88808E-04;6,95322E-05;0,00000E+00;5,01562E-06;1,84808E-05;2,05730E-06;0,00000E+00;6,20823E-06;1,58483E-05;5,39921E-05;0,00000E+00;0,00000E+00;0,00000E+00;0,00000E+00;5,05415E-05;0,00000E+00;3,34102E-05;4,20021E-05;1,98904E-05;0,00000E+00;0,00000E+00;0,00000E+00;0,00000E+00
565;5,19703E-02;1,25949E-01;2,00427E-01;2,74068E-01;3,46142E-01;4,15878E-01;4,88578E-01;5,56934E-01;6,27241E-01;6,91284E-01;7,62190E-01;8,30916E-01;8,99548E-01;9,62867E-01;1,02546E+00;1,09101E+00;1,16649E+00;1,23788E+00;1,28301E+00;1,34903E+00;0,00000E+00;2,45593E-05;0,00000E+00;0,00000E+00;1,24114E-04;3,47641E-05;4,87341E-05;0,00000E+00;1,47941E-04;3,71276E-05;1,84461E-04;9,30378E-05;1,15170E-04;6,19939E-05;1,65532E-04;0,00000E+00;1,55344E-05;1,59606E-04;1,47372E-04;1,24138E-04;1,66696E-05;0,00000E+00;1,78279E-05;0,00000E+00;1,31582E-05;3,35902E-05;0,00000E+00;7,46953E-05;0,00000E+00;0,00000E+00;0,00000E+00;0,00000E+00;1,53621E-05;7,08122E-05;8,90224E-05;0,00000E+00;0,00000E+00;0,00000E+00;0,00000E+00;7,20193E-05
566;5,21416E-02;1,25962E-01;2,00725E-01;2,73544E-01;3,48146E-01;4,18353E-01;4,88416E-01;5,59510E-01;6,26466E-01;6,92565E-01;7,62683E-01;8,32180E-01;8,96194E-01;9,61732E-01;1,02729E+00;1,09248E+00;1,17399E+00;1,22880E+00;1,29202E+00;1,35678E+00;1,18782E-05;0,00000E+00;3,35378E-05;1,12122E-05;1,51059E-04;3,37283E-05;0,00000E+00;4,44505E-05;3,97068E-05;8,36843E-05;1,19310E-04;2,41784E-04;8,72960E-05;2,44347E-04;3,61866E-04;0,00000E+00;1,23421E-04;1,19121E-04;0,00000E+00;9,26493E-05;4,80706E-06;0,00000E+00;1,00513E-05;7,94472E-05;0,00000E+00;1,85167E-05;8,24464E-05;5,57481E-05;3,23795E-05;0,00000E+00;8,93632E-05;1,91493E-05;1,14654E-05;0,00000E+00;0,00000E+00;0,00000E+00;0,00000E+00;0,00000E+00;1,19608E-04;5,37509E-05
567;5,22950E-02;1,27156E-01;2,00676E-01;2,73461E-01;3,47400E-01;4,19461E-01;4,84915E-01;5,59568E-01;6,31611E-01;6,96493E-01;7,55647E-01;8,31538E-01;8,93119E-01;9,67600E-01;1,03012E+00;1,10255E+00;1,16933E+00;1,23717E+00;1,28544E+00;1,36064E+00;2,52364E-06;0,00000E+00;1,22078E-04;4,63025E-05;2,57669E-05;7,16594E-06;0,00000E+00;9,44397E-06;1,66693E-04;8,02386E-05;5,51131E-04;5,13695E-05;1,32533E-04;1,50084E-04;5,06342E-05;2,75434E-05;2,37588E-05;0,00000E+00;1,66693E-04;0,00000E+00;6,36997E-08;3,99998E-06;0,00000E+00;1,17375E-04;0,00000E+00;9,09747E-05;1,25170E-04;0,00000E+00;6,87937E-06;0,00000E+00;1,89862E-05;1,24031E-05;1,54024E-04;5,09701E-05;0,00000E+00;0,00000E+00;2,63375E-04;1,87717E-04;5,14414E-05;1,21851E-04
568;5,19851E-02;1,27790E-01;2,00626E-01;2,73635E-01;3,48442E-01;4,18222E-01;4,87759E-01;5,59758E-01;6,20724E-01;6,97042E-01;7,68806E-01;8,29224E-01;8,99549E-01;9,66027E-01;1,02594E+00;1,10441E+00;1,16086E+00;1,23269E+00;1,30979E+00;1,35842E+00;0,00000E+00;3,08718E-05;0,00000E+00;1,57367E-06;4,18083E-06;1,97246E-05;0,00000E+00;1,58376E-05;0,00000E+00;2,38904E-06;8,19061E-05;6,03294E-06;1,30692E-05;3,90988E-05;1,95845E-04;0,00000E+00;1,91250E-04;3,27497E-04;4,06138E-05;1,09166E-04;8,67978E-06;4,36593E-06;1,97921E-06;0,00000E+00;6,82285E-05;1,03956E-06;1,62410E-06;4,57391E-07;0,00000E+00;2,72914E-05;8,18742E-05;9,09714E-06;4,13902E-06;1,89153E-04;1,55415E-05;1,88590E-04;4,34900E-05;2,32209E-04;1,11916E-05;1,35829E-05
569;5,23726E-02;1,26676E-01;2,00213E-01;2,74997E-01;3,47075E-01;4,19973E-01;4,91649E-01;5,62576E-01;6,33053E-01;6,99896E-01;7,70267E-01;8,30778E-01;8,99297E-01;9,67003E-01;1,03128E+00;1,11810E+00;1,16398E+00;1,23535E+00;1,29155E+00;1,36340E+00;4,75535E-07;0,00000E+00;0,00000E+00;4,12869E-05;5,00615E-05;2,76693E-04;0,00000E+00;2,22443E-05;0,00000E+00;2,86066E-05;2,17223E-04;7,22389E-05;2,47357E-04;2,07612E-04;3,83080E-04;1,94233E-04;0,00000E+00;1,12439E-04;4,96534E-04;0,00000E+00;1,40402E-05;8,99367E-06;5,19267E-05;1,19273E-05;0,00000E+00;1,98608E-05;1,94470E-05;5,47683E-06;1,94444E-05;0,00000E+00;0,00000E+00;7,66628E-06;8,20277E-05;9,37657E-06;1,86095E-04;1,85771E-04;5,13620E-05;1,53479E-05;1,34010E-04;1,62643E-04
570;5,25505E-02;1,26512E-01;2,00721E-01;2,74658E-01;3,48857E-01;4,19874E-01;4,91535E-01;5,61270E-01;6,33955E-01;6,98546E-01;7,69151E-01;8,35827E-01;9,02926E-01;9,67844E-01;1,03390E+00;1,10759E+00;1,17973E+00;1,23731E+00;1,28941E+00;1,35427E+00;8,52623E-06;0,00000E+00;0,00000E+00;4,56144E-05;0,00000E+00;8,23300E-05;2,78632E-05;1,31651E-04;0,00000E+00;0,00000E+00;0,00000E+00;3,41958E-05;1,84676E-04;1,22348E-04;1,45435E-04;3,94759E-04;3,16317E-05;3,91019E-04;3,09661E-04;0,00000E+00;1,48810E-05;1,82787E-05;6,48484E-05;4,00422E-05;0,00000E+00;4,91113E-05;3,68227E-05;6,22218E-05;7,00487E-05;0,00000E+00;0,00000E+00;1,05858E-04;1,75469E-04;1,51557E-04;0,00000E+00;9,45348E-05;5,83519E-05;7,18584E-05;0,00000E+00;9,53216E-05
571;5,24648E-02;1,26506E-01;2,00525E-01;2,75858E-01;3,49428E-01;4,20967E-01;4,89794E-01;5,59400E-01;6,34017E-01;6,96035E-01;7,63630E-01;8,34082E-01;9,02749E-01;9,71370E-01;1,03499E+00;1,10566E+00;1,17657E+00;1,24660E+00;1,29251E+00;1,36002E+00;5,23785E-05;0,00000E+00;0,00000E+00;1,70499E-04;0,00000E+00;0,00000E+00;1,99600E-05;6,19232E-05;1,29420E-04;1,68247E-04;1,81431E-04;1,87906E-04;2,65496E-04;0,00000E+00;0,00000E+00;1,92463E-04;2,26595E-05;1,16407E-04;8,02279E-04;0,00000E+00;0,00000E+00;8,28159E-06;3,03754E-05;2,13869E-05;0,00000E+00;2,43883E-05;2,63781E-05;5,44841E-05;2,18703E-05;0,00000E+00;0,00000E+00;6,46703E-05;7,84290E-05;9,49173E-05;7,57731E-05;2,67233E-05;1,34748E-04;2,91308E-05;8,08373E-05;3,41589E-04
572;5,22315E-02;1,27300E-01;2,01519E-01;2,76187E-01;3,47589E-01;4,22545E-01;4,91377E-01;5,62138E-01;6,33393E-01;6,97517E-01;7,67939E-01;8,34734E-01;9,03618E-01;9,70809E-01;1,03531E+00;1,10722E+00;1,16884E+00;1,23107E+00;1,30102E+00;1,35856E+00;3,27288E-05;0,00000E+00;0,00000E+00;5,56979E-05;2,10439E-04;7,78373E-05;3,89701E-05;0,00000E+00;5,91135E-05;3,30764E-05;3,56682E-05;7,46383E-05;4,20578E-04;2,47867E-04;0,00000E+00;2,88194E-04;0,00000E+00;6,73404E-05;1,17039E-04;2,69362E-04;0,00000E+00;3,52929E-05;5,37333E-05;1,97926E-06;2,10439E-05;1,46511E-04;9,72796E-05;1,94849E-06;2,13499E-05;0,00000E+00;0,00000E+00;0,00000E+00;0,00000E+00;0,00000E+00;8,06073E-05;0,00000E+00;1,82730E-05;0,00000E+00;1,58922E-05;2,17815E-04
573;5,26035E-02;1,27718E-01;2,02778E-01;2,73982E-01;3,48893E-01;4,23041E-01;4,93175E-01;5,61495E-01;6,35735E-01;7,01780E-01;7,67559E-01;8,39178E-01;9,06475E-01;9,65915E-01;1,03247E+00;1,11274E+00;1,18127E+00;1,23610E+00;1,30276E+00;1,36464E+00;1,34336E-05;3,20377E-06;8,79313E-05;0,00000E+00;0,00000E+00;9,97696E-06;0,00000E+00;3,14195E-05;1,80474E-05;1,80474E-05;1,73480E-04;5,07757E-05;1,31460E-05;5,71866E-05;6,40880E-06;3,96743E-04;1,68401E-05;4,46869E-04;1,65958E-04;0,00000E+00;2,22525E-06;8,66135E-06;4,55051E-06;1,60233E-06;0,00000E+00;8,21157E-05;1,40692E-05;2,96701E-05;0,00000E+00;0,00000E+00;6,86596E-07;1,37319E-06;0,00000E+00;3,31104E-05;1,33996E-05;4,97173E-05;9,27018E-05;0,00000E+00;3,21641E-06;0,00000E+00
574;5,24993E-02;1,27983E-01;2,02131E-01;2,76117E-01;3,49331E-01;4,23673E-01;4,92928E-01;5,60843E-01;6,35678E-01;7,04781E-01;7,68373E-01;8,41251E-01;9,07555E-01;9,76648E-01;1,03686E+00;1,10830E+00;1,18143E+00;1,23359E+00;1,29992E+00;1,35597E+00;0,00000E+00;3,29611E-05;1,11948E-04;2,79288E-05;0,00000E+00;1,02645E-04;3,68053E-05;0,00000E+00;0,00000E+00;1,00699E-04;6,80877E-05;6,02060E-05;2,00484E-04;8,84206E-05;1,31896E-04;1,45920E-04;2,84677E-04;1,51877E-04;7,09964E-04;0,00000E+00;2,28939E-05;2,11965E-06;5,41347E-05;2,47309E-05;0,00000E+00;4,76472E-05;1,03253E-04;9,19634E-05;0,00000E+00;0,00000E+00;2,56137E-05;1,41277E-05;0,00000E+00;0,00000E+00;1,37858E-04;0,00000E+00;5,45498E-05;4,77474E-05;7,86093E-05;2,15236E-05
575;5,28555E-02;1,27660E-01;2,01823E-01;2,75447E-01;3,49236E-01;4,23405E-01;4,90694E-01;5,62868E-01;6,34640E-01;7,03516E-01;7,71171E-01;8,37614E-01;9,05805E-01;9,78088E-01;1,03424E+00;1,11606E+00;1,17562E+00;1,24051E+00;1,30150E+00;1,36048E+00;1,37299E-05;0,00000E+00;1,17164E-04;5,37183E-05;0,00000E+00;0,00000E+00;7,07913E-05;5,61971E-05;0,00000E+00;2,21353E-04;3,57264E-05;1,99189E-04;1,63312E-04;2,25841E-04;1,26869E-04;1,01064E-04;4,88987E-04;2,03879E-05;2,98049E-04;9,22275E-05;0,00000E+00;4,07693E-06;1,66222E-05;2,66216E-05;0,00000E+00;6,08316E-05;4,15796E-05;0,00000E+00;4,67843E-05;0,00000E+00;3,56788E-05;0,00000E+00;0,00000E+00;2,82007E-05;0,00000E+00;0,00000E+00;6,58902E-05;9,18373E-05;8,75495E-05;4,88893E-05
576;5,29380E-02;1,27302E-01;2,02209E-01;2,77114E-01;3,51254E-01;4,21793E-01;4,90917E-01;5,66184E-01;6,36006E-01;7,04055E-01;7,72565E-01;8,38056E-01;9,05660E-01;9,72938E-01;1,04140E+00;1,10645E+00;1,17499E+00;1,23965E+00;1,31167E+00;1,36759E+00;9,31959E-06;0,00000E+00;0,00000E+00;3,46144E-05;0,00000E+00;6,07406E-05;0,00000E+00;1,29631E-04;0,00000E+00;1,87806E-05;2,30210E-04;1,43056E-04;1,33485E-04;9,21702E-05;1,83939E-04;1,30244E-04;1,86446E-04;2,62746E-04;1,81455E-04;3,25348E-04;7,40485E-06;1,78639E-05;2,71240E-05;4,56283E-05;0,00000E+00;2,72404E-05;0,00000E+00;0,00000E+00;3,17562E-05;0,00000E+00;0,00000E+00;5,91179E-05;0,00000E+00;1,91420E-05;3,41850E-05;0,00000E+00;1,32090E-04;7,89028E-05;1,74371E-04;4,77660E-05
577;5,30602E-02;1,27765E-01;2,02796E-01;2,77350E-01;3,51306E-01;4,23644E-01;4,96041E-01;5,61802E-01;6,37006E-01;7,04349E-01;7,69846E-01;8,42301E-01;9,07930E-01;9,74407E-01;1,04115E+00;1,11619E+00;1,17613E+00;1,23513E+00;1,31019E+00;1,36072E+00;0,00000E+00;0,00000E+00;2,24056E-05;6,14967E-06;1,02344E-04;1,07913E-05;0,00000E+00;6,07975E-05;5,11721E-05;0,00000E+00;4,08996E-05;2,44840E-05;1,35792E-04;1,25569E-04;1,38823E-04;4,45909E-04;0,00000E+00;4,66801E-05;4,32717E-04;4,56057E-04;1,31556E-06;3,17374E-06;3,04191E-05;6,65194E-05;0,00000E+00;4,94818E-06;0,00000E+00;0,00000E+00;0,00000E+00;0,00000E+00;0,00000E+00;1,05030E-05;1,97013E-05;0,00000E+00;6,07340E-06;2,46697E-04;2,34675E-05;1,42076E-04;3,09792E-05;7,58287E-06
578;5,30634E-02;1,28602E-01;2,02201E-01;2,78860E-01;3,50038E-01;4,19100E-01;4,93066E-01;5,65031E-01;6,39039E-01;7,05351E-01;7,71625E-01;8,46806E-01;9,07908E-01;9,72036E-01;1,03755E+00;1,11254E+00;1,18904E+00;1,24139E+00;1,28881E+00;1,36483E+00;2,95633E-07;2,35868E-06;9,91226E-06;2,33984E-05;0,00000E+00;8,21182E-05;3,08661E-05;0,00000E+00;3,17735E-05;3,82227E-04;2,07488E-05;1,56978E-04;9,88989E-04;2,61499E-05;0,00000E+00;0,00000E+00;2,51711E-04;3,17735E-06;1,90641E-05;3,55220E-05;0,00000E+00;3,11858E-05;0,00000E+00;8,34193E-06;0,00000E+00;6,96621E-05;1,40181E-04;0,00000E+00;1,35144E-04;1,85410E-04;0,00000E+00;2,90245E-05;1,33341E-04;0,00000E+00;1,27095E-04;4,89283E-05;0,00000E+00;7,59976E-05;1,11634E-05;1,58683E-04
579;5,26787E-02;1,28583E-01;2,03535E-01;2,78374E-01;3,51105E-01;4,21321E-01;4,96456E-01;5,64349E-01;6,35228E-01;7,00542E-01;7,76548E-01;8,42164E-01;9,07307E-01;9,76998E-01;1,04078E+00;1,11399E+00;1,18751E+00;1,25455E+00;1,30402E+00;1,37435E+00;3,59926E-06;2,05416E-05;1,17063E-04;0,00000E+00;4,68013E-05;0,00000E+00;1,49460E-04;9,10643E-05;2,87726E-04;2,51725E-04;0,00000E+00;2,08562E-05;2,49267E-04;1,45920E-04;0,00000E+00;4,54894E-05;2,42391E-05;7,17196E-05;2,54125E-04;3,30362E-05;0,00000E+00;4,75307E-05;6,08200E-06;8,12158E-05;0,00000E+00;6,82312E-05;1,69301E-04;0,00000E+00;0,00000E+00;1,45275E-04;3,30362E-05;7,03078E-05;0,00000E+00;1,34688E-05;2,14912E-05;0,00000E+00;0,00000E+00;2,26291E-04;9,72214E-05;0,00000E+00
580;5,29888E-02;1,29260E-01;2,03425E-01;2,78110E-01;3,49403E-01;4,21318E-01;4,94610E-01;5,66129E-01;6,32062E-01;7,04893E-01;7,72696E-01;8,40427E-01;9,09546E-01;9,74973E-01;1,03718E+00;1,11268E+00;1,17478E+00;1,24512E+00;1,30416E+00;1,37297E+00;1,84084E-06;2,59279E-05;5,52242E-05;0,00000E+00;8,40844E-05;5,58991E-05;4,35346E-05;1,88165E-04;6,68019E-05;2,96769E-05;0,00000E+00;1,56201E-04;3,68780E-04;2,62163E-04;1,31660E-04;8,17274E-05;0,00000E+00;2,86015E-04;4,02767E-04;2,47423E-04;8,83378E-07;1,97814E-05;1,09271E-05;4,46507E-05;3,52630E-05;0,00000E+00;4,79443E-05;0,00000E+00;2,38505E-05;3,76139E-05;5,93537E-05;9,37323E-05;4,34441E-05;2,41983E-05;3,86116E-05;0,00000E+00;1,01301E-04;5,90461E-05;0,00000E+00;5,34635E-05
581;5,31889E-02;1,28686E-01;2,03494E-01;2,78837E-01;3,48660E-01;4,25573E-01;4,91150E-01;5,67437E-01;6,33160E-01;7,07395E-01;7,69911E-01;8,40452E-01;9,12529E-01;9,76674E-01;1,04022E+00;1,11216E+00;1,17700E+00;1,23787E+00;1,30607E+00;1,36841E+00;0,00000E+00;1,64901E-05;6,55979E-05;1,16962E-04;8,65621E-05;3,55516E-05;2,22925E-04;1,56178E-05;1,49758E-04;1,99759E-04;7,77876E-05;7,55123E-05;4,14093E-04;3,92145E-05;5,39522E-04;0,00000E+00;2,33308E-04;1,31573E-04;1,55495E-04;4,65860E-04;5,61825E-07;0,00000E+00;0,00000E+00;1,86093E-05;3,24151E-05;0,00000E+00;3,95456E-05;5,09927E-06;1,51689E-05;2,39223E-05;0,00000E+00;1,63075E-05;1,12228E-04;1,14017E-04;0,00000E+00;0,00000E+00;6,44273E-05;4,48992E-06;0,00000E+00;3,40026E-05
582;5,31108E-02;1,28616E-01;2,01882E-01;2,79951E-01;3,51763E-01;4,21718E-01;4,90997E-01;5,67839E-01;6,32529E-01;7,05094E-01;7,68191E-01;8,40552E-01;9,06966E-01;9,73191E-01;1,03970E+00;1,11097E+00;1,17702E+00;1,23688E+00;1,30397E+00;1,35736E+00;0,00000E+00;0,00000E+00;6,64506E-05;4,06548E-05;1,33658E-05;0,00000E+00;3,01461E-05;5,97184E-05;1,85065E-05;1,85204E-04;1,20110E-05;0,00000E+00;1,15364E-04;6,05501E-06;3,90560E-04;0,00000E+00;3,60245E-05;0,00000E+00;1,02907E-04;5,34633E-05;4,83362E-06;2,88093E-05;0,00000E+00;3,66905E-05;1,44056E-05;0,00000E+00;1,39788E-06;2,04892E-05;1,95756E-04;5,14534E-05;0,00000E+00;1,22114E-04;4,27769E-05;1,76051E-05;1,89675E-04;0,00000E+00;2,09400E-04;0,00000E+00;0,00000E+00;1,39304E-04
583;5,30052E-02;1,28797E-01;2,02681E-01;2,76789E-01;3,50914E-01;4,24526E-01;4,93892E-01;5,66742E-01;6,32341E-01;7,01379E-01;7,73524E-01;8,36331E-01;9,07731E-01;9,75958E-01;1,03215E+00;1,11870E+00;1,17576E+00;1,24794E+00;1,30164E+00;1,37105E+00;5,85196E-05;1,33958E-05;4,00122E-05;8,55157E-05;5,52685E-06;2,00065E-04;2,70088E-05;9,96483E-05;3,65790E-04;1,24742E-04;1,92452E-04;1,24937E-04;5,03907E-06;1,08497E-05;1,39606E-04;0,00000E+00;0,00000E+00;6,94734E-05;2,94765E-05;7,67892E-04;6,49002E-07;5,00129E-05;6,06817E-06;1,23390E-04;0,00000E+00;1,00768E-04;8,26502E-05;2,66019E-05;0,00000E+00;1,73684E-05;0,00000E+00;1,01580E-04;4,01209E-05;0,00000E+00;0,00000E+00;0,00000E+00;1,87105E-04;4,14929E-06;2,01374E-05;1,19706E-05
584;5,32487E-02;1,28567E-01;2,03209E-01;2,77544E-01;3,52876E-01;4,23505E-01;4,92356E-01;5,67258E-01;6,35269E-01;7,03878E-01;7,72035E-01;8,40414E-01;9,08568E-01;9,78356E-01;1,03858E+00;1,11710E+00;1,18065E+00;1,24255E+00;1,30166E+00;1,37886E+00;2,50274E-06;2,68471E-05;1,08399E-04;3,95171E-05;6,90249E-05;2,04314E-04;1,97172E-04;2,70466E-04;1,74640E-04;5,00979E-04;2,66866E-04;3,15152E-04;1,07382E-04;2,31206E-04;4,53216E-04;0,00000E+00;2,00961E-04;1,03238E-04;2,15188E-04;3,83693E-05;8,91359E-06;4,58762E-06;1,32447E-05;3,65014E-05;0,00000E+00;6,65519E-06;0,00000E+00;0,00000E+00;5,33394E-05;0,00000E+00;0,00000E+00;1,07594E-04;3,31222E-05;1,75374E-05;0,00000E+00;1,58001E-05;8,23821E-06;9,91852E-05;1,60443E-04;1,19998E-04
585;5,30441E-02;1,27645E-01;2,04450E-01;2,78086E-01;3,51396E-01;4,23117E-01;4,96425E-01;5,67517E-01;6,34261E-01;7,04335E-01;7,71952E-01;8,42226E-01;9,04169E-01;9,73050E-01;1,03111E+00;1,11102E+00;1,18007E+00;1,23489E+00;1,30571E+00;1,37045E+00;9,83103E-06;1,61609E-05;4,38141E-05;4,60075E-05;5,24247E-05;0,00000E+00;0,00000E+00;1,90969E-04;2,10753E-04;2,57969E-04;1,22772E-04;7,21545E-05;2,35460E-04;3,65552E-04;4,89971E-04;1,58715E-05;4,51517E-04;4,40392E-04;4,80273E-04;1,91947E-04;2,24998E-05;2,68261E-05;9,22800E-06;5,94462E-05;0,00000E+00;8,62859E-05;0,00000E+00;1,10340E-05;1,41363E-04;4,80273E-06;0,00000E+00;9,60545E-06;5,50035E-05;7,61164E-05;0,00000E+00;2,62380E-05;1,36805E-05;1,14407E-04;2,23089E-05;5,41511E-05
586;5,28477E-02;1,27713E-01;2,02430E-01;2,78768E-01;3,50247E-01;4,22421E-01;4,96076E-01;5,65031E-01;6,32280E-01;7,06579E-01;7,64673E-01;8,44549E-01;9,06236E-01;9,68258E-01;1,03994E+00;1,12035E+00;1,17705E+00;1,23753E+00;1,29552E+00;1,36234E+00;2,08066E-05;5,14466E-05;8,59269E-05;1,71611E-04;7,01921E-05;2,04715E-04;4,15913E-05;1,95979E-05;8,44278E-05;6,97608E-05;2,63015E-05;0,00000E+00;7,51166E-04;6,62959E-05;7,00500E-05;9,30026E-06;1,87066E-04;5,61866E-04;2,81426E-04;1,55216E-04;2,17802E-05;1,12552E-05;1,55432E-06;1,20408E-05;0,00000E+00;4,40851E-05;0,00000E+00;6,46560E-06;3,66276E-05;2,81426E-06;0,00000E+00;5,62852E-06;0,00000E+00;1,09946E-04;8,76631E-05;1,20649E-04;9,67795E-05;2,02336E-05;4,20849E-05;0,00000E+00
587;5,31461E-02;1,27776E-01;2,01931E-01;2,78083E-01;3,50527E-01;4,21496E-01;4,93700E-01;5,63871E-01;6,37443E-01;7,00084E-01;7,66131E-01;8,41256E-01;8,98827E-01;9,68844E-01;1,03079E+00;1,11543E+00;1,18400E+00;1,22627E+00;1,30394E+00;1,36131E+00;1,94071E-06;4,33433E-05;1,69978E-04;2,21354E-05;8,69081E-06;2,64054E-05;1,92321E-04;0,00000E+00;2,42295E-04;2,09420E-04;2,02182E-05;0,00000E+00;3,48314E-04;1,27406E-04;4,30786E-04;2,00178E-04;1,97147E-04;5,21448E-05;1,03841E-04;3,18475E-04;1,22008E-05;0,00000E+00;0,00000E+00;6,39497E-05;2,16335E-05;5,52260E-05;0,00000E+00;0,00000E+00;1,53668E-05;5,19204E-05;0,00000E+00;0,00000E+00;0,00000E+00;5,29653E-05;1,12635E-04;1,55620E-05;1,36778E-04;9,35616E-05;3,43241E-04;0,00000E+00
588;5,24982E-02;1,27850E-01;2,02307E-01;2,77452E-01;3,47832E-01;4,20343E-01;4,95150E-01;5,65907E-01;6,25846E-01;7,00414E-01;7,74307E-01;8,30918E-01;9,07745E-01;9,65499E-01;1,02823E+00;1,09987E+00;1,15870E+00;1,23463E+00;1,28998E+00;1,35928E+00;2,66981E-05;0,00000E+00;1,04095E-04;2,14951E-04;1,38654E-05;5,30477E-05;0,00000E+00;7,39495E-05;2,70061E-04;2,13314E-06;0,00000E+00;3,23204E-05;4,65357E-04;5,90418E-04;4,01091E-04;4,93457E-05;5,65903E-04;2,92511E-04;3,76346E-04;3,83966E-05;0,00000E+00;2,79444E-05;2,15641E-05;5,39301E-06;2,10985E-05;0,00000E+00;0,00000E+00;1,16334E-04;0,00000E+00;1,51909E-04;5,33286E-06;8,53258E-06;1,94951E-05;1,34188E-04;1,67600E-04;1,27998E-04;1,41003E-04;0,00000E+00;2,63567E-05;1,34081E-04
589;5,26995E-02;1,27138E-01;2,01611E-01;2,77224E-01;3,49605E-01;4,21868E-01;4,90220E-01;5,59973E-01;6,28766E-01;6,97473E-01;7,62101E-01;8,27681E-01;8,93856E-01;9,63548E-01;1,03547E+00;1,10849E+00;1,16866E+00;1,22811E+00;1,29418E+00;1,35342E+00;1,78157E-05;0,00000E+00;9,36686E-05;1,31381E-05;8,42753E-05;9,88086E-05;0,00000E+00;3,80246E-04;0,00000E+00;8,47690E-05;5,59218E-05;2,49332E-04;4,92393E-04;1,85014E-04;3,90991E-04;5,17442E-04;2,25396E-04;7,51995E-04;5,24596E-04;2,33378E-04;0,00000E+00;5,59219E-05;3,58043E-06;3,85976E-05;0,00000E+00;6,24886E-05;6,10159E-06;0,00000E+00;4,80592E-05;1,79509E-05;6,53235E-05;1,05714E-04;1,03666E-05;1,09778E-05;1,11592E-04;1,00282E-04;1,11018E-04;0,00000E+00;5,60615E-05;2,51116E-04
590;5,27173E-02;1,27441E-01;2,01987E-01;2,75352E-01;3,49869E-01;4,19409E-01;4,88697E-01;5,58701E-01;6,30204E-01;6,97655E-01;7,63395E-01;8,34266E-01;8,96256E-01;9,59094E-01;1,03131E+00;1,10101E+00;1,15769E+00;1,22398E+00;1,30127E+00;1,34908E+00;2,70961E-05;6,25941E-06;1,29217E-05;1,99819E-05;4,91864E-06;7,86289E-05;9,10859E-05;1,74921E-04;6,88610E-05;2,17417E-04;3,03403E-04;8,04343E-05;8,81300E-05;1,79610E-04;1,64904E-04;4,12093E-04;3,18871E-05;5,90237E-05;1,27408E-04;5,90237E-05;0,00000E+00;2,42747E-05;9,50803E-06;8,84925E-06;1,72152E-05;9,50396E-05;9,27998E-06;3,39009E-05;7,30938E-05;2,73017E-05;5,00531E-05;1,31092E-04;3,84909E-05;1,66962E-05;6,70395E-05;4,38733E-05;9,80383E-05;0,00000E+00;8,52645E-05;2,95665E-05
591;5,26069E-02;1,26999E-01;2,00855E-01;2,76848E-01;3,46093E-01;4,19686E-01;4,90522E-01;5,58766E-01;6,28737E-01;6,96530E-01;7,62036E-01;8,33707E-01;8,95483E-01;9,62120E-01;1,02505E+00;1,10082E+00;1,16402E+00;1,22061E+00;1,29073E+00;1,35281E+00;7,65016E-06;3,82146E-05;2,48885E-05;5,41592E-05;2,62206E-06;3,46375E-06;1,96588E-04;4,56486E-06;3,67088E-05;1,94720E-04;1,16400E-04;1,21117E-04;3,44511E-04;3,86051E-05;3,21087E-04;2,69754E-04;4,80150E-04;8,26266E-04;3,56290E-04;3,14647E-05;1,93099E-06;1,21644E-05;4,48031E-05;4,79701E-05;4,00100E-05;2,78267E-05;0,00000E+00;1,17768E-04;3,47569E-05;0,00000E+00;6,16656E-05;1,42700E-04;9,91653E-05;0,00000E+00;1,36459E-05;0,00000E+00;0,00000E+00;0,00000E+00;0,00000E+00;2,22603E-05
592;5,23984E-02;1,27443E-01;2,01696E-01;2,77009E-01;3,47827E-01;4,18520E-01;4,89997E-01;5,59396E-01;6,29823E-01;6,95776E-01;7,60968E-01;8,29097E-01;8,95215E-01;9,63133E-01;1,02943E+00;1,09481E+00;1,15432E+00;1,22456E+00;1,29385E+00;1,34874E+00;3,99024E-05;3,50651E-06;1,80968E-06;2,85320E-05;0,00000E+00;3,24100E-04;1,48827E-05;0,00000E+00;4,90687E-04;1,37771E-05;4,29924E-04;5,43223E-04;8,96720E-04;1,03207E-04;8,02451E-05;2,25461E-04;4,82729E-05;2,20103E-04;3,51262E-04;9,11276E-04;1,94136E-07;3,08382E-05;4,75496E-05;8,23090E-06;3,09984E-06;8,41368E-05;3,57400E-05;1,00231E-05;1,44248E-04;0,00000E+00;6,19969E-06;1,17105E-05;2,89928E-05;0,00000E+00;1,48204E-04;0,00000E+00;0,00000E+00;0,00000E+00;2,73650E-05;3,07054E-05
593;5,24858E-02;1,26402E-01;2,01022E-01;2,75673E-01;3,48852E-01;4,15618E-01;4,86866E-01;5,57660E-01;6,29678E-01;6,97451E-01;7,59397E-01;8,25206E-01;8,93772E-01;9,62071E-01;1,01964E+00;1,09677E+00;1,15770E+00;1,20787E+00;1,28635E+00;1,34671E+00;0,00000E+00;2,78500E-05;1,45115E-04;6,48694E-05;5,74469E-05;3,25232E-05;1,05366E-04;1,87345E-04;5,26406E-05;3,71508E-05;1,24806E-04;2,40844E-04;1,34683E-04;3,43327E-04;5,73312E-04;3,32592E-04;6,80341E-04;9,54413E-04;2,92924E-04;5,87776E-04;1,27789E-05;1,44650E-05;1,35978E-05;0,00000E+00;0,00000E+00;7,90321E-06;5,57899E-06;6,16587E-05;0,00000E+00;1,60987E-05;2,22905E-05;1,14579E-04;4,73937E-05;1,21170E-05;1,38807E-04;0,00000E+00;1,06725E-05;1,30158E-05;0,00000E+00;0,00000E+00
594;5,26880E-02;1,26512E-01;2,00298E-01;2,73789E-01;3,46206E-01;4,15971E-01;4,87072E-01;5,52986E-01;6,23499E-01;6,91667E-01;7,55949E-01;8,25245E-01;8,86721E-01;9,59230E-01;1,01355E+00;1,09624E+00;1,15581E+00;1,22605E+00;1,28047E+00;1,34905E+00;0,00000E+00;9,39599E-06;1,88205E-04;8,05943E-05;5,06288E-05;8,36010E-05;2,86293E-04;2,19052E-04;1,00402E-04;2,38883E-04;3,83199E-04;4,68209E-04;1,55792E-04;2,22366E-04;1,66872E-04;6,87514E-04;4,74691E-04;8,54916E-04;7,41215E-04;3,15147E-04;8,89268E-07;2,36207E-05;4,36913E-06;8,61536E-06;0,00000E+00;5,47348E-05;0,00000E+00;5,76671E-05;0,00000E+00;8,15768E-05;1,12953E-04;1,38534E-04;5,11668E-05;6,14006E-05;0,00000E+00;0,00000E+00;5,40805E-05;6,59549E-05;0,00000E+00;0,00000E+00
595;5,24777E-02;1,26852E-01;1,99661E-01;2,73855E-01;3,46139E-01;4,14792E-01;4,84729E-01;5,51716E-01;6,23896E-01;6,92658E-01;7,57254E-01;8,23322E-01;8,86255E-01;9,54826E-01;1,01965E+00;1,08522E+00;1,15424E+00;1,21409E+00;1,27540E+00;1,34152E+00;0,00000E+00;3,88018E-05;1,34671E-04;2,53658E-04;1,91631E-04;3,97093E-04;3,36138E-04;1,70488E-04;2,34065E-04;3,23929E-04;5,15034E-04;4,29064E-04;5,06168E-04;2,97126E-04;6,71141E-04;8,19527E-04;6,40585E-04;3,85760E-04;1,62350E-04;2,86969E-04;8,46441E-06;2,92852E-05;2,42657E-05;1,18284E-05;0,00000E+00;5,55904E-05;6,22643E-05;7,79351E-05;4,30198E-06;1,32298E-04;1,27209E-04;7,81989E-05;1,05511E-04;3,73413E-05;2,64813E-05;0,00000E+00;0,00000E+00;0,00000E+00;0,00000E+00;2,47972E-05
596;5,22639E-02;1,26324E-01;1,99238E-01;2,72552E-01;3,45446E-01;4,13247E-01;4,83142E-01;5,51634E-01;6,22386E-01;6,87654E-01;7,55111E-01;8,16783E-01;8,82118E-01;9,50014E-01;1,01263E+00;1,08354E+00;1,14578E+00;1,19946E+00;1,27545E+00;1,33885E+00;3,64947E-05;1,22833E-05;1,58297E-04;2,21606E-04;1,41963E-04;1,61639E-04;1,33333E-04;5,00029E-05;3,91165E-04;1,20653E-04;5,64785E-04;4,99989E-04;5,21763E-04;4,01741E-04;1,03229E-03;6,99054E-04;7,41183E-04;5,15829E-04;7,75748E-04;3,93170E-04;3,62699E-06;1,15808E-05;8,66281E-06;0,00000E+00;0,00000E+00;1,68001E-05;1,43803E-04;1,81783E-04;4,34916E-05;1,25777E-04;1,51380E-04;0,00000E+00;4,09918E-05;8,62417E-05;9,45735E-05;0,00000E+00;0,00000E+00;0,00000E+00;0,00000E+00;1,17596E-05
597;5,25263E-02;1,26187E-01;1,99466E-01;2,71600E-01;3,42326E-01;4,12603E-01;4,84610E-01;5,48999E-01;6,13015E-01;6,84522E-01;7,52563E-01;8,16897E-01;8,75375E-01;9,43104E-01;1,01328E+00;1,07767E+00;1,14121E+00;1,20804E+00;1,26614E+00;1,33344E+00;2,53954E-06;0,00000E+00;1,62561E-04;2,45725E-04;4,69685E-04;4,14346E-04;2,90350E-05;1,87198E-04;4,65493E-04;5,88716E-04;2,62275E-04;6,55318E-04;5,39022E-04;3,62986E-04;9,98208E-04;8,93508E-04;5,41053E-04;1,27998E-03;4,45116E-04;1,06006E-03;2,80715E-05;0,00000E+00;5,41916E-05;0,00000E+00;0,00000E+00;1,08679E-04;7,95200E-06;1,00778E-05;2,88446E-06;4,38652E-06;6,33609E-06;8,91994E-06;1,19914E-05;4,76900E-06;5,70716E-06;4,91457E-05;0,00000E+00;0,00000E+00;0,00000E+00;0,00000E+00
598;5,16913E-02;1,25373E-01;1,97809E-01;2,72278E-01;3,40990E-01;4,11043E-01;4,84211E-01;5,44573E-01;6,21013E-01;6,83061E-01;7,45540E-01;8,08520E-01;8,72073E-01;9,36846E-01;1,00781E+00;1,07182E+00;1,13605E+00;1,20548E+00;1,25362E+00;1,30858E+00;4,18271E-05;4,89432E-05;2,87792E-04;3,04379E-04;3,06617E-04;1,66046E-04;2,71132E-04;5,55400E-04;8,39060E-04;6,05653E-04;6,01101E-04;3,70149E-04;6,71915E-04;7,10677E-04;6,38002E-04;4,91292E-04;1,07890E-03;1,08704E-03;7,75359E-04;1,36536E-03;1,41998E-05;7,80781E-06;4,36054E-06;1,04080E-05;0,00000E+00;3,30930E-05;0,00000E+00;3,04896E-05;4,76740E-05;4,77759E-05;8,61293E-06;3,98133E-05;1,51812E-04;5,82693E-05;6,91037E-05;1,09678E-05;1,14373E-05;4,01786E-05;2,68986E-05;3,03141E-05
599;5,15080E-02;1,24566E-01;1,98609E-01;2,70428E-01;3,38911E-01;4,10142E-01;4,76726E-01;5,43680E-01;6,13860E-01;6,80396E-01;7,42768E-01;8,12511E-01;8,69884E-01;9,36078E-01;1,00224E+00;1,06619E+00;1,12691E+00;1,20006E+00;1,25040E+00;1,30295E+00;6,68488E-05;1,17660E-04;1,98452E-04;1,47742E-04;2,88178E-04;3,93123E-04;2,71984E-04;3,82719E-04;5,07942E-04;6,64679E-04;7,74992E-04;7,78436E-04;9,01707E-04;9,37235E-04;1,25511E-03;1,31328E-03;1,60390E-03;1,07467E-03;6,62177E-04;1,08023E-03;8,43427E-06;3,27888E-05;2,66453E-05;4,68948E-06;0,00000E+00;4,19702E-05;0,00000E+00;5,13543E-06;3,05799E-05;0,00000E+00;3,61699E-05;0,00000E+00;2,67011E-04;8,11051E-05;3,07650E-04;0,00000E+00;0,00000E+00;1,81031E-05;1,12960E-04;2,03556E-04
600;5,12057E-02;1,23749E-01;1,96541E-01;2,69929E-01;3,37550E-01;4,06398E-01;4,76518E-01;5,41438E-01;6,10942E-01;6,72959E-01;7,39514E-01;8,07840E-01;8,65950E-01;9,33446E-01;9,95915E-01;1,06458E+00;1,12515E+00;1,18749E+00;1,23825E+00;1,30302E+00;7,63091E-05;1,34135E-04;1,26561E-04;2,70553E-04;3,94776E-04;4,71304E-04;5,53960E-04;7,54492E-04;7,12152E-04;6,91077E-04;7,75961E-04;7,92865E-04;1,20133E-03;1,08476E-03;1,17187E-03;1,57564E-03;1,80016E-03;1,04944E-03;1,12217E-03;1,51569E-03;4,92538E-06;0,00000E+00;1,31075E-05;0,00000E+00;0,00000E+00;3,05674E-06;3,58164E-06;7,89101E-05;3,11804E-05;2,63430E-05;2,10744E-05;0,00000E+00;1,13737E-04;3,86638E-05;2,13535E-05;7,98271E-05;0,00000E+00;1,42394E-04;0,00000E+00;9,33123E-05
601;5,09630E-02;1,23058E-01;1,93806E-01;2,65031E-01;3,35599E-01;4,04948E-01;4,75469E-01;5,39290E-01;6,07929E-01;6,67415E-01;7,33953E-01;7,98432E-01;8,60447E-01;9,29638E-01;9,83646E-01;1,06483E+00;1,12123E+00;1,17119E+00;1,24536E+00;1,28722E+00;5,42399E-05;6,07693E-05;2,32654E-04;4,08568E-04;5,09780E-04;5,26005E-04;7,02880E-04;8,33094E-04;8,56094E-04;4,45625E-04;7,81588E-04;1,27016E-03;1,02471E-03;1,17594E-03;1,15044E-03;1,59281E-03;1,55996E-03;1,16590E-03;2,49722E-03;1,44265E-03;9,34540E-06;0,00000E+00;1,20321E-06;0,00000E+00;1,00439E-04;8,03483E-05;1,48098E-06;3,00303E-05;1,28929E-05;6,11120E-05;3,74109E-05;4,30452E-05;4,97172E-05;1,59872E-05;7,46729E-05;3,30080E-05;1,03048E-05;5,88792E-05;0,00000E+00;1,39848E-04
602;5,06271E-02;1,23338E-01;1,94155E-01;2,64973E-01;3,34666E-01;4,01205E-01;4,69350E-01;5,40570E-01;6,01651E-01;6,64666E-01;7,31192E-01;7,98591E-01;8,59406E-01;9,11666E-01;9,86591E-01;1,06478E+00;1,10371E+00;1,17688E+00;1,23508E+00;1,29143E+00;9,11555E-05;2,35996E-04;2,46302E-04;1,71914E-04;5,79019E-04;9,41299E-04;8,61446E-04;1,16273E-03;8,97119E-04;9,37053E-04;1,19067E-03;1,62491E-03;1,66610E-03;1,71947E-03;2,06989E-03;1,51759E-03;1,76563E-03;2,28681E-03;2,15405E-03;2,18395E-03;3,06852E-07;0,00000E+00;0,00000E+00;9,55089E-05;3,65838E-06;2,39865E-05;9,27386E-05;3,48237E-05;0,00000E+00;9,27749E-05;1,04525E-06;1,56788E-06;7,53406E-05;1,89099E-04;2,71989E-06;0,00000E+00;1,57133E-04;2,73110E-05;0,00000E+00;1,98673E-05
603;5,04192E-02;1,21663E-01;1,91632E-01;2,62532E-01;3,31510E-01;3,98753E-01;4,68645E-01;5,29128E-01;6,02235E-01;6,59511E-01;7,25723E-01;7,90768E-01;8,49994E-01;9,10501E-01;9,79891E-01;1,04904E+00;1,10232E+00;1,16139E+00;1,21589E+00;1,28503E+00;1,22061E-04;2,45345E-04;3,78226E-04;4,63632E-04;5,45737E-04;9,64566E-04;8,43829E-04;9,64104E-04;1,22744E-03;1,55162E-03;1,45575E-03;1,70386E-03;1,98846E-03;2,03696E-03;2,15893E-03;2,15552E-03;2,32189E-03;2,01744E-03;2,70553E-03;1,87981E-03;0,00000E+00;1,13663E-05;2,97112E-05;0,00000E+00;0,00000E+00;1,20385E-04;4,18731E-05;2,53487E-06;0,00000E+00;0,00000E+00;4,96505E-06;1,66465E-04;7,67441E-05;8,53169E-05;1,19984E-04;0,00000E+00;1,42633E-05;0,00000E+00;0,00000E+00;1,51722E-04
604;5,05166E-02;1,20780E-01;1,92103E-01;2,62911E-01;3,30520E-01;3,97105E-01;4,66133E-01;5,31697E-01;5,99082E-01;6,62776E-01;7,24065E-01;7,88559E-01;8,54437E-01;9,07459E-01;9,73598E-01;1,03796E+00;1,09233E+00;1,14663E+00;1,22221E+00;1,28303E+00;1,15793E-04;1,97737E-04;4,68241E-04;4,79175E-04;7,23929E-04;9,56313E-04;1,08707E-03;9,98138E-04;1,42536E-03;1,84478E-03;1,66192E-03;1,98500E-03;2,46278E-03;2,15276E-03;2,34229E-03;2,75209E-03;2,80720E-03;2,47587E-03;3,21021E-03;2,88915E-03;9,06454E-06;2,67725E-05;9,86895E-06;0,00000E+00;3,03768E-05;4,97621E-05;5,49232E-05;6,35753E-05;3,92786E-05;8,21962E-05;2,44601E-05;1,33842E-04;1,02550E-04;3,52915E-05;0,00000E+00;1,47675E-05;4,97345E-05;6,97578E-05;1,28351E-04;9,37437E-05
605;4,97449E-02;1,19878E-01;1,90600E-01;2,61151E-01;3,28066E-01;3,94045E-01;4,62431E-01;5,28430E-01;5,93848E-01;6,59537E-01;7,18333E-01;7,79097E-01;8,43100E-01;9,02828E-01;9,58345E-01;1,03012E+00;1,08840E+00;1,15246E+00;1,20937E+00;1,27026E+00;1,13338E-04;3,07012E-04;4,80115E-04;5,98624E-04;9,03993E-04;1,09986E-03;1,28234E-03;1,58809E-03;1,58958E-03;1,95904E-03;1,99297E-03;2,66178E-03;2,66849E-03;2,36117E-03;2,89344E-03;2,87544E-03;3,41812E-03;3,12637E-03;3,47159E-03;3,37888E-03;1,18329E-05;0,00000E+00;1,06360E-05;2,34984E-05;3,27379E-05;7,59353E-05;2,24020E-05;7,16090E-05;4,23315E-05;1,48999E-04;1,86875E-05;1,26391E-04;8,89702E-05;0,00000E+00;0,00000E+00;1,59154E-05;1,42000E-04;7,51798E-05;1,38327E-04;0,00000E+00
606;4,95101E-02;1,19988E-01;1,88159E-01;2,57814E-01;3,24378E-01;3,89360E-01;4,59611E-01;5,24470E-01;5,88279E-01;6,51973E-01;7,08762E-01;7,73375E-01;8,32849E-01;8,94302E-01;9,56263E-01;1,01981E+00;1,07414E+00;1,14261E+00;1,19448E+00;1,25589E+00;1,67247E-04;2,99008E-04;4,96370E-04;6,55024E-04;9,86216E-04;1,36747E-03;1,62880E-03;1,59194E-03;1,89013E-03;1,82568E-03;2,48711E-03;2,29688E-03;2,93885E-03;2,63778E-03;3,72267E-03;3,35717E-03;3,52663E-03;4,12796E-03;4,24895E-03;4,65841E-03;7,25116E-07;0,00000E+00;1,84034E-05;5,72177E-05;0,00000E+00;7,83701E-06;7,87096E-06;4,43337E-06;0,00000E+00;2,86314E-05;1,12641E-05;3,08751E-05;1,79601E-04;7,24531E-05;5,78041E-05;1,22392E-04;2,09430E-04;0,00000E+00;0,00000E+00;1,08256E-04
607;4,92669E-02;1,19195E-01;1,86804E-01;2,55168E-01;3,22176E-01;3,89680E-01;4,51801E-01;5,17006E-01;5,80903E-01;6,43013E-01;7,03324E-01;7,66868E-01;8,25864E-01;8,92790E-01;9,46353E-01;1,02450E+00;1,08013E+00;1,12536E+00;1,18831E+00;1,24395E+00;1,51197E-04;3,84067E-04;5,21209E-04;7,21572E-04;9,15067E-04;1,49230E-03;1,65702E-03;2,30728E-03;2,14726E-03;2,55744E-03;2,85745E-03;2,87562E-03;3,95734E-03;3,43580E-03;3,60260E-03;4,47290E-03;4,31740E-03;5,41417E-03;4,07130E-03;5,52668E-03;1,44558E-05;1,34275E-05;2,64459E-08;3,27172E-05;0,00000E+00;0,00000E+00;0,00000E+00;0,00000E+00;1,34041E-04;1,06406E-08;1,06406E-08;9,32612E-06;2,18015E-05;1,04116E-07;9,71543E-05;1,30218E-05;2,29258E-07;2,80064E-04;1,74756E-04;1,97101E-04
608;4,86848E-02;1,17284E-01;1,86339E-01;2,54367E-01;3,22182E-01;3,87485E-01;4,51492E-01;5,15758E-01;5,79187E-01;6,40962E-01;6,98465E-01;7,63418E-01;8,21721E-01;8,84575E-01;9,42217E-01;9,94899E-01;1,07688E+00;1,12468E+00;1,18130E+00;1,23059E+00;2,23089E-04;4,60650E-04;8,02008E-04;1,14799E-03;1,19844E-03;1,64174E-03;1,84779E-03;2,26972E-03;2,44442E-03;3,18604E-03;3,02923E-03;3,40800E-03;3,90962E-03;4,17276E-03;4,30271E-03;4,78891E-03;5,15110E-03;5,13248E-03;5,64449E-03;5,54770E-03;0,00000E+00;0,00000E+00;5,25195E-05;9,18860E-05;1,81518E-05;6,65138E-06;4,32903E-05;5,85302E-06;4,84626E-06;6,70732E-05;1,48576E-05;1,45611E-04;6,66825E-05;0,00000E+00;2,23738E-05;1,30980E-04;2,36288E-04;3,72963E-05;2,78406E-04;0,00000E+00
609;4,86048E-02;1,16714E-01;1,84025E-01;2,51609E-01;3,19054E-01;3,81011E-01;4,47216E-01;5,08978E-01;5,73682E-01;6,36128E-01;6,95753E-01;7,56333E-01;8,20531E-01;8,77640E-01;9,31881E-01;9,94710E-01;1,05567E+00;1,11700E+00;1,17583E+00;1,21887E+00;1,92087E-04;5,31204E-04;8,37431E-04;1,14805E-03;1,50067E-03;1,82652E-03;2,00357E-03;2,78280E-03;2,77066E-03;3,11635E-03;3,59789E-03;4,07715E-03;3,81035E-03;4,91517E-03;5,04889E-03;5,54062E-03;5,51852E-03;5,49441E-03;6,36890E-03;6,65386E-03;0,00000E+00;0,00000E+00;5,31064E-05;1,50095E-05;8,30727E-05;1,91904E-05;5,83474E-05;5,80322E-05;3,99389E-05;3,35641E-05;3,83767E-06;1,19393E-04;6,34269E-05;0,00000E+00;1,09490E-04;7,42976E-05;2,07978E-04;1,94041E-04;0,00000E+00;1,18447E-04
610;4,79008E-02;1,15863E-01;1,82201E-01;2,48569E-01;3,16509E-01;3,78518E-01;4,43778E-01;5,05901E-01;5,70193E-01;6,29735E-01;6,90081E-01;7,46388E-01;8,10962E-01;8,68787E-01;9,23057E-01;9,87678E-01;1,04413E+00;1,10767E+00;1,16706E+00;1,21645E+00;2,51027E-04;5,65204E-04;1,02662E-03;1,42492E-03;1,76781E-03;2,23187E-03;2,38115E-03;3,08168E-03;3,48427E-03;3,39729E-03;3,52775E-03;4,66607E-03;5,07405E-03;5,25623E-03;5,82298E-03;6,35983E-03;6,17619E-03;6,97678E-03;6,88083E-03;7,63026E-03;0,00000E+00;1,57034E-05;3,93388E-05;7,63607E-05;2,87489E-05;3,35009E-06;3,52452E-05;3,85285E-05;3,40694E-05;1,07808E-05;3,59361E-06;1,03046E-04;6,15139E-05;4,94368E-05;4,20797E-05;1,94776E-04;6,30435E-05;8,09371E-05;0,00000E+00;3,07890E-04
611;4,73629E-02;1,14164E-01;1,79542E-01;2,47807E-01;3,13769E-01;3,75143E-01;4,36733E-01;5,00047E-01;5,59320E-01;6,22474E-01;6,80010E-01;7,39234E-01;8,01683E-01;8,57779E-01;9,10900E-01;9,91451E-01;1,04213E+00;1,09428E+00;1,15046E+00;1,19866E+00;2,85597E-04;7,32080E-04;1,08017E-03;1,64096E-03;2,01443E-03;2,44143E-03;2,59499E-03;3,47072E-03;3,79338E-03;4,34477E-03;4,65957E-03;5,21370E-03;5,31152E-03;5,83118E-03;6,11721E-03;6,61274E-03;7,52116E-03;7,22094E-03;8,04197E-03;8,73015E-03;7,60414E-06;4,52538E-06;1,34015E-05;7,29796E-05;4,23999E-05;2,33287E-05;4,64505E-05;3,54223E-05;4,19196E-05;9,25089E-05;0,00000E+00;1,18522E-04;5,76580E-06;1,46251E-04;0,00000E+00;5,04245E-05;4,78026E-06;1,85203E-04;2,88910E-04;5,67644E-05
612;4,74018E-02;1,13022E-01;1,79032E-01;2,45006E-01;3,08603E-01;3,71512E-01;4,34781E-01;4,99210E-01;5,57628E-01;6,20479E-01;6,75855E-01;7,40825E-01;7,95780E-01;8,48048E-01;9,10737E-01;9,64778E-01;1,02652E+00;1,09096E+00;1,14034E+00;1,18986E+00;2,92803E-04;7,35101E-04;1,28018E-03;1,78723E-03;2,02344E-03;2,51260E-03;3,08908E-03;3,08787E-03;3,98737E-03;4,68634E-03;4,81651E-03;4,91825E-03;5,95529E-03;6,50597E-03;6,83610E-03;7,56547E-03;8,83070E-03;8,78392E-03;8,34901E-03;9,04683E-03;0,00000E+00;3,98270E-05;5,03210E-06;0,00000E+00;1,82222E-05;0,00000E+00;1,68513E-04;4,11949E-07;0,00000E+00;1,28094E-04;3,75203E-05;8,71103E-05;1,55325E-06;3,67208E-05;2,58386E-04;2,59516E-04;2,35565E-04;2,25347E-04;1,18018E-04;3,93218E-06
613;4,66589E-02;1,11881E-01;1,76880E-01;2,43134E-01;3,05285E-01;3,68821E-01;4,31720E-01;4,89888E-01;5,49687E-01;6,10820E-01;6,70122E-01;7,23559E-01;7,85248E-01;8,39442E-01;9,00806E-01;9,62580E-01;1,02156E+00;1,06875E+00;1,11699E+00;1,17228E+00;3,47680E-04;8,50866E-04;1,44393E-03;1,83192E-03;2,34027E-03;2,90271E-03;3,31096E-03;3,72655E-03;4,62630E-03;5,33963E-03;4,92102E-03;6,32668E-03;6,33469E-03;7,03781E-03;7,92770E-03;8,77019E-03;8,80722E-03;8,19507E-03;1,05137E-02;1,05250E-02;3,10751E-06;1,51013E-05;1,21798E-06;0,00000E+00;9,92374E-06;2,04713E-05;9,56249E-05;1,09945E-05;4,10180E-05;1,43566E-05;3,09184E-05;1,71672E-04;5,67372E-05;1,33650E-04;2,92334E-04;2,27411E-04;2,85083E-05;1,79074E-04;1,12091E-04;1,26440E-04
614;4,63048E-02;1,10975E-01;1,75846E-01;2,40484E-01;3,04585E-01;3,63831E-01;4,24454E-01;4,84827E-01;5,46020E-01;6,02041E-01;6,64784E-01;7,20269E-01;7,75378E-01;8,33294E-01;8,80110E-01;9,55173E-01;1,00955E+00;1,05670E+00;1,10933E+00;1,16570E+00;4,01553E-04;9,41506E-04;1,49747E-03;2,03060E-03;2,63989E-03;3,19852E-03;3,74610E-03;4,16300E-03;5,54955E-03;5,88299E-03;6,09064E-03;7,03313E-03;7,44237E-03;7,85787E-03;8,43194E-03;9,49440E-03;1,03882E-02;1,07259E-02;1,17430E-02;1,10961E-02;1,01254E-05;5,87827E-06;2,89920E-06;2,58219E-05;2,36218E-05;8,72458E-05;2,02723E-04;0,00000E+00;1,08161E-04;4,97911E-05;3,42941E-05;1,75272E-04;1,80150E-04;1,09146E-04;1,28006E-04;2,85762E-05;2,58575E-04;1,57636E-05;1,29583E-05;1,05084E-04
615;4,54469E-02;1,10866E-01;1,73354E-01;2,37627E-01;2,99454E-01;3,62356E-01;4,22724E-01;4,78767E-01;5,39457E-01;5,96614E-01;6,53835E-01;7,12730E-01;7,65900E-01;8,22615E-01;8,76654E-01;9,39516E-01;9,90143E-01;1,04571E+00;1,09518E+00;1,15801E+00;4,86096E-04;1,09841E-03;1,68785E-03;2,39919E-03;3,00909E-03;3,59140E-03;4,10614E-03;4,85034E-03;5,65249E-03;6,36589E-03;7,20094E-03;7,92175E-03;8,61751E-03;9,78506E-03;9,70312E-03;1,05331E-02;1,15416E-02;1,22007E-02;1,22064E-02;1,28431E-02;8,46730E-06;2,82509E-05;1,84980E-05;2,53171E-05;7,61192E-05;5,89623E-05;9,46386E-05;0,00000E+00;8,38759E-06;1,49295E-04;2,31486E-05;7,27529E-05;2,20087E-04;5,95845E-05;1,12967E-04;1,15041E-04;1,52000E-04;1,82869E-05;5,78725E-05;8,25434E-05
616;4,52385E-02;1,09437E-01;1,71612E-01;2,36052E-01;2,98556E-01;3,59594E-01;4,16984E-01;4,74717E-01;5,32330E-01;5,92864E-01;6,43101E-01;6,99915E-01;7,62407E-01;8,15042E-01;8,67781E-01;9,31892E-01;9,78401E-01;1,04105E+00;1,09276E+00;1,13793E+00;4,98648E-04;1,24513E-03;1,77902E-03;2,70674E-03;3,31829E-03;3,79298E-03;4,93029E-03;5,42796E-03;6,42578E-03;6,91830E-03;8,39174E-03;8,48788E-03;9,59014E-03;1,08700E-02;1,13199E-02;1,15286E-02;1,31207E-02;1,28061E-02;1,40106E-02;1,52734E-02;3,67552E-06;1,14760E-05;2,19002E-05;1,06205E-06;1,70659E-05;6,33682E-06;7,12289E-05;0,00000E+00;4,07636E-05;1,45113E-04;2,41076E-05;1,44646E-04;1,90719E-04;2,31874E-05;2,80919E-04;1,42441E-04;2,53934E-04;1,48890E-04;1,86334E-04;2,43838E-04
617;4,45412E-02;1,07951E-01;1,68754E-01;2,33009E-01;2,91418E-01;3,50251E-01;4,08651E-01;4,68151E-01;5,29027E-01;5,88954E-01;6,39452E-01;6,90253E-01;7,47565E-01;7,99887E-01;8,57505E-01;9,09611E-01;9,70723E-01;1,02026E+00;1,07356E+00;1,11747E+00;5,66145E-04;1,30819E-03;1,86834E-03;2,96286E-03;3,53558E-03;4,25373E-03;5,42482E-03;6,10812E-03;6,97008E-03;7,81977E-03;9,02320E-03;9,16186E-03;9,65635E-03;1,15003E-02;1,20561E-02;1,25104E-02;1,40482E-02;1,43994E-02;1,70076E-02;1,74727E-02;0,00000E+00;8,08528E-06;0,00000E+00;1,23569E-04;2,20808E-05;2,04202E-05;4,80343E-05;2,37967E-04;6,72056E-05;2,41106E-04;3,75162E-05;9,85933E-06;1,96351E-04;3,95016E-05;7,64942E-05;5,30315E-04;5,82431E-05;1,74162E-06;2,09387E-04;1,88421E-05
618;4,37070E-02;1,05526E-01;1,67251E-01;2,28975E-01;2,87522E-01;3,45909E-01;4,08290E-01;4,63980E-01;5,19979E-01;5,76204E-01;6,28042E-01;6,86385E-01;7,43367E-01;7,91260E-01;8,45461E-01;9,00731E-01;9,63450E-01;1,00346E+00;1,05840E+00;1,10032E+00;6,23025E-04;1,50371E-03;2,35495E-03;3,15707E-03;4,22684E-03;5,31979E-03;5,79938E-03;7,16612E-03;7,94790E-03;8,68738E-03;9,55322E-03;1,02471E-02;1,09627E-02;1,19079E-02;1,28010E-02;1,42398E-02;1,53162E-02;1,60982E-02;1,78297E-02;1,90933E-02;9,50722E-07;1,21236E-05;6,28818E-06;8,62958E-05;2,15057E-05;7,31688E-05;5,67592E-05;1,24033E-04;3,42250E-05;2,89205E-04;1,48612E-04;1,72784E-04;1,95025E-04;1,43061E-04;1,39015E-04;1,13287E-04;1,58112E-04;9,28689E-05;2,80564E-04;3,26580E-04
619;4,34063E-02;1,04972E-01;1,66828E-01;2,25652E-01;2,83917E-01;3,43181E-01;4,02668E-01;4,55132E-01;5,15574E-01;5,70209E-01;6,21548E-01;6,74758E-01;7,30501E-01;7,84348E-01;8,36993E-01;9,00125E-01;9,56091E-01;9,91002E-01;1,04511E+00;1,09883E+00;7,10294E-04;1,69281E-03;2,46702E-03;3,53113E-03;4,83386E-03;5,49087E-03;6,27476E-03;7,67224E-03;8,58098E-03;9,33472E-03;1,08317E-02;1,16223E-02;1,21871E-02;1,36178E-02;1,44812E-02;1,55706E-02;1,71238E-02;1,79521E-02;1,93607E-02;2,05192E-02;1,85749E-06;0,00000E+00;2,09556E-05;1,15361E-05;5,99575E-05;5,18331E-05;1,44433E-04;9,45656E-05;7,06597E-05;1,25316E-04;1,01878E-04;1,58086E-04;8,56411E-05;2,02644E-04;1,48990E-04;1,28604E-04;3,08845E-04;1,67960E-04;2,46855E-04;2,80890E-04
620;4,30912E-02;1,02647E-01;1,64548E-01;2,21994E-01;2,81110E-01;3,38498E-01;3,94902E-01;4,50388E-01;5,07249E-01;5,64478E-01;6,13272E-01;6,62786E-01;7,17109E-01;7,75472E-01;8,25159E-01;8,87654E-01;9,38938E-01;9,77363E-01;1,03729E+00;1,08977E+00;8,04434E-04;1,89762E-03;2,80274E-03;3,95576E-03;5,01510E-03;5,81682E-03;7,24833E-03;8,20189E-03;9,32945E-03;1,03314E-02;1,16746E-02;1,28444E-02;1,42029E-02;1,48746E-02;1,61576E-02;1,77563E-02;1,85678E-02;1,94884E-02;2,17755E-02;2,23438E-02;0,00000E+00;3,19243E-05;5,77719E-06;6,76038E-05;1,19545E-05;2,48091E-05;2,23486E-05;1,68141E-04;1,00492E-04;2,73577E-05;2,76575E-04;1,16561E-04;1,18963E-04;1,29347E-04;2,86260E-04;2,00136E-04;3,19327E-04;2,98256E-04;2,42325E-04;3,14830E-04
621;4,24449E-02;1,02436E-01;1,61935E-01;2,19719E-01;2,78954E-01;3,33028E-01;3,89726E-01;4,44640E-01;5,02893E-01;5,53672E-01;6,03529E-01;6,58354E-01;7,12317E-01;7,61350E-01;8,17043E-01;8,78701E-01;9,22324E-01;9,73752E-01;1,01813E+00;1,07626E+00;8,68709E-04;2,06957E-03;3,12528E-03;4,46447E-03;5,46396E-03;6,59588E-03;7,97954E-03;9,29413E-03;1,04887E-02;1,19728E-02;1,25797E-02;1,36598E-02;1,60761E-02;1,68727E-02;1,84728E-02;1,93873E-02;2,06745E-02;2,15715E-02;2,46186E-02;2,45594E-02;0,00000E+00;5,12334E-06;5,09386E-05;1,08493E-05;1,42537E-04;1,19877E-06;7,40982E-05;1,32100E-04;1,14963E-04;1,03310E-06;2,21650E-04;1,34302E-05;1,25617E-04;2,78003E-04;2,25773E-04;2,89816E-04;4,54159E-04;2,71593E-04;1,87762E-04;3,41596E-04
622;4,14735E-02;1,00590E-01;1,58457E-01;2,17555E-01;2,72577E-01;3,29386E-01;3,83888E-01;4,39506E-01;4,92787E-01;5,46421E-01;5,98107E-01;6,52581E-01;6,98412E-01;7,50570E-01;7,98413E-01;8,56550E-01;9,07564E-01;9,64162E-01;1,00005E+00;1,05831E+00;9,19965E-04;2,27645E-03;3,59754E-03;5,06356E-03;6,01049E-03;7,62719E-03;9,10209E-03;9,88628E-03;1,15492E-02;1,27362E-02;1,41668E-02;1,58180E-02;1,74432E-02;1,89259E-02;1,88709E-02;2,20375E-02;2,28252E-02;2,40642E-02;2,62417E-02;2,58958E-02;1,86630E-06;4,17220E-06;4,84827E-06;7,54749E-06;4,34396E-05;1,95430E-04;6,47148E-05;7,51839E-05;1,39092E-04;1,95842E-04;1,96049E-04;9,49879E-05;2,26437E-04;2,79342E-04;2,39296E-04;4,25632E-04;4,94450E-04;3,82400E-04;2,98273E-04;4,24552E-04
623;4,10169E-02;9,91977E-02;1,56195E-01;2,15023E-01;2,69801E-01;3,24255E-01;3,80044E-01;4,31707E-01;4,84795E-01;5,38454E-01;5,84191E-01;6,39511E-01;6,87080E-01;7,36511E-01;7,93406E-01;8,43752E-01;8,94166E-01;9,38587E-01;9,85488E-01;1,03011E+00;1,03516E-03;2,42142E-03;3,95628E-03;5,42935E-03;7,04987E-03;8,59047E-03;9,92641E-03;1,15551E-02;1,26902E-02;1,44849E-02;1,56542E-02;1,78927E-02;1,88622E-02;2,07062E-02;2,22533E-02;2,44402E-02;2,46742E-02;2,56892E-02;2,85429E-02;3,04051E-02;1,32158E-05;3,60001E-05;3,59212E-05;7,02344E-05;3,59882E-05;1,06572E-04;8,89641E-05;1,34060E-04;6,88174E-05;1,48093E-04;4,02855E-05;2,18531E-04;1,09677E-04;3,71614E-04;3,55816E-04;4,21000E-04;2,19169E-04;5,71734E-04;2,09215E-04;5,73913E-04
624;4,03972E-02;9,84040E-02;1,53774E-01;2,10339E-01;2,65453E-01;3,21157E-01;3,74177E-01;4,26280E-01;4,79220E-01;5,30593E-01;5,79969E-01;6,30883E-01;6,80723E-01;7,26566E-01;7,79381E-01;8,33146E-01;8,77983E-01;9,17212E-01;9,76215E-01;1,01905E+00;1,11792E-03;2,60402E-03;4,34736E-03;6,01684E-03;7,51160E-03;8,93928E-03;1,05750E-02;1,23822E-02;1,39548E-02;1,62644E-02;1,74058E-02;1,88010E-02;2,06343E-02;2,27610E-02;2,46875E-02;2,57071E-02;2,76760E-02;2,93560E-02;3,10903E-02;3,22477E-02;0,00000E+00;4,49067E-05;3,71588E-05;9,04792E-05;3,61758E-05;1,29714E-04;2,29531E-05;1,53319E-04;4,05698E-05;3,10646E-04;6,40503E-05;1,80806E-04;3,52651E-04;1,51387E-04;2,94765E-04;4,52067E-04;2,20633E-04;3,21960E-04;3,47405E-04;5,14880E-04
625;3,98309E-02;9,61787E-02;1,51887E-01;2,05746E-01;2,61117E-01;3,15382E-01;3,65934E-01;4,20200E-01;4,73633E-01;5,22837E-01;5,70679E-01;6,20489E-01;6,67467E-01;7,15426E-01;7,67826E-01;8,17049E-01;8,68217E-01;9,10044E-01;9,55096E-01;1,00456E+00;1,25279E-03;3,03656E-03;4,85540E-03;6,55384E-03;8,22259E-03;1,01947E-02;1,18785E-02;1,43983E-02;1,53124E-02;1,78282E-02;1,90448E-02;2,11994E-02;2,29847E-02;2,43311E-02;2,71562E-02;2,89483E-02;3,09884E-02;3,32133E-02;3,40988E-02;3,57195E-02;0,00000E+00;3,75184E-05;1,87842E-05;3,45978E-05;1,96215E-05;6,35346E-05;8,14323E-05;2,40456E-04;7,13814E-05;3,01279E-04;3,38245E-05;1,61197E-04;2,68591E-04;1,60408E-04;4,38570E-04;3,20312E-04;2,83881E-04;3,87892E-04;3,44392E-04;3,21352E-04
626;3,96244E-02;9,44202E-02;1,49448E-01;2,06343E-01;2,57698E-01;3,11842E-01;3,63663E-01;4,10090E-01;4,66725E-01;5,18969E-01;5,62668E-01;6,15259E-01;6,58827E-01;7,09338E-01;7,54252E-01;8,12875E-01;8,53941E-01;8,93214E-01;9,39146E-01;9,91126E-01;1,42974E-03;3,28824E-03;5,29648E-03;7,42963E-03;9,34774E-03;1,08832E-02;1,35235E-02;1,54977E-02;1,66123E-02;1,95422E-02;2,09554E-02;2,42785E-02;2,45918E-02;2,58629E-02;2,81188E-02;3,11420E-02;3,40774E-02;3,41158E-02;3,87379E-02;4,00199E-02;1,22435E-05;1,79391E-05;3,59910E-05;1,38560E-04;3,47549E-05;1,95403E-04;1,24889E-04;8,73398E-05;1,51958E-04;1,42179E-04;1,94464E-04;2,77962E-04;3,58039E-04;2,81072E-04;3,38839E-04;2,83369E-04;4,53935E-04;2,53614E-04;4,83023E-04;3,80959E-04
627;3,86108E-02;9,38944E-02;1,46852E-01;2,01816E-01;2,54075E-01;3,03986E-01;3,55873E-01;4,07597E-01;4,53578E-01;5,00458E-01;5,53482E-01;6,02774E-01;6,48622E-01;6,92761E-01;7,43394E-01;7,95320E-01;8,39421E-01;8,87694E-01;9,32809E-01;9,76731E-01;1,51801E-03;3,71830E-03;5,77991E-03;8,09760E-03;1,00613E-02;1,23353E-02;1,47254E-02;1,61084E-02;1,90947E-02;2,14126E-02;2,36015E-02;2,51622E-02;2,83565E-02;3,05212E-02;3,30180E-02;3,38561E-02;3,77248E-02;3,88870E-02;4,15805E-02;4,38022E-02;7,81971E-07;3,07104E-05;2,00471E-05;8,04270E-05;2,76131E-05;1,54331E-04;3,45507E-05;2,32550E-04;2,98010E-04;3,85382E-04;2,22505E-04;2,03296E-04;1,63256E-04;1,62112E-04;2,40968E-04;8,86927E-05;1,92507E-04;2,25933E-04;3,30887E-04;3,14249E-04
628;3,82087E-02;9,21734E-02;1,44454E-01;1,98544E-01;2,50127E-01;2,98650E-01;3,51220E-01;3,98762E-01;4,44376E-01;4,92123E-01;5,41396E-01;5,87953E-01;6,39702E-01;6,79510E-01;7,31460E-01;7,72415E-01;8,24986E-01;8,63874E-01;9,10178E-01;9,56451E-01;1,68604E-03;3,89937E-03;6,36350E-03;9,02645E-03;1,10617E-02;1,35649E-02;1,60576E-02;1,82890E-02;2,12204E-02;2,33561E-02;2,52102E-02;2,84440E-02;3,07058E-02;3,36847E-02;3,57746E-02;3,71782E-02;4,11175E-02;4,24435E-02;4,51322E-02;4,65113E-02;3,72689E-06;1,75751E-05;3,20240E-05;7,29636E-05;5,49310E-05;9,28007E-05;5,43279E-05;8,84529E-05;1,40200E-04;9,58112E-05;1,50052E-04;7,46216E-05;2,76524E-04;1,36759E-04;3,22873E-04;4,45405E-04;3,54467E-04;3,44602E-04;2,90770E-04;4,44845E-04
629;3,74141E-02;9,02915E-02;1,42370E-01;1,94821E-01;2,46125E-01;2,96408E-01;3,42691E-01;3,94751E-01;4,42513E-01;4,90795E-01;5,32080E-01;5,79734E-01;6,29383E-01;6,67287E-01;7,20435E-01;7,65015E-01;8,16506E-01;8,55523E-01;9,02257E-01;9,37949E-01;1,88585E-03;4,46502E-03;6,83133E-03;9,81788E-03;1,24279E-02;1,50867E-02;1,80178E-02;2,02812E-02;2,31968E-02;2,52834E-02;2,90636E-02;3,13211E-02;3,42913E-02;3,63741E-02;3,95403E-02;4,08730E-02;4,44159E-02;4,77640E-02;5,05129E-02;5,22961E-02;2,91619E-06;1,90364E-05;0,00000E+00;6,42360E-05;4,65638E-05;1,14414E-04;1,19224E-04;1,15178E-04;8,23562E-05;2,05049E-04;1,72876E-04;1,72996E-04;3,84666E-05;3,50158E-04;4,77866E-04;2,54263E-04;3,53389E-04;5,85592E-04;3,51302E-04;3,73664E-04
630;3,66642E-02;8,82900E-02;1,38755E-01;1,90718E-01;2,42300E-01;2,91604E-01;3,37993E-01;3,86065E-01;4,34063E-01;4,80690E-01;5,25541E-01;5,68774E-01;6,19707E-01;6,53656E-01;7,08938E-01;7,60214E-01;7,96724E-01;8,37894E-01;8,78406E-01;9,23819E-01;2,12604E-03;4,83144E-03;7,88137E-03;1,05971E-02;1,34243E-02;1,67505E-02;1,96321E-02;2,26395E-02;2,51634E-02;2,78928E-02;3,08817E-02;3,48438E-02;3,69289E-02;3,97231E-02;4,36978E-02;4,46492E-02;4,78955E-02;5,23373E-02;5,54426E-02;5,66968E-02;6,93316E-06;2,75105E-05;0,00000E+00;9,47592E-06;8,40067E-05;1,42914E-04;9,81923E-05;1,37875E-04;1,34557E-04;2,53285E-04;3,03595E-04;3,08975E-04;9,86736E-05;2,43420E-04;2,57703E-04;2,43626E-04;3,42907E-04;3,92184E-04;1,89230E-04;5,50222E-04
631;3,59240E-02;8,66277E-02;1,37613E-01;1,88216E-01;2,35913E-01;2,84157E-01;3,31147E-01;3,76841E-01;4,24503E-01;4,70405E-01;5,14065E-01;5,58691E-01;6,05479E-01;6,48255E-01;6,91325E-01;7,33747E-01;7,87006E-01;8,15804E-01;8,58933E-01;9,05095E-01;2,30110E-03;5,56980E-03;8,62338E-03;1,14701E-02;1,48591E-02;1,79753E-02;2,10944E-02;2,46367E-02;2,79315E-02;3,11017E-02;3,44658E-02;3,73997E-02;4,04752E-02;4,33942E-02;4,87730E-02;5,01702E-02;5,27920E-02;5,63162E-02;6,04028E-02;6,26791E-02;2,12748E-07;7,24581E-07;5,50859E-05;1,51648E-04;1,24804E-04;9,39127E-05;1,56815E-04;9,43495E-05;2,57027E-04;3,24011E-04;1,72001E-04;3,35742E-04;3,17870E-04;4,93824E-04;2,65080E-04;5,18662E-04;3,48951E-04;5,67389E-04;5,69671E-04;7,08275E-04
632;3,53733E-02;8,61076E-02;1,35269E-01;1,85538E-01;2,33471E-01;2,80796E-01;3,25546E-01;3,70037E-01;4,15795E-01;4,65859E-01;5,04274E-01;5,49634E-01;5,92422E-01;6,36484E-01;6,75546E-01;7,15747E-01;7,67872E-01;8,00671E-01;8,52876E-01;8,94309E-01;2,47695E-03;5,97405E-03;9,58161E-03;1,29285E-02;1,67341E-02;1,97831E-02;2,37630E-02;2,72876E-02;3,08324E-02;3,41611E-02;3,82332E-02;4,17348E-02;4,48082E-02;4,93166E-02;5,25263E-02;5,62832E-02;5,87857E-02;6,27150E-02;6,86693E-02;7,19782E-02;1,72496E-05;8,12731E-06;0,00000E+00;1,44212E-04;1,28920E-04;1,35301E-04;1,61653E-04;3,09395E-05;1,41274E-04;2,01683E-04;8,37051E-05;2,30906E-04;3,95895E-04;5,43128E-04;4,23063E-04;4,43250E-04;4,40026E-04;3,15693E-04;6,99866E-04;4,75762E-04
633;3,45504E-02;8,42747E-02;1,31781E-01;1,80789E-01;2,28701E-01;2,74300E-01;3,19552E-01;3,67106E-01;4,12020E-01;4,54861E-01;4,96301E-01;5,41210E-01;5,82429E-01;6,23125E-01;6,64894E-01;7,14511E-01;7,50205E-01;7,95337E-01;8,37100E-01;8,62908E-01;2,76071E-03;6,59854E-03;1,06159E-02;1,45117E-02;1,82503E-02;2,17024E-02;2,53835E-02;3,03274E-02;3,40262E-02;3,68688E-02;4,17285E-02;4,72517E-02;4,96424E-02;5,43159E-02;5,78113E-02;6,08633E-02;6,49162E-02;6,88294E-02;7,35443E-02;7,70960E-02;0,00000E+00;1,09491E-05;2,20957E-05;1,15196E-04;1,47093E-04;1,67372E-04;1,82849E-04;1,71674E-04;1,70658E-04;3,00385E-04;2,99474E-04;1,92017E-04;4,48334E-04;3,56681E-04;4,26845E-04;3,91093E-04;3,66637E-04;4,93225E-04;6,25623E-04;4,11416E-04
634;3,42051E-02;8,26377E-02;1,29859E-01;1,77673E-01;2,23751E-01;2,69053E-01;3,13495E-01;3,59754E-01;4,01329E-01;4,43810E-01;4,88438E-01;5,31296E-01;5,68752E-01;6,10847E-01;6,56110E-01;7,07418E-01;7,36582E-01;7,76319E-01;8,21638E-01;8,59454E-01;3,08927E-03;7,25106E-03;1,16317E-02;1,61352E-02;2,01896E-02;2,44069E-02;2,84785E-02;3,35178E-02;3,70269E-02;4,20419E-02;4,59838E-02;5,16845E-02;5,43431E-02;6,02242E-02;6,35484E-02;6,70726E-02;7,16484E-02;7,56529E-02;7,88884E-02;8,48442E-02;1,47035E-05;0,00000E+00;3,97584E-05;9,65137E-05;1,18614E-04;1,40879E-04;2,92140E-04;1,41684E-04;3,02866E-04;2,14801E-04;4,18287E-04;1,92442E-04;4,61705E-04;4,24724E-04;5,46967E-04;5,32584E-04;4,77049E-04;5,27237E-04;8,54245E-04;8,03283E-04
635;3,32799E-02;8,06589E-02;1,27424E-01;1,74763E-01;2,20376E-01;2,64760E-01;3,10207E-01;3,49496E-01;3,96377E-01;4,35370E-01;4,79852E-01;5,20572E-01;5,58715E-01;5,98797E-01;6,41959E-01;6,82750E-01;7,20323E-01;7,63937E-01;8,09648E-01;8,46113E-01;3,40051E-03;8,15469E-03;1,29104E-02;1,77037E-02;2,22720E-02;2,71608E-02;3,15450E-02;3,67671E-02;4,09622E-02;4,65601E-02;5,10742E-02;5,48881E-02;6,16894E-02;6,66654E-02;6,99677E-02;7,34077E-02;7,97371E-02;8,36785E-02;8,68469E-02;9,26522E-02;4,73117E-06;6,04891E-06;4,93192E-05;1,59791E-04;1,51043E-04;1,41208E-04;1,18188E-04;1,79783E-04;2,48662E-04;3,06052E-04;3,20769E-04;3,44231E-04;3,31820E-04;4,43877E-04;3,71443E-04;3,61990E-04;6,61960E-04;3,63789E-04;7,84812E-04;9,45118E-04
636;3,30668E-02;7,88936E-02;1,25049E-01;1,71175E-01;2,16736E-01;2,60262E-01;3,06151E-01;3,46885E-01;3,88389E-01;4,26833E-01;4,71337E-01;5,10276E-01;5,53546E-01;5,95758E-01;6,27687E-01;6,64101E-01;7,09842E-01;7,56473E-01;7,86854E-01;8,21333E-01;3,80640E-03;9,24125E-03;1,40965E-02;1,99125E-02;2,46724E-02;2,94224E-02;3,57455E-02;3,99590E-02;4,64965E-02;5,13824E-02;5,64025E-02;6,14845E-02;6,72590E-02;7,24070E-02;7,60151E-02;8,05556E-02;8,54653E-02;9,31837E-02;9,67602E-02;1,00314E-01;9,12282E-08;3,51296E-05;1,07379E-04;2,76994E-06;7,83141E-06;3,75615E-06;1,48183E-04;2,62471E-04;2,92639E-04;2,91648E-04;2,82621E-04;3,69204E-04;4,74823E-04;2,40367E-04;6,78122E-04;5,02304E-04;8,18121E-04;5,07867E-04;7,48955E-04;6,98974E-04
637;3,23718E-02;7,76711E-02;1,22341E-01;1,67851E-01;2,10855E-01;2,54659E-01;2,96182E-01;3,34909E-01;3,77988E-01;4,20332E-01;4,62045E-01;5,01242E-01;5,40681E-01;5,79905E-01;6,19881E-01;6,65490E-01;7,00359E-01;7,44283E-01;7,64848E-01;8,05355E-01;4,23195E-03;1,00890E-02;1,58842E-02;2,16544E-02;2,72855E-02;3,29486E-02;3,91261E-02;4,50635E-02;5,08013E-02;5,72494E-02;6,17549E-02;6,71403E-02;7,41580E-02;7,96841E-02;8,41839E-02;8,94703E-02;9,58694E-02;1,00891E-01;1,06069E-01;1,12455E-01;6,47490E-06;7,53684E-05;5,41673E-05;1,38748E-04;1,81944E-04;1,72908E-04;2,86960E-04;1,47926E-04;2,88226E-04;3,44370E-04;4,00475E-04;5,97561E-04;4,61551E-04;3,22097E-04;4,57981E-04;5,35151E-04;7,50059E-04;6,65820E-04;1,03399E-03;8,08019E-04
638;3,14524E-02;7,61919E-02;1,20377E-01;1,64059E-01;2,08194E-01;2,50618E-01;2,88654E-01;3,29838E-01;3,73855E-01;4,14777E-01;4,49208E-01;4,89095E-01;5,28831E-01;5,67241E-01;6,04925E-01;6,47672E-01;6,75458E-01;7,21154E-01;7,56360E-01;7,92885E-01;4,67077E-03;1,11284E-02;1,73626E-02;2,40785E-02;3,06132E-02;3,69207E-02;4,32561E-02;4,92269E-02;5,59339E-02;6,20746E-02;6,70059E-02;7,48680E-02;8,16582E-02;8,74158E-02;9,35273E-02;9,91126E-02;1,05712E-01;1,12623E-01;1,19740E-01;1,20958E-01;9,59318E-06;6,01135E-05;8,80438E-05;7,66721E-05;1,51563E-04;8,81361E-05;2,92107E-04;2,45976E-04;2,66094E-04;2,06486E-04;4,25889E-04;4,71634E-04;5,66835E-04;5,06051E-04;5,18795E-04;7,34829E-04;6,69101E-04;8,29142E-04;1,09286E-03;1,03900E-03
639;3,09930E-02;7,51656E-02;1,17971E-01;1,60825E-01;2,03389E-01;2,43153E-01;2,85770E-01;3,22031E-01;3,66914E-01;4,04434E-01;4,41006E-01;4,80444E-01;5,19028E-01;5,55071E-01;5,95549E-01;6,31276E-01;6,63172E-01;7,06821E-01;7,41871E-01;7,86734E-01;5,13337E-03;1,22087E-02;1,93510E-02;2,67684E-02;3,36801E-02;4,07107E-02;4,77622E-02;5,50055E-02;6,23736E-02;6,85724E-02;7,65068E-02;8,36614E-02;8,97556E-02;9,66708E-02;1,03475E-01;1,09668E-01;1,17439E-01;1,23017E-01;1,30886E-01;1,33540E-01;7,23956E-06;2,17548E-05;9,51859E-05;1,71604E-04;2,39377E-04;2,06042E-04;1,85124E-04;2,17036E-04;2,98877E-04;3,17007E-04;4,99872E-04;5,68848E-04;5,11145E-04;3,47323E-04;7,18716E-04;7,61667E-04;6,67191E-04;9,31418E-04;8,83322E-04;1,12775E-03
640;3,02554E-02;7,29084E-02;1,15836E-01;1,56920E-01;1,96343E-01;2,39163E-01;2,77288E-01;3,17666E-01;3,60380E-01;3,97824E-01;4,32808E-01;4,67065E-01;5,11771E-01;5,47643E-01;5,79155E-01;6,25338E-01;6,58711E-01;6,91486E-01;7,27805E-01;7,58178E-01;5,90941E-03;1,36393E-02;2,17504E-02;2,93606E-02;3,80460E-02;4,49753E-02;5,27414E-02;6,08601E-02;6,93579E-02;7,63825E-02;8,51167E-02;9,24589E-02;9,98671E-02;1,06815E-01;1,12964E-01;1,20766E-01;1,27932E-01;1,36448E-01;1,45407E-01;1,51219E-01;1,37857E-05;6,43523E-06;7,33116E-05;1,49686E-04;2,03151E-04;3,02507E-04;3,21620E-04;3,97185E-04;3,96629E-04;5,89713E-04;4,92004E-04;5,65764E-04;6,17681E-04;5,63880E-04;7,67386E-04;7,99489E-04;6,45102E-04;9,15856E-04;8,70797E-04;1,05192E-03
641;2,98409E-02;7,18192E-02;1,13542E-01;1,54029E-01;1,94392E-01;2,36763E-01;2,74978E-01;3,14494E-01;3,51880E-01;3,88377E-01;4,27143E-01;4,58164E-01;4,97328E-01;5,35967E-01;5,70090E-01;6,12621E-01;6,38853E-01;6,69166E-01;7,13842E-01;7,41274E-01;6,34104E-03;1,52077E-02;2,39201E-02;3,30543E-02;4,21685E-02;5,02592E-02;5,90037E-02;6,67901E-02;7,65050E-02;8,32365E-02;9,34486E-02;1,01953E-01;1,11181E-01;1,16896E-01;1,24160E-01;1,34213E-01;1,42325E-01;1,50020E-01;1,58748E-01;1,65630E-01;1,24124E-06;4,65796E-05;4,02234E-05;1,88909E-04;1,75108E-04;2,56681E-04;2,96942E-04;3,34528E-04;3,99554E-04;3,33276E-04;5,29680E-04;6,72143E-04;6,69750E-04;7,82194E-04;7,66728E-04;5,95622E-04;9,40174E-04;1,11191E-03;1,37292E-03;1,27228E-03
642;2,90430E-02;6,99543E-02;1,10283E-01;1,51558E-01;1,90241E-01;2,29207E-01;2,67866E-01;3,06587E-01;3,43327E-01;3,80426E-01;4,13998E-01;4,52649E-01;4,84231E-01;5,23390E-01;5,57052E-01;5,93658E-01;6,25550E-01;6,67557E-01;6,96286E-01;7,30185E-01;7,16879E-03;1,66977E-02;2,68287E-02;3,67239E-02;4,57698E-02;5,66779E-02;6,56422E-02;7,42971E-02;8,43654E-02;9,24743E-02;1,03758E-01;1,13728E-01;1,21952E-01;1,30849E-01;1,39825E-01;1,47898E-01;1,56443E-01;1,66198E-01;1,74097E-01;1,83497E-01;1,34274E-05;3,70477E-05;1,22092E-04;9,33401E-05;2,50334E-04;2,07551E-04;3,86114E-04;4,73953E-04;5,28994E-04;5,77952E-04;5,88491E-04;7,06809E-04;6,87456E-04;8,72250E-04;9,14019E-04;9,30655E-04;9,72102E-04;1,10508E-03;1,22949E-03;1,35792E-03
643;2,83760E-02;6,95198E-02;1,08768E-01;1,48148E-01;1,85803E-01;2,26666E-01;2,59810E-01;2,99091E-01;3,35093E-01;3,71586E-01;4,07892E-01;4,43923E-01;4,75269E-01;5,11475E-01;5,47900E-01;5,85951E-01;6,18663E-01;6,46039E-01;6,82191E-01;7,10494E-01;7,93876E-03;1,86845E-02;2,93430E-02;4,08441E-02;5,08638E-02;6,19626E-02;7,20618E-02;8,28814E-02;9,36657E-02;1,03078E-01;1,14678E-01;1,25606E-01;1,35058E-01;1,43695E-01;1,53369E-01;1,63532E-01;1,74762E-01;1,81739E-01;1,92170E-01;2,01645E-01;2,46456E-05;5,69666E-05;1,07993E-04;2,15304E-04;2,24539E-04;3,00602E-04;4,50977E-04;4,34516E-04;5,18615E-04;6,53254E-04;6,64974E-04;8,03285E-04;9,78854E-04;9,18298E-04;9,41562E-04;1,23175E-03;1,27453E-03;1,39934E-03;1,24360E-03;1,60627E-03
644;2,78113E-02;6,78982E-02;1,06170E-01;1,44679E-01;1,81726E-01;2,21621E-01;2,57018E-01;2,91680E-01;3,27528E-01;3,65749E-01;4,00445E-01;4,34318E-01;4,67686E-01;5,02446E-01;5,39192E-01;5,74273E-01;6,10080E-01;6,30487E-01;6,69191E-01;7,01471E-01;8,81286E-03;2,07596E-02;3,27297E-02;4,52677E-02;5,66716E-02;6,89861E-02;7,97183E-02;9,19536E-02;1,04018E-01;1,15482E-01;1,26852E-01;1,37947E-01;1,49087E-01;1,59557E-01;1,70470E-01;1,79635E-01;1,94549E-01;2,02695E-01;2,11073E-01;2,20631E-01;3,22828E-05;4,33453E-05;1,85731E-04;1,32151E-04;2,43974E-04;3,92042E-04;5,20181E-04;5,13805E-04;6,63781E-04;6,58791E-04;7,91868E-04;6,56866E-04;8,55431E-04;9,13926E-04;1,00200E-03;1,21954E-03;1,21384E-03;1,45610E-03;1,47685E-03;1,85551E-03
645;2,75183E-02;6,60743E-02;1,05170E-01;1,43247E-01;1,77321E-01;2,15289E-01;2,50880E-01;2,86109E-01;3,22043E-01;3,53571E-01;3,88615E-01;4,25894E-01;4,56308E-01;4,90048E-01;5,21724E-01;5,52960E-01;5,93529E-01;6,14022E-01;6,58121E-01;6,81658E-01;9,87487E-03;2,29198E-02;3,67160E-02;4,96647E-02;6,30229E-02;7,73773E-02;8,90142E-02;1,02116E-01;1,14695E-01;1,27352E-01;1,39363E-01;1,53232E-01;1,66699E-01;1,77874E-01;1,89621E-01;2,01121E-01;2,11654E-01;2,24775E-01;2,32688E-01;2,46366E-01;2,43890E-05;5,89018E-05;1,78461E-04;1,50225E-04;2,51035E-04;5,96046E-04;5,60685E-04;5,77070E-04;7,40841E-04;8,10192E-04;9,77551E-04;1,06084E-03;1,05078E-03;1,09277E-03;1,19146E-03;1,42805E-03;1,16865E-03;1,49484E-03;1,76234E-03;1,70643E-03
646;2,67389E-02;6,40652E-02;1,02420E-01;1,38604E-01;1,74914E-01;2,10081E-01;2,44764E-01;2,82693E-01;3,11645E-01;3,47565E-01;3,79200E-01;4,13946E-01;4,46811E-01;4,74065E-01;5,11778E-01;5,49016E-01;5,80249E-01;6,10169E-01;6,35141E-01;6,74036E-01;1,09633E-02;2,57370E-02;4,07779E-02;5,56110E-02;6,95648E-02;8,44396E-02;9,86627E-02;1,14234E-01;1,26055E-01;1,40467E-01;1,53537E-01;1,67727E-01;1,81149E-01;1,92820E-01;2,08171E-01;2,20355E-01;2,35251E-01;2,48191E-01;2,57058E-01;2,67979E-01;1,18997E-05;7,13603E-05;1,73459E-04;2,60967E-04;4,42424E-04;3,58106E-04;5,72220E-04;3,81929E-04;7,91988E-04;7,75071E-04;1,00112E-03;8,75087E-04;1,02683E-03;1,00179E-03;1,28237E-03;1,59848E-03;1,56472E-03;1,79427E-03;1,80808E-03;2,00202E-03
647;2,62967E-02;6,27147E-02;1,00235E-01;1,36243E-01;1,71249E-01;2,05650E-01;2,38452E-01;2,73323E-01;3,08791E-01;3,40251E-01;3,72579E-01;4,08093E-01;4,36160E-01;4,70009E-01;4,97201E-01;5,37150E-01;5,65916E-01;5,94105E-01;6,25757E-01;6,51912E-01;1,22864E-02;2,87005E-02;4,51160E-02;6,15519E-02;7,77243E-02;9,42733E-02;1,08265E-01;1,25236E-01;1,41051E-01;1,55585E-01;1,70948E-01;1,86382E-01;1,99615E-01;2,14654E-01;2,27747E-01;2,42252E-01;2,58393E-01;2,72628E-01;2,83240E-01;2,95905E-01;2,84298E-05;9,75429E-05;1,20348E-04;2,75000E-04;3,59934E-04;5,34888E-04;6,65416E-04;6,67176E-04;7,95860E-04;8,23776E-04;9,66332E-04;1,24058E-03;1,09316E-03;1,47142E-03;1,56931E-03;1,49537E-03;1,73668E-03;1,88655E-03;2,01133E-03;1,92781E-03
648;2,57224E-02;6,14346E-02;9,71804E-02;1,33755E-01;1,67133E-01;1,98836E-01;2,35793E-01;2,67692E-01;3,02915E-01;3,33561E-01;3,61623E-01;3,97274E-01;4,24629E-01;4,56970E-01;4,89789E-01;5,27908E-01;5,50560E-01;5,80029E-01;6,16436E-01;6,40491E-01;1,36472E-02;3,15954E-02;4,96174E-02;6,85365E-02;8,60391E-02;1,03088E-01;1,19095E-01;1,37046E-01;1,55604E-01;1,70814E-01;1,88533E-01;2,05262E-01;2,20722E-01;2,35820E-01;2,49603E-01;2,65683E-01;2,82887E-01;2,99194E-01;3,10616E-01;3,25780E-01;3,97536E-05;1,09126E-04;1,67665E-04;3,11586E-04;4,02965E-04;5,05012E-04;6,17499E-04;6,96856E-04;7,54156E-04;8,55822E-04;1,03143E-03;1,38585E-03;1,40087E-03;1,56619E-03;1,51114E-03;1,74893E-03;1,76863E-03;1,84277E-03;2,21095E-03;2,31099E-03
649;2,48806E-02;6,01752E-02;9,53022E-02;1,29105E-01;1,62619E-01;1,97201E-01;2,30774E-01;2,64244E-01;2,91487E-01;3,26752E-01;3,55211E-01;3,86469E-01;4,17057E-01;4,51330E-01;4,78035E-01;5,15996E-01;5,35513E-01;5,71488E-01;6,04361E-01;6,22019E-01;1,48687E-02;3,53543E-02;5,50925E-02;7,51437E-02;9,52432E-02;1,13195E-01;1,30136E-01;1,51124E-01;1,71592E-01;1,88006E-01;2,05082E-01;2,24992E-01;2,40952E-01;2,59208E-01;2,74430E-01;2,92162E-01;3,09910E-01;3,26164E-01;3,39745E-01;3,56517E-01;3,62608E-05;1,36057E-04;2,42217E-04;3,47581E-04;4,14422E-04;3,85453E-04;6,52818E-04;6,40227E-04;9,32512E-04;8,53132E-04;1,10689E-03;1,48742E-03;1,41303E-03;1,65903E-03;1,59860E-03;1,69457E-03;2,00109E-03;2,07429E-03;2,24020E-03;2,63279E-03
650;2,47445E-02;5,92910E-02;9,36411E-02;1,27080E-01;1,57332E-01;1,92252E-01;2,26517E-01;2,55977E-01;2,88184E-01;3,17809E-01;3,50903E-01;3,76317E-01;4,08894E-01;4,33803E-01;4,70356E-01;5,11521E-01;5,27629E-01;5,52712E-01;5,89306E-01;6,06469E-01;1,64519E-02;3,84407E-02;5,99536E-02;8,32064E-02;1,02863E-01;1,24653E-01;1,44062E-01;1,64757E-01;1,86722E-01;2,05922E-01;2,28943E-01;2,45766E-01;2,67352E-01;2,83555E-01;3,02448E-01;3,22838E-01;3,40802E-01;3,55651E-01;3,72170E-01;3,94415E-01;6,85076E-05;1,36874E-04;2,19072E-04;4,33652E-04;4,27146E-04;5,28940E-04;7,03547E-04;7,73987E-04;1,11222E-03;8,10355E-04;1,43324E-03;1,41058E-03;1,71332E-03;1,73010E-03;2,11084E-03;1,91634E-03;2,23473E-03;2,37742E-03;2,39874E-03;2,73233E-03
651;2,38267E-02;5,70159E-02;9,10118E-02;1,24648E-01;1,55840E-01;1,85573E-01;2,19409E-01;2,50985E-01;2,80392E-01;3,10180E-01;3,38199E-01;3,67395E-01;3,93837E-01;4,24648E-01;4,59983E-01;4,90602E-01;5,17836E-01;5,34249E-01;5,79507E-01;6,00878E-01;1,78935E-02;4,14296E-02;6,55725E-02;8,95179E-02;1,12321E-01;1,35005E-01;1,58234E-01;1,78454E-01;2,01501E-01;2,25757E-01;2,43471E-01;2,68143E-01;2,89564E-01;3,06775E-01;3,26633E-01;3,48687E-01;3,71066E-01;3,88430E-01;4,04643E-01;4,22815E-01;1,74812E-05;1,16090E-04;2,72051E-04;4,11440E-04;4,44716E-04;6,41657E-04;7,97621E-04;8,62814E-04;1,20006E-03;1,19383E-03;1,47554E-03;1,57231E-03;1,72622E-03;1,89438E-03;1,84094E-03;2,41771E-03;2,60205E-03;2,45892E-03;3,10151E-03;2,92379E-03
652;2,33136E-02;5,54866E-02;8,85006E-02;1,20447E-01;1,52439E-01;1,82945E-01;2,13686E-01;2,43145E-01;2,73085E-01;3,00227E-01;3,31131E-01;3,61879E-01;3,83811E-01;4,16616E-01;4,41537E-01;4,75329E-01;5,01224E-01;5,26397E-01;5,63504E-01;5,82471E-01;1,93122E-02;4,51592E-02;7,15081E-02;9,82084E-02;1,21862E-01;1,46644E-01;1,71122E-01;1,95201E-01;2,20179E-01;2,45237E-01;2,66180E-01;2,92661E-01;3,13502E-01;3,36138E-01;3,53798E-01;3,79065E-01;3,98907E-01;4,21894E-01;4,39709E-01;4,55906E-01;2,81287E-05;1,30496E-04;2,65782E-04;4,87218E-04;5,67215E-04;7,71172E-04;8,22547E-04;1,07376E-03;1,16395E-03;1,44217E-03;1,71587E-03;1,61690E-03;1,93540E-03;2,16772E-03;2,40335E-03;2,69209E-03;2,77334E-03;2,72390E-03;3,49077E-03;3,46695E-03
653;2,28422E-02;5,44068E-02;8,65911E-02;1,17360E-01;1,49071E-01;1,79265E-01;2,07629E-01;2,39161E-01;2,65974E-01;2,93230E-01;3,22842E-01;3,53574E-01;3,76793E-01;4,07077E-01;4,31310E-01;4,61714E-01;4,89354E-01;5,16020E-01;5,41088E-01;5,69352E-01;2,10522E-02;4,91641E-02;7,70943E-02;1,05907E-01;1,32576E-01;1,59490E-01;1,86854E-01;2,12793E-01;2,38681E-01;2,66232E-01;2,89713E-01;3,17425E-01;3,40390E-01;3,64674E-01;3,86832E-01;4,08908E-01;4,32701E-01;4,56431E-01;4,77988E-01;4,96740E-01;4,27180E-05;1,59570E-04;3,18682E-04;4,79401E-04;6,35355E-04;8,12525E-04;9,89593E-04;1,08102E-03;1,19524E-03;1,59890E-03;1,68178E-03;1,73812E-03;2,17880E-03;2,36999E-03;2,64553E-03;2,68975E-03;3,05403E-03;3,35334E-03;3,42053E-03;3,95794E-03
654;2,23969E-02;5,35673E-02;8,41008E-02;1,14538E-01;1,46512E-01;1,73545E-01;2,01871E-01;2,31654E-01;2,60315E-01;2,88415E-01;3,16294E-01;3,42421E-01;3,69666E-01;3,94915E-01;4,23210E-01;4,51296E-01;4,79272E-01;4,98428E-01;5,23034E-01;5,53787E-01;2,28314E-02;5,30781E-02;8,28809E-02;1,14858E-01;1,43782E-01;1,72910E-01;2,00916E-01;2,30382E-01;2,57797E-01;2,86495E-01;3,12514E-01;3,42106E-01;3,68347E-01;3,91667E-01;4,18105E-01;4,44986E-01;4,70141E-01;4,91698E-01;5,12603E-01;5,36566E-01;5,52748E-05;1,59143E-04;3,08874E-04;5,06837E-04;6,80122E-04;7,42329E-04;1,13934E-03;1,06989E-03;1,13922E-03;1,64284E-03;1,77787E-03;1,97891E-03;2,31586E-03;2,70108E-03;2,78291E-03;3,09616E-03;3,19317E-03;3,63476E-03;3,78817E-03;4,51450E-03
655;2,18925E-02;5,28778E-02;8,09401E-02;1,12253E-01;1,41390E-01;1,69403E-01;2,00488E-01;2,25644E-01;2,54528E-01;2,81815E-01;3,05674E-01;3,32592E-01;3,63553E-01;3,82811E-01;4,11529E-01;4,38746E-01;4,75459E-01;4,90132E-01;5,09388E-01;5,36923E-01;2,47360E-02;5,77812E-02;9,06787E-02;1,23811E-01;1,55672E-01;1,84811E-01;2,16768E-01;2,47641E-01;2,77676E-01;3,10108E-01;3,37571E-01;3,68449E-01;3,94115E-01;4,26516E-01;4,50682E-01;4,74653E-01;5,01429E-01;5,26717E-01;5,55808E-01;5,79259E-01;5,00582E-05;1,56976E-04;2,36179E-04;4,93848E-04;7,24778E-04;1,11947E-03;1,04970E-03;1,37918E-03;1,61351E-03;1,73018E-03;1,96769E-03;2,34555E-03;2,49420E-03;2,41820E-03;3,03963E-03;3,39839E-03;3,76539E-03;3,40247E-03;4,33842E-03;4,59851E-03
656;2,09508E-02;5,04666E-02;7,95675E-02;1,09296E-01;1,37955E-01;1,65658E-01;1,93769E-01;2,21797E-01;2,46080E-01;2,74823E-01;3,00894E-01;3,25059E-01;3,51869E-01;3,78644E-01;4,04265E-01;4,25369E-01;4,56538E-01;4,78874E-01;5,00966E-01;5,31494E-01;2,69523E-02;6,29229E-02;9,87398E-02;1,35076E-01;1,68735E-01;2,01648E-01;2,34889E-01;2,68487E-01;3,03927E-01;3,34072E-01;3,65505E-01;3,97194E-01;4,27318E-01;4,59125E-01;4,86151E-01;5,12735E-01;5,43080E-01;5,70995E-01;5,94950E-01;6,20125E-01;4,49222E-05;2,14844E-04;3,17952E-04;6,51402E-04;7,55737E-04;1,15330E-03;1,25763E-03;1,62388E-03;1,64415E-03;1,91200E-03;2,16749E-03;2,33121E-03;2,70785E-03;3,01444E-03;3,11021E-03;3,72575E-03;3,67927E-03;4,38500E-03;4,59218E-03;4,67906E-03
657;2,05606E-02;4,94772E-02;7,79621E-02;1,06484E-01;1,33313E-01;1,60227E-01;1,88040E-01;2,15284E-01;2,40375E-01;2,68010E-01;2,92300E-01;3,15007E-01;3,39427E-01;3,69020E-01;3,93581E-01;4,12046E-01;4,41393E-01;4,66689E-01;4,90962E-01;5,12344E-01;2,95355E-02;6,88990E-02;1,07202E-01;1,45621E-01;1,82094E-01;2,18709E-01;2,56199E-01;2,91512E-01;3,26501E-01;3,58927E-01;3,92394E-01;4,26890E-01;4,58087E-01;4,92366E-01;5,21800E-01;5,50436E-01;5,84379E-01;6,09620E-01;6,36818E-01;6,65125E-01;5,16654E-05;2,45096E-04;3,75826E-04;6,10226E-04;8,79544E-04;1,09913E-03;1,38571E-03;1,71981E-03;1,77606E-03;2,12974E-03;2,47365E-03;2,53525E-03;2,96779E-03;3,30490E-03;3,66123E-03;3,93852E-03;3,87014E-03;4,96344E-03;5,01693E-03;5,50806E-03
658;1,99455E-02;4,83597E-02;7,60429E-02;1,03993E-01;1,30001E-01;1,56853E-01;1,82216E-01;2,08763E-01;2,33474E-01;2,60146E-01;2,84047E-01;3,11637E-01;3,35503E-01;3,56193E-01;3,82824E-01;4,04095E-01;4,22178E-01;4,54066E-01;4,79610E-01;4,99046E-01;3,21823E-02;7,53230E-02;1,17146E-01;1,58548E-01;1,97600E-01;2,37022E-01;2,76529E-01;3,14362E-01;3,50859E-01;3,85687E-01;4,20871E-01;4,56862E-01;4,93748E-01;5,28418E-01;5,59830E-01;5,91834E-01;6,20965E-01;6,52601E-01;6,82965E-01;7,11842E-01;7,28684E-05;2,42224E-04;4,74957E-04;7,13462E-04;8,63824E-04;1,13537E-03;1,48881E-03;1,70384E-03;1,92929E-03;2,20247E-03;2,35895E-03;2,89966E-03;3,27930E-03;3,40748E-03;3,84438E-03;4,20129E-03;4,21591E-03;5,24463E-03;5,34944E-03;6,00474E-03
659;1,94522E-02;4,69560E-02;7,28438E-02;1,00924E-01;1,26652E-01;1,54506E-01;1,78893E-01;2,03673E-01;2,29595E-01;2,52807E-01;2,78711E-01;3,01362E-01;3,25400E-01;3,52804E-01;3,70294E-01;3,99189E-01;4,16596E-01;4,43618E-01;4,61811E-01;4,81420E-01;3,55018E-02;8,19676E-02;1,26615E-01;1,71149E-01;2,13335E-01;2,57116E-01;2,99480E-01;3,38600E-01;3,74746E-01;4,12397E-01;4,51068E-01;4,89342E-01;5,25098E-01;5,62721E-01;5,95015E-01;6,33403E-01;6,62357E-01;6,95416E-01;7,25104E-01;7,59936E-01;7,82830E-05;2,63049E-04;4,93208E-04;8,39618E-04;9,86815E-04;1,33398E-03;1,56600E-03;1,87973E-03;2,17033E-03;2,57934E-03;2,89574E-03;3,06543E-03;3,59762E-03;3,86459E-03;4,08536E-03;4,82196E-03;4,73744E-03;5,40757E-03;6,02289E-03;6,35194E-03
660;1,88246E-02;4,56662E-02;7,22502E-02;9,85912E-02;1,23654E-01;1,49447E-01;1,75096E-01;2,01487E-01;2,25088E-01;2,47309E-01;2,68685E-01;2,92954E-01;3,16094E-01;3,39413E-01;3,60050E-01;3,76329E-01;4,05578E-01;4,28947E-01;4,51401E-01;4,72405E-01;3,85512E-02;8,82446E-02;1,35757E-01;1,85522E-01;2,30395E-01;2,75542E-01;3,19957E-01;3,60588E-01;4,01204E-01;4,44429E-01;4,83481E-01;5,24701E-01;5,64598E-01;5,96795E-01;6,32112E-01;6,75462E-01;7,04238E-01;7,41086E-01;7,73856E-01;8,00451E-01;6,28080E-05;2,72196E-04;4,80943E-04;8,24242E-04;1,26626E-03;1,48601E-03;1,76724E-03;2,25924E-03;2,54573E-03;2,81753E-03;3,22463E-03;3,20100E-03;3,78180E-03;4,35979E-03;4,37451E-03;5,13218E-03;5,57588E-03;5,96857E-03;6,56265E-03;6,72628E-03
661;1,84139E-02;4,45340E-02;7,05425E-02;9,55916E-02;1,20915E-01;1,44124E-01;1,71352E-01;1,91456E-01;2,13685E-01;2,39813E-01;2,61924E-01;2,85422E-01;3,04733E-01;3,31172E-01;3,52796E-01;3,72222E-01;3,97688E-01;4,25289E-01;4,46594E-01;4,55070E-01;4,11017E-02;9,41482E-02;1,45728E-01;1,95820E-01;2,42893E-01;2,90313E-01;3,38022E-01;3,82439E-01;4,26434E-01;4,66804E-01;5,13210E-01;5,56506E-01;5,96046E-01;6,32592E-01;6,76309E-01;7,14568E-01;7,49888E-01;7,84457E-01;8,20005E-01;8,50097E-01;8,63700E-05;3,45397E-04;6,33879E-04;9,91126E-04;1,20009E-03;1,53955E-03;1,80205E-03;2,20510E-03;2,62379E-03;2,97952E-03;3,35175E-03;3,70371E-03;4,15065E-03;4,69345E-03;5,02463E-03;5,24406E-03;5,99349E-03;6,74096E-03;7,05777E-03;7,69462E-03
662;1,79497E-02;4,29938E-02;6,84186E-02;9,23680E-02;1,17663E-01;1,41431E-01;1,64862E-01;1,87450E-01;2,10370E-01;2,33805E-01;2,55878E-01;2,75553E-01;3,01835E-01;3,21001E-01;3,44998E-01;3,63697E-01;3,85457E-01;4,14776E-01;4,29758E-01;4,46394E-01;4,24077E-02;9,77596E-02;1,51187E-01;2,03323E-01;2,53488E-01;3,03025E-01;3,51470E-01;3,98122E-01;4,46111E-01;4,86991E-01;5,33734E-01;5,76436E-01;6,24312E-01;6,60336E-01;7,05720E-01;7,41292E-01;7,82697E-01;8,21858E-01;8,59187E-01;8,89476E-01;1,07110E-04;3,53302E-04;6,38406E-04;9,79877E-04;1,34550E-03;1,73614E-03;2,02493E-03;2,35770E-03;2,91798E-03;3,32209E-03;3,68855E-03;4,06367E-03;4,62819E-03;4,95860E-03;5,42439E-03;5,88150E-03;6,53035E-03;6,99781E-03;7,47100E-03;8,26876E-03
663;1,75267E-02;4,17122E-02;6,61965E-02;8,98280E-02;1,14115E-01;1,35785E-01;1,60319E-01;1,84588E-01;2,06880E-01;2,26663E-01;2,49853E-01;2,70386E-01;2,90562E-01;3,14333E-01;3,35767E-01;3,49674E-01;3,77469E-01;3,91714E-01;4,16052E-01;4,42395E-01;4,25692E-02;9,82558E-02;1,53134E-01;2,06435E-01;2,58598E-01;3,09026E-01;3,59421E-01;4,07783E-01;4,54409E-01;5,01309E-01;5,49253E-01;5,95937E-01;6,35819E-01;6,83969E-01;7,24110E-01;7,67504E-01;8,07373E-01;8,47815E-01;8,86257E-01;9,22919E-01;1,04607E-04;4,26841E-04;8,01702E-04;1,02683E-03;1,48337E-03;1,91699E-03;2,47279E-03;2,77913E-03;3,09734E-03;3,61835E-03;3,97229E-03;4,20077E-03;5,03136E-03;5,56712E-03;5,82152E-03;6,38328E-03;7,04214E-03;7,98686E-03;7,84963E-03;8,53048E-03
664;1,71100E-02;4,07946E-02;6,45488E-02;8,84642E-02;1,12627E-01;1,33531E-01;1,55525E-01;1,79733E-01;2,02080E-01;2,20572E-01;2,45955E-01;2,65680E-01;2,84080E-01;3,03785E-01;3,25052E-01;3,45049E-01;3,63311E-01;3,84121E-01;4,07184E-01;4,17662E-01;4,15345E-02;9,66993E-02;1,50678E-01;2,04592E-01;2,56128E-01;3,05888E-01;3,60089E-01;4,06989E-01;4,54853E-01;5,04996E-01;5,50675E-01;6,00880E-01;6,45233E-01;6,92151E-01;7,31020E-01;7,77177E-01;8,17628E-01;8,66750E-01;8,97598E-01;9,40045E-01;7,55723E-05;4,93328E-04;7,68721E-04;1,27323E-03;1,69253E-03;2,00142E-03;2,53227E-03;3,03490E-03;3,40691E-03;3,67242E-03;4,48293E-03;5,21931E-03;5,29030E-03;6,20057E-03;6,57365E-03;6,98581E-03;7,88489E-03;8,02238E-03;8,36707E-03;9,29311E-03
665;1,66756E-02;3,94836E-02;6,30590E-02;8,61956E-02;1,07291E-01;1,29220E-01;1,49485E-01;1,74151E-01;1,94281E-01;2,14006E-01;2,35861E-01;2,54466E-01;2,76797E-01;2,92991E-01;3,16279E-01;3,38945E-01;3,60679E-01;3,74161E-01;3,97063E-01;4,10895E-01;3,82280E-02;9,03391E-02;1,42270E-01;1,94642E-01;2,43621E-01;2,98240E-01;3,46345E-01;3,95154E-01;4,41883E-01;4,91532E-01;5,40369E-01;5,86718E-01;6,35305E-01;6,83111E-01;7,29518E-01;7,72064E-01;8,17579E-01;8,59574E-01;9,02658E-01;9,46756E-01;1,39768E-04;4,30336E-04;8,61878E-04;1,31264E-03;1,71102E-03;2,15838E-03;2,71208E-03;3,19174E-03;3,49754E-03;4,06924E-03;4,57162E-03;5,24757E-03;6,07102E-03;6,28845E-03;7,06329E-03;7,79516E-03;8,39943E-03;9,57468E-03;9,57187E-03;1,01763E-02
666;1,61363E-02;3,87755E-02;6,08050E-02;8,37054E-02;1,04699E-01;1,27335E-01;1,48655E-01;1,69851E-01;1,88017E-01;2,11356E-01;2,31150E-01;2,48245E-01;2,67183E-01;2,88109E-01;3,05610E-01;3,28818E-01;3,53335E-01;3,64156E-01;3,87712E-01;3,98533E-01;3,43043E-02;8,23109E-02;1,30040E-01;1,79200E-01;2,26078E-01;2,77152E-01;3,23793E-01;3,70907E-01;4,20588E-01;4,65520E-01;5,13951E-01;5,61200E-01;6,06364E-01;6,55400E-01;6,99096E-01;7,45544E-01;7,92968E-01;8,38868E-01;8,78155E-01;9,23117E-01;1,16063E-04;4,64229E-04;1,03170E-03;1,38757E-03;1,78250E-03;2,36782E-03;3,03363E-03;3,49950E-03;4,15652E-03;4,25355E-03;5,13654E-03;5,77875E-03;6,35822E-03;7,20255E-03;7,40502E-03;8,50194E-03;9,01614E-03;9,93975E-03;1,08274E-02;1,13049E-02
667;1,57770E-02;3,77823E-02;6,03064E-02;8,09317E-02;1,02392E-01;1,22454E-01;1,44575E-01;1,63731E-01;1,84441E-01;2,04010E-01;2,23090E-01;2,43354E-01;2,58800E-01;2,81221E-01;2,96880E-01;3,21241E-01;3,40226E-01;3,55584E-01;3,70854E-01;3,85337E-01;2,99002E-02;7,20237E-02;1,14919E-01;1,59848E-01;2,03480E-01;2,50006E-01;2,94270E-01;3,39777E-01;3,87412E-01;4,33015E-01;4,76909E-01;5,25161E-01;5,69824E-01;6,14952E-01;6,59264E-01;7,02993E-01;7,53833E-01;7,97029E-01;8,39896E-01;8,81123E-01;1,37316E-04;5,39812E-04;9,80324E-04;1,57607E-03;1,97091E-03;2,52537E-03;3,37470E-03;3,81561E-03;4,23372E-03;4,76293E-03;5,79785E-03;6,36362E-03;6,87876E-03;8,10059E-03;8,61914E-03;9,20617E-03;9,89068E-03;1,06370E-02;1,16475E-02;1,22411E-02
668;1,53288E-02;3,63114E-02;5,78756E-02;7,84604E-02;9,87269E-02;1,19027E-01;1,41187E-01;1,59232E-01;1,77426E-01;1,97752E-01;2,15770E-01;2,39371E-01;2,52107E-01;2,73466E-01;2,90809E-01;3,09049E-01;3,28576E-01;3,40145E-01;3,63444E-01;3,82803E-01;2,50718E-02;6,15798E-02;9,93548E-02;1,40051E-01;1,77859E-01;2,19858E-01;2,60265E-01;3,02740E-01;3,43141E-01;3,88775E-01;4,31321E-01;4,76514E-01;5,20237E-01;5,63029E-01;6,09488E-01;6,51016E-01;6,99642E-01;7,43475E-01;7,82662E-01;8,25626E-01;1,54590E-04;5,70074E-04;1,02145E-03;1,63266E-03;2,20455E-03;2,81125E-03;3,21954E-03;4,22618E-03;4,70248E-03;5,37630E-03;6,45476E-03;6,87100E-03;7,75518E-03;8,39789E-03;8,93742E-03;9,83173E-03;1,11959E-02;1,18733E-02;1,32055E-02;1,30390E-02
669;1,49123E-02;3,54716E-02;5,54608E-02;7,67422E-02;9,74363E-02;1,17119E-01;1,33056E-01;1,52761E-01;1,71087E-01;1,91549E-01;2,11116E-01;2,26510E-01;2,45915E-01;2,62677E-01;2,82295E-01;3,00573E-01;3,20849E-01;3,40158E-01;3,56592E-01;3,73785E-01;2,02521E-02;5,11333E-02;8,36862E-02;1,17254E-01;1,52660E-01;1,87437E-01;2,25128E-01;2,63155E-01;3,00883E-01;3,39269E-01;3,78949E-01;4,23298E-01;4,61046E-01;4,99859E-01;5,42236E-01;5,84050E-01;6,23816E-01;6,65964E-01;7,08570E-01;7,50147E-01;1,48352E-04;6,37983E-04;1,16627E-03;1,72526E-03;2,42000E-03;3,14104E-03;3,52175E-03;4,28600E-03;5,31980E-03;5,80353E-03;6,58518E-03;7,65074E-03;8,07569E-03;9,52166E-03;9,87932E-03;1,07925E-02;1,16202E-02;1,22221E-02;1,37985E-02;1,38645E-02
670;1,43611E-02;3,41307E-02;5,40447E-02;7,49370E-02;9,34385E-02;1,12785E-01;1,31370E-01;1,50994E-01;1,68034E-01;1,85502E-01;2,02218E-01;2,19792E-01;2,37245E-01;2,57096E-01;2,70680E-01;2,91423E-01;3,10564E-01;3,20638E-01;3,37563E-01;3,56734E-01;1,65104E-02;4,15731E-02;6,85566E-02;9,77537E-02;1,27418E-01;1,57079E-01;1,90202E-01;2,22539E-01;2,55391E-01;2,92845E-01;3,26907E-01;3,63849E-01;4,01479E-01;4,36846E-01;4,72864E-01;5,13978E-01;5,51930E-01;5,94212E-01;6,34431E-01;6,68736E-01;1,92683E-04;6,53260E-04;1,19043E-03;1,91856E-03;2,53574E-03;3,47708E-03;4,03100E-03;4,68533E-03;5,42328E-03;6,42371E-03;7,19715E-03;8,02870E-03;8,83723E-03;9,76168E-03;1,04783E-02;1,18243E-02;1,22614E-02;1,37099E-02;1,42540E-02;1,59463E-02
671;1,38664E-02;3,38710E-02;5,32683E-02;7,23672E-02;9,15212E-02;1,09347E-01;1,27297E-01;1,46301E-01;1,62739E-01;1,80096E-01;1,99729E-01;2,15993E-01;2,32344E-01;2,51295E-01;2,65370E-01;2,83645E-01;3,00055E-01;3,19121E-01;3,31511E-01;3,48883E-01;1,34434E-02;3,40979E-02;5,64823E-02;8,09517E-02;1,05632E-01;1,31781E-01;1,58666E-01;1,86902E-01;2,14563E-01;2,45975E-01;2,76418E-01;3,09591E-01;3,40555E-01;3,75502E-01;4,09761E-01;4,41212E-01;4,79073E-01;5,15249E-01;5,51379E-01;5,87161E-01;1,87121E-04;7,42693E-04;1,34672E-03;2,06022E-03;2,76618E-03;3,56337E-03;4,39797E-03;5,12834E-03;5,77313E-03;6,92003E-03;7,60648E-03;8,82318E-03;9,70300E-03;1,04015E-02;1,17446E-02;1,23374E-02;1,36544E-02;1,48508E-02;1,61539E-02;1,69019E-02
672;1,34065E-02;3,28603E-02;5,12670E-02;7,01491E-02;8,91677E-02;1,06099E-01;1,24834E-01;1,43875E-01;1,58668E-01;1,75005E-01;1,92974E-01;2,10648E-01;2,26366E-01;2,44248E-01;2,55045E-01;2,73871E-01;2,93935E-01;3,09736E-01;3,27231E-01;3,40184E-01;1,08464E-02;2,76079E-02;4,55847E-02;6,63577E-02;8,70403E-02;1,08513E-01;1,32131E-01;1,56322E-01;1,79886E-01;2,06317E-01;2,32013E-01;2,57717E-01;2,86412E-01;3,17233E-01;3,45541E-01;3,76459E-01;4,09078E-01;4,36425E-01;4,73221E-01;5,06878E-01;2,04382E-04;7,62615E-04;1,46795E-03;2,17161E-03;2,92376E-03;3,78104E-03;4,81549E-03;5,64304E-03;6,57869E-03;7,27553E-03;8,25489E-03;9,54623E-03;1,04819E-02;1,16053E-02;1,25789E-02;1,35127E-02;1,46550E-02;1,59909E-02;1,70693E-02;1,80145E-02
673;1,29803E-02;3,15765E-02;4,92772E-02;6,87877E-02;8,58445E-02;1,02636E-01;1,20098E-01;1,36148E-01;1,54225E-01;1,70968E-01;1,87678E-01;2,07049E-01;2,18698E-01;2,36467E-01;2,53642E-01;2,60958E-01;2,84956E-01;3,01974E-01;3,20198E-01;3,25747E-01;8,97894E-03;2,24558E-02;3,74955E-02;5,39388E-02;7,08023E-02;8,91124E-02;1,07942E-01;1,28560E-01;1,48827E-01;1,71140E-01;1,90530E-01;2,17004E-01;2,40524E-01;2,63849E-01;2,90788E-01;3,17759E-01;3,45720E-01;3,71069E-01;4,03313E-01;4,34023E-01;2,34724E-04;8,55268E-04;1,59500E-03;2,41830E-03;3,30736E-03;4,26056E-03;5,13950E-03;6,19812E-03;7,10237E-03;7,88353E-03;8,78363E-03;9,89408E-03;1,16803E-02;1,25457E-02;1,37747E-02;1,51794E-02;1,57865E-02;1,73922E-02;1,84846E-02;1,86563E-02
674;1,27987E-02;3,07021E-02;4,86760E-02;6,59255E-02;8,37893E-02;1,01029E-01;1,16676E-01;1,34070E-01;1,49846E-01;1,65630E-01;1,81118E-01;1,95569E-01;2,16195E-01;2,30046E-01;2,45105E-01;2,58207E-01;2,68248E-01;2,89576E-01;3,03062E-01;3,16471E-01;7,30450E-03;1,86014E-02;3,14217E-02;4,47655E-02;5,89109E-02;7,38467E-02;8,94977E-02;1,07083E-01;1,23354E-01;1,42620E-01;1,58970E-01;1,82477E-01;2,04224E-01;2,24191E-01;2,42002E-01;2,67556E-01;2,89803E-01;3,12208E-01;3,38056E-01;3,66275E-01;2,27466E-04;8,86570E-04;1,69010E-03;2,61997E-03;3,59218E-03;4,70254E-03;5,53346E-03;6,49802E-03;7,95578E-03;8,51150E-03;1,02954E-02;1,12956E-02;1,21081E-02;1,35266E-02;1,45595E-02;1,55835E-02;1,72552E-02;1,89810E-02;1,96806E-02;2,13757E-02
675;1,22690E-02;3,04377E-02;4,65737E-02;6,43049E-02;8,16458E-02;9,78563E-02;1,12608E-01;1,28607E-01;1,45272E-01;1,60155E-01;1,75243E-01;1,90038E-01;2,06328E-01;2,23876E-01;2,34815E-01;2,53051E-01;2,69291E-01;2,81145E-01;2,96593E-01;3,08356E-01;5,96874E-03;1,53823E-02;2,54533E-02;3,67894E-02;4,86756E-02;6,09435E-02;7,43959E-02;8,86539E-02;1,01905E-01;1,17914E-01;1,35165E-01;1,50298E-01;1,67665E-01;1,85405E-01;2,04644E-01;2,20685E-01;2,43948E-01;2,65588E-01;2,84223E-01;3,06456E-01;2,38719E-04;9,55123E-04;1,85109E-03;2,86542E-03;3,97749E-03;4,97064E-03;6,12086E-03;7,19257E-03;8,41220E-03;9,32103E-03;1,06021E-02;1,21337E-02;1,30545E-02;1,49176E-02;1,58641E-02;1,66825E-02;1,87501E-02;2,02089E-02;2,08942E-02;2,26414E-02
676;1,19528E-02;2,94252E-02;4,57477E-02;6,24447E-02;7,97266E-02;9,48932E-02;1,10303E-01;1,25909E-01;1,40153E-01;1,56275E-01;1,72798E-01;1,85945E-01;2,00439E-01;2,16065E-01;2,32566E-01;2,44930E-01;2,61170E-01;2,72412E-01;2,81569E-01;3,04865E-01;4,87402E-03;1,28588E-02;2,12435E-02;3,03453E-02;4,05454E-02;5,05179E-02;6,20214E-02;7,41767E-02;8,54409E-02;9,92529E-02;1,11847E-01;1,25846E-01;1,38870E-01;1,57805E-01;1,70506E-01;1,86674E-01;2,04211E-01;2,22547E-01;2,37383E-01;2,56230E-01;2,86261E-04;1,09921E-03;2,04499E-03;3,16830E-03;4,30975E-03;5,53271E-03;6,90823E-03;7,79546E-03;8,90593E-03;1,02526E-02;1,16934E-02;1,29142E-02;1,45460E-02;1,65369E-02;1,71101E-02;1,82502E-02;2,07819E-02;2,17268E-02;2,33088E-02;2,52876E-02
677;1,15791E-02;2,80038E-02;4,46554E-02;6,15197E-02;7,69359E-02;9,18791E-02;1,07290E-01;1,21801E-01;1,36956E-01;1,51914E-01;1,66495E-01;1,80303E-01;1,95889E-01;2,10618E-01;2,25258E-01;2,34153E-01;2,56111E-01;2,64560E-01;2,78709E-01;2,93601E-01;4,11346E-03;1,07265E-02;1,78168E-02;2,53560E-02;3,31796E-02;4,24382E-02;5,21329E-02;6,20698E-02;7,13031E-02;8,27125E-02;9,37235E-02;1,06334E-01;1,16685E-01;1,31852E-01;1,43453E-01;1,58640E-01;1,71214E-01;1,84796E-01;2,02129E-01;2,15517E-01;3,02276E-04;1,16422E-03;2,30549E-03;3,46985E-03;4,55222E-03;5,70053E-03;7,16467E-03;8,34979E-03;9,88856E-03;1,11327E-02;1,25359E-02;1,39962E-02;1,56409E-02;1,70768E-02;1,87375E-02;2,00836E-02;2,26153E-02;2,38457E-02;2,60877E-02;2,72004E-02
678;1,11690E-02;2,72568E-02;4,29180E-02;6,00673E-02;7,45312E-02;8,87896E-02;1,04209E-01;1,17628E-01;1,32429E-01;1,50109E-01;1,63762E-01;1,73748E-01;1,90688E-01;2,01237E-01;2,20877E-01;2,37419E-01;2,49229E-01;2,57276E-01;2,70693E-01;2,85908E-01;3,44573E-03;8,77443E-03;1,45419E-02;2,15050E-02;2,83090E-02;3,67892E-02;4,29181E-02;5,18168E-02;6,06671E-02;6,95862E-02;7,93822E-02;8,84815E-02;9,84225E-02;1,08338E-01;1,20038E-01;1,30584E-01;1,46466E-01;1,58312E-01;1,66335E-01;1,83994E-01;3,24433E-04;1,35233E-03;2,48167E-03;3,62917E-03;5,06912E-03;6,34492E-03;7,90285E-03;9,12668E-03;1,07856E-02;1,23284E-02;1,39949E-02;1,56291E-02;1,72022E-02;1,87902E-02;2,02215E-02;2,20515E-02;2,37853E-02;2,54831E-02;2,73278E-02;2,89752E-02
679;1,08955E-02;2,68086E-02;4,20541E-02;5,70324E-02;7,18482E-02;8,47289E-02;1,01242E-01;1,14604E-01;1,30544E-01;1,42883E-01;1,56107E-01;1,71484E-01;1,83802E-01;1,99715E-01;2,10017E-01;2,26871E-01;2,40852E-01;2,47187E-01;2,59858E-01;2,72893E-01;2,80383E-03;7,22305E-03;1,23958E-02;1,77491E-02;2,41994E-02;3,00045E-02;3,73151E-02;4,40065E-02;5,08790E-02;5,95040E-02;6,57672E-02;7,45773E-02;8,22279E-02;9,24149E-02;1,03238E-01;1,11414E-01;1,20668E-01;1,34277E-01;1,43383E-01;1,55302E-01;3,64846E-04;1,45447E-03;2,81498E-03;4,10170E-03;5,51299E-03;7,03342E-03;8,63690E-03;1,02730E-02;1,16884E-02;1,34509E-02;1,50846E-02;1,66530E-02;1,86250E-02;2,02513E-02;2,22845E-02;2,39407E-02;2,67883E-02;2,71199E-02;2,95357E-02;3,15364E-02
680;1,05630E-02;2,54245E-02;4,05011E-02;5,63899E-02;7,09915E-02;8,35198E-02;9,79022E-02;1,13115E-01;1,24074E-01;1,38470E-01;1,51154E-01;1,64957E-01;1,75199E-01;1,91492E-01;2,02518E-01;2,18279E-01;2,27316E-01;2,40698E-01;2,53488E-01;2,65085E-01;2,39423E-03;6,11977E-03;1,05383E-02;1,51657E-02;2,02656E-02;2,53965E-02;3,16417E-02;3,67117E-02;4,36700E-02;4,92226E-02;5,73122E-02;6,38701E-02;7,00390E-02;7,89888E-02;8,84324E-02;9,46650E-02;1,05483E-01;1,14222E-01;1,23819E-01;1,32258E-01;3,84687E-04;1,58212E-03;3,04072E-03;4,49568E-03;5,85937E-03;7,78520E-03;9,38689E-03;1,08175E-02;1,26027E-02;1,46191E-02;1,65714E-02;1,87371E-02;2,04813E-02;2,19857E-02;2,45242E-02;2,60669E-02;2,83099E-02;3,02494E-02;3,27930E-02;3,49801E-02
681;1,03745E-02;2,51038E-02;3,97065E-02;5,44911E-02;6,86680E-02;8,19621E-02;9,37700E-02;1,07286E-01;1,20906E-01;1,35206E-01;1,48330E-01;1,60983E-01;1,73642E-01;1,88614E-01;1,97771E-01;2,10350E-01;2,20704E-01;2,33091E-01;2,43149E-01;2,58870E-01;2,01121E-03;5,08491E-03;8,79073E-03;1,25732E-02;1,70524E-02;2,13352E-02;2,57808E-02;3,12891E-02;3,64699E-02;4,18027E-02;4,81306E-02;5,36729E-02;6,01301E-02;6,69986E-02;7,42374E-02;8,12396E-02;8,89792E-02;9,67304E-02;1,04912E-01;1,12196E-01;4,35815E-04;1,69631E-03;3,17636E-03;4,96901E-03;6,45847E-03;8,40151E-03;9,93922E-03;1,19123E-02;1,34048E-02;1,57385E-02;1,77613E-02;1,99673E-02;2,19428E-02;2,43306E-02;2,63796E-02;2,84513E-02;3,11653E-02;3,31986E-02;3,58269E-02;3,71766E-02
682;1,01935E-02;2,41596E-02;3,83744E-02;5,22822E-02;6,57583E-02;8,07303E-02;9,36393E-02;1,04516E-01;1,18295E-01;1,32195E-01;1,45520E-01;1,55725E-01;1,68855E-01;1,83985E-01;1,94731E-01;2,05180E-01;2,20106E-01;2,29404E-01;2,33597E-01;2,56731E-01;1,59429E-03;4,21580E-03;7,32650E-03;1,07908E-02;1,42871E-02;1,82262E-02;2,19379E-02;2,66429E-02;3,16302E-02;3,55593E-02;4,09788E-02;4,50181E-02;5,17279E-02;5,72325E-02;6,35575E-02;7,00882E-02;7,60938E-02;8,20020E-02;8,81835E-02;9,55341E-02;4,89865E-04;1,83016E-03;3,51229E-03;5,48183E-03;7,22083E-03;9,06355E-03;1,06384E-02;1,32328E-02;1,50315E-02;1,72345E-02;1,93321E-02;2,17609E-02;2,46186E-02;2,66294E-02;2,85989E-02;3,05093E-02;3,33681E-02;3,63672E-02;3,82325E-02;4,09224E-02
683;9,72725E-03;2,37299E-02;3,70720E-02;5,08288E-02;6,32216E-02;7,60904E-02;8,80341E-02;1,02291E-01;1,13754E-01;1,26987E-01;1,40251E-01;1,49265E-01;1,62169E-01;1,75014E-01;1,84560E-01;1,97941E-01;2,12540E-01;2,28771E-01;2,32207E-01;2,47837E-01;1,34711E-03;3,67516E-03;6,19234E-03;8,92913E-03;1,19971E-02;1,53032E-02;1,86229E-02;2,28496E-02;2,64580E-02;2,99984E-02;3,50168E-02;3,83987E-02;4,30567E-02;4,81656E-02;5,54563E-02;5,87665E-02;6,24474E-02;6,83239E-02;7,58271E-02;8,14628E-02;5,63709E-04;1,95896E-03;3,82682E-03;5,62620E-03;7,77567E-03;9,86960E-03;1,22079E-02;1,44512E-02;1,64479E-02;1,86945E-02;2,13507E-02;2,30155E-02;2,57983E-02;2,89241E-02;3,13484E-02;3,33739E-02;3,66840E-02;3,91910E-02;4,15176E-02;4,45390E-02
684;9,40764E-03;2,31325E-02;3,64074E-02;4,96055E-02;6,19787E-02;7,55905E-02;8,56031E-02;9,91225E-02;1,09356E-01;1,23908E-01;1,33090E-01;1,44974E-01;1,57384E-01;1,68144E-01;1,82965E-01;1,92113E-01;2,05626E-01;2,17547E-01;2,28358E-01;2,30769E-01;1,14437E-03;3,06526E-03;5,24905E-03;7,76480E-03;1,03591E-02;1,31911E-02;1,60942E-02;1,87329E-02;2,21078E-02;2,50705E-02;2,98862E-02;3,29046E-02;3,74902E-02;4,12067E-02;4,45219E-02;5,09914E-02;5,53972E-02;6,11806E-02;6,43223E-02;6,83577E-02;5,84385E-04;2,17993E-03;4,23983E-03;6,18423E-03;8,52666E-03;1,07155E-02;1,31776E-02;1,54277E-02;1,79975E-02;2,02100E-02;2,28438E-02;2,56087E-02;2,86148E-02;3,08479E-02;3,36149E-02;3,69919E-02;3,96808E-02;4,15173E-02;4,50500E-02;4,77052E-02
685;9,15582E-03;2,20238E-02;3,50801E-02;4,76139E-02;6,07133E-02;7,28095E-02;8,42941E-02;9,61378E-02;1,08077E-01;1,19641E-01;1,28466E-01;1,39468E-01;1,52482E-01;1,64816E-01;1,74580E-01;1,87107E-01;1,96143E-01;2,06003E-01;2,22179E-01;2,29669E-01;1,05062E-03;2,58576E-03;4,68348E-03;6,60686E-03;8,81524E-03;1,07982E-02;1,33827E-02;1,64332E-02;1,95551E-02;2,20850E-02;2,54518E-02;2,89904E-02;3,17905E-02;3,54174E-02;3,89377E-02;4,29746E-02;4,83307E-02;5,25994E-02;5,60161E-02;6,06483E-02;5,95047E-04;2,38018E-03;4,60211E-03;6,82898E-03;9,31487E-03;1,19282E-02;1,42008E-02;1,69448E-02;1,95394E-02;2,24150E-02;2,49497E-02;2,77859E-02;3,06828E-02;3,28997E-02;3,70358E-02;3,99944E-02;4,26357E-02;4,57570E-02;4,85540E-02;5,13202E-02
686;9,08776E-03;2,12698E-02;3,38242E-02;4,58555E-02;5,88264E-02;7,01520E-02;8,11355E-02;9,28332E-02;1,03973E-01;1,14310E-01;1,29103E-01;1,37976E-01;1,48795E-01;1,59532E-01;1,74365E-01;1,82924E-01;1,94256E-01;2,03735E-01;2,13710E-01;2,22731E-01;8,97006E-04;2,33355E-03;3,91348E-03;5,81231E-03;7,56779E-03;9,78962E-03;1,17356E-02;1,41622E-02;1,66648E-02;1,84108E-02;2,15460E-02;2,46732E-02;2,67976E-02;3,06102E-02;3,44445E-02;3,65275E-02;4,12737E-02;4,43906E-02;4,84832E-02;5,15954E-02;6,55074E-04;2,63730E-03;4,92388E-03;7,59898E-03;9,98595E-03;1,27651E-02;1,54049E-02;1,84978E-02;2,10584E-02;2,42954E-02;2,68460E-02;3,07888E-02;3,27087E-02;3,69919E-02;3,94462E-02;4,31064E-02;4,52420E-02;4,95691E-02;5,25388E-02;5,55140E-02
687;8,61497E-03;2,08264E-02;3,27835E-02;4,49905E-02;5,56824E-02;6,93373E-02;7,96174E-02;9,06529E-02;1,01985E-01;1,11663E-01;1,22986E-01;1,35438E-01;1,44648E-01;1,55662E-01;1,66063E-01;1,74781E-01;1,85871E-01;1,94133E-01;2,06387E-01;2,11428E-01;7,01310E-04;1,87678E-03;3,23791E-03;4,95575E-03;6,36566E-03;8,11422E-03;9,93577E-03;1,23136E-02;1,45408E-02;1,60119E-02;1,87059E-02;2,03127E-02;2,38998E-02;2,64639E-02;2,73634E-02;3,16011E-02;3,43235E-02;3,83041E-02;4,32789E-02;4,42229E-02;7,31765E-04;2,82461E-03;5,33191E-03;8,05524E-03;1,08219E-02;1,37795E-02;1,66026E-02;1,96743E-02;2,23439E-02;2,60780E-02;2,97494E-02;3,21282E-02;3,59458E-02;3,90622E-02;4,34047E-02;4,60613E-02;4,99860E-02;5,32084E-02;5,82258E-02;6,02244E-02
688;8,43451E-03;2,01023E-02;3,19464E-02;4,41037E-02;5,47569E-02;6,59833E-02;7,71657E-02;8,73548E-02;9,74026E-02;1,08456E-01;1,21365E-01;1,29216E-01;1,40795E-01;1,51301E-01;1,63563E-01;1,69750E-01;1,75745E-01;1,91736E-01;2,02530E-01;2,08242E-01;6,92776E-04;1,65583E-03;2,69963E-03;4,35266E-03;5,64189E-03;6,64966E-03;8,45249E-03;1,01894E-02;1,18668E-02;1,37473E-02;1,65585E-02;1,82864E-02;2,00006E-02;2,28796E-02;2,51869E-02;2,77657E-02;2,92308E-02;3,26631E-02;3,54779E-02;3,82715E-02;8,38310E-04;3,14735E-03;5,66910E-03;8,92959E-03;1,17319E-02;1,50782E-02;1,80537E-02;2,05972E-02;2,47757E-02;2,79676E-02;3,16426E-02;3,49169E-02;3,91703E-02;4,27519E-02;4,63761E-02;5,00825E-02;5,31117E-02;5,83865E-02;6,14051E-02;6,55745E-02
689;8,17354E-03;1,92169E-02;3,05619E-02;4,19704E-02;5,46761E-02;6,41090E-02;7,50880E-02;8,49270E-02;9,68733E-02;1,07658E-01;1,16568E-01;1,26901E-01;1,36650E-01;1,44151E-01;1,55678E-01;1,65529E-01;1,77167E-01;1,87771E-01;1,91395E-01;2,05272E-01;5,16903E-04;1,38919E-03;2,46539E-03;3,66545E-03;4,50471E-03;6,07913E-03;7,69862E-03;8,80566E-03;1,06060E-02;1,25097E-02;1,39951E-02;1,64429E-02;1,76748E-02;2,02855E-02;2,20537E-02;2,46514E-02;2,64340E-02;2,75423E-02;3,05644E-02;3,37774E-02;8,67355E-04;3,35401E-03;6,36246E-03;9,46665E-03;1,28318E-02;1,58795E-02;1,95349E-02;2,28822E-02;2,66803E-02;3,02681E-02;3,45296E-02;3,83286E-02;4,23840E-02;4,60576E-02;4,98920E-02;5,44090E-02;5,75052E-02;6,32262E-02;6,61678E-02;7,02457E-02
690;8,01701E-03;1,85328E-02;2,95226E-02;4,05539E-02;5,25506E-02;6,22984E-02;7,33480E-02;8,24695E-02;9,40682E-02;1,03513E-01;1,13574E-01;1,22438E-01;1,33982E-01;1,39826E-01;1,50298E-01;1,62892E-01;1,72268E-01;1,79540E-01;1,91811E-01;1,97856E-01;4,86893E-04;1,35276E-03;2,05649E-03;3,19424E-03;3,97905E-03;5,20678E-03;6,70215E-03;8,31318E-03;9,33283E-03;1,11681E-02;1,23221E-02;1,38301E-02;1,60547E-02;1,70836E-02;1,80687E-02;2,03370E-02;2,29180E-02;2,48877E-02;2,80014E-02;2,94160E-02;9,44474E-04;3,65850E-03;6,84903E-03;1,02515E-02;1,40416E-02;1,75900E-02;2,11545E-02;2,52364E-02;2,86931E-02;3,28019E-02;3,68457E-02;4,13308E-02;4,52192E-02;4,94925E-02;5,35725E-02;5,88264E-02;6,21855E-02;6,78544E-02;7,15928E-02;7,57781E-02
691;7,60455E-03;1,81261E-02;2,92952E-02;3,89719E-02;5,01871E-02;5,92576E-02;7,00076E-02;7,82146E-02;8,86077E-02;9,78345E-02;1,09737E-01;1,17954E-01;1,29698E-01;1,36679E-01;1,45004E-01;1,50700E-01;1,66076E-01;1,76246E-01;1,80832E-01;1,89738E-01;4,55075E-04;1,15461E-03;1,90530E-03;2,85068E-03;3,70506E-03;4,76398E-03;5,97634E-03;7,08037E-03;8,23028E-03;9,59812E-03;1,07026E-02;1,23914E-02;1,35980E-02;1,52688E-02;1,70674E-02;1,69393E-02;2,06828E-02;2,15906E-02;2,40251E-02;2,66422E-02;1,01626E-03;3,98148E-03;7,33621E-03;1,12755E-02;1,50007E-02;1,89119E-02;2,28249E-02;2,75358E-02;3,09862E-02;3,59534E-02;3,97896E-02;4,45769E-02;4,85086E-02;5,34183E-02;5,79609E-02;6,24056E-02;6,82596E-02;7,19869E-02;7,75800E-02;8,15354E-02
692;7,53503E-03;1,76750E-02;2,92596E-02;3,83781E-02;4,87117E-02;5,80909E-02;6,62310E-02;7,68202E-02;8,47689E-02;9,86739E-02;1,05233E-01;1,15237E-01;1,25978E-01;1,30979E-01;1,42268E-01;1,53398E-01;1,56062E-01;1,67045E-01;1,78040E-01;1,85145E-01;3,87135E-04;1,01077E-03;1,77796E-03;2,45753E-03;3,53535E-03;4,21776E-03;5,16219E-03;6,24172E-03;7,03896E-03;7,89015E-03;8,67492E-03;1,06158E-02;1,18678E-02;1,44630E-02;1,42275E-02;1,67383E-02;1,78941E-02;1,89365E-02;2,08897E-02;2,22162E-02;1,06438E-03;4,19531E-03;8,14126E-03;1,21051E-02;1,61688E-02;2,01848E-02;2,45116E-02;2,94374E-02;3,37120E-02;3,89035E-02;4,28982E-02;4,76809E-02;5,27803E-02;5,69800E-02;6,19185E-02;6,75302E-02;7,34743E-02;7,78758E-02;8,16286E-02;8,72417E-02
693;7,19972E-03;1,75494E-02;2,67078E-02;3,70981E-02;4,62218E-02;5,51822E-02;6,59223E-02;7,60950E-02;8,46624E-02;9,31616E-02;1,02481E-01;1,11947E-01;1,17180E-01;1,27951E-01;1,36651E-01;1,52028E-01;1,54109E-01;1,62992E-01;1,74205E-01;1,74635E-01;3,73173E-04;9,08308E-04;1,61408E-03;2,21824E-03;2,91655E-03;3,70823E-03;4,64815E-03;5,14435E-03;6,67250E-03;7,46818E-03;8,34310E-03;8,98545E-03;1,06857E-02;1,15192E-02;1,30743E-02;1,37472E-02;1,54087E-02;1,68946E-02;1,94336E-02;1,96349E-02;1,18075E-03;4,67375E-03;8,68268E-03;1,31573E-02;1,74156E-02;2,16612E-02;2,67688E-02;3,17417E-02;3,61307E-02;4,08992E-02;4,68501E-02;5,13442E-02;5,72354E-02;6,17047E-02;6,67772E-02;7,31404E-02;7,74877E-02;8,23894E-02;8,85952E-02;9,30667E-02
694;7,03130E-03;1,66099E-02;2,66644E-02;3,54724E-02;4,49693E-02;5,42649E-02;6,36319E-02;7,28912E-02;8,04693E-02;9,13158E-02;9,93702E-02;1,08596E-01;1,16963E-01;1,23074E-01;1,34609E-01;1,44709E-01;1,54624E-01;1,61036E-01;1,70309E-01;1,74787E-01;2,58936E-04;7,75518E-04;1,28728E-03;1,99490E-03;2,60973E-03;2,91800E-03;4,16322E-03;4,93324E-03;5,45547E-03;6,38546E-03;7,15341E-03;8,50603E-03;9,09962E-03;1,03227E-02;1,11725E-02;1,18386E-02;1,39592E-02;1,41337E-02;1,61080E-02;1,76959E-02;1,29279E-03;5,04728E-03;9,42077E-03;1,40522E-02;1,87055E-02;2,38127E-02;2,88832E-02;3,38289E-02;3,91708E-02;4,46393E-02;5,03963E-02;5,58051E-02;6,12537E-02;6,71592E-02;7,25676E-02;7,74906E-02;8,38419E-02;8,94837E-02;9,46712E-02;1,01344E-01
695;6,58795E-03;1,60643E-02;2,60915E-02;3,53298E-02;4,40514E-02;5,32144E-02;6,26287E-02;7,00989E-02;7,92208E-02;8,66815E-02;9,68808E-02;1,03920E-01;1,13849E-01;1,21547E-01;1,30686E-01;1,36563E-01;1,46959E-01;1,54037E-01;1,61228E-01;1,67822E-01;2,02166E-04;7,16643E-04;1,26216E-03;1,85185E-03;2,36411E-03;2,73218E-03;3,93264E-03;4,49567E-03;4,40760E-03;5,75066E-03;6,59002E-03;7,38956E-03;8,56397E-03;9,72071E-03;1,03989E-02;1,11798E-02;1,22697E-02;1,28091E-02;1,38169E-02;1,63795E-02;1,40595E-03;5,33830E-03;1,01035E-02;1,53429E-02;2,02390E-02;2,59359E-02;3,10726E-02;3,65221E-02;4,25397E-02;4,80248E-02;5,42093E-02;5,91966E-02;6,61069E-02;7,13238E-02;7,74269E-02;8,37605E-02;8,98793E-02;9,53852E-02;1,00780E-01;1,08453E-01
696;6,48672E-03;1,55144E-02;2,53728E-02;3,39530E-02;4,30520E-02;5,10776E-02;5,92002E-02;6,81251E-02;7,80147E-02;8,24912E-02;9,25295E-02;1,03734E-01;1,08787E-01;1,16021E-01;1,26430E-01;1,32347E-01;1,36688E-01;1,43514E-01;1,55322E-01;1,63105E-01;2,87576E-04;7,14767E-04;1,04352E-03;1,61830E-03;2,13768E-03;2,80562E-03;3,06413E-03;3,66277E-03;4,37263E-03;5,11206E-03;5,87056E-03;6,77645E-03;7,60555E-03;8,41277E-03;8,94974E-03;9,63371E-03;1,12229E-02;1,22101E-02;1,42685E-02;1,45725E-02;1,53766E-03;5,83880E-03;1,10551E-02;1,66051E-02;2,19739E-02;2,73469E-02;3,30021E-02;4,01203E-02;4,59979E-02;5,11517E-02;5,77827E-02;6,41487E-02;7,07210E-02;7,57655E-02;8,19702E-02;8,93335E-02;9,71186E-02;1,02089E-01;1,09119E-01;1,16491E-01
697;6,31690E-03;1,52922E-02;2,40601E-02;3,24113E-02;4,13491E-02;4,98003E-02;5,78044E-02;6,65270E-02;7,52432E-02;8,41429E-02;9,11557E-02;9,66037E-02;1,06041E-01;1,12436E-01;1,19276E-01;1,27168E-01;1,36011E-01;1,41998E-01;1,48106E-01;1,58582E-01;2,44894E-04;5,00188E-04;1,00697E-03;1,39678E-03;1,92692E-03;2,18703E-03;2,32490E-03;3,71018E-03;4,05754E-03;4,03803E-03;5,35080E-03;5,53135E-03;6,90243E-03;7,41520E-03;8,50175E-03;9,11877E-03;1,02195E-02;1,05478E-02;1,14178E-02;1,10849E-02;1,59720E-03;6,36951E-03;1,19996E-02;1,77192E-02;2,38606E-02;3,00630E-02;3,58178E-02;4,18510E-02;4,87523E-02;5,58588E-02;6,16024E-02;6,85273E-02;7,53684E-02;8,17705E-02;8,85446E-02;9,58032E-02;1,02894E-01;1,09832E-01;1,16469E-01;1,22779E-01
698;6,19449E-03;1,47955E-02;2,32201E-02;3,18640E-02;4,05624E-02;4,85261E-02;5,64552E-02;6,40424E-02;7,15018E-02;8,05954E-02;8,64240E-02;9,44287E-02;1,03567E-01;1,09821E-01;1,17109E-01;1,27828E-01;1,30321E-01;1,41041E-01;1,51200E-01;1,54443E-01;1,88100E-04;5,13124E-04;9,34442E-04;1,30630E-03;1,71206E-03;2,01415E-03;2,40660E-03;3,33318E-03;3,60029E-03;3,81500E-03;4,73518E-03;5,87433E-03;5,80411E-03;6,50670E-03;7,00951E-03;7,79978E-03;8,90781E-03;9,72306E-03;1,02701E-02;1,06568E-02;1,78326E-03;6,87649E-03;1,27515E-02;1,93014E-02;2,55089E-02;3,20941E-02;3,85213E-02;4,53495E-02;5,21860E-02;5,92407E-02;6,66266E-02;7,38985E-02;8,08367E-02;8,85637E-02;9,50490E-02;1,02974E-01;1,11315E-01;1,16941E-01;1,24222E-01;1,31772E-01
699;5,97719E-03;1,44579E-02;2,26248E-02;3,09564E-02;3,90332E-02;4,66304E-02;5,43708E-02;6,24921E-02;6,93361E-02;7,79806E-02;8,23285E-02;9,31868E-02;9,75559E-02;1,07563E-01;1,13928E-01;1,21019E-01;1,24980E-01;1,36031E-01;1,42342E-01;1,46666E-01;1,63454E-04;4,63268E-04;6,97907E-04;1,22350E-03;1,40705E-03;1,88066E-03;2,38370E-03;2,61985E-03;3,15093E-03;3,65146E-03;3,94213E-03;5,21370E-03;5,35006E-03;5,40384E-03;6,41325E-03;7,07712E-03;7,78103E-03;8,59324E-03;9,18450E-03;9,69744E-03;1,92818E-03;7,50980E-03;1,37192E-02;2,07928E-02;2,78765E-02;3,47853E-02;4,18011E-02;4,88746E-02;5,60600E-02;6,39849E-02;7,16885E-02;7,91535E-02;8,59459E-02;9,43491E-02;1,01051E-01;1,08793E-01;1,17689E-01;1,25490E-01;1,32581E-01;1,41300E-01
700;5,83461E-03;1,41759E-02;2,18896E-02;2,94542E-02;3,83473E-02;4,53793E-02;5,32052E-02;6,18483E-02;6,91037E-02;7,40916E-02;8,08652E-02;9,04757E-02;9,56017E-02;1,03337E-01;1,10096E-01;1,18141E-01;1,24365E-01;1,30000E-01;1,33935E-01;1,42388E-01;1,40485E-04;3,92535E-04;6,49685E-04;1,14712E-03;1,41766E-03;1,44539E-03;2,31423E-03;2,31548E-03;2,75554E-03;3,55985E-03;3,59143E-03;4,41018E-03;4,84255E-03;4,75121E-03;5,72154E-03;6,01092E-03;7,15491E-03;7,20274E-03;8,26955E-03;8,72247E-03;2,08762E-03;7,94402E-03;1,47993E-02;2,23289E-02;3,00892E-02;3,76154E-02;4,51250E-02;5,26062E-02;6,02651E-02;6,84853E-02;7,66908E-02;8,45017E-02;9,26186E-02;1,01809E-01;1,08146E-01;1,17031E-01;1,24844E-01;1,33056E-01;1,42540E-01;1,47950E-01
701;5,45366E-03;1,33512E-02;2,10005E-02;2,88023E-02;3,57399E-02;4,39455E-02;5,13684E-02;5,82198E-02;6,58641E-02;7,21933E-02;7,88778E-02;8,74047E-02;9,38190E-02;9,79272E-02;1,05802E-01;1,13878E-01;1,19610E-01;1,28978E-01;1,37755E-01;1,40678E-01;1,17864E-04;3,08558E-04;7,35015E-04;1,05731E-03;1,25658E-03;1,47838E-03;1,63856E-03;2,40039E-03;2,18287E-03;3,15574E-03;3,94677E-03;3,98305E-03;4,37284E-03;4,97500E-03;5,83873E-03;6,30107E-03;6,51041E-03;6,72436E-03;7,14308E-03;8,25997E-03;2,26028E-03;8,55702E-03;1,58633E-02;2,38952E-02;3,16911E-02;3,98809E-02;4,78497E-02;5,58940E-02;6,47409E-02;7,42891E-02;8,12185E-02;9,07351E-02;9,97931E-02;1,07484E-01;1,16151E-01;1,26117E-01;1,32957E-01;1,42709E-01;1,51173E-01;1,58252E-01
702;5,43741E-03;1,30095E-02;1,98181E-02;2,85986E-02;3,54176E-02;4,12390E-02;4,93490E-02;5,70018E-02;6,31519E-02;7,00510E-02;7,64183E-02;8,35404E-02;8,98384E-02;9,83387E-02;1,03353E-01;1,11951E-01;1,13540E-01;1,19743E-01;1,26952E-01;1,35949E-01;1,59421E-04;2,69598E-04;5,37634E-04;7,72541E-04;1,08887E-03;1,58593E-03;1,47288E-03;1,93253E-03;2,45790E-03;2,47164E-03;2,64711E-03;3,91915E-03;3,96173E-03;4,18607E-03;4,95039E-03;5,99690E-03;5,53278E-03;7,17580E-03;5,79609E-03;6,74098E-03;2,41515E-03;9,26541E-03;1,73559E-02;2,59312E-02;3,38141E-02;4,28723E-02;5,20849E-02;6,03659E-02;6,92702E-02;7,88531E-02;8,74796E-02;9,64887E-02;1,05438E-01;1,15256E-01;1,24343E-01;1,33890E-01;1,41504E-01;1,50719E-01;1,58916E-01;1,68218E-01
703;5,25523E-03;1,26798E-02;2,01556E-02;2,71732E-02;3,34539E-02;4,01215E-02;4,74146E-02;5,35157E-02;6,12049E-02;6,73575E-02;7,44862E-02;8,13928E-02;8,91817E-02;9,48193E-02;1,01463E-01;1,04774E-01;1,08256E-01;1,13947E-01;1,26133E-01;1,31170E-01;1,20743E-04;2,99439E-04;4,51485E-04;8,51723E-04;9,69744E-04;1,25623E-03;1,72586E-03;1,69006E-03;1,79682E-03;2,44419E-03;2,71144E-03;3,11599E-03;3,85971E-03;4,23104E-03;3,97035E-03;5,04411E-03;4,97234E-03;5,56921E-03;5,66675E-03;7,20380E-03;2,62349E-03;9,94922E-03;1,87140E-02;2,76577E-02;3,63979E-02;4,59718E-02;5,56567E-02;6,47985E-02;7,37503E-02;8,41158E-02;9,34770E-02;1,04167E-01;1,12109E-01;1,22769E-01;1,32203E-01;1,42038E-01;1,52358E-01;1,60384E-01;1,70986E-01;1,79534E-01
704;4,94092E-03;1,22304E-02;1,96798E-02;2,57731E-02;3,27887E-02;3,90566E-02;4,56470E-02;5,28920E-02;5,88921E-02;6,51932E-02;7,16983E-02;7,86350E-02;8,63359E-02;9,22961E-02;9,76335E-02;1,06159E-01;1,10513E-01;1,09976E-01;1,24037E-01;1,27290E-01;6,28217E-05;3,03997E-04;3,79360E-04;6,12299E-04;8,75328E-04;9,44847E-04;1,67041E-03;1,82648E-03;1,81836E-03;2,44012E-03;3,03026E-03;3,11563E-03;3,20295E-03;3,68440E-03;3,97241E-03;4,41290E-03;4,64863E-03;4,89360E-03;5,17518E-03;6,73366E-03;2,83451E-03;1,07476E-02;2,00779E-02;2,94364E-02;3,91690E-02;4,88854E-02;5,96100E-02;6,93825E-02;7,92216E-02;8,96849E-02;1,01152E-01;1,10011E-01;1,19746E-01;1,32254E-01;1,41182E-01;1,50898E-01;1,60758E-01;1,71010E-01;1,81730E-01;1,90825E-01
705;4,78643E-03;1,18238E-02;1,86815E-02;2,49400E-02;3,17163E-02;3,76413E-02;4,41578E-02;5,16577E-02;5,78650E-02;6,35442E-02;7,01757E-02;7,56759E-02;8,15858E-02;8,62896E-02;9,32368E-02;9,96220E-02;1,08132E-01;1,09097E-01;1,19200E-01;1,19429E-01;1,12472E-04;1,96896E-04;6,22165E-04;6,99982E-04;8,46623E-04;1,12580E-03;1,29786E-03;1,64496E-03;1,78991E-03;1,95215E-03;2,43951E-03;2,79683E-03;2,77130E-03;3,09529E-03;4,34956E-03;3,78986E-03;4,73291E-03;4,04181E-03;5,07686E-03;5,75808E-03;3,04347E-03;1,15154E-02;2,13509E-02;3,13427E-02;4,24012E-02;5,29959E-02;6,38383E-02;7,42334E-02;8,59700E-02;9,65418E-02;1,07100E-01;1,16234E-01;1,28120E-01;1,39889E-01;1,49188E-01;1,59512E-01;1,71244E-01;1,82224E-01;1,92587E-01;2,02204E-01
706;4,81673E-03;1,15421E-02;1,83785E-02;2,45251E-02;3,14871E-02;3,67665E-02;4,22305E-02;4,90273E-02;5,43261E-02;6,02339E-02;6,67389E-02;7,24767E-02;8,03610E-02;8,40361E-02;9,13309E-02;9,77918E-02;1,01316E-01;1,05663E-01;1,12592E-01;1,17693E-01;7,01924E-05;2,56672E-04;4,99569E-04;7,00494E-04;7,09265E-04;1,08024E-03;8,64319E-04;1,34054E-03;1,45391E-03;1,83475E-03;2,24794E-03;2,65820E-03;2,36052E-03;2,62091E-03;3,49615E-03;3,51264E-03;3,79816E-03;4,43691E-03;3,80010E-03;5,41762E-03;3,22678E-03;1,23504E-02;2,29331E-02;3,43747E-02;4,54345E-02;5,58878E-02;6,78015E-02;7,88928E-02;9,11346E-02;1,02275E-01;1,14356E-01;1,25957E-01;1,36569E-01;1,49433E-01;1,61097E-01;1,70684E-01;1,82335E-01;1,91250E-01;2,04489E-01;2,14437E-01
707;4,56597E-03;1,12651E-02;1,72456E-02;2,28789E-02;3,06450E-02;3,56634E-02;4,16094E-02;4,82521E-02;5,42586E-02;5,98451E-02;6,46781E-02;7,15601E-02;7,67078E-02;8,15611E-02;8,83837E-02;9,42427E-02;9,95308E-02;1,02741E-01;1,08159E-01;1,15284E-01;8,39733E-05;1,58293E-04;4,58247E-04;6,42273E-04;6,48412E-04;9,66408E-04;1,20730E-03;1,42770E-03;1,43230E-03;1,96365E-03;1,81449E-03;2,43790E-03;2,11063E-03;2,90195E-03;2,31032E-03;3,36071E-03;4,01806E-03;4,80010E-03;4,36816E-03;3,81777E-03;3,52876E-03;1,32861E-02;2,46300E-02;3,67790E-02;4,81559E-02;5,98776E-02;7,24420E-02;8,41944E-02;9,65879E-02;1,08710E-01;1,21539E-01;1,33211E-01;1,43780E-01;1,57766E-01;1,68934E-01;1,78791E-01;1,93087E-01;2,03964E-01;2,16693E-01;2,26238E-01
708;4,42877E-03;1,07758E-02;1,67975E-02;2,30265E-02;2,91082E-02;3,40970E-02;4,14863E-02;4,61019E-02;5,32928E-02;5,82193E-02;6,26069E-02;6,86387E-02;7,55134E-02;7,94718E-02;8,43892E-02;9,13450E-02;9,40747E-02;1,00699E-01;1,02841E-01;1,13363E-01;7,54718E-05;1,66372E-04;3,00212E-04;5,79382E-04;7,22029E-04;9,04066E-04;8,90056E-04;1,25102E-03;1,12715E-03;1,35817E-03;1,70160E-03;2,55130E-03;2,11648E-03;2,46079E-03;2,34788E-03;2,67090E-03;3,34892E-03;4,36645E-03;3,64394E-03;4,56888E-03;3,76034E-03;1,42221E-02;2,64696E-02;3,92687E-02;5,18349E-02;6,42945E-02;7,69759E-02;9,02190E-02;1,03124E-01;1,15508E-01;1,28718E-01;1,41046E-01;1,53406E-01;1,67142E-01;1,79213E-01;1,91944E-01;2,04460E-01;2,15654E-01;2,27601E-01;2,38571E-01
709;4,25764E-03;1,00852E-02;1,58282E-02;2,24612E-02;2,81800E-02;3,36570E-02;4,06729E-02;4,44544E-02;5,18022E-02;5,61912E-02;6,11666E-02;6,65275E-02;7,32742E-02;7,69643E-02;8,41983E-02;8,54717E-02;9,14656E-02;9,91914E-02;1,01169E-01;1,06978E-01;6,95306E-05;1,79907E-04;3,94343E-04;3,52681E-04;5,57967E-04;5,94590E-04;1,01813E-03;1,06600E-03;1,17679E-03;1,37425E-03;1,98345E-03;2,21041E-03;1,84464E-03;2,78398E-03;2,79578E-03;2,58878E-03;2,97593E-03;3,14948E-03;3,20869E-03;3,98139E-03;4,04113E-03;1,51492E-02;2,82032E-02;4,12763E-02;5,54630E-02;6,88803E-02;8,23745E-02;9,62604E-02;1,09123E-01;1,23456E-01;1,36579E-01;1,49417E-01;1,63845E-01;1,75898E-01;1,90254E-01;2,03860E-01;2,15517E-01;2,29163E-01;2,39977E-01;2,51861E-01
710;4,29198E-03;1,01437E-02;1,57646E-02;2,19801E-02;2,73574E-02;3,21311E-02;3,74854E-02;4,39650E-02;4,96422E-02;5,43737E-02;6,02182E-02;6,57225E-02;7,00900E-02;7,72711E-02;7,96053E-02;8,57863E-02;8,81938E-02;9,35285E-02;1,00200E-01;1,05388E-01;1,46154E-05;1,76706E-04;4,06954E-04;5,03857E-04;5,76118E-04;6,89475E-04;8,26384E-04;1,11390E-03;9,85129E-04;1,57786E-03;1,47807E-03;1,72938E-03;2,04111E-03;1,83513E-03;2,33223E-03;1,84174E-03;2,51137E-03;2,86051E-03;3,41285E-03;3,50334E-03;4,33402E-03;1,61446E-02;2,99635E-02;4,44692E-02;5,87772E-02;7,27205E-02;8,84421E-02;1,01698E-01;1,15907E-01;1,31758E-01;1,43539E-01;1,60025E-01;1,72688E-01;1,87923E-01;1,99231E-01;2,14114E-01;2,28268E-01;2,40905E-01;2,54288E-01;2,66757E-01
711;4,08966E-03;9,53559E-03;1,50011E-02;2,04277E-02;2,68320E-02;3,18777E-02;3,68712E-02;4,19513E-02;4,64944E-02;5,26299E-02;5,80527E-02;6,37429E-02;6,79394E-02;7,08559E-02;7,86757E-02;8,37198E-02;8,68951E-02;9,12752E-02;9,54647E-02;1,05097E-01;1,98985E-05;1,88685E-04;3,40335E-04;5,38904E-04;4,24774E-04;3,98062E-04;9,46457E-04;1,21530E-03;1,38894E-03;1,10713E-03;1,44736E-03;1,35379E-03;2,09846E-03;2,31272E-03;2,25394E-03;1,91644E-03;2,98257E-03;2,88445E-03;2,50665E-03;3,45188E-03;4,56446E-03;1,73247E-02;3,21096E-02;4,73035E-02;6,20895E-02;7,74511E-02;9,23302E-02;1,08404E-01;1,22365E-01;1,38970E-01;1,52579E-01;1,66767E-01;1,82444E-01;1,96392E-01;2,12973E-01;2,26868E-01;2,39960E-01;2,52247E-01;2,67541E-01;2,81399E-01
712;4,05230E-03;9,24057E-03;1,46203E-02;2,05339E-02;2,59853E-02;3,04742E-02;3,54543E-02;3,96293E-02;4,63888E-02;5,02087E-02;5,60504E-02;6,16866E-02;6,58005E-02;6,85112E-02;7,44239E-02;8,02483E-02;8,17877E-02;8,70564E-02;9,51486E-02;9,91951E-02;6,34627E-05;1,54104E-04;3,24510E-04;3,35505E-04;6,88286E-04;4,86084E-04;8,72965E-04;9,06817E-04;9,42010E-04;1,18584E-03;1,24192E-03;1,71581E-03;1,60540E-03;2,03647E-03;2,32844E-03;2,27812E-03;1,62318E-03;2,78936E-03;2,58128E-03;2,97441E-03;4,89573E-03;1,83805E-02;3,38997E-02;5,00522E-02;6,58390E-02;8,17366E-02;9,77378E-02;1,13323E-01;1,29323E-01;1,45566E-01;1,60642E-01;1,76024E-01;1,92657E-01;2,06956E-01;2,23425E-01;2,37666E-01;2,51794E-01;2,66027E-01;2,81577E-01;2,93822E-01
713;3,87743E-03;8,77846E-03;1,40789E-02;1,98832E-02;2,48495E-02;3,02914E-02;3,33279E-02;3,98433E-02;4,54819E-02;4,87932E-02;5,29062E-02;5,74187E-02;6,49580E-02;6,98857E-02;7,38684E-02;7,90246E-02;8,01840E-02;8,27883E-02;9,14697E-02;9,38289E-02;6,25144E-05;1,66108E-04;2,93413E-04;3,50587E-04;5,23032E-04;5,31544E-04;8,45773E-04;5,70211E-04;1,16062E-03;1,36208E-03;1,49502E-03;1,46517E-03;1,48575E-03;1,96000E-03;1,55944E-03;2,57834E-03;2,11231E-03;2,62405E-03;2,31797E-03;3,19628E-03;5,13701E-03;1,95166E-02;3,58923E-02;5,30493E-02;7,00017E-02;8,63658E-02;1,03507E-01;1,19776E-01;1,36379E-01;1,53835E-01;1,69845E-01;1,86883E-01;2,02068E-01;2,17424E-01;2,34079E-01;2,48358E-01;2,63422E-01;2,79242E-01;2,94601E-01;3,08222E-01
714;3,70224E-03;8,70792E-03;1,35159E-02;1,87746E-02;2,36725E-02;2,94909E-02;3,34930E-02;3,90064E-02;4,24186E-02;4,80746E-02;5,18632E-02;5,65203E-02;6,32853E-02;6,47936E-02;7,03137E-02;7,47375E-02;8,04363E-02;8,18067E-02;8,62579E-02;8,99541E-02;1,14295E-05;1,22278E-04;1,76766E-04;5,71015E-04;3,50659E-04;6,34956E-04;9,15707E-04;7,98147E-04;1,04369E-03;8,75594E-04;9,64768E-04;1,36640E-03;1,19594E-03;1,30033E-03;1,83049E-03;2,87173E-03;2,38886E-03;2,15652E-03;2,98235E-03;2,85418E-03;5,43902E-03;2,08665E-02;3,81592E-02;5,63267E-02;7,32915E-02;9,16196E-02;1,08769E-01;1,26165E-01;1,43702E-01;1,59753E-01;1,77910E-01;1,95359E-01;2,11684E-01;2,26711E-01;2,44217E-01;2,60315E-01;2,75748E-01;2,90104E-01;3,06053E-01;3,25097E-01
715;3,59949E-03;8,35076E-03;1,35516E-02;1,86191E-02;2,27888E-02;2,73027E-02;3,23081E-02;3,73504E-02;4,23808E-02;4,48463E-02;5,04170E-02;5,43495E-02;5,85982E-02;6,38854E-02;6,72888E-02;7,11070E-02;7,63547E-02;8,13706E-02;8,94587E-02;8,80986E-02;4,52159E-05;1,41434E-04;1,64937E-04;6,47757E-05;3,79605E-04;3,62000E-04;5,61253E-04;1,10483E-03;1,24206E-03;1,06662E-03;1,18529E-03;1,17424E-03;1,59143E-03;1,81957E-03;2,25471E-03;2,09337E-03;2,44800E-03;1,31661E-03;2,27453E-03;2,61920E-03;5,73954E-03;2,17418E-02;4,03544E-02;5,85310E-02;7,63853E-02;9,59097E-02;1,14859E-01;1,31286E-01;1,49008E-01;1,67542E-01;1,87562E-01;2,03946E-01;2,20301E-01;2,39674E-01;2,55359E-01;2,70437E-01;2,88503E-01;3,05046E-01;3,18571E-01;3,34484E-01
716;3,39792E-03;8,35991E-03;1,29543E-02;1,79606E-02;2,20407E-02;2,70466E-02;2,96041E-02;3,58731E-02;3,96109E-02;4,48388E-02;4,88235E-02;5,30695E-02;5,59983E-02;6,04561E-02;6,46299E-02;6,86169E-02;7,40469E-02;7,79612E-02;8,03185E-02;8,54021E-02;7,79458E-05;1,43532E-04;3,27684E-04;4,00379E-04;3,70813E-04;6,64119E-04;4,60817E-04;7,92561E-04;9,11118E-04;8,58324E-04;1,20728E-03;1,02102E-03;1,14416E-03;1,01969E-03;1,38150E-03;2,21512E-03;2,00204E-03;2,57909E-03;2,35917E-03;2,19966E-03;6,03093E-03;2,29745E-02;4,22264E-02;6,17247E-02;8,09560E-02;1,00505E-01;1,19389E-01;1,37903E-01;1,57009E-01;1,75715E-01;1,93766E-01;2,13334E-01;2,31104E-01;2,47718E-01;2,67358E-01;2,83981E-01;3,02287E-01;3,15789E-01;3,32499E-01;3,48782E-01
717;3,32535E-03;7,95326E-03;1,22029E-02;1,71537E-02;2,13801E-02;2,52651E-02;3,05056E-02;3,48965E-02;3,98918E-02;4,31937E-02;4,76652E-02;5,08872E-02;5,38037E-02;5,92193E-02;6,34629E-02;6,63503E-02;7,33790E-02;7,28939E-02;8,15245E-02;8,34239E-02;7,11728E-05;1,15176E-04;2,24741E-04;1,92578E-04;4,56675E-04;5,72833E-04;5,37645E-04;8,05846E-04;5,72458E-04;1,34720E-03;1,22640E-03;8,79690E-04;1,38581E-03;7,10226E-04;1,19730E-03;1,30386E-03;2,12520E-03;2,31435E-03;2,40190E-03;1,76353E-03;6,29292E-03;2,38851E-02;4,39706E-02;6,45069E-02;8,47759E-02;1,04663E-01;1,24089E-01;1,43909E-01;1,63396E-01;1,84426E-01;2,00889E-01;2,20480E-01;2,40392E-01;2,56237E-01;2,75908E-01;2,93617E-01;3,11344E-01;3,26881E-01;3,45830E-01;3,59782E-01
718;3,26852E-03;7,56549E-03;1,20150E-02;1,68201E-02;2,11505E-02;2,50349E-02;3,06076E-02;3,40418E-02;3,86748E-02;4,20052E-02;4,57180E-02;4,87837E-02;5,24046E-02;5,53828E-02;6,30198E-02;6,45349E-02;7,06602E-02;7,04465E-02;7,73411E-02;7,84844E-02;7,31095E-05;9,19969E-05;5,09815E-05;3,37996E-04;6,35053E-04;5,26785E-04;4,47013E-04;5,91289E-04;6,98176E-04;1,14202E-03;7,85403E-04;1,09801E-03;1,39658E-03;1,09680E-03;1,54860E-03;1,33216E-03;2,23535E-03;1,70571E-03;2,20244E-03;2,29398E-03;6,64207E-03;2,52193E-02;4,59847E-02;6,69255E-02;8,80320E-02;1,08669E-01;1,28792E-01;1,48820E-01;1,69935E-01;1,89092E-01;2,08898E-01;2,29084E-01;2,46892E-01;2,66943E-01;2,82840E-01;3,02945E-01;3,20303E-01;3,38554E-01;3,56804E-01;3,71069E-01
719;3,10375E-03;7,40370E-03;1,18499E-02;1,67852E-02;1,98835E-02;2,38795E-02;2,82598E-02;3,29330E-02;3,50083E-02;3,93806E-02;4,52363E-02;4,80168E-02;5,20588E-02;5,37422E-02;5,86136E-02;6,30102E-02;6,62062E-02;7,26536E-02;7,36341E-02;7,96264E-02;7,16853E-05;1,40812E-04;2,46839E-04;2,80919E-04;2,76954E-04;1,45952E-04;5,09323E-04;5,77586E-04;9,49440E-04;4,21324E-04;6,72327E-04;1,42075E-03;6,36819E-04;7,54269E-04;1,88745E-03;1,02458E-03;1,31709E-03;8,02889E-04;1,67939E-03;1,55296E-03;6,86844E-03;2,63339E-02;4,78800E-02;7,01088E-02;9,14078E-02;1,12701E-01;1,33377E-01;1,55155E-01;1,76432E-01;1,95836E-01;2,17531E-01;2,35747E-01;2,56027E-01;2,73917E-01;2,92120E-01;3,10986E-01;3,28638E-01;3,46726E-01;3,66621E-01;3,83855E-01
720;2,99099E-03;7,12925E-03;1,10073E-02;1,59851E-02;1,92511E-02;2,40056E-02;2,70817E-02;3,10030E-02;3,55016E-02;3,97667E-02;4,22820E-02;4,65859E-02;4,84125E-02;5,37251E-02;5,66021E-02;6,11371E-02;6,69080E-02;6,89198E-02;7,10826E-02;7,79397E-02;2,55976E-05;1,37724E-04;2,44657E-04;2,04105E-04;3,26378E-04;1,87356E-04;1,75360E-04;6,72326E-04;6,52756E-04;8,06542E-04;8,52394E-04;1,14781E-03;1,02592E-03;1,64287E-03;1,24144E-03;1,43151E-03;1,58664E-03;2,05054E-03;1,71903E-03;2,58367E-03;7,33084E-03;2,76131E-02;5,00612E-02;7,33369E-02;9,58356E-02;1,17928E-01;1,38568E-01;1,60463E-01;1,81226E-01;2,03401E-01;2,22963E-01;2,44478E-01;2,61771E-01;2,83786E-01;3,01954E-01;3,21734E-01;3,40563E-01;3,57426E-01;3,74026E-01;3,94093E-01
721;2,94617E-03;6,77335E-03;1,07550E-02;1,50045E-02;1,89146E-02;2,25406E-02;2,74949E-02;3,01241E-02;3,32201E-02;3,84608E-02;4,26296E-02;4,62990E-02;4,74258E-02;5,13387E-02;5,67188E-02;5,95909E-02;6,34913E-02;6,47884E-02;6,98191E-02;7,37085E-02;1,92103E-05;4,75377E-05;2,08179E-04;2,98003E-04;2,12763E-04;3,37976E-04;2,28237E-04;5,01334E-04;3,23649E-04;9,20709E-04;6,97091E-04;1,11106E-03;9,10373E-04;1,21430E-03;1,05509E-03;1,03514E-03;1,58145E-03;1,82737E-03;1,97391E-03;2,01697E-03;7,68412E-03;2,87139E-02;5,22324E-02;7,57747E-02;9,91917E-02;1,22112E-01;1,44027E-01;1,65835E-01;1,87174E-01;2,08891E-01;2,29563E-01;2,51039E-01;2,71442E-01;2,91049E-01;3,11934E-01;3,29555E-01;3,47672E-01;3,67341E-01;3,86035E-01;4,00967E-01
722;2,85466E-03;6,50551E-03;1,05483E-02;1,44323E-02;1,81242E-02;2,24038E-02;2,65519E-02;2,89837E-02;3,27742E-02;3,74568E-02;4,06942E-02;4,56090E-02;4,66665E-02;5,10311E-02;5,25748E-02;5,65370E-02;5,80488E-02;6,37240E-02;6,55292E-02;7,12720E-02;0,00000E+00;1,01525E-04;1,59870E-04;2,87291E-04;3,38846E-04;2,85154E-04;3,64621E-04;5,12621E-04;4,37846E-04;8,44055E-04;7,90505E-04;8,17013E-04;1,13340E-03;8,91089E-04;1,11779E-03;7,08297E-04;1,27488E-03;1,76363E-03;1,60442E-03;1,38600E-03;8,04084E-03;2,98716E-02;5,43824E-02;7,88686E-02;1,02336E-01;1,26340E-01;1,48773E-01;1,71189E-01;1,93479E-01;2,15395E-01;2,36963E-01;2,57646E-01;2,76978E-01;2,96949E-01;3,17311E-01;3,39998E-01;3,56278E-01;3,75701E-01;3,95204E-01;4,11855E-01
723;2,60383E-03;6,37427E-03;1,02995E-02;1,47128E-02;1,65814E-02;2,04212E-02;2,40416E-02;2,86209E-02;3,22252E-02;3,45753E-02;3,79205E-02;4,19148E-02;4,40779E-02;4,70409E-02;4,99546E-02;5,69608E-02;5,96154E-02;6,26569E-02;6,53460E-02;6,78320E-02;7,60884E-05;6,99676E-05;2,45217E-04;3,46027E-04;2,63178E-04;5,63484E-04;2,04275E-04;5,36604E-04;6,87482E-04;9,07176E-04;7,72777E-04;8,32599E-04;7,62508E-04;1,35248E-03;1,37571E-03;8,49109E-04;1,26999E-03;1,75267E-03;1,02430E-03;1,54753E-03;8,41876E-03;3,10669E-02;5,66585E-02;8,11799E-02;1,06761E-01;1,30116E-01;1,54442E-01;1,76566E-01;1,98624E-01;2,20772E-01;2,43891E-01;2,61975E-01;2,86245E-01;3,07066E-01;3,26520E-01;3,45548E-01;3,63133E-01;3,81919E-01;3,99785E-01;4,18695E-01
724;2,67807E-03;6,25419E-03;1,04387E-02;1,37565E-02;1,71464E-02;2,06843E-02;2,43010E-02;2,77845E-02;3,04547E-02;3,36425E-02;3,63984E-02;3,97156E-02;4,38531E-02;4,75729E-02;4,92758E-02;5,51908E-02;5,59309E-02;6,20714E-02;6,75140E-02;6,69497E-02;4,05115E-05;4,92095E-05;2,04655E-04;2,58453E-04;3,64884E-04;2,27820E-04;4,77319E-04;3,06751E-04;3,92791E-04;5,73599E-04;5,89278E-04;6,25453E-04;1,43453E-03;1,09060E-03;1,29709E-03;1,11412E-03;1,17346E-03;1,36666E-03;9,42689E-04;1,97190E-03;8,78723E-03;3,27334E-02;5,90428E-02;8,60438E-02;1,10012E-01;1,34025E-01;1,58687E-01;1,81053E-01;2,02819E-01;2,25779E-01;2,48110E-01;2,68447E-01;2,92557E-01;3,10734E-01;3,30967E-01;3,51177E-01;3,70054E-01;3,87473E-01;4,10544E-01;4,23847E-01
725;2,43153E-03;5,93432E-03;9,59134E-03;1,29609E-02;1,67353E-02;1,96550E-02;2,36669E-02;2,61042E-02;3,03998E-02;3,22247E-02;3,63721E-02;3,93575E-02;4,26554E-02;4,61882E-02;4,66515E-02;5,12939E-02;5,33825E-02;5,77732E-02;6,21082E-02;6,43213E-02;6,35135E-05;8,39471E-05;1,83663E-04;1,95766E-04;1,20797E-04;3,57983E-04;2,78821E-04;7,20086E-04;2,40639E-04;7,33660E-04;7,74279E-04;7,71511E-04;5,94811E-04;1,10144E-03;8,54658E-04;6,81142E-04;6,20267E-04;8,13499E-04;1,43271E-03;1,63795E-03;9,21638E-03;3,40347E-02;6,14864E-02;8,92074E-02;1,14241E-01;1,39026E-01;1,63925E-01;1,87387E-01;2,09413E-01;2,33268E-01;2,55029E-01;2,74995E-01;2,95845E-01;3,16860E-01;3,38879E-01;3,57501E-01;3,77231E-01;3,96824E-01;4,12800E-01;4,30540E-01
726;2,52814E-03;5,82624E-03;9,57026E-03;1,30144E-02;1,66945E-02;1,90708E-02;2,26891E-02;2,51588E-02;3,01223E-02;3,21780E-02;3,51798E-02;3,76755E-02;4,15789E-02;4,56131E-02;4,55584E-02;5,06663E-02;5,43384E-02;5,73154E-02;5,84213E-02;6,00412E-02;1,24099E-06;8,15215E-05;2,14198E-04;2,71667E-04;2,62175E-04;1,33524E-04;4,51393E-04;6,00707E-04;5,99851E-04;9,09290E-04;9,24187E-04;9,36485E-04;7,33287E-04;6,85436E-04;9,76495E-04;8,48393E-04;9,39950E-04;1,50102E-03;9,71692E-04;1,22082E-03;9,68472E-03;3,58553E-02;6,38964E-02;9,15484E-02;1,18183E-01;1,42837E-01;1,68104E-01;1,91466E-01;2,15265E-01;2,39793E-01;2,60667E-01;2,81827E-01;3,02555E-01;3,23366E-01;3,44807E-01;3,63499E-01;3,81953E-01;4,01845E-01;4,19924E-01;4,36658E-01
727;2,38410E-03;5,73089E-03;9,07463E-03;1,24126E-02;1,56319E-02;1,86039E-02;2,27131E-02;2,51860E-02;2,90124E-02;2,97431E-02;3,32878E-02;3,64656E-02;3,84777E-02;4,33695E-02;4,50352E-02;4,88312E-02;5,16686E-02;5,37391E-02;5,66556E-02;5,97623E-02;2,80180E-05;1,02159E-04;2,03108E-04;3,38659E-04;1,55981E-04;1,76173E-04;4,55171E-04;4,35755E-04;1,58892E-04;7,45299E-04;6,58885E-04;6,72593E-04;4,94842E-04;1,01421E-03;2,25529E-04;1,60257E-03;1,47095E-03;1,34758E-03;1,06382E-03;1,86862E-03;1,00580E-02;3,74802E-02;6,60600E-02;9,50428E-02;1,22316E-01;1,47677E-01;1,71879E-01;1,96687E-01;2,20204E-01;2,43400E-01;2,66113E-01;2,87139E-01;3,09382E-01;3,27705E-01;3,50617E-01;3,67144E-01;3,88614E-01;4,06867E-01;4,26713E-01;4,40071E-01
728;2,32348E-03;5,36039E-03;8,77057E-03;1,12295E-02;1,45236E-02;1,74457E-02;2,12989E-02;2,28693E-02;2,67509E-02;2,99889E-02;3,21503E-02;3,61699E-02;3,90934E-02;4,11980E-02;4,16833E-02;4,80634E-02;5,00891E-02;5,35179E-02;5,79409E-02;5,74372E-02;6,55448E-06;1,86096E-04;6,67669E-05;6,39072E-05;2,76212E-04;4,71419E-05;3,14221E-04;4,84102E-04;2,06102E-04;2,09479E-04;5,50052E-04;4,98948E-04;2,66640E-04;1,02302E-03;1,20157E-03;1,31860E-03;1,32934E-03;2,07675E-03;1,42612E-03;1,79749E-03;1,06049E-02;3,89000E-02;6,88105E-02;9,80124E-02;1,24964E-01;1,50795E-01;1,75847E-01;2,00715E-01;2,25074E-01;2,46983E-01;2,69775E-01;2,92128E-01;3,12151E-01;3,33790E-01;3,53792E-01;3,71860E-01;3,95141E-01;4,11645E-01;4,25197E-01;4,45690E-01
729;2,21746E-03;5,40021E-03;8,30856E-03;1,09439E-02;1,45358E-02;1,72214E-02;2,04725E-02;2,32346E-02;2,56964E-02;2,94530E-02;3,14050E-02;3,51450E-02;3,71648E-02;3,99454E-02;4,22676E-02;4,32945E-02;5,02813E-02;4,87727E-02;5,26291E-02;5,55357E-02;2,09428E-05;3,51566E-05;2,03585E-04;1,64429E-04;3,05479E-04;1,19202E-04;5,92663E-04;5,04736E-04;7,56235E-04;3,71580E-04;3,73375E-04;8,64962E-04;5,49004E-04;5,75995E-04;4,55220E-04;5,13237E-04;7,77171E-04;3,54381E-04;7,83276E-04;1,34882E-03;1,10015E-02;4,05887E-02;7,11967E-02;1,00788E-01;1,28297E-01;1,56001E-01;1,82074E-01;2,06391E-01;2,30001E-01;2,52526E-01;2,74842E-01;2,97854E-01;3,18173E-01;3,39297E-01;3,56954E-01;3,76823E-01;3,98065E-01;4,15074E-01;4,32830E-01;4,49014E-01
730;2,10832E-03;5,16550E-03;8,27175E-03;1,10339E-02;1,40599E-02;1,71261E-02;1,99012E-02;2,26954E-02;2,53407E-02;2,78925E-02;3,19538E-02;3,29943E-02;3,66565E-02;3,82814E-02;4,13322E-02;4,34277E-02;4,56654E-02;4,66743E-02;4,97776E-02;5,18266E-02;2,48049E-05;9,05171E-05;1,84444E-04;1,96761E-04;1,90203E-04;3,25047E-04;3,11249E-04;4,37190E-04;6,67035E-04;5,97070E-04;5,63817E-04;1,07558E-03;3,75860E-04;3,74827E-04;6,30795E-04;8,17660E-04;1,22878E-03;6,85813E-04;1,03732E-03;2,27321E-03;1,14486E-02;4,18888E-02;7,36572E-02;1,03708E-01;1,31700E-01;1,59934E-01;1,84870E-01;2,09264E-01;2,32234E-01;2,56315E-01;2,78424E-01;2,99556E-01;3,19882E-01;3,41267E-01;3,62084E-01;3,79491E-01;3,99737E-01;4,18728E-01;4,33566E-01;4,53505E-01
731;2,12223E-03;4,84617E-03;8,13857E-03;1,10817E-02;1,36892E-02;1,61652E-02;1,97961E-02;2,18394E-02;2,37933E-02;2,62732E-02;3,00095E-02;3,07830E-02;3,57699E-02;3,73415E-02;4,07360E-02;4,09388E-02;4,29190E-02;4,69067E-02;5,13088E-02;5,11601E-02;1,39338E-05;4,17406E-05;1,88413E-04;2,06581E-04;9,83992E-05;1,70150E-04;1,18247E-04;3,35465E-04;3,25602E-04;5,87930E-04;3,62616E-04;6,66339E-04;1,62107E-04;4,35228E-04;1,09711E-03;6,18790E-04;1,08831E-03;2,92942E-04;1,34307E-03;1,26132E-03;1,18342E-02;4,32819E-02;7,52745E-02;1,05990E-01;1,33651E-01;1,61277E-01;1,86792E-01;2,12012E-01;2,35535E-01;2,58531E-01;2,80437E-01;3,02223E-01;3,22240E-01;3,43680E-01;3,63205E-01;3,83007E-01;4,00424E-01;4,21171E-01;4,36403E-01;4,52994E-01
732;1,97134E-03;4,71408E-03;7,20003E-03;9,95331E-03;1,31714E-02;1,57877E-02;1,88628E-02;2,15124E-02;2,45269E-02;2,60137E-02;2,89059E-02;3,17079E-02;3,31676E-02;3,50195E-02;3,91626E-02;4,24179E-02;3,99913E-02;4,92181E-02;4,87135E-02;5,21027E-02;9,43891E-07;2,05598E-05;8,79089E-05;2,32391E-04;2,46284E-04;2,06224E-04;3,94418E-04;8,83057E-06;5,38781E-04;3,79852E-04;5,02349E-04;5,57174E-04;5,42614E-04;7,40153E-04;5,52357E-04;7,19838E-04;9,38969E-04;5,27509E-04;1,13392E-03;1,09560E-03;1,22462E-02;4,36802E-02;7,67704E-02;1,07186E-01;1,36116E-01;1,64791E-01;1,88959E-01;2,14474E-01;2,38301E-01;2,60500E-01;2,83864E-01;3,03410E-01;3,29609E-01;3,45609E-01;3,66071E-01;3,84034E-01;4,03012E-01;4,21828E-01;4,40492E-01;4,56763E-01
733;1,97619E-03;4,65812E-03;7,10735E-03;1,00185E-02;1,22467E-02;1,50669E-02;1,72099E-02;2,05564E-02;2,32619E-02;2,54440E-02;2,71882E-02;2,98751E-02;3,40096E-02;3,46800E-02;3,56824E-02;3,92777E-02;4,29703E-02;4,66268E-02;4,59659E-02;5,15328E-02;1,69933E-05;8,83271E-07;1,92622E-04;1,92797E-04;3,81927E-04;4,46768E-04;8,35459E-05;2,55819E-04;5,90145E-04;3,75384E-04;7,16525E-04;1,41970E-04;7,51760E-04;1,06070E-03;9,65281E-04;6,73343E-04;9,33829E-04;1,69428E-03;1,11603E-03;8,12641E-04;1,22973E-02;4,42692E-02;7,69485E-02;1,08438E-01;1,37239E-01;1,64591E-01;1,90045E-01;2,15237E-01;2,39147E-01;2,61982E-01;2,84037E-01;3,04543E-01;3,26048E-01;3,45696E-01;3,66852E-01;3,86005E-01;4,02786E-01;4,20902E-01;4,37992E-01;4,57029E-01
734;1,83229E-03;4,53260E-03;6,87081E-03;9,43010E-03;1,18612E-02;1,45340E-02;1,73280E-02;2,07710E-02;2,20883E-02;2,41032E-02;2,65778E-02;2,91065E-02;3,25709E-02;3,29845E-02;3,56753E-02;3,77562E-02;4,25665E-02;4,17364E-02;4,71454E-02;4,73943E-02;3,92749E-05;2,92109E-06;1,49372E-04;8,46712E-05;3,11466E-04;3,98658E-04;3,93485E-04;4,57185E-04;5,54622E-04;2,34130E-04;7,74903E-04;5,05468E-04;2,57085E-04;3,61434E-04;7,74811E-04;2,50324E-04;1,82926E-04;9,72279E-04;4,69019E-04;1,23544E-03;1,22938E-02;4,39879E-02;7,68160E-02;1,08116E-01;1,37215E-01;1,64052E-01;1,89049E-01;2,14374E-01;2,37150E-01;2,61471E-01;2,82536E-01;3,01789E-01;3,24767E-01;3,44702E-01;3,64345E-01;3,81971E-01;4,01970E-01;4,21113E-01;4,35282E-01;4,52615E-01
735;1,80225E-03;4,56941E-03;7,16708E-03;9,16752E-03;1,17784E-02;1,36800E-02;1,62673E-02;1,92255E-02;2,13530E-02;2,35863E-02;2,55689E-02;2,81032E-02;3,18233E-02;3,20816E-02;3,48328E-02;3,71281E-02;3,92386E-02;4,21842E-02;4,71366E-02;4,57266E-02;1,79674E-05;1,26158E-05;7,38676E-05;6,53008E-05;1,06031E-04;2,55300E-04;1,04722E-04;2,51410E-04;4,14066E-04;2,97406E-05;5,82817E-04;3,51316E-04;2,64095E-04;8,74226E-05;6,83587E-04;7,61697E-04;7,10553E-04;1,30776E-03;8,95992E-04;1,28241E-03;1,20683E-02;4,35666E-02;7,59501E-02;1,07039E-01;1,35856E-01;1,61220E-01;1,86886E-01;2,12141E-01;2,35632E-01;2,59133E-01;2,78785E-01;2,98980E-01;3,21913E-01;3,41205E-01;3,59913E-01;3,79154E-01;3,98790E-01;4,14645E-01;4,32499E-01;4,48274E-01
736;1,80249E-03;4,32996E-03;6,66869E-03;9,11111E-03;1,14231E-02;1,31694E-02;1,61209E-02;1,87591E-02;2,21735E-02;2,40430E-02;2,47212E-02;2,62062E-02;3,03950E-02;3,12865E-02;3,20580E-02;3,45251E-02;3,80664E-02;4,08524E-02;4,34857E-02;4,49728E-02;1,10807E-04;5,42359E-05;6,19004E-06;4,14197E-04;1,72228E-04;1,52717E-04;0,00000E+00;6,61071E-04;4,10430E-04;5,33097E-04;1,95426E-04;5,27936E-04;4,09433E-04;5,07148E-04;4,61346E-04;1,29924E-03;1,14502E-03;8,64843E-04;1,55029E-03;1,88499E-04;1,16597E-02;4,28381E-02;7,44244E-02;1,04039E-01;1,32710E-01;1,57655E-01;1,83975E-01;2,08908E-01;2,30638E-01;2,53731E-01;2,75415E-01;2,95110E-01;3,15845E-01;3,35955E-01;3,53773E-01;3,73677E-01;3,91388E-01;4,08007E-01;4,24273E-01;4,43113E-01
737;1,77285E-03;4,15730E-03;6,51551E-03;9,13337E-03;1,02858E-02;1,37387E-02;1,58643E-02;1,82997E-02;1,93117E-02;2,21317E-02;2,48422E-02;2,62685E-02;2,99172E-02;2,98467E-02;3,34999E-02;3,72793E-02;3,78538E-02;3,69507E-02;3,92667E-02;4,19107E-02;1,47464E-05;6,98892E-05;1,46417E-04;2,52621E-04;9,21446E-05;3,45403E-04;5,18999E-04;4,35706E-04;9,49034E-05;2,99365E-04;4,80319E-04;5,55722E-04;1,06347E-03;5,18132E-04;7,57706E-04;5,74120E-04;9,76313E-05;5,07005E-04;5,87696E-04;1,29153E-03;1,10685E-02;4,05328E-02;7,13998E-02;1,00493E-01;1,27559E-01;1,52902E-01;1,77852E-01;2,02844E-01;2,25678E-01;2,47585E-01;2,69170E-01;2,89454E-01;3,07263E-01;3,25871E-01;3,46599E-01;3,64712E-01;3,84060E-01;4,00309E-01;4,17799E-01;4,32557E-01
738;1,68082E-03;3,76555E-03;6,71357E-03;8,45065E-03;1,08703E-02;1,32899E-02;1,49794E-02;1,70380E-02;1,93331E-02;2,18327E-02;2,36031E-02;2,50296E-02;2,87651E-02;2,94578E-02;3,30550E-02;3,45459E-02;3,36970E-02;3,99676E-02;4,02453E-02;3,95208E-02;5,81273E-05;9,07627E-05;5,02293E-05;3,46509E-04;1,73234E-04;1,38857E-04;2,37831E-04;3,60966E-04;4,29351E-04;5,78396E-04;4,11506E-04;7,83297E-04;7,42983E-04;4,19115E-04;1,01464E-03;4,55667E-04;1,03216E-03;1,25853E-03;8,05344E-04;1,38997E-03;1,03497E-02;3,79757E-02;6,71658E-02;9,53169E-02;1,21700E-01;1,46590E-01;1,71702E-01;1,93874E-01;2,17657E-01;2,37705E-01;2,58326E-01;2,80148E-01;2,97945E-01;3,17044E-01;3,35217E-01;3,55772E-01;3,73089E-01;3,88579E-01;4,07991E-01;4,21740E-01
739;1,68403E-03;3,82385E-03;6,05115E-03;8,45432E-03;9,87206E-03;1,25320E-02;1,47067E-02;1,74461E-02;1,90581E-02;2,18906E-02;2,26787E-02;2,45572E-02;2,66222E-02;2,99339E-02;3,10221E-02;3,18747E-02;3,26368E-02;3,84046E-02;3,57667E-02;3,83479E-02;1,27413E-05;5,23024E-05;1,12199E-04;2,11063E-04;1,35249E-04;1,56276E-04;1,57971E-04;4,95963E-04;5,20201E-04;3,58145E-04;5,24569E-04;5,74120E-04;5,24526E-04;1,31627E-04;1,07420E-03;1,56648E-04;9,20344E-04;7,67607E-04;1,23001E-03;2,18965E-03;9,47612E-03;3,50549E-02;6,25238E-02;8,92944E-02;1,14768E-01;1,38920E-01;1,61659E-01;1,83760E-01;2,06279E-01;2,27377E-01;2,48223E-01;2,67536E-01;2,87355E-01;3,05704E-01;3,24527E-01;3,43391E-01;3,58338E-01;3,76363E-01;3,93175E-01;4,09482E-01
740;1,67200E-03;3,72198E-03;5,53133E-03;8,12455E-03;1,02229E-02;1,17732E-02;1,45739E-02;1,63937E-02;1,82383E-02;2,00985E-02;2,16951E-02;2,37214E-02;2,68186E-02;2,81714E-02;2,98766E-02;3,03779E-02;3,22186E-02;3,43786E-02;3,79567E-02;3,72515E-02;0,00000E+00;1,52152E-05;6,57684E-05;5,91149E-05;2,70368E-04;2,03067E-05;2,55159E-04;4,19625E-04;4,08937E-04;9,31484E-05;3,09608E-04;8,60343E-04;9,81083E-05;3,71664E-04;3,92026E-04;7,08001E-04;5,38556E-04;7,35890E-04;8,55134E-04;8,37492E-04;8,52491E-03;3,20522E-02;5,75451E-02;8,22927E-02;1,06500E-01;1,28989E-01;1,52088E-01;1,73295E-01;1,94296E-01;2,14826E-01;2,36474E-01;2,54182E-01;2,73152E-01;2,91971E-01;3,09421E-01;3,27591E-01;3,45909E-01;3,61999E-01;3,78219E-01;3,93303E-01
741;1,45458E-03;3,45621E-03;5,89124E-03;7,62069E-03;9,97989E-03;1,14024E-02;1,40737E-02;1,65188E-02;1,81709E-02;1,95551E-02;2,21732E-02;2,25941E-02;2,64115E-02;2,61508E-02;2,86466E-02;2,93465E-02;3,07688E-02;3,48406E-02;3,70639E-02;3,91303E-02;2,20755E-05;6,38550E-06;1,04559E-05;1,06594E-06;1,20016E-04;4,58079E-06;0,00000E+00;1,84546E-04;4,53773E-04;1,73383E-06;5,23627E-04;8,37567E-04;2,89469E-04;1,35040E-03;8,15152E-04;5,31840E-05;8,38609E-04;6,24178E-06;7,52569E-04;4,44820E-04;7,59019E-03;2,87216E-02;5,24110E-02;7,53237E-02;9,78988E-02;1,19388E-01;1,40085E-01;1,59638E-01;1,80056E-01;2,01134E-01;2,19355E-01;2,39841E-01;2,57680E-01;2,75248E-01;2,92093E-01;3,08912E-01;3,27767E-01;3,42909E-01;3,60321E-01;3,76620E-01
742;1,50585E-03;3,60804E-03;5,66368E-03;7,48999E-03;1,01149E-02;1,17587E-02;1,29595E-02;1,58924E-02;1,69695E-02;1,86527E-02;2,08325E-02;2,25580E-02;2,45130E-02;2,71104E-02;2,85602E-02;3,18869E-02;3,24930E-02;3,51792E-02;3,67228E-02;3,61204E-02;2,26623E-05;1,09004E-04;1,88826E-04;5,56002E-05;1,55969E-04;2,38937E-04;0,00000E+00;9,75181E-05;4,32206E-04;1,31537E-04;2,76574E-04;4,75408E-04;1,60594E-04;3,45779E-05;5,62036E-04;9,70305E-04;8,73660E-04;3,84289E-04;4,10993E-04;1,30931E-03;6,63481E-03;2,54904E-02;4,68501E-02;6,79740E-02;8,85644E-02;1,08805E-01;1,28431E-01;1,47917E-01;1,67406E-01;1,85073E-01;2,03640E-01;2,22575E-01;2,37987E-01;2,57568E-01;2,73963E-01;2,92251E-01;3,08981E-01;3,23084E-01;3,42178E-01;3,56111E-01
743;1,36929E-03;3,51112E-03;5,28097E-03;7,04519E-03;9,05602E-03;1,16873E-02;1,31254E-02;1,47272E-02;1,59963E-02;1,79788E-02;2,10453E-02;2,25202E-02;2,41629E-02;2,47614E-02;2,80178E-02;2,70517E-02;3,19392E-02;3,12755E-02;3,42303E-02;3,52632E-02;6,32778E-05;1,26278E-04;9,95068E-05;7,04644E-05;1,08975E-04;5,29926E-05;0,00000E+00;1,75846E-04;3,11971E-04;2,83227E-04;5,06720E-04;4,79490E-04;6,74518E-04;2,59982E-04;4,33369E-04;4,79829E-04;3,43712E-04;6,53489E-04;8,83803E-04;1,02295E-03;5,68192E-03;2,21915E-02;4,12996E-02;6,06068E-02;7,90785E-02;9,84151E-02;1,17009E-01;1,34873E-01;1,53043E-01;1,70190E-01;1,88066E-01;2,04863E-01;2,20820E-01;2,39058E-01;2,54518E-01;2,70526E-01;2,88091E-01;3,02739E-01;3,17843E-01;3,33074E-01
744;1,39046E-03;3,09790E-03;5,46600E-03;6,98064E-03;9,03148E-03;1,00374E-02;1,23186E-02;1,48789E-02;1,60850E-02;1,67743E-02;2,04266E-02;2,03024E-02;2,31472E-02;2,30404E-02;2,71606E-02;2,88724E-02;2,92339E-02;2,86493E-02;3,35981E-02;3,18428E-02;3,35040E-05;4,45000E-05;2,24163E-05;2,00886E-04;5,39076E-05;3,27221E-05;0,00000E+00;2,97102E-05;3,20934E-04;1,88577E-04;2,77175E-04;2,18644E-04;3,66634E-04;8,68398E-04;5,76347E-04;1,40991E-04;8,39331E-04;7,35129E-04;4,43703E-04;1,67915E-03;4,85668E-03;1,92885E-02;3,59530E-02;5,35934E-02;7,02005E-02;8,77213E-02;1,04130E-01;1,21104E-01;1,38349E-01;1,54003E-01;1,69968E-01;1,87245E-01;2,02449E-01;2,18839E-01;2,34085E-01;2,49597E-01;2,67770E-01;2,81123E-01;2,93841E-01;3,10430E-01
745;1,43114E-03;3,02621E-03;5,13627E-03;6,90657E-03;8,26399E-03;1,04810E-02;1,19309E-02;1,47445E-02;1,48867E-02;1,58213E-02;1,89443E-02;2,06201E-02;2,36107E-02;2,27009E-02;2,50943E-02;2,60178E-02;2,87867E-02;3,28415E-02;3,25867E-02;3,30152E-02;9,41983E-06;1,26967E-06;1,96580E-06;2,42985E-04;1,38392E-04;2,99751E-04;1,22560E-04;3,58143E-04;2,00985E-04;3,91736E-04;1,51773E-04;2,97842E-04;1,69491E-04;1,99737E-04;6,30375E-04;1,62339E-04;5,84961E-04;3,53594E-04;1,03732E-03;7,49092E-04;4,14189E-03;1,63254E-02;3,12165E-02;4,71921E-02;6,14784E-02;7,72588E-02;9,19117E-02;1,07840E-01;1,22895E-01;1,38736E-01;1,54081E-01;1,68464E-01;1,84811E-01;1,99384E-01;2,14149E-01;2,29667E-01;2,44415E-01;2,55908E-01;2,70761E-01;2,87404E-01
746;1,45316E-03;3,25509E-03;4,63354E-03;6,78887E-03;8,24475E-03;1,04418E-02;1,21132E-02;1,32863E-02;1,46714E-02;1,69664E-02;1,75339E-02;1,89776E-02;2,17430E-02;2,31685E-02;2,57041E-02;2,62178E-02;2,79061E-02;2,67143E-02;3,07518E-02;3,06019E-02;2,77592E-05;0,00000E+00;3,65562E-05;2,71583E-05;2,46675E-04;1,50183E-04;6,68078E-05;5,06112E-04;3,84662E-04;3,42993E-04;2,59272E-04;3,02709E-04;5,19230E-04;6,96663E-04;6,29804E-04;5,55294E-04;8,12981E-04;6,40022E-04;1,47550E-04;6,46512E-04;3,47411E-03;1,39310E-02;2,70001E-02;4,09409E-02;5,44501E-02;6,76281E-02;8,16474E-02;9,50736E-02;1,09164E-01;1,24099E-01;1,38571E-01;1,51799E-01;1,66121E-01;1,80224E-01;1,93298E-01;2,08779E-01;2,20752E-01;2,35391E-01;2,49271E-01;2,62966E-01
747;1,31995E-03;2,94053E-03;4,71849E-03;6,68033E-03;7,88277E-03;9,88880E-03;1,08872E-02;1,32388E-02;1,38850E-02;1,60196E-02;1,75161E-02;1,98761E-02;2,09595E-02;2,25468E-02;2,48369E-02;2,65990E-02;2,64435E-02;2,80553E-02;3,05734E-02;3,05940E-02;6,57388E-05;4,15677E-06;1,74571E-04;1,43558E-04;1,26844E-04;2,51463E-04;3,87924E-04;1,44692E-04;2,87713E-04;2,54779E-04;2,17505E-04;6,84506E-04;3,61344E-04;5,61069E-04;5,69550E-04;5,56660E-04;5,15023E-05;6,83399E-04;6,54183E-04;1,46079E-04;2,93651E-03;1,18517E-02;2,28872E-02;3,47063E-02;4,69687E-02;5,86020E-02;7,12344E-02;8,34595E-02;9,65764E-02;1,08726E-01;1,23068E-01;1,34648E-01;1,47647E-01;1,61351E-01;1,73747E-01;1,87283E-01;2,00160E-01;2,13377E-01;2,25834E-01;2,42006E-01
748;1,30535E-03;3,10147E-03;4,57703E-03;6,22787E-03;7,48057E-03;9,36328E-03;1,09684E-02;1,26308E-02;1,42883E-02;1,59271E-02;1,68989E-02;1,95323E-02;2,03707E-02;2,18584E-02;2,47113E-02;2,73790E-02;2,75863E-02;2,70527E-02;2,96346E-02;2,91196E-02;6,69736E-06;5,00080E-05;4,13654E-05;1,52761E-04;3,59903E-05;2,43264E-04;1,86863E-04;3,43433E-04;3,89657E-04;3,27272E-04;4,35959E-04;7,38844E-04;7,47723E-04;8,27872E-04;2,82563E-04;4,02933E-04;5,92346E-04;5,31938E-04;2,51932E-04;6,22236E-05;2,44571E-03;1,00086E-02;1,96149E-02;2,98224E-02;4,05572E-02;5,11245E-02;6,19318E-02;7,33705E-02;8,44026E-02;9,63027E-02;1,07998E-01;1,20025E-01;1,31835E-01;1,42627E-01;1,54321E-01;1,67744E-01;1,78700E-01;1,93300E-01;2,03575E-01;2,17474E-01
749;1,12524E-03;2,93915E-03;4,60096E-03;5,94604E-03;7,37377E-03;9,47559E-03;1,00180E-02;1,23734E-02;1,41232E-02;1,59074E-02;1,72301E-02;1,78981E-02;2,00914E-02;2,16776E-02;2,27858E-02;2,45090E-02;2,47166E-02;2,96511E-02;2,68940E-02;3,05230E-02;3,17607E-05;4,60134E-05;2,80237E-05;7,00644E-05;0,00000E+00;2,58206E-04;1,02003E-05;3,51797E-04;3,04082E-04;2,11839E-04;2,74502E-04;9,18028E-05;1,06681E-03;1,48192E-04;2,47753E-04;5,31752E-04;4,14810E-04;5,94882E-05;2,13344E-04;2,26564E-04;2,05889E-03;8,50059E-03;1,65475E-02;2,54635E-02;3,43810E-02;4,33219E-02;5,41790E-02;6,38962E-02;7,36032E-02;8,43034E-02;9,35527E-02;1,04743E-01;1,16349E-01;1,27456E-01;1,38028E-01;1,47873E-01;1,61215E-01;1,71625E-01;1,82009E-01;1,92659E-01
750;1,09402E-03;2,64221E-03;4,28955E-03;5,79450E-03;7,60730E-03;8,77565E-03;9,78864E-03;1,17942E-02;1,34760E-02;1,47148E-02;1,76558E-02;1,66828E-02;1,83536E-02;2,04664E-02;2,19553E-02;2,34082E-02;2,50205E-02;2,73322E-02;2,75859E-02;2,71777E-02;6,34724E-06;6,62435E-05;1,85548E-04;2,40301E-04;1,46181E-05;9,96749E-05;1,54923E-04;4,24155E-06;2,67707E-04;2,64507E-04;5,09405E-04;1,16895E-04;2,63550E-04;4,08499E-04;4,51176E-04;2,52747E-04;7,32299E-05;1,19904E-03;9,74538E-06;1,38726E-04;1,75566E-03;7,24954E-03;1,40552E-02;2,15569E-02;2,97242E-02;3,83613E-02;4,60537E-02;5,40223E-02;6,39507E-02;7,39216E-02;8,24336E-02;9,07277E-02;1,01711E-01;1,11639E-01;1,21318E-01;1,30921E-01;1,41612E-01;1,51227E-01;1,60536E-01;1,70651E-01
751;1,07157E-03;2,65722E-03;4,38996E-03;5,67632E-03;7,12625E-03;8,59569E-03;1,01858E-02;1,19614E-02;1,34721E-02;1,42657E-02;1,57633E-02;1,58247E-02;1,81760E-02;2,01512E-02;1,97222E-02;2,08097E-02;2,36054E-02;2,50769E-02;2,78800E-02;2,67763E-02;4,64187E-05;0,00000E+00;2,45151E-05;1,27643E-04;1,36940E-04;1,09608E-04;8,90644E-05;1,36622E-04;0,00000E+00;4,14791E-04;1,26090E-04;9,96159E-04;3,41349E-04;3,52915E-04;4,36098E-04;6,99002E-04;3,92099E-04;2,66234E-04;3,46882E-04;1,48707E-04;1,45934E-03;6,12487E-03;1,21422E-02;1,86996E-02;2,52300E-02;3,25119E-02;4,05184E-02;4,69045E-02;5,55759E-02;6,31257E-02;7,15141E-02;7,91595E-02;8,83256E-02;9,69186E-02;1,05781E-01;1,14067E-01;1,24455E-01;1,33291E-01;1,42525E-01;1,53466E-01
752;1,04341E-03;2,43436E-03;4,16614E-03;5,44777E-03;6,94864E-03;8,85391E-03;9,55107E-03;1,15013E-02;1,27834E-02;1,43133E-02;1,52724E-02;1,59726E-02;1,79500E-02;1,90815E-02;2,05450E-02;2,14037E-02;2,52820E-02;2,57497E-02;2,55827E-02;2,58946E-02;4,05060E-06;2,99151E-05;3,85121E-05;1,07780E-04;2,60542E-04;4,31317E-05;2,37282E-04;2,52605E-04;1,83357E-04;3,85702E-04;3,84162E-04;2,61095E-04;3,08630E-04;6,27232E-04;6,41497E-04;3,52328E-04;5,06257E-04;4,51340E-04;7,93172E-04;8,29380E-04;1,23572E-03;5,14671E-03;1,03223E-02;1,59540E-02;2,18900E-02;2,76023E-02;3,45862E-02;4,05483E-02;4,79752E-02;5,51492E-02;6,25448E-02;6,91461E-02;7,73654E-02;8,49832E-02;9,19184E-02;9,98881E-02;1,09390E-01;1,17027E-01;1,25823E-01;1,35437E-01
753;1,00939E-03;2,40626E-03;3,55552E-03;4,77736E-03;6,63449E-03;8,48398E-03;9,00394E-03;1,07276E-02;1,18379E-02;1,27198E-02;1,43807E-02;1,66063E-02;1,82507E-02;1,70743E-02;1,90259E-02;2,46528E-02;2,42236E-02;2,59355E-02;2,46648E-02;2,61002E-02;4,82759E-05;1,33470E-04;6,89423E-05;1,75624E-04;7,58526E-05;3,03159E-04;4,12472E-04;1,43842E-04;2,85252E-04;2,55455E-04;1,70684E-04;0,00000E+00;4,92738E-04;4,86191E-04;4,27187E-04;3,13476E-04;8,40493E-04;8,00404E-04;1,06967E-03;5,62021E-04;1,05206E-03;4,25254E-03;8,85252E-03;1,35765E-02;1,84478E-02;2,40757E-02;2,92818E-02;3,50767E-02;4,14902E-02;4,70613E-02;5,32023E-02;6,04856E-02;6,64700E-02;7,48767E-02;8,12502E-02;8,89328E-02;9,55477E-02;1,02631E-01;1,11018E-01;1,17919E-01
754;9,89362E-04;2,16452E-03;3,65961E-03;5,57974E-03;6,16813E-03;8,07076E-03;8,94455E-03;9,90644E-03;1,16458E-02;1,34115E-02;1,47807E-02;1,44816E-02;1,67087E-02;1,75060E-02;1,77443E-02;2,18777E-02;2,22302E-02;2,31686E-02;2,25905E-02;2,61455E-02;5,44081E-05;3,69455E-06;0,00000E+00;5,62790E-05;1,86695E-04;2,04099E-04;4,03354E-04;1,10275E-05;7,71146E-04;5,84757E-04;7,64103E-04;6,42267E-04;2,27397E-05;8,65612E-04;3,91360E-04;1,36477E-04;1,13340E-03;1,10214E-03;6,06926E-04;7,30946E-04;8,85050E-04;3,76582E-03;7,32954E-03;1,14853E-02;1,60428E-02;2,04761E-02;2,54344E-02;3,02126E-02;3,52481E-02;4,09529E-02;4,61955E-02;5,26034E-02;5,88375E-02;6,35546E-02;6,81689E-02;7,64413E-02;8,42087E-02;9,16356E-02;9,70995E-02;1,05502E-01
755;9,51921E-04;2,51773E-03;3,65842E-03;5,13813E-03;6,27194E-03;7,43589E-03;9,24258E-03;9,98036E-03;1,10725E-02;1,26047E-02;1,26893E-02;1,48060E-02;1,73000E-02;1,69767E-02;1,84359E-02;1,90703E-02;2,17624E-02;2,16227E-02;2,11439E-02;2,52983E-02;4,37040E-06;8,66584E-05;0,00000E+00;6,52439E-05;9,28584E-05;2,97488E-04;3,14527E-04;3,40433E-04;4,65376E-04;2,68407E-05;5,64093E-04;8,78827E-04;6,98562E-04;1,29133E-04;3,93308E-04;3,90417E-04;6,23650E-04;9,20450E-04;6,67631E-04;1,74465E-04;8,02639E-04;3,28360E-03;6,15617E-03;9,91611E-03;1,38425E-02;1,76959E-02;2,18282E-02;2,60378E-02;3,08184E-02;3,59105E-02;4,02384E-02;4,49029E-02;5,02911E-02;5,58151E-02;6,05927E-02;6,60300E-02;7,30796E-02;7,72747E-02;8,28153E-02;9,12470E-02
756;8,75044E-04;2,11543E-03;3,46031E-03;4,80301E-03;6,31085E-03;7,42192E-03;8,60222E-03;9,51746E-03;1,07942E-02;1,18604E-02;1,24439E-02;1,43521E-02;1,59214E-02;1,80169E-02;1,79078E-02;1,94414E-02;2,16177E-02;2,15474E-02;2,24605E-02;2,41429E-02;8,27679E-06;0,00000E+00;0,00000E+00;1,22583E-04;1,01508E-04;7,55426E-05;4,40903E-04;3,42632E-04;3,30173E-04;2,41159E-04;1,92699E-04;9,13899E-04;3,82244E-04;5,79185E-04;5,33267E-04;3,35517E-04;6,22625E-04;6,09670E-04;6,09476E-04;8,63323E-04;6,41496E-04;2,75478E-03;5,34619E-03;8,48808E-03;1,16513E-02;1,53245E-02;1,88626E-02;2,27566E-02;2,62392E-02;3,06549E-02;3,47691E-02;3,93342E-02;4,37444E-02;4,82337E-02;5,32917E-02;5,84125E-02;6,27551E-02;6,80023E-02;7,48654E-02;7,93050E-02
757;8,92973E-04;2,02821E-03;3,47215E-03;4,75319E-03;6,30418E-03;7,60381E-03;7,89094E-03;9,28210E-03;1,01974E-02;1,24773E-02;1,25542E-02;1,33447E-02;1,46493E-02;1,68996E-02;1,63979E-02;1,91685E-02;2,06141E-02;2,13376E-02;2,16852E-02;2,33628E-02;3,30609E-05;2,77656E-05;0,00000E+00;7,36609E-05;5,41961E-05;2,34693E-04;1,63517E-04;1,32808E-04;2,30905E-04;1,95124E-04;1,02884E-04;4,52018E-04;1,39365E-04;4,26925E-04;1,11016E-03;5,58428E-04;6,54267E-04;1,08392E-04;6,24970E-04;7,70764E-04;5,60398E-04;2,39575E-03;4,69763E-03;7,42613E-03;1,01510E-02;1,31573E-02;1,61013E-02;1,95453E-02;2,25759E-02;2,64652E-02;2,99378E-02;3,37321E-02;3,84135E-02;4,21038E-02;4,57598E-02;5,11673E-02;5,44645E-02;5,95319E-02;6,47022E-02;6,91181E-02
758;9,48911E-04;2,23388E-03;3,70413E-03;4,78525E-03;5,55996E-03;7,25599E-03;7,85957E-03;9,29227E-03;1,02083E-02;1,12801E-02;1,22624E-02;1,31429E-02;1,35612E-02;1,56019E-02;1,73281E-02;1,63798E-02;2,13662E-02;1,86515E-02;2,25087E-02;2,29426E-02;5,45656E-05;3,80627E-05;1,30499E-04;2,29396E-04;7,45117E-05;2,64403E-05;1,85104E-06;1,74353E-04;2,29932E-04;2,77208E-04;1,10259E-03;5,42209E-04;4,37445E-06;2,25297E-04;1,17087E-04;9,92563E-05;6,69506E-04;8,44466E-04;4,16587E-04;2,19489E-04;4,84738E-04;1,93967E-03;3,93426E-03;6,32690E-03;8,51957E-03;1,13488E-02;1,42053E-02;1,71251E-02;1,93087E-02;2,29080E-02;2,64495E-02;2,90696E-02;3,22373E-02;3,61226E-02;4,00339E-02;4,42871E-02;4,72293E-02;5,17353E-02;5,65976E-02;6,12229E-02
759;8,71941E-04;2,05036E-03;3,39687E-03;3,99620E-03;5,67469E-03;7,03340E-03;7,74097E-03;9,22762E-03;1,00669E-02;1,02448E-02;1,22336E-02;1,28479E-02;1,34952E-02;1,55177E-02;1,65243E-02;1,82476E-02;1,94007E-02;2,05014E-02;1,84970E-02;2,22094E-02;0,00000E+00;3,03424E-05;1,12857E-04;6,97152E-05;3,85039E-05;6,22076E-05;1,19219E-04;8,19832E-05;7,23479E-04;2,61617E-05;1,79349E-04;4,88648E-04;1,95649E-04;3,12951E-04;2,44198E-05;2,02613E-04;3,00775E-04;7,27234E-04;3,78329E-04;2,82547E-04;4,07682E-04;1,80379E-03;3,53727E-03;5,52123E-03;7,28724E-03;9,45148E-03;1,20903E-02;1,46011E-02;1,74398E-02;1,98711E-02;2,26181E-02;2,55379E-02;2,86343E-02;3,17919E-02;3,52220E-02;3,84499E-02;4,17633E-02;4,52954E-02;4,90949E-02;5,25059E-02
760;8,28534E-04;2,00917E-03;3,28037E-03;4,23291E-03;5,00879E-03;6,88798E-03;6,89535E-03;8,40404E-03;8,68377E-03;1,06274E-02;1,14937E-02;1,30841E-02;1,49394E-02;1,43708E-02;1,60857E-02;1,72532E-02;1,81343E-02;1,70516E-02;1,88237E-02;1,99684E-02;1,58238E-05;3,36663E-05;1,23048E-04;6,38866E-05;8,40792E-05;1,72161E-04;2,25462E-04;4,83492E-04;4,30043E-04;1,51768E-04;1,00059E-04;5,81108E-04;2,94611E-04;7,83398E-04;2,26326E-04;5,05820E-04;1,01162E-03;3,16108E-04;3,91773E-04;7,81955E-04;3,65080E-04;1,49630E-03;2,93231E-03;4,73166E-03;6,51754E-03;8,42522E-03;1,06732E-02;1,24052E-02;1,48728E-02;1,73182E-02;1,96517E-02;2,22486E-02;2,51148E-02;2,77645E-02;3,06888E-02;3,31327E-02;3,64556E-02;3,98570E-02;4,33182E-02;4,62377E-02
761;6,73281E-04;1,96989E-03;2,93816E-03;4,55643E-03;5,11510E-03;6,72019E-03;7,19504E-03;7,82790E-03;9,09616E-03;1,09096E-02;1,15535E-02;1,17985E-02;1,55351E-02;1,38645E-02;1,49102E-02;1,74034E-02;1,75086E-02;1,82128E-02;1,90843E-02;2,04478E-02;2,96620E-05;1,06623E-04;5,25996E-05;1,17782E-04;1,33794E-04;1,15492E-04;1,25039E-04;2,97343E-04;5,05820E-05;1,98896E-04;1,10524E-04;1,06444E-05;4,82108E-04;4,17881E-04;4,17258E-04;8,09487E-04;8,01384E-04;3,29101E-04;8,99249E-04;4,89594E-04;3,05217E-04;1,27665E-03;2,62207E-03;4,04508E-03;5,73411E-03;7,10699E-03;9,16297E-03;1,09984E-02;1,29014E-02;1,48373E-02;1,74272E-02;1,92458E-02;2,20122E-02;2,46912E-02;2,69114E-02;2,91464E-02;3,24687E-02;3,41606E-02;3,74745E-02;4,11855E-02
762;7,64421E-04;1,79971E-03;2,70097E-03;3,99430E-03;5,65865E-03;6,41201E-03;7,17711E-03;7,36253E-03;9,62505E-03;8,72666E-03;1,19798E-02;1,14858E-02;1,30577E-02;1,35496E-02;1,66423E-02;1,63335E-02;1,81713E-02;1,73157E-02;2,00175E-02;2,01054E-02;2,38536E-06;6,11864E-05;1,55792E-05;2,16747E-05;1,53978E-04;1,53938E-05;2,43335E-04;2,82630E-04;7,11624E-05;1,86450E-05;8,16807E-06;4,19307E-04;3,50613E-05;1,70581E-04;4,82711E-04;3,32130E-04;1,27457E-03;6,01928E-04;8,39024E-05;2,07582E-04;2,39083E-04;1,13966E-03;2,26988E-03;3,53170E-03;4,84570E-03;6,62602E-03;8,05204E-03;9,64540E-03;1,12569E-02;1,32323E-02;1,54672E-02;1,73435E-02;1,87394E-02;2,14763E-02;2,34741E-02;2,59449E-02;2,77853E-02;3,04033E-02;3,31736E-02;3,55808E-02
763;7,63881E-04;1,85626E-03;2,54402E-03;4,21617E-03;5,01306E-03;6,09869E-03;7,51106E-03;7,58981E-03;9,26468E-03;1,09080E-02;1,13646E-02;1,27551E-02;1,23150E-02;1,24912E-02;1,46264E-02;1,53980E-02;1,76178E-02;1,77620E-02;1,94125E-02;1,89700E-02;1,43444E-05;1,47845E-04;3,65699E-05;1,60770E-04;2,56134E-04;8,91859E-05;0,00000E+00;2,14476E-04;1,26675E-04;2,00453E-04;1,62214E-04;3,94585E-04;1,21841E-04;3,38173E-05;1,63501E-04;6,32538E-05;6,79189E-04;2,67270E-04;9,35446E-04;1,14704E-03;2,23143E-04;1,02955E-03;2,13916E-03;3,06209E-03;4,24805E-03;5,67462E-03;6,78522E-03;8,74205E-03;1,01353E-02;1,16228E-02;1,30183E-02;1,46096E-02;1,67093E-02;1,84867E-02;2,02170E-02;2,30711E-02;2,48754E-02;2,64013E-02;2,85088E-02;3,12840E-02
764;7,08348E-04;1,90823E-03;2,55542E-03;3,77778E-03;4,56505E-03;6,04141E-03;6,02626E-03;7,82834E-03;8,14672E-03;8,98410E-03;1,08570E-02;1,11926E-02;1,22947E-02;1,31988E-02;1,33022E-02;1,41332E-02;1,72767E-02;1,64784E-02;1,85614E-02;1,89800E-02;2,55668E-05;1,04866E-04;0,00000E+00;1,50776E-04;3,51298E-05;1,28113E-04;5,42126E-05;2,47473E-04;2,55359E-04;0,00000E+00;3,04103E-04;3,63240E-04;0,00000E+00;1,42788E-04;5,94978E-04;5,49019E-04;4,66782E-04;2,40890E-04;4,01483E-04;5,17236E-04;1,96543E-04;8,41750E-04;1,75033E-03;2,80550E-03;3,72115E-03;4,98072E-03;6,31944E-03;7,61007E-03;8,87627E-03;1,05655E-02;1,15472E-02;1,30169E-02;1,52140E-02;1,71279E-02;1,82565E-02;1,99255E-02;2,13430E-02;2,34621E-02;2,51800E-02;2,74209E-02
765;6,73326E-04;1,73095E-03;2,55411E-03;3,92692E-03;4,94140E-03;5,56530E-03;6,51238E-03;6,82455E-03;8,50472E-03;9,44118E-03;1,07067E-02;1,18828E-02;1,10808E-02;1,33358E-02;1,30749E-02;1,43824E-02;1,52685E-02;1,69069E-02;1,76459E-02;1,85287E-02;2,57841E-05;1,90900E-05;5,35302E-06;8,75252E-05;1,32808E-04;0,00000E+00;9,17494E-05;1,77675E-04;3,69323E-04;0,00000E+00;6,48755E-04;5,48645E-04;3,78990E-04;4,80006E-04;6,71945E-04;6,04135E-04;6,12687E-04;2,40015E-04;4,00024E-04;2,28214E-04;1,83456E-04;7,82851E-04;1,61791E-03;2,42055E-03;3,24360E-03;4,21240E-03;5,59667E-03;6,61735E-03;7,88601E-03;9,19086E-03;1,05580E-02;1,15143E-02;1,31619E-02;1,44904E-02;1,58940E-02;1,78211E-02;1,91131E-02;2,09885E-02;2,30168E-02;2,36961E-02
766;6,16008E-04;1,85027E-03;2,45874E-03;3,59990E-03;4,51722E-03;5,32430E-03;6,22155E-03;7,31395E-03;8,53666E-03;7,96467E-03;9,04231E-03;1,06578E-02;1,18032E-02;1,23936E-02;1,24115E-02;1,59712E-02;1,71978E-02;1,51601E-02;1,45148E-02;1,81584E-02;5,97591E-06;1,05420E-04;1,64460E-04;1,47225E-04;2,26683E-05;2,98448E-05;4,36105E-05;1,01686E-04;2,44891E-04;2,71110E-04;1,36822E-04;8,41753E-04;3,65918E-04;5,10411E-04;8,14495E-04;5,22880E-04;1,25758E-04;1,17481E-03;8,58516E-04;4,59558E-04;1,85258E-04;6,88293E-04;1,39413E-03;2,30412E-03;2,85191E-03;3,88073E-03;4,75601E-03;6,00377E-03;6,91178E-03;8,28810E-03;9,15671E-03;1,03376E-02;1,18791E-02;1,30493E-02;1,43248E-02;1,60893E-02;1,71431E-02;1,93372E-02;1,97521E-02;2,15904E-02
767;6,66934E-04;1,50638E-03;2,37926E-03;3,18546E-03;3,90495E-03;5,51453E-03;6,42022E-03;6,77777E-03;8,05745E-03;8,09718E-03;8,60081E-03;1,01718E-02;1,08295E-02;1,30085E-02;1,17020E-02;1,27161E-02;1,73660E-02;1,44539E-02;1,50518E-02;1,54312E-02;3,37260E-05;0,00000E+00;5,70846E-06;1,99045E-04;2,11084E-05;2,77140E-04;0,00000E+00;2,70906E-04;2,81614E-04;1,73834E-05;3,10538E-04;4,28570E-04;6,54807E-04;1,39963E-04;5,60034E-04;5,74468E-05;6,09089E-05;1,48605E-04;4,65682E-04;8,94004E-05;1,32183E-04;5,63385E-04;1,17453E-03;1,84861E-03;2,66168E-03;3,37448E-03;4,37408E-03;5,32672E-03;6,56028E-03;7,15842E-03;8,33201E-03;8,94411E-03;1,02740E-02;1,13178E-02;1,28527E-02;1,41148E-02;1,49212E-02;1,69863E-02;1,77254E-02;1,95472E-02
768;6,88395E-04;1,62017E-03;2,51006E-03;3,09914E-03;4,48862E-03;5,17546E-03;6,05151E-03;5,85431E-03;7,88291E-03;8,53690E-03;9,41900E-03;8,98723E-03;9,47842E-03;1,20096E-02;1,28167E-02;1,49312E-02;1,67897E-02;1,27752E-02;1,40448E-02;1,58114E-02;1,81736E-05;2,42825E-05;9,28728E-05;1,66861E-04;1,50931E-04;4,97646E-04;5,43623E-05;2,22314E-04;3,72315E-04;1,24296E-04;2,07436E-05;4,70818E-04;2,40883E-05;7,56049E-04;3,31040E-04;4,10760E-04;5,89801E-04;1,76420E-04;2,48592E-04;6,39236E-04;1,47042E-04;5,55382E-04;1,07847E-03;1,70841E-03;2,42014E-03;3,08757E-03;3,83201E-03;4,51658E-03;5,56376E-03;6,42007E-03;6,96448E-03;8,20138E-03;9,07186E-03;1,06590E-02;1,07728E-02;1,25144E-02;1,33048E-02;1,45141E-02;1,55103E-02;1,68312E-02
769;6,20288E-04;1,48443E-03;2,54766E-03;3,22766E-03;4,46846E-03;4,55545E-03;5,42297E-03;6,60910E-03;6,96654E-03;7,84490E-03;9,19069E-03;9,69724E-03;9,77512E-03;1,15123E-02;1,20169E-02;1,35167E-02;1,52902E-02;1,42689E-02;1,46976E-02;1,58742E-02;0,00000E+00;9,94359E-05;1,07925E-04;1,46289E-04;1,36849E-04;1,29134E-04;8,27233E-05;4,88854E-04;1,22415E-04;1,52054E-04;0,00000E+00;3,07180E-04;3,84974E-04;5,40134E-04;2,60805E-04;0,00000E+00;4,41230E-04;5,79349E-04;3,04109E-05;9,12326E-05;1,33081E-04;4,62806E-04;1,00201E-03;1,45786E-03;2,05776E-03;2,79213E-03;3,51324E-03;4,19604E-03;4,94800E-03;5,87276E-03;6,53446E-03;7,14295E-03;8,54100E-03;9,40382E-03;9,88921E-03;1,10867E-02;1,22988E-02;1,26603E-02;1,38607E-02;1,54025E-02
770;5,51461E-04;1,69378E-03;2,56075E-03;3,14069E-03;4,41586E-03;4,30387E-03;5,02831E-03;6,60350E-03;6,66205E-03;8,09397E-03;8,28164E-03;9,93032E-03;1,05696E-02;1,16302E-02;1,19638E-02;1,25460E-02;1,43568E-02;1,24954E-02;1,43283E-02;1,54447E-02;0,00000E+00;2,29716E-05;2,77554E-05;6,79447E-06;2,19461E-04;1,42870E-04;3,97952E-06;1,04999E-04;1,18468E-04;2,24619E-04;0,00000E+00;1,86125E-04;3,86148E-04;2,59423E-04;4,34343E-04;0,00000E+00;8,01326E-04;2,63877E-04;1,40098E-04;5,06816E-04;1,08022E-04;4,69651E-04;9,69652E-04;1,36952E-03;1,89862E-03;2,42757E-03;2,88831E-03;3,72193E-03;4,37252E-03;5,04145E-03;6,04335E-03;6,44316E-03;7,80776E-03;8,27130E-03;8,46556E-03;9,71357E-03;1,08443E-02;1,15192E-02;1,25590E-02;1,39143E-02
771;5,81727E-04;1,37306E-03;2,16672E-03;3,02457E-03;3,56949E-03;4,20283E-03;6,06631E-03;6,54293E-03;7,65628E-03;7,74749E-03;7,90430E-03;1,02119E-02;1,02794E-02;1,11014E-02;1,31783E-02;1,02171E-02;1,18702E-02;1,52255E-02;1,36732E-02;1,49706E-02;4,84287E-05;6,03493E-05;3,65162E-05;2,26837E-04;1,34377E-05;2,42818E-04;1,05588E-04;5,36479E-06;3,45132E-05;2,12537E-04;3,02394E-05;3,59261E-04;7,68817E-05;3,63381E-04;3,45984E-04;0,00000E+00;9,07121E-04;1,50700E-03;3,45132E-05;8,52615E-04;1,04075E-04;3,15193E-04;6,56954E-04;1,26863E-03;1,67052E-03;2,44403E-03;2,54499E-03;3,29427E-03;4,10420E-03;4,37340E-03;5,43462E-03;6,03191E-03;6,41325E-03;7,58778E-03;8,23303E-03;9,29059E-03;9,85649E-03;9,91749E-03;1,15002E-02;1,21593E-02
772;6,30997E-04;1,30892E-03;2,05663E-03;2,81139E-03;3,44305E-03;4,07989E-03;5,99204E-03;6,27676E-03;6,36859E-03;7,93213E-03;8,62653E-03;8,32546E-03;1,05068E-02;1,06750E-02;9,37827E-03;1,16771E-02;1,20753E-02;1,34814E-02;1,43503E-02;1,60588E-02;4,83972E-05;5,69311E-05;4,42844E-05;3,54750E-05;4,41158E-05;1,85238E-04;1,33618E-04;1,83904E-04;5,39419E-04;1,15590E-04;6,24807E-04;2,03456E-04;1,05388E-04;5,37970E-04;4,55349E-04;2,27913E-04;1,35003E-04;3,08239E-04;7,23330E-04;8,07407E-04;8,44406E-05;4,40774E-04;5,94321E-04;1,20984E-03;1,55536E-03;2,18062E-03;2,58015E-03;2,86215E-03;3,57318E-03;4,38016E-03;4,59175E-03;5,20464E-03;5,88254E-03;6,92671E-03;7,74712E-03;8,46376E-03;8,82465E-03;9,27362E-03;1,01670E-02;1,12719E-02
773;5,90247E-04;1,28990E-03;2,00347E-03;2,57098E-03;3,45802E-03;4,62811E-03;5,45566E-03;5,30683E-03;6,56960E-03;7,50747E-03;7,56116E-03;8,69538E-03;9,42190E-03;1,01106E-02;9,81958E-03;1,04974E-02;1,31190E-02;1,10245E-02;1,41780E-02;1,29129E-02;0,00000E+00;9,37960E-05;0,00000E+00;3,55515E-05;1,14372E-04;2,08012E-04;7,14069E-05;2,66267E-04;8,47730E-05;2,82577E-05;5,35936E-04;4,20295E-04;0,00000E+00;5,33573E-04;1,25946E-04;5,22474E-04;5,69312E-04;3,10834E-04;8,73724E-04;9,38150E-04;9,22958E-05;3,44133E-04;6,74933E-04;1,05117E-03;1,33679E-03;1,99406E-03;2,37572E-03;2,70928E-03;3,11925E-03;3,69404E-03;4,35562E-03;5,17558E-03;5,55196E-03;6,04975E-03;6,48212E-03;7,34920E-03;8,11988E-03;8,56244E-03;9,69919E-03;9,72570E-03
774;6,12253E-04;1,27020E-03;1,92731E-03;2,70862E-03;3,40844E-03;4,30264E-03;4,77158E-03;5,57480E-03;5,95725E-03;7,14793E-03;7,04116E-03;8,58743E-03;8,41144E-03;1,04305E-02;1,07131E-02;1,15797E-02;1,48733E-02;1,34125E-02;1,31222E-02;1,26215E-02;0,00000E+00;5,37320E-05;2,31020E-04;1,44769E-04;1,08497E-04;2,12449E-05;9,92742E-06;1,34854E-04;1,00672E-04;3,85309E-04;1,27758E-04;3,34355E-04;0,00000E+00;1,13657E-04;2,23159E-04;7,13371E-04;4,76710E-04;6,79498E-04;1,12635E-03;5,24049E-04;6,06435E-05;2,17013E-04;6,09433E-04;9,89205E-04;1,15034E-03;1,63447E-03;2,12064E-03;2,44491E-03;2,88167E-03;3,29420E-03;4,18260E-03;4,55817E-03;5,05343E-03;5,51945E-03;5,91137E-03;6,37689E-03;7,39648E-03;7,65525E-03;8,59401E-03;9,58040E-03
775;4,98085E-04;1,32365E-03;1,86518E-03;3,10512E-03;3,14908E-03;4,00117E-03;5,14744E-03;4,56730E-03;5,53897E-03;6,46153E-03;8,30197E-03;7,58910E-03;8,79570E-03;1,13044E-02;1,13156E-02;9,61383E-03;1,37933E-02;1,09551E-02;1,34957E-02;8,56798E-03;5,03868E-06;0,00000E+00;0,00000E+00;2,38377E-05;1,62011E-07;1,80127E-05;4,38745E-04;1,80514E-06;2,17133E-04;0,00000E+00;6,35665E-05;0,00000E+00;5,19582E-04;4,38905E-04;9,07342E-07;4,58111E-05;1,89974E-04;5,18435E-07;2,70768E-04;2,71287E-04;6,75512E-05;2,92891E-04;4,72314E-04;7,49511E-04;1,07856E-03;1,36208E-03;1,92799E-03;2,34838E-03;2,72997E-03;3,18817E-03;3,49985E-03;4,02914E-03;4,38720E-03;5,04539E-03;5,94941E-03;5,71953E-03;6,41277E-03;7,21215E-03;7,29072E-03;8,52915E-03
776;4,66586E-04;1,33776E-03;1,66730E-03;2,40816E-03;3,33629E-03;4,76545E-03;4,63527E-03;5,27359E-03;6,20900E-03;7,01533E-03;6,84635E-03;7,73381E-03;8,17035E-03;9,43052E-03;8,89152E-03;1,46929E-02;1,03046E-02;1,21672E-02;1,12059E-02;1,47894E-02;1,66272E-05;7,01897E-06;0,00000E+00;1,81805E-05;5,17508E-05;4,10178E-05;1,53209E-04;5,88134E-04;1,72221E-04;1,98558E-05;1,74051E-04;0,00000E+00;3,68031E-04;1,51144E-04;4,23685E-04;3,42041E-04;7,25310E-05;2,05314E-04;1,45609E-04;3,64161E-04;5,78429E-05;2,19440E-04;5,23406E-04;7,75986E-04;9,82427E-04;1,36093E-03;1,84199E-03;2,08301E-03;2,34475E-03;2,71415E-03;2,92644E-03;3,45958E-03;3,85375E-03;4,78477E-03;5,47008E-03;5,46034E-03;6,18931E-03;6,58436E-03;7,45326E-03;7,58528E-03
777;4,05190E-04;1,33137E-03;1,71110E-03;2,16738E-03;3,16103E-03;4,46430E-03;4,47131E-03;4,86051E-03;5,45635E-03;7,07039E-03;7,10839E-03;7,85834E-03;8,22263E-03;9,29872E-03;9,52273E-03;1,14549E-02;1,11132E-02;1,13538E-02;1,12342E-02;1,11664E-02;5,16412E-05;1,50466E-05;1,04235E-04;0,00000E+00;1,25644E-04;3,49423E-05;3,28434E-04;2,47012E-05;1,41884E-05;5,57908E-05;4,59312E-04;8,34954E-05;0,00000E+00;3,35283E-04;2,86946E-04;0,00000E+00;3,24386E-04;1,64484E-04;5,23755E-04;5,84359E-04;4,61130E-05;2,10372E-04;4,62097E-04;8,28238E-04;9,80596E-04;1,26864E-03;1,76497E-03;1,89802E-03;2,17337E-03;2,55275E-03;2,93378E-03;3,35449E-03;3,85279E-03;4,17992E-03;4,61426E-03;5,05144E-03;5,56110E-03;5,93097E-03;6,27152E-03;7,22047E-03
778;5,16836E-04;1,17715E-03;1,94143E-03;2,33879E-03;3,36417E-03;3,71789E-03;4,50315E-03;4,77992E-03;4,92361E-03;6,14044E-03;6,77931E-03;8,06243E-03;6,89405E-03;8,60818E-03;7,99842E-03;8,58841E-03;1,08572E-02;1,20227E-02;1,08499E-02;1,05461E-02;4,24727E-05;0,00000E+00;6,00026E-05;8,72188E-06;7,23266E-05;2,01145E-05;1,53252E-05;2,76622E-04;2,58199E-04;1,06921E-04;5,40230E-04;1,73452E-04;3,53117E-04;1,56930E-04;9,26951E-05;2,62544E-04;1,02183E-03;4,56800E-05;4,39597E-04;6,47481E-04;6,58009E-05;2,04645E-04;4,75115E-04;7,28414E-04;8,90283E-04;1,27446E-03;1,58377E-03;1,90164E-03;2,23372E-03;2,20824E-03;2,72745E-03;3,00137E-03;3,39012E-03;3,98696E-03;3,92587E-03;4,67761E-03;5,19379E-03;5,30057E-03;5,63781E-03;6,03538E-03
779;4,82717E-04;1,28754E-03;1,20543E-03;2,21143E-03;3,63888E-03;3,36439E-03;3,64884E-03;4,90571E-03;5,39249E-03;5,89798E-03;7,79832E-03;7,61848E-03;7,05476E-03;7,84901E-03;8,65632E-03;8,55407E-03;1,14230E-02;1,01593E-02;1,09981E-02;1,24590E-02;1,68282E-06;0,00000E+00;8,74523E-06;1,17387E-04;0,00000E+00;0,00000E+00;2,26810E-04;4,08081E-04;3,85896E-04;4,84381E-04;1,87812E-05;1,74468E-04;2,36390E-04;0,00000E+00;1,28978E-04;4,09314E-04;4,15492E-04;4,26095E-04;1,60767E-05;1,34658E-04;6,27560E-05;1,86727E-04;4,41318E-04;4,45497E-04;8,31836E-04;1,18402E-03;1,41279E-03;1,64712E-03;2,08413E-03;2,07168E-03;2,29402E-03;3,06204E-03;3,64490E-03;3,63392E-03;3,95058E-03;4,51287E-03;4,20479E-03;5,30459E-03;5,54528E-03;5,59237E-03
780;5,47539E-04;9,28952E-04;1,50888E-03;2,13903E-03;2,32064E-03;3,16195E-03;3,14333E-03;5,10579E-03;5,01402E-03;6,55431E-03;6,34304E-03;7,42675E-03;8,07284E-03;8,09981E-03;8,33284E-03;9,75473E-03;1,05701E-02;1,26509E-02;1,01491E-02;1,48969E-02;2,87115E-05;0,00000E+00;4,65788E-05;1,04840E-04;2,55315E-05;5,24646E-05;2,21094E-04;0,00000E+00;2,12986E-04;2,04700E-04;1,54496E-04;0,00000E+00;2,11009E-04;2,37441E-04;1,30365E-04;8,01241E-04;5,42898E-04;0,00000E+00;1,27228E-03;6,41161E-04;2,80299E-05;1,12919E-04;4,34326E-04;5,79058E-04;9,10016E-04;8,68876E-04;1,28586E-03;1,11262E-03;1,87002E-03;1,83836E-03;2,53332E-03;2,44711E-03;2,54412E-03;3,03735E-03;3,78736E-03;4,05558E-03;4,33230E-03;4,44847E-03;4,97490E-03;5,13597E-03
