;;;;;;;;;;;;;;;;;;;;;;;;;;;;;;;;;;;;;;;;;;;;;;;;;;;;;;;;;;;;
;;;;;;;;;;;;;;;;;;;;;;;;;;;;;;;;;;;;;;;;;;;;;;;;;;;;;;;;;;;;
;;;;;;;;;;;;;;;;;;;;;;;;;;;;;;;;;;;;;;;;;;;;;;;;;;;;;;;;;;;;
Device number: 2016951;;;;;;;;;;;;;;;;;;;;;;;;;;;;;;;;;;;;;;;;;;;;;;;;;;;;;;;;;;;;
Name;#2;#3;#4;#5;#6;#7;#8;#9;#10;#11;#12;#13;#14;#15;#16;#17;#18;#19;#20;#21;#24;#25;#26;#27;#28;#29;#30;#31;#32;#33;#34;#35;#36;#37;#38;#39;#40;#41;#42;#43;#44;#47;#48;#49;#50;#51;#52;#53;#54;#55;#57;#58;#60;#61;#62;#63;#64;#65;#66;#67
Measuring mode;Irradiance;Irradiance;Irradiance;Irradiance;Irradiance;Irradiance;Irradiance;Irradiance;Irradiance;Irradiance;Irradiance;Irradiance;Irradiance;Irradiance;Irradiance;Irradiance;Irradiance;Irradiance;Irradiance;Irradiance;Irradiance;Irradiance;Irradiance;Irradiance;Irradiance;Irradiance;Irradiance;Irradiance;Irradiance;Irradiance;Irradiance;Irradiance;Irradiance;Irradiance;Irradiance;Irradiance;Irradiance;Irradiance;Irradiance;Irradiance;Irradiance;Irradiance;Irradiance;Irradiance;Irradiance;Irradiance;Irradiance;Irradiance;Irradiance;Irradiance;Irradiance;Irradiance;Irradiance;Irradiance;Irradiance;Irradiance;Irradiance;Irradiance;Irradiance;Irradiance
Correction;UV;UV;UV;UV;UV;UV;UV;UV;UV;UV;UV;UV;UV;UV;UV;UV;UV;UV;UV;UV;UV;UV;UV;UV;UV;UV;UV;UV;UV;UV;UV;UV;UV;UV;UV;UV;UV;UV;UV;UV;UV;UV;UV;UV;UV;UV;UV;UV;UV;UV;UV;UV;UV;UV;UV;UV;UV;UV;UV;UV
Date;27-02-2026;27-02-2026;27-02-2026;27-02-2026;27-02-2026;27-02-2026;27-02-2026;27-02-2026;27-02-2026;27-02-2026;27-02-2026;27-02-2026;27-02-2026;27-02-2026;27-02-2026;27-02-2026;27-02-2026;27-02-2026;27-02-2026;27-02-2026;27-02-2026;27-02-2026;27-02-2026;27-02-2026;27-02-2026;27-02-2026;27-02-2026;27-02-2026;27-02-2026;27-02-2026;27-02-2026;27-02-2026;27-02-2026;27-02-2026;27-02-2026;27-02-2026;27-02-2026;27-02-2026;27-02-2026;27-02-2026;27-02-2026;27-02-2026;27-02-2026;27-02-2026;27-02-2026;27-02-2026;27-02-2026;27-02-2026;27-02-2026;27-02-2026;27-02-2026;27-02-2026;27-02-2026;27-02-2026;27-02-2026;27-02-2026;27-02-2026;27-02-2026;27-02-2026;27-02-2026
Time;09:51:46;09:51:57;09:52:25;09:52:37;09:52:50;09:53:05;09:53:15;09:53:24;09:53:35;09:53:44;09:53:54;09:54:04;09:54:12;09:54:23;09:54:31;09:54:40;09:54:51;09:55:00;09:55:20;09:55:34;10:00:40;10:00:55;10:01:03;10:01:13;10:01:22;10:01:34;10:01:44;10:01:56;10:02:06;10:02:14;10:02:22;10:02:31;10:02:40;10:02:51;10:03:00;10:03:08;10:03:41;10:03:51;10:04:02;10:04:14;10:05:02;10:08:47;10:09:05;10:09:16;10:09:35;10:09:53;10:10:05;10:10:18;10:10:38;10:11:26;10:12:07;10:12:18;10:13:05;10:13:19;10:13:29;10:13:40;10:13:58;10:14:12;10:14:21;10:14:59
Sync. frequency [Hz];0,00;0,00;0,00;0,00;0,00;0,00;0,00;0,00;0,00;0,00;0,00;0,00;0,00;0,00;0,00;0,00;0,00;0,00;0,00;0,00;0,00;0,00;0,00;0,00;0,00;0,00;0,00;0,00;0,00;0,00;0,00;0,00;0,00;0,00;0,00;0,00;0,00;0,00;0,00;0,00;0,00;0,00;0,00;0,00;0,00;0,00;0,00;0,00;0,00;0,00;0,00;0,00;0,00;0,00;0,00;0,00;0,00;0,00;0,00;0,00
T_int [ms];231,23;100,00;62,23;50,00;36,86;31,04;25,00;25,00;21,50;19,59;17,87;16,54;15,43;14,52;12,50;12,50;12,50;12,50;12,50;10,91;493,03;211,05;135,20;100,00;81,26;66,74;57,70;50,00;50,00;41,21;37,55;34,75;32,38;30,15;28,43;25,00;25,00;25,00;25,00;22,26;900,03;419,21;279,14;213,30;175,03;149,30;130,80;116,76;100,00;100,00;100,00;84,72;80,13;75,02;71,38;67,46;65,00;62,09;59,56;57,93
Averages;1;1;1;1;1;1;1;1;1;1;1;1;1;1;1;1;1;1;1;1;1;1;1;1;1;1;1;1;1;1;1;1;1;1;1;1;1;1;1;1;1;1;1;1;1;1;1;1;1;1;1;1;1;1;1;1;1;1;1;1
;;;;;;;;;;;;;;;;;;;;;;;;;;;;;;;;;;;;;;;;;;;;;;;;;;;;;;;;;;;;
Ev [lx] (CIE1931 2°);2,338E+03;5,756E+03;9,131E+03;1,252E+04;1,579E+04;1,903E+04;2,221E+04;2,532E+04;2,844E+04;3,154E+04;3,455E+04;3,752E+04;4,042E+04;4,331E+04;4,624E+04;4,904E+04;5,185E+04;5,452E+04;5,714E+04;5,985E+04;2,538E+01;6,009E+01;9,576E+01;1,334E+02;1,693E+02;2,033E+02;2,388E+02;2,734E+02;3,064E+02;3,423E+02;3,772E+02;4,086E+02;4,416E+02;4,754E+02;5,058E+02;5,369E+02;5,689E+02;6,024E+02;6,310E+02;6,590E+02;6,587E-01;1,659E+00;2,355E+00;3,392E+00;4,552E+00;5,430E+00;5,883E+00;7,164E+00;8,237E+00;8,605E+00;1,134E+01;1,117E+01;1,196E+01;1,277E+01;1,454E+01;1,494E+01;1,599E+01;1,703E+01;1,846E+01;2,098E+01
Ee [W/sqm] (230-1000nm);7,409E+00;1,822E+01;2,878E+01;3,947E+01;4,969E+01;5,986E+01;6,980E+01;7,960E+01;8,926E+01;9,886E+01;1,083E+02;1,176E+02;1,267E+02;1,357E+02;1,448E+02;1,534E+02;1,623E+02;1,707E+02;1,787E+02;1,873E+02;4,601E-01;1,107E+00;1,770E+00;2,457E+00;3,145E+00;3,816E+00;4,478E+00;5,146E+00;5,782E+00;6,531E+00;7,114E+00;7,768E+00;8,456E+00;9,099E+00;9,732E+00;1,037E+01;1,102E+01;1,168E+01;1,230E+01;1,294E+01;4,632E-01;1,074E+00;1,673E+00;2,286E+00;2,877E+00;3,460E+00;4,059E+00;4,608E+00;5,194E+00;5,704E+00;6,288E+00;6,800E+00;7,348E+00;7,861E+00;8,379E+00;8,914E+00;9,460E+00;9,960E+00;1,043E+01;1,103E+01
CCT [K] (CIE1931 2°);5464;5463;5448;5437;5432;5428;5429;5427;5419;5418;5414;5408;5413;5413;5406;5410;5400;5408;5410;5405;0;0;0;0;0;0;0;0;0;0;0;0;0;0;0;0;0;0;0;0;0;0;0;0;0;0;0;0;0;0;0;0;0;0;0;0;0;0;0;0
;;;;;;;;;;;;;;;;;;;;;;;;;;;;;;;;;;;;;;;;;;;;;;;;;;;;;;;;;;;;
Chrom. Coord. (CIE1931 2°);;;;;;;;;;;;;;;;;;;;;;;;;;;;;;;;;;;;;;;;;;;;;;;;;;;;;;;;;;;;
x;0,3334;0,3334;0,3338;0,3341;0,3342;0,3343;0,3343;0,3343;0,3345;0,3346;0,3347;0,3348;0,3347;0,3347;0,3349;0,3348;0,3350;0,3348;0,3348;0,3349;0,7092;0,7194;0,7202;0,7165;0,7176;0,7175;0,7182;0,7195;0,7194;0,7172;0,7172;0,7192;0,7197;0,7190;0,7194;0,7192;0,7199;0,7187;0,7191;0,7191;0,6513;0,6735;0,7152;0,6721;0,6833;0,6880;0,6789;0,6934;0,6901;0,7082;0,6530;0,6862;0,7035;0,6986;0,6654;0,6933;0,6945;0,6897;0,6916;0,6642
y;0,3481;0,3487;0,3491;0,3496;0,3501;0,3503;0,3503;0,3506;0,3509;0,3511;0,3513;0,3513;0,3514;0,3514;0,3519;0,3516;0,3519;0,3518;0,3517;0,3517;0,2789;0,2777;0,2774;0,2780;0,2785;0,2770;0,2778;0,2787;0,2777;0,2774;0,2780;0,2776;0,2782;0,2785;0,2778;0,2772;0,2780;0,2784;0,2779;0,2775;0,2679;0,2911;0,2820;0,2701;0,2848;0,2826;0,2655;0,2758;0,2750;0,2754;0,2776;0,2745;0,2789;0,2737;0,2651;0,2764;0,2701;0,2687;0,2733;0,2739
;;;;;;;;;;;;;;;;;;;;;;;;;;;;;;;;;;;;;;;;;;;;;;;;;;;;;;;;;;;;
PAR;;;;;;;;;;;;;;;;;;;;;;;;;;;;;;;;;;;;;;;;;;;;;;;;;;;;;;;;;;;;
Begin [nm];400;400;400;400;400;400;400;400;400;400;400;400;400;400;400;400;400;400;400;400;400;400;400;400;400;400;400;400;400;400;400;400;400;400;400;400;400;400;400;400;400;400;400;400;400;400;400;400;400;400;400;400;400;400;400;400;400;400;400;400
End [nm];700;700;700;700;700;700;700;700;700;700;700;700;700;700;700;700;700;700;700;700;700;700;700;700;700;700;700;700;700;700;700;700;700;700;700;700;700;700;700;700;700;700;700;700;700;700;700;700;700;700;700;700;700;700;700;700;700;700;700;700
Ephot (Begin..End) [umol/s sqm];3,31547E+01;8,14408E+01;1,28917E+02;1,76478E+02;2,22348E+02;2,67767E+02;3,12375E+02;3,55788E+02;3,99138E+02;4,42398E+02;4,84407E+02;5,25890E+02;5,66259E+02;6,06836E+02;6,47088E+02;6,86560E+02;7,25475E+02;7,62848E+02;7,99508E+02;8,37400E+02;2,44149E+00;5,98083E+00;9,58604E+00;1,32736E+01;1,68984E+01;2,05077E+01;2,41029E+01;2,77036E+01;3,12093E+01;3,49321E+01;3,84861E+01;4,20161E+01;4,55040E+01;4,90717E+01;5,26114E+01;5,61299E+01;5,96137E+01;6,30817E+01;6,64644E+01;6,98527E+01;1,84679E-01;4,46582E-01;7,20433E-01;1,01934E+00;1,32019E+00;1,61933E+00;1,92596E+00;2,25320E+00;2,58553E+00;2,91020E+00;3,28299E+00;3,60509E+00;3,93857E+00;4,29227E+00;4,65806E+00;5,00709E+00;5,37702E+00;5,75036E+00;6,12130E+00;6,50141E+00
;;;;;;;;;;;;;;;;;;;;;;;;;;;;;;;;;;;;;;;;;;;;;;;;;;;;;;;;;;;;
;;;;;;;;;;;;;;;;;;;;;;;;;;;;;;;;;;;;;;;;;;;;;;;;;;;;;;;;;;;;
Wavelength [nm];Ee [W/(sqm*nm)];Ee [W/(sqm*nm)];Ee [W/(sqm*nm)];Ee [W/(sqm*nm)];Ee [W/(sqm*nm)];Ee [W/(sqm*nm)];Ee [W/(sqm*nm)];Ee [W/(sqm*nm)];Ee [W/(sqm*nm)];Ee [W/(sqm*nm)];Ee [W/(sqm*nm)];Ee [W/(sqm*nm)];Ee [W/(sqm*nm)];Ee [W/(sqm*nm)];Ee [W/(sqm*nm)];Ee [W/(sqm*nm)];Ee [W/(sqm*nm)];Ee [W/(sqm*nm)];Ee [W/(sqm*nm)];Ee [W/(sqm*nm)];Ee [W/(sqm*nm)];Ee [W/(sqm*nm)];Ee [W/(sqm*nm)];Ee [W/(sqm*nm)];Ee [W/(sqm*nm)];Ee [W/(sqm*nm)];Ee [W/(sqm*nm)];Ee [W/(sqm*nm)];Ee [W/(sqm*nm)];Ee [W/(sqm*nm)];Ee [W/(sqm*nm)];Ee [W/(sqm*nm)];Ee [W/(sqm*nm)];Ee [W/(sqm*nm)];Ee [W/(sqm*nm)];Ee [W/(sqm*nm)];Ee [W/(sqm*nm)];Ee [W/(sqm*nm)];Ee [W/(sqm*nm)];Ee [W/(sqm*nm)];Ee [W/(sqm*nm)];Ee [W/(sqm*nm)];Ee [W/(sqm*nm)];Ee [W/(sqm*nm)];Ee [W/(sqm*nm)];Ee [W/(sqm*nm)];Ee [W/(sqm*nm)];Ee [W/(sqm*nm)];Ee [W/(sqm*nm)];Ee [W/(sqm*nm)];Ee [W/(sqm*nm)];Ee [W/(sqm*nm)];Ee [W/(sqm*nm)];Ee [W/(sqm*nm)];Ee [W/(sqm*nm)];Ee [W/(sqm*nm)];Ee [W/(sqm*nm)];Ee [W/(sqm*nm)];Ee [W/(sqm*nm)];Ee [W/(sqm*nm)]
300;0,00000E+00;0,00000E+00;0,00000E+00;0,00000E+00;9,63168E-05;5,82131E-04;0,00000E+00;1,42010E-04;2,06409E-04;3,17147E-04;0,00000E+00;2,73116E-04;1,08219E-03;3,91671E-03;7,22774E-04;1,13608E-03;2,71040E-03;3,07179E-03;2,13014E-04;9,46493E-04;7,20086E-06;0,00000E+00;9,19071E-05;0,00000E+00;2,77956E-04;0,00000E+00;0,00000E+00;1,33929E-04;0,00000E+00;1,72300E-04;0,00000E+00;0,00000E+00;0,00000E+00;0,00000E+00;7,15020E-04;1,35520E-03;0,00000E+00;2,67859E-04;2,13014E-04;0,00000E+00;0,00000E+00;0,00000E+00;0,00000E+00;0,00000E+00;1,16140E-04;4,75585E-05;0,00000E+00;0,00000E+00;3,61387E-04;4,43780E-05;2,23481E-04;4,15226E-04;4,43060E-05;0,00000E+00;2,11383E-04;6,69632E-05;1,50202E-04;2,85895E-05;3,41303E-04;0,00000E+00
301;0,00000E+00;3,14533E-04;4,59488E-05;0,00000E+00;0,00000E+00;6,14225E-05;3,43127E-04;2,28752E-04;0,00000E+00;1,75154E-03;0,00000E+00;5,47450E-04;1,08116E-04;5,31712E-03;3,05003E-03;0,00000E+00;2,85983E-04;2,38288E-03;0,00000E+00;6,55324E-05;0,00000E+00;0,00000E+00;0,00000E+00;0,00000E+00;2,93280E-05;0,00000E+00;4,95562E-05;4,76639E-06;5,14691E-04;0,00000E+00;0,00000E+00;1,64569E-04;2,64922E-04;0,00000E+00;7,54441E-05;1,42992E-04;0,00000E+00;4,67036E-04;0,00000E+00;0,00000E+00;0,00000E+00;6,82091E-05;0,00000E+00;0,00000E+00;1,42947E-04;0,00000E+00;0,00000E+00;4,89790E-04;3,81311E-05;0,00000E+00;9,53278E-06;8,43907E-06;0,00000E+00;0,00000E+00;8,01175E-05;7,06550E-06;0,00000E+00;7,82891E-04;3,60120E-05;0,00000E+00
302;0,00000E+00;0,00000E+00;0,00000E+00;0,00000E+00;2,10894E-05;9,62388E-04;0,00000E+00;0,00000E+00;0,00000E+00;1,38884E-04;1,03610E-03;3,43332E-04;1,00759E-04;2,68413E-03;4,23202E-03;0,00000E+00;6,34804E-04;0,00000E+00;0,00000E+00;0,00000E+00;5,51840E-06;0,00000E+00;4,30402E-04;0,00000E+00;4,00167E-04;0,00000E+00;0,00000E+00;6,99619E-05;3,88677E-05;8,98574E-04;3,10528E-05;8,37271E-04;0,00000E+00;0,00000E+00;6,51252E-04;0,00000E+00;0,00000E+00;6,34804E-04;2,11601E-03;2,06128E-04;9,93252E-06;1,89286E-05;0,00000E+00;6,60017E-05;8,88252E-06;0,00000E+00;0,00000E+00;0,00000E+00;0,00000E+00;1,85151E-04;6,99619E-05;4,12900E-05;1,32036E-04;0,00000E+00;0,00000E+00;3,92087E-05;8,13851E-05;2,98198E-04;3,26290E-05;0,00000E+00
303;0,00000E+00;0,00000E+00;0,00000E+00;5,96825E-05;1,08075E-04;1,28340E-04;2,78518E-04;2,78518E-04;0,00000E+00;7,11731E-04;3,33981E-04;1,80565E-04;9,03147E-04;6,85892E-04;1,51196E-03;0,00000E+00;2,38730E-04;8,75343E-04;6,36613E-04;1,27644E-03;3,63500E-05;0,00000E+00;1,25074E-04;0,00000E+00;4,90236E-05;2,08659E-04;1,37914E-04;3,78424E-04;1,99183E-04;3,13788E-04;1,59134E-04;0,00000E+00;0,00000E+00;0,00000E+00;3,14892E-04;0,00000E+00;0,00000E+00;1,98942E-04;1,19365E-04;4,47401E-04;5,09006E-05;3,32194E-05;0,00000E+00;8,40435E-05;2,10329E-04;0,00000E+00;0,00000E+00;0,00000E+00;0,00000E+00;5,96825E-05;4,67947E-04;3,99455E-04;0,00000E+00;3,84518E-04;0,00000E+00;2,21177E-04;0,00000E+00;4,80613E-05;1,67212E-04;5,15126E-05
304;0,00000E+00;0,00000E+00;2,53942E-05;1,76271E-04;0,00000E+00;7,12755E-04;3,80119E-04;1,20186E-03;0,00000E+00;0,00000E+00;4,55815E-04;8,20779E-05;5,27894E-04;1,41485E-03;3,95984E-03;0,00000E+00;2,09573E-03;1,19466E-03;1,24811E-03;1,74207E-03;7,51189E-05;0,00000E+00;2,29142E-04;0,00000E+00;5,83416E-05;2,84776E-04;1,88224E-04;2,71514E-05;1,89634E-04;4,28255E-04;3,36677E-04;0,00000E+00;0,00000E+00;0,00000E+00;4,29761E-04;8,21745E-04;0,00000E+00;2,71514E-04;1,62908E-04;4,25951E-04;0,00000E+00;1,20731E-04;0,00000E+00;0,00000E+00;2,24930E-04;0,00000E+00;1,08735E-04;0,00000E+00;1,89634E-04;8,14541E-05;2,75755E-04;6,85405E-04;9,86072E-05;5,24787E-04;0,00000E+00;5,12690E-04;0,00000E+00;1,67399E-04;0,00000E+00;9,75830E-05
305;0,00000E+00;0,00000E+00;1,19761E-05;4,47163E-05;0,00000E+00;6,13275E-04;0,00000E+00;1,50584E-03;0,00000E+00;0,00000E+00;1,20345E-04;1,56027E-03;1,25438E-03;3,48135E-03;2,09864E-03;0,00000E+00;4,10356E-03;0,00000E+00;1,78865E-04;0,00000E+00;4,76800E-05;0,00000E+00;2,75618E-05;1,50540E-04;2,65701E-04;0,00000E+00;4,47258E-04;3,87102E-04;2,61478E-04;3,13113E-04;1,58780E-04;0,00000E+00;5,31332E-04;0,00000E+00;0,00000E+00;3,87541E-04;0,00000E+00;0,00000E+00;1,37636E-03;2,00882E-04;0,00000E+00;3,55560E-05;0,00000E+00;0,00000E+00;0,00000E+00;0,00000E+00;5,12801E-05;0,00000E+00;8,94326E-05;0,00000E+00;5,11240E-04;2,02328E-04;2,61212E-04;0,00000E+00;2,71156E-04;7,68890E-04;0,00000E+00;4,80123E-05;1,44430E-04;5,32594E-04
306;2,34291E-05;2,70876E-05;0,00000E+00;0,00000E+00;3,67438E-04;5,43029E-04;0,00000E+00;1,92036E-03;1,88983E-03;0,00000E+00;6,14762E-04;1,09386E-04;1,66790E-03;2,06282E-03;2,90154E-03;0,00000E+00;1,31267E-03;0,00000E+00;0,00000E+00;0,00000E+00;1,22321E-06;0,00000E+00;0,00000E+00;3,62692E-04;1,66986E-05;0,00000E+00;2,66084E-04;2,71386E-05;1,20616E-05;2,19515E-05;0,00000E+00;0,00000E+00;3,72502E-05;6,28899E-04;1,04806E-03;0,00000E+00;0,00000E+00;0,00000E+00;1,18000E-03;6,08436E-04;0,00000E+00;0,00000E+00;0,00000E+00;0,00000E+00;4,02375E-04;0,00000E+00;0,00000E+00;2,31994E-05;0,00000E+00;0,00000E+00;3,16618E-05;0,00000E+00;1,50526E-05;3,61071E-05;3,98494E-04;4,88623E-04;0,00000E+00;8,72526E-05;1,01256E-05;3,63751E-04
307;3,50647E-05;0,00000E+00;0,00000E+00;5,72287E-04;7,11607E-04;7,98960E-04;0,00000E+00;1,06326E-03;3,88179E-03;1,27874E-03;1,26419E-03;6,28271E-04;0,00000E+00;2,64507E-04;1,69679E-03;1,02417E-04;0,00000E+00;0,00000E+00;3,41390E-04;1,90497E-03;1,93459E-05;0,00000E+00;3,52741E-05;8,96150E-05;7,73459E-04;1,91821E-05;1,60958E-04;0,00000E+00;0,00000E+00;2,48525E-04;3,51608E-04;7,36814E-05;1,31791E-04;0,00000E+00;8,38737E-05;5,72287E-04;3,81525E-04;6,67668E-04;2,04834E-04;6,42730E-04;0,00000E+00;0,00000E+00;0,00000E+00;0,00000E+00;1,46285E-05;0,00000E+00;0,00000E+00;0,00000E+00;0,00000E+00;0,00000E+00;4,26738E-05;2,25168E-04;8,52091E-05;6,82599E-05;2,39136E-05;1,89774E-05;0,00000E+00;2,68831E-04;0,00000E+00;7,82083E-04
308;1,46518E-04;0,00000E+00;0,00000E+00;7,89291E-05;1,33833E-04;1,09148E-03;0,00000E+00;1,25055E-03;0,00000E+00;1,27431E-03;2,66021E-03;2,15614E-04;1,34277E-03;1,10524E-03;7,13251E-04;1,21724E-03;8,68221E-04;7,89291E-05;1,42650E-03;1,37722E-03;0,00000E+00;0,00000E+00;0,00000E+00;3,74457E-04;4,38870E-05;8,01526E-05;1,54517E-04;0,00000E+00;0,00000E+00;1,03846E-03;1,42460E-04;3,07878E-04;7,33507E-04;0,00000E+00;1,04110E-04;9,47150E-04;0,00000E+00;0,00000E+00;8,55901E-04;0,00000E+00;0,00000E+00;1,41211E-05;1,06034E-05;0,00000E+00;6,11253E-05;0,00000E+00;0,00000E+00;0,00000E+00;0,00000E+00;0,00000E+00;1,78313E-04;0,00000E+00;3,56047E-04;4,03586E-04;9,99231E-05;7,92971E-05;0,00000E+00;0,00000E+00;0,00000E+00;0,00000E+00
309;0,00000E+00;2,00248E-04;0,00000E+00;9,66164E-05;2,89193E-04;7,94006E-04;0,00000E+00;4,83082E-04;0,00000E+00;1,49398E-03;2,02748E-04;8,38171E-04;1,64367E-03;1,37912E-03;2,34137E-03;1,08939E-03;1,06278E-03;9,66164E-05;0,00000E+00;8,85576E-04;0,00000E+00;0,00000E+00;7,97530E-05;2,00248E-04;3,79122E-04;0,00000E+00;1,86874E-04;6,16149E-05;0,00000E+00;0,00000E+00;0,00000E+00;0,00000E+00;2,23787E-04;0,00000E+00;3,98346E-04;1,77555E-03;0,00000E+00;4,31304E-04;1,84845E-04;1,45318E-03;7,53046E-05;1,72854E-05;1,29796E-05;2,88865E-05;5,28037E-05;0,00000E+00;0,00000E+00;0,00000E+00;0,00000E+00;0,00000E+00;1,69441E-04;0,00000E+00;2,11458E-04;1,44886E-04;6,47396E-05;1,59837E-04;0,00000E+00;0,00000E+00;1,03450E-04;0,00000E+00
310;5,38308E-05;1,24456E-04;0,00000E+00;0,00000E+00;1,64506E-04;5,96304E-04;0,00000E+00;0,00000E+00;0,00000E+00;6,18971E-04;0,00000E+00;2,35408E-03;0,00000E+00;8,57134E-04;4,62126E-03;2,37455E-03;2,82139E-03;4,97892E-04;0,00000E+00;0,00000E+00;1,68310E-05;0,00000E+00;3,24584E-04;8,29649E-05;1,57074E-04;6,21681E-05;7,74236E-05;2,55277E-05;0,00000E+00;1,00682E-04;0,00000E+00;0,00000E+00;0,00000E+00;1,37615E-04;1,12239E-04;2,55277E-04;0,00000E+00;1,78694E-04;7,65830E-05;6,02067E-04;3,11994E-05;0,00000E+00;0,00000E+00;9,95017E-05;2,18771E-05;0,00000E+00;0,00000E+00;0,00000E+00;0,00000E+00;0,00000E+00;7,02011E-05;4,89743E-05;8,76090E-05;0,00000E+00;2,68223E-05;6,62221E-05;4,46826E-04;0,00000E+00;4,28604E-05;0,00000E+00
311;2,17819E-06;1,67887E-06;2,51810E-04;0,00000E+00;4,29681E-04;1,10463E-03;3,13403E-04;1,25361E-03;1,21474E-03;6,66588E-04;0,00000E+00;8,12030E-05;0,00000E+00;9,10905E-04;7,74546E-04;7,20822E-04;1,14163E-04;2,94524E-03;0,00000E+00;2,63323E-03;6,81043E-07;0,00000E+00;1,17968E-05;0,00000E+00;0,00000E+00;2,51554E-06;0,00000E+00;0,00000E+00;0,00000E+00;2,57575E-04;0,00000E+00;8,26722E-04;0,00000E+00;5,56840E-06;0,00000E+00;5,22338E-04;8,35741E-04;9,40208E-04;8,35741E-04;5,86633E-04;0,00000E+00;0,00000E+00;0,00000E+00;3,54192E-06;0,00000E+00;5,24787E-05;0,00000E+00;0,00000E+00;3,39520E-04;0,00000E+00;0,00000E+00;3,71909E-04;0,00000E+00;0,00000E+00;3,65885E-05;0,00000E+00;1,80802E-05;0,00000E+00;0,00000E+00;0,00000E+00
312;0,00000E+00;2,41509E-04;7,37347E-06;1,74364E-04;5,95642E-05;2,82930E-04;2,56957E-04;1,22950E-03;0,00000E+00;0,00000E+00;0,00000E+00;2,78756E-03;5,94752E-05;4,10817E-04;4,40497E-04;0,00000E+00;2,20249E-04;2,02128E-03;1,17978E-03;0,00000E+00;4,89846E-05;0,00000E+00;0,00000E+00;0,00000E+00;1,07287E-04;0,00000E+00;3,04407E-04;1,14168E-03;0,00000E+00;0,00000E+00;9,77579E-05;0,00000E+00;3,02612E-04;9,13137E-05;0,00000E+00;8,78215E-05;8,63809E-04;8,78215E-05;1,20208E-03;1,85519E-04;0,00000E+00;0,00000E+00;0,00000E+00;0,00000E+00;1,38546E-04;3,68802E-05;2,34996E-04;0,00000E+00;8,25932E-05;0,00000E+00;0,00000E+00;5,41609E-06;1,87303E-04;0,00000E+00;1,99277E-04;0,00000E+00;7,76518E-05;7,39010E-06;0,00000E+00;2,43240E-04
313;0,00000E+00;0,00000E+00;2,64280E-05;6,24954E-04;6,20393E-04;2,88280E-04;1,08006E-03;0,00000E+00;0,00000E+00;0,00000E+00;0,00000E+00;1,38257E-03;2,13171E-04;2,15719E-03;2,05607E-03;1,03402E-03;7,89415E-04;2,05607E-03;1,71040E-03;0,00000E+00;0,00000E+00;0,00000E+00;0,00000E+00;0,00000E+00;3,96775E-04;0,00000E+00;6,89253E-05;0,00000E+00;0,00000E+00;0,00000E+00;4,82774E-04;0,00000E+00;5,70477E-04;6,57053E-04;0,00000E+00;0,00000E+00;3,42678E-04;0,00000E+00;2,50281E-03;6,64939E-04;0,00000E+00;1,66020E-05;0,00000E+00;0,00000E+00;1,15146E-04;1,32186E-04;0,00000E+00;0,00000E+00;4,15340E-04;0,00000E+00;2,98274E-05;1,36769E-04;8,20974E-05;0,00000E+00;7,14249E-04;0,00000E+00;2,78320E-04;2,64876E-05;0,00000E+00;5,67794E-05
314;1,96446E-05;0,00000E+00;0,00000E+00;5,14809E-04;6,82539E-04;8,04962E-04;1,75015E-04;6,05657E-05;2,11276E-04;0,00000E+00;1,18623E-03;2,71114E-03;0,00000E+00;1,06617E-03;5,25044E-04;1,25873E-03;0,00000E+00;5,25044E-04;2,42263E-04;0,00000E+00;7,06353E-05;3,58717E-05;0,00000E+00;0,00000E+00;1,34610E-05;0,00000E+00;6,53146E-04;1,51414E-04;2,11980E-04;0,00000E+00;1,45651E-04;1,74290E-04;2,36470E-04;3,62800E-04;5,32586E-05;0,00000E+00;8,75074E-05;3,63394E-04;4,37537E-04;9,52291E-04;0,00000E+00;1,82651E-05;0,00000E+00;0,00000E+00;9,22950E-05;0,00000E+00;0,00000E+00;5,18720E-05;1,31261E-04;0,00000E+00;3,28153E-05;1,29113E-04;0,00000E+00;0,00000E+00;0,00000E+00;0,00000E+00;9,31781E-05;1,95090E-04;0,00000E+00;0,00000E+00
315;7,28293E-06;0,00000E+00;0,00000E+00;1,90857E-04;0,00000E+00;4,43859E-04;0,00000E+00;2,24537E-05;7,83270E-05;0,00000E+00;4,39777E-04;4,41201E-04;0,00000E+00;1,15980E-04;0,00000E+00;4,49075E-05;1,14295E-03;1,63279E-04;8,98150E-05;7,48299E-04;2,61869E-05;1,32988E-05;0,00000E+00;0,00000E+00;4,26984E-04;1,83487E-04;2,14031E-04;1,37774E-04;8,54162E-04;0,00000E+00;0,00000E+00;1,23928E-03;0,00000E+00;0,00000E+00;1,97448E-05;8,16394E-04;0,00000E+00;1,34722E-04;8,16394E-05;1,72837E-03;0,00000E+00;0,00000E+00;0,00000E+00;0,00000E+00;6,41426E-06;2,73407E-05;0,00000E+00;1,92307E-05;4,08197E-05;0,00000E+00;0,00000E+00;0,00000E+00;5,60360E-04;5,44118E-05;0,00000E+00;0,00000E+00;3,45442E-05;7,23265E-05;0,00000E+00;6,34175E-04
316;1,42630E-04;1,52217E-04;0,00000E+00;0,00000E+00;2,06479E-04;1,39343E-03;8,11821E-04;3,04433E-04;7,07984E-04;0,00000E+00;7,09833E-04;0,00000E+00;0,00000E+00;0,00000E+00;2,63842E-03;2,43546E-03;1,73892E-05;2,48417E-06;0,00000E+00;9,41519E-04;0,00000E+00;0,00000E+00;0,00000E+00;1,77586E-04;6,49627E-06;1,54841E-04;0,00000E+00;1,24209E-06;1,17998E-05;0,00000E+00;6,75617E-05;6,74921E-04;1,33193E-03;0,00000E+00;8,92347E-05;3,16854E-04;5,07388E-04;0,00000E+00;2,04197E-04;2,09247E-05;5,91933E-05;0,00000E+00;0,00000E+00;0,00000E+00;0,00000E+00;4,15970E-07;2,32747E-04;0,00000E+00;6,21044E-07;0,00000E+00;5,07388E-05;1,79670E-04;4,20110E-04;8,27838E-07;1,77707E-04;3,00853E-04;0,00000E+00;0,00000E+00;2,98163E-04;9,64853E-06
317;2,74046E-05;2,92466E-05;4,69977E-05;2,03721E-04;3,88068E-04;1,57037E-04;0,00000E+00;1,12921E-03;7,73587E-04;4,97646E-05;1,36386E-04;3,24177E-04;0,00000E+00;3,11228E-03;1,55982E-04;1,64726E-03;3,11964E-04;1,15308E-03;8,23629E-04;2,81095E-03;3,02232E-05;0,00000E+00;1,23827E-04;1,46233E-05;0,00000E+00;0,00000E+00;3,21172E-04;9,74888E-06;0,00000E+00;1,18283E-04;2,72605E-04;2,10407E-04;9,03232E-05;6,23565E-04;3,06849E-04;3,89955E-04;0,00000E+00;3,89955E-05;9,88354E-04;8,75910E-05;0,00000E+00;0,00000E+00;0,00000E+00;0,00000E+00;5,88205E-05;0,00000E+00;1,49065E-05;0,00000E+00;2,88270E-04;0,00000E+00;8,23629E-05;0,00000E+00;7,70899E-05;4,31197E-04;0,00000E+00;5,78054E-05;0,00000E+00;0,00000E+00;0,00000E+00;1,93530E-04
318;8,56686E-05;9,14268E-05;1,46918E-04;1,21902E-04;1,65359E-04;4,90909E-04;4,37427E-04;1,82854E-04;1,06007E-03;1,55567E-04;7,60146E-04;2,51605E-03;0,00000E+00;5,56710E-04;4,87610E-04;1,27252E-03;1,77054E-03;0,00000E+00;0,00000E+00;4,30665E-03;9,13989E-06;0,00000E+00;1,01435E-04;1,25246E-04;7,34053E-05;2,97918E-05;3,44594E-05;3,04756E-05;0,00000E+00;3,69760E-04;1,06398E-03;6,57747E-04;2,82356E-04;4,54860E-04;4,73219E-04;1,57692E-03;0,00000E+00;1,61669E-04;0,00000E+00;3,63137E-04;0,00000E+00;4,74298E-05;0,00000E+00;0,00000E+00;0,00000E+00;0,00000E+00;4,65988E-05;0,00000E+00;1,19298E-04;4,97076E-05;0,00000E+00;7,04074E-05;1,24067E-05;6,09350E-05;0,00000E+00;1,80703E-04;1,37652E-04;0,00000E+00;0,00000E+00;7,76601E-04
319;0,00000E+00;0,00000E+00;0,00000E+00;2,68993E-04;6,48684E-04;0,00000E+00;5,01529E-04;0,00000E+00;5,57134E-04;0,00000E+00;3,37096E-04;1,51751E-03;0,00000E+00;3,44131E-04;8,36868E-04;2,24152E-03;1,99871E-03;0,00000E+00;0,00000E+00;3,49480E-03;2,73265E-05;9,91315E-05;0,00000E+00;2,74592E-04;2,39645E-04;3,00864E-05;3,48001E-05;0,00000E+00;0,00000E+00;0,00000E+00;2,13898E-04;3,01032E-04;0,00000E+00;0,00000E+00;5,28899E-04;3,61434E-04;0,00000E+00;4,01593E-05;3,58658E-04;9,02051E-05;0,00000E+00;4,78988E-05;0,00000E+00;0,00000E+00;0,00000E+00;0,00000E+00;0,00000E+00;2,43180E-04;1,20478E-04;6,51432E-05;2,09217E-04;1,76940E-04;1,24428E-04;0,00000E+00;0,00000E+00;0,00000E+00;1,39013E-04;0,00000E+00;0,00000E+00;1,73310E-04
320;0,00000E+00;0,00000E+00;6,38878E-05;8,86874E-05;3,21733E-04;0,00000E+00;5,76312E-04;2,30593E-03;1,37500E-04;7,10316E-04;0,00000E+00;1,20186E-04;1,28831E-03;3,41677E-04;2,75916E-04;3,15333E-04;3,94166E-04;0,00000E+00;0,00000E+00;1,18356E-03;6,99542E-06;3,26838E-05;0,00000E+00;4,81505E-04;6,41684E-04;1,78712E-04;3,44518E-04;6,36118E-04;0,00000E+00;0,00000E+00;0,00000E+00;9,92505E-05;6,13919E-05;1,25272E-03;1,04583E-04;1,03369E-03;1,74933E-03;7,95148E-04;2,77279E-04;0,00000E+00;0,00000E+00;0,00000E+00;0,00000E+00;0,00000E+00;0,00000E+00;0,00000E+00;0,00000E+00;2,16379E-04;0,00000E+00;2,83229E-04;9,43642E-04;3,48943E-05;5,82671E-04;0,00000E+00;3,62039E-04;0,00000E+00;0,00000E+00;0,00000E+00;0,00000E+00;3,43150E-04
321;0,00000E+00;4,67917E-04;0,00000E+00;6,68961E-07;2,03161E-04;1,61554E-04;0,00000E+00;9,87764E-04;1,60934E-03;1,25713E-04;1,65376E-03;2,69634E-06;0,00000E+00;6,78435E-04;1,97642E-03;5,92837E-04;0,00000E+00;8,91948E-07;0,00000E+00;0,00000E+00;0,00000E+00;0,00000E+00;0,00000E+00;4,45974E-07;8,23236E-07;4,17641E-06;0,00000E+00;1,78390E-06;0,00000E+00;1,35275E-06;0,00000E+00;0,00000E+00;2,06597E-06;3,26729E-04;5,19744E-04;1,18211E-03;8,91948E-07;7,13559E-06;1,02969E-04;1,00174E-06;0,00000E+00;0,00000E+00;0,00000E+00;0,00000E+00;2,67335E-04;1,48456E-04;1,32479E-04;0,00000E+00;0,00000E+00;0,00000E+00;2,21645E-04;0,00000E+00;1,22936E-04;0,00000E+00;1,56197E-07;2,19038E-04;0,00000E+00;0,00000E+00;0,00000E+00;0,00000E+00
322;0,00000E+00;0,00000E+00;4,86807E-05;1,15676E-04;4,70740E-04;7,08351E-04;0,00000E+00;4,62706E-04;1,15077E-03;0,00000E+00;0,00000E+00;8,02035E-04;0,00000E+00;5,21591E-04;1,44317E-03;7,93174E-04;8,07840E-05;1,54235E-04;0,00000E+00;0,00000E+00;3,27704E-05;0,00000E+00;0,00000E+00;7,71176E-05;1,73420E-04;7,22183E-04;0,00000E+00;3,08470E-04;0,00000E+00;2,33917E-04;0,00000E+00;0,00000E+00;5,28769E-04;0,00000E+00;0,00000E+00;1,00980E-04;1,54235E-04;1,23388E-03;7,91372E-04;3,09312E-04;8,97570E-06;0,00000E+00;0,00000E+00;0,00000E+00;2,88465E-06;6,76356E-05;1,17917E-04;0,00000E+00;0,00000E+00;0,00000E+00;5,04900E-05;0,00000E+00;6,30101E-06;0,00000E+00;2,70095E-05;0,00000E+00;3,88384E-05;0,00000E+00;0,00000E+00;0,00000E+00
323;0,00000E+00;2,96801E-05;3,43674E-04;0,00000E+00;0,00000E+00;5,95095E-04;4,35308E-04;3,95735E-05;4,62620E-04;0,00000E+00;0,00000E+00;1,00479E-03;0,00000E+00;1,46788E-03;1,02305E-03;1,36407E-03;1,25626E-03;1,58294E-04;3,95735E-04;6,34772E-04;1,14297E-04;0,00000E+00;0,00000E+00;9,89337E-06;8,74295E-05;0,00000E+00;0,00000E+00;0,00000E+00;9,89337E-05;0,00000E+00;3,16166E-04;1,99291E-04;4,82704E-04;0,00000E+00;0,00000E+00;2,84181E-04;0,00000E+00;0,00000E+00;1,75557E-04;1,09411E-03;2,52597E-05;0,00000E+00;0,00000E+00;0,00000E+00;1,94228E-05;1,90342E-04;0,00000E+00;0,00000E+00;1,87974E-04;0,00000E+00;1,42090E-04;0,00000E+00;6,71191E-05;0,00000E+00;0,00000E+00;0,00000E+00;2,15844E-04;4,78018E-05;0,00000E+00;0,00000E+00
324;0,00000E+00;2,77576E-05;4,76280E-04;0,00000E+00;2,78700E-04;4,25515E-04;9,94133E-04;3,70101E-05;1,50168E-03;1,49827E-04;1,64248E-03;4,10851E-04;0,00000E+00;0,00000E+00;7,04426E-04;8,21830E-04;2,48852E-03;1,20468E-03;6,04910E-04;1,13171E-03;1,30778E-04;0,00000E+00;0,00000E+00;9,25253E-06;0,00000E+00;0,00000E+00;4,83250E-04;1,17404E-04;9,25253E-05;0,00000E+00;2,95687E-04;3,13077E-04;0,00000E+00;0,00000E+00;9,80778E-04;8,21830E-04;5,87022E-04;0,00000E+00;1,10897E-03;6,65051E-04;0,00000E+00;0,00000E+00;0,00000E+00;0,00000E+00;1,05725E-05;0,00000E+00;0,00000E+00;0,00000E+00;2,19825E-04;0,00000E+00;2,78835E-04;0,00000E+00;2,84278E-04;0,00000E+00;0,00000E+00;1,74035E-04;9,96426E-05;4,47054E-05;0,00000E+00;0,00000E+00
325;0,00000E+00;7,77865E-05;3,65761E-04;0,00000E+00;1,24391E-03;1,27079E-04;1,75312E-04;0,00000E+00;1,17207E-03;4,47453E-05;1,57875E-03;2,10474E-03;1,00825E-03;8,03579E-04;2,10375E-04;2,45437E-04;4,55811E-04;1,56015E-03;3,81271E-04;1,60689E-04;3,28912E-05;0,00000E+00;0,00000E+00;5,83399E-05;7,17941E-05;0,00000E+00;1,44321E-04;1,12849E-04;0,00000E+00;0,00000E+00;2,07154E-04;3,78371E-05;0,00000E+00;0,00000E+00;4,29710E-04;2,45437E-04;1,88661E-03;0,00000E+00;6,09176E-04;8,73613E-05;0,00000E+00;0,00000E+00;0,00000E+00;0,00000E+00;0,00000E+00;0,00000E+00;1,18940E-04;0,00000E+00;2,27061E-04;0,00000E+00;1,22166E-04;0,00000E+00;7,11050E-05;0,00000E+00;0,00000E+00;5,19751E-05;0,00000E+00;2,19240E-04;0,00000E+00;7,04953E-04
326;0,00000E+00;0,00000E+00;3,02087E-04;6,02335E-04;1,01281E-03;8,95622E-04;0,00000E+00;0,00000E+00;3,70464E-05;3,54774E-04;0,00000E+00;7,08351E-04;0,00000E+00;0,00000E+00;2,12400E-05;1,32920E-03;0,00000E+00;0,00000E+00;1,48267E-03;3,24472E-05;0,00000E+00;0,00000E+00;0,00000E+00;9,26670E-05;4,30364E-04;2,08272E-04;2,82586E-04;6,54864E-04;1,39000E-04;4,29507E-06;0,00000E+00;6,66669E-04;9,56607E-06;7,33829E-06;8,77128E-05;2,20734E-04;9,26670E-04;4,24799E-05;9,51450E-04;2,18665E-05;0,00000E+00;4,42103E-05;0,00000E+00;0,00000E+00;3,03376E-06;1,24135E-04;0,00000E+00;0,00000E+00;0,00000E+00;0,00000E+00;9,73498E-06;1,36725E-04;1,10445E-06;0,00000E+00;0,00000E+00;0,00000E+00;5,75024E-04;1,02095E-03;7,77930E-05;1,23792E-04
327;0,00000E+00;0,00000E+00;1,91779E-04;0,00000E+00;2,95758E-04;0,00000E+00;0,00000E+00;2,06555E-05;1,78536E-03;5,27195E-05;3,75660E-04;6,10539E-04;4,68530E-04;6,40150E-04;1,40918E-03;1,30820E-03;0,00000E+00;3,30488E-04;3,71799E-04;1,37964E-03;1,36159E-05;1,46805E-05;0,00000E+00;0,00000E+00;1,81700E-04;0,00000E+00;1,88272E-04;2,54372E-04;0,00000E+00;1,76359E-04;1,78776E-04;0,00000E+00;3,92792E-04;5,23972E-04;2,55637E-04;1,61880E-03;0,00000E+00;2,11606E-03;1,01749E-03;8,97860E-04;0,00000E+00;0,00000E+00;2,95988E-05;0,00000E+00;1,71773E-04;0,00000E+00;0,00000E+00;0,00000E+00;0,00000E+00;0,00000E+00;4,15219E-04;1,82857E-05;1,35571E-04;0,00000E+00;0,00000E+00;0,00000E+00;2,11560E-04;5,55998E-04;0,00000E+00;1,56822E-04
328;0,00000E+00;0,00000E+00;1,53444E-04;3,14386E-04;3,46498E-04;0,00000E+00;1,96491E-04;5,34326E-05;6,83440E-04;1,08924E-03;1,41160E-03;1,85544E-03;1,21202E-03;1,65597E-03;1,46784E-03;0,00000E+00;0,00000E+00;1,32650E-03;1,43336E-03;1,22439E-04;3,52222E-05;3,79762E-05;1,45334E-05;1,96491E-04;1,80826E-04;0,00000E+00;3,24114E-04;3,92982E-05;0,00000E+00;1,66881E-04;6,45613E-04;0,00000E+00;0,00000E+00;6,41144E-04;0,00000E+00;4,27461E-04;9,03859E-04;9,61786E-04;3,92982E-04;9,70980E-04;0,00000E+00;0,00000E+00;7,65674E-05;7,36957E-05;1,22111E-04;0,00000E+00;0,00000E+00;0,00000E+00;0,00000E+00;0,00000E+00;8,91972E-05;4,73022E-05;4,78604E-04;0,00000E+00;0,00000E+00;4,36906E-05;1,77134E-04;0,00000E+00;3,29904E-05;2,03512E-04
329;0,00000E+00;5,05391E-04;4,21820E-04;2,75850E-04;3,04026E-04;1,39559E-04;1,72406E-04;0,00000E+00;4,02969E-04;1,79429E-03;1,11315E-03;9,90241E-04;0,00000E+00;0,00000E+00;6,89624E-05;2,31036E-04;0,00000E+00;4,13775E-04;4,13775E-04;0,00000E+00;0,00000E+00;0,00000E+00;1,27519E-05;1,72406E-04;0,00000E+00;0,00000E+00;0,00000E+00;2,65517E-04;0,00000E+00;1,46426E-04;3,52972E-04;2,49319E-04;2,22973E-04;5,71828E-05;5,07905E-05;0,00000E+00;1,02410E-03;0,00000E+00;3,44812E-04;1,88986E-03;0,00000E+00;0,00000E+00;0,00000E+00;6,46624E-05;9,07485E-05;0,00000E+00;8,83164E-05;0,00000E+00;0,00000E+00;0,00000E+00;1,58619E-04;3,40881E-05;2,15158E-04;0,00000E+00;0,00000E+00;3,38004E-04;1,19358E-04;1,62793E-04;2,89466E-05;1,78567E-04
330;0,00000E+00;1,37525E-04;8,83981E-05;2,65721E-04;0,00000E+00;1,68895E-03;5,31442E-04;7,59203E-05;3,74493E-04;2,60749E-04;1,97894E-04;0,00000E+00;0,00000E+00;0,00000E+00;0,00000E+00;1,58128E-03;0,00000E+00;0,00000E+00;9,11044E-04;6,95878E-04;7,69936E-06;0,00000E+00;0,00000E+00;3,79602E-05;0,00000E+00;1,99072E-04;5,26311E-04;6,28687E-05;0,00000E+00;0,00000E+00;2,03959E-04;5,59414E-04;1,77908E-04;0,00000E+00;6,81428E-04;5,31442E-04;6,28687E-05;0,00000E+00;3,79602E-04;4,52960E-04;0,00000E+00;0,00000E+00;0,00000E+00;0,00000E+00;2,46942E-05;0,00000E+00;2,40324E-05;0,00000E+00;0,00000E+00;0,00000E+00;1,07355E-04;9,27595E-06;0,00000E+00;0,00000E+00;0,00000E+00;2,50357E-04;0,00000E+00;4,42987E-05;0,00000E+00;0,00000E+00
331;0,00000E+00;9,07253E-05;4,30656E-04;9,74941E-06;1,40071E-04;5,68865E-04;1,67085E-03;2,78555E-05;3,23901E-06;0,00000E+00;1,23027E-04;3,36825E-05;1,92127E-04;6,29626E-04;3,96328E-04;3,71575E-03;0,00000E+00;1,28135E-04;1,11422E-05;1,20907E-03;0,00000E+00;3,95955E-06;0,00000E+00;0,00000E+00;5,99890E-06;5,62087E-04;3,81021E-05;2,19849E-04;0,00000E+00;1,68985E-05;0,00000E+00;3,00598E-05;2,10142E-04;2,54071E-05;1,02489E-03;5,27638E-04;0,00000E+00;0,00000E+00;5,27638E-04;5,00547E-05;0,00000E+00;0,00000E+00;0,00000E+00;0,00000E+00;1,28790E-04;0,00000E+00;0,00000E+00;0,00000E+00;0,00000E+00;0,00000E+00;1,88024E-05;1,03800E-04;5,76168E-04;0,00000E+00;9,75605E-07;0,00000E+00;0,00000E+00;0,00000E+00;7,38245E-05;3,79509E-04
332;0,00000E+00;8,93307E-05;2,57101E-04;3,64654E-04;7,65211E-04;5,51967E-05;6,23954E-05;8,10113E-04;7,96887E-05;2,65422E-05;0,00000E+00;1,08018E-03;1,22141E-03;5,89981E-04;1,17971E-03;7,97839E-04;4,57566E-04;3,15248E-03;8,98083E-04;8,57865E-04;0,00000E+00;9,74161E-05;0,00000E+00;0,00000E+00;1,85982E-04;5,13427E-05;0,00000E+00;0,00000E+00;9,35930E-05;4,28367E-04;2,21555E-04;8,14371E-04;2,39028E-04;6,76824E-04;5,36980E-04;0,00000E+00;0,00000E+00;0,00000E+00;0,00000E+00;1,58187E-03;0,00000E+00;0,00000E+00;0,00000E+00;0,00000E+00;7,83091E-05;0,00000E+00;0,00000E+00;0,00000E+00;0,00000E+00;3,11977E-05;5,97783E-04;0,00000E+00;0,00000E+00;0,00000E+00;2,40026E-05;0,00000E+00;0,00000E+00;6,69945E-05;1,74601E-05;0,00000E+00
333;4,16188E-05;5,00258E-05;2,82926E-04;4,34884E-04;6,10733E-04;0,00000E+00;3,42548E-04;3,00155E-04;3,58084E-04;6,04212E-04;4,30823E-04;1,24492E-03;0,00000E+00;0,00000E+00;2,77091E-04;9,85250E-04;1,94744E-03;0,00000E+00;1,50077E-03;2,06339E-03;0,00000E+00;0,00000E+00;0,00000E+00;5,77411E-05;1,98930E-04;0,00000E+00;0,00000E+00;0,00000E+00;2,25116E-04;3,03481E-05;9,42955E-04;4,01497E-04;1,93120E-04;4,75549E-04;2,33521E-04;0,00000E+00;0,00000E+00;0,00000E+00;3,84940E-04;8,42753E-04;0,00000E+00;0,00000E+00;0,00000E+00;0,00000E+00;0,00000E+00;1,93373E-05;3,67871E-05;0,00000E+00;0,00000E+00;7,50387E-05;4,98391E-04;0,00000E+00;0,00000E+00;0,00000E+00;0,00000E+00;0,00000E+00;0,00000E+00;1,61140E-04;4,19962E-05;0,00000E+00
334;3,45091E-05;0,00000E+00;5,12906E-05;2,23646E-04;7,59176E-04;0,00000E+00;1,59591E-04;0,00000E+00;2,96913E-04;4,48059E-04;3,57226E-04;1,46120E-03;0,00000E+00;0,00000E+00;5,11568E-04;6,54980E-04;1,14993E-03;0,00000E+00;0,00000E+00;0,00000E+00;0,00000E+00;0,00000E+00;0,00000E+00;4,78772E-05;8,83778E-05;0,00000E+00;7,27467E-05;0,00000E+00;0,00000E+00;0,00000E+00;4,89052E-04;5,05810E-04;0,00000E+00;2,91127E-04;8,42019E-05;8,95463E-04;0,00000E+00;0,00000E+00;1,55044E-03;5,65698E-04;0,00000E+00;0,00000E+00;0,00000E+00;0,00000E+00;0,00000E+00;1,00377E-04;2,01654E-04;0,00000E+00;0,00000E+00;0,00000E+00;1,71615E-04;0,00000E+00;0,00000E+00;0,00000E+00;0,00000E+00;0,00000E+00;1,72204E-04;1,57741E-04;0,00000E+00;0,00000E+00
335;0,00000E+00;9,18489E-05;0,00000E+00;2,82656E-05;4,90729E-04;0,00000E+00;0,00000E+00;0,00000E+00;8,54409E-05;0,00000E+00;0,00000E+00;6,79228E-04;0,00000E+00;0,00000E+00;1,13062E-04;1,84830E-03;1,13062E-04;2,79221E-03;0,00000E+00;6,73503E-04;4,47107E-05;0,00000E+00;0,00000E+00;0,00000E+00;1,35637E-04;0,00000E+00;1,83702E-05;6,61312E-04;0,00000E+00;3,12032E-04;3,76372E-05;1,24432E-03;0,00000E+00;0,00000E+00;0,00000E+00;2,26125E-04;2,93917E-04;0,00000E+00;9,72233E-04;1,42852E-04;0,00000E+00;0,00000E+00;0,00000E+00;0,00000E+00;1,99409E-04;2,12986E-05;4,32195E-05;0,00000E+00;0,00000E+00;0,00000E+00;9,89153E-05;0,00000E+00;0,00000E+00;0,00000E+00;0,00000E+00;0,00000E+00;3,54359E-04;3,98331E-05;0,00000E+00;0,00000E+00
336;0,00000E+00;7,78621E-06;9,88717E-05;4,56395E-04;3,28592E-05;1,98221E-04;0,00000E+00;0,00000E+00;5,72352E-04;0,00000E+00;1,79416E-03;5,23056E-06;5,60683E-06;4,47578E-04;1,52264E-04;0,00000E+00;0,00000E+00;1,38422E-05;0,00000E+00;7,51944E-04;0,00000E+00;1,94355E-05;0,00000E+00;1,73027E-06;9,58185E-06;2,85181E-05;7,49683E-06;0,00000E+00;0,00000E+00;0,00000E+00;7,30777E-04;8,46190E-04;1,60309E-05;6,80242E-04;2,88558E-04;6,56297E-04;0,00000E+00;0,00000E+00;0,00000E+00;2,33190E-05;0,00000E+00;0,00000E+00;7,34731E-06;0,00000E+00;0,00000E+00;9,78971E-05;0,00000E+00;7,02613E-05;0,00000E+00;1,02546E-04;0,00000E+00;0,00000E+00;4,31866E-06;0,00000E+00;0,00000E+00;0,00000E+00;0,00000E+00;0,00000E+00;2,17881E-05;1,77018E-04
337;0,00000E+00;1,53644E-04;0,00000E+00;1,71452E-04;5,99360E-04;0,00000E+00;1,57766E-04;9,86038E-05;2,29311E-05;7,55006E-05;1,29503E-03;3,91354E-04;3,23652E-04;4,25018E-04;3,07033E-03;6,31064E-04;3,54974E-04;5,62382E-04;0,00000E+00;2,25948E-04;0,00000E+00;0,00000E+00;1,82329E-05;8,01582E-05;1,70875E-04;5,08569E-04;1,59326E-04;1,08464E-04;0,00000E+00;0,00000E+00;3,69782E-04;3,55180E-04;4,68595E-04;1,47170E-04;0,00000E+00;0,00000E+00;1,97208E-05;0,00000E+00;1,77487E-04;4,15853E-04;0,00000E+00;0,00000E+00;0,00000E+00;2,31139E-06;0,00000E+00;3,10010E-05;3,76926E-06;0,00000E+00;0,00000E+00;4,93019E-06;1,97208E-05;0,00000E+00;7,70156E-05;0,00000E+00;5,52557E-05;0,00000E+00;0,00000E+00;0,00000E+00;3,88553E-04;5,10636E-05
338;0,00000E+00;3,39133E-05;1,44937E-05;1,80871E-04;3,73240E-04;1,45287E-04;1,11937E-03;2,98244E-04;5,25788E-05;5,41443E-04;1,00945E-04;6,83460E-04;1,15583E-03;0,00000E+00;8,13919E-04;1,44697E-03;8,13919E-04;1,22857E-03;0,00000E+00;5,18077E-04;0,00000E+00;0,00000E+00;4,18063E-05;1,13044E-04;1,22094E-04;2,16228E-04;9,00384E-05;2,48698E-04;9,01942E-05;0,00000E+00;0,00000E+00;4,67193E-04;6,41781E-04;3,37446E-04;5,39325E-04;4,32932E-04;4,52177E-05;0,00000E+00;8,03814E-04;0,00000E+00;0,00000E+00;0,00000E+00;0,00000E+00;5,29978E-06;0,00000E+00;0,00000E+00;8,64253E-06;8,49723E-05;9,01942E-05;1,13044E-05;4,52177E-05;7,45231E-05;0,00000E+00;0,00000E+00;1,26696E-04;0,00000E+00;0,00000E+00;0,00000E+00;0,00000E+00;5,37461E-04
339;0,00000E+00;2,13954E-04;1,83716E-04;4,01163E-04;3,15427E-04;7,64592E-04;1,47318E-03;5,87967E-05;7,46350E-04;3,00136E-04;8,22562E-05;2,42541E-04;5,23950E-04;3,68377E-04;2,13954E-04;5,34884E-04;0,00000E+00;2,01623E-03;0,00000E+00;2,57392E-03;7,05179E-05;0,00000E+00;1,18687E-04;0,00000E+00;9,94899E-05;2,16269E-04;2,54752E-05;0,00000E+00;7,34959E-05;0,00000E+00;4,62949E-04;6,88545E-04;1,81583E-04;0,00000E+00;1,19204E-03;3,52780E-04;0,00000E+00;0,00000E+00;9,11754E-04;0,00000E+00;0,00000E+00;0,00000E+00;0,00000E+00;0,00000E+00;0,00000E+00;0,00000E+00;0,00000E+00;6,92407E-05;7,34959E-05;0,00000E+00;1,20349E-04;6,07261E-05;0,00000E+00;0,00000E+00;0,00000E+00;3,96445E-05;0,00000E+00;0,00000E+00;3,36772E-04;3,42549E-04
340;0,00000E+00;5,14644E-05;8,98273E-04;9,64958E-05;3,46296E-04;1,55438E-04;1,62789E-03;0,00000E+00;3,23856E-03;9,07373E-05;0,00000E+00;5,83409E-05;3,45601E-04;8,86095E-05;5,14644E-05;1,28661E-04;0,00000E+00;1,66581E-03;1,84865E-03;6,19130E-04;1,14307E-04;0,00000E+00;2,85491E-05;3,02182E-04;0,00000E+00;9,63898E-06;0,00000E+00;2,48856E-04;0,00000E+00;0,00000E+00;8,21428E-04;7,40495E-05;0,00000E+00;0,00000E+00;1,81022E-04;0,00000E+00;7,11017E-04;0,00000E+00;4,25934E-04;1,03810E-03;0,00000E+00;0,00000E+00;0,00000E+00;0,00000E+00;0,00000E+00;0,00000E+00;2,71796E-04;0,00000E+00;0,00000E+00;0,00000E+00;1,17826E-04;0,00000E+00;0,00000E+00;3,55414E-04;2,49025E-05;9,53610E-06;0,00000E+00;3,14914E-04;8,10072E-05;0,00000E+00
341;1,31667E-06;4,61463E-04;1,93446E-04;3,04454E-05;2,17728E-04;6,53670E-04;1,60509E-04;2,43563E-05;7,55234E-05;2,15077E-03;3,36826E-04;2,71163E-03;2,60060E-04;0,00000E+00;0,00000E+00;1,44458E-03;4,05938E-05;1,05544E-04;0,00000E+00;1,39530E-04;0,00000E+00;0,00000E+00;0,00000E+00;2,75035E-04;6,18702E-05;0,00000E+00;3,34178E-05;2,84157E-05;4,87126E-05;0,00000E+00;5,10615E-04;0,00000E+00;8,12508E-04;0,00000E+00;3,56963E-06;6,42036E-04;0,00000E+00;8,11876E-06;3,21018E-04;5,40798E-04;0,00000E+00;0,00000E+00;0,00000E+00;9,40629E-06;2,29259E-05;9,40692E-05;1,07374E-04;0,00000E+00;0,00000E+00;8,43139E-05;2,00636E-04;0,00000E+00;0,00000E+00;1,35277E-06;0,00000E+00;0,00000E+00;6,24520E-06;0,00000E+00;0,00000E+00;1,57666E-05
342;2,05343E-05;1,20974E-04;0,00000E+00;5,90529E-04;0,00000E+00;1,20649E-03;4,41818E-04;5,69202E-04;1,42247E-03;4,02737E-04;5,88667E-05;1,24223E-03;0,00000E+00;2,17345E-04;2,52468E-04;2,94546E-04;8,85554E-04;1,77226E-03;0,00000E+00;2,17605E-03;0,00000E+00;0,00000E+00;3,50131E-05;2,21580E-04;1,94772E-04;0,00000E+00;5,75865E-04;5,06277E-04;7,59703E-04;7,65796E-05;4,63645E-04;2,11903E-04;1,07535E-03;0,00000E+00;9,26719E-05;0,00000E+00;0,00000E+00;1,26617E-04;0,00000E+00;0,00000E+00;0,00000E+00;0,00000E+00;0,00000E+00;1,72612E-05;0,00000E+00;0,00000E+00;9,24878E-05;0,00000E+00;1,57792E-05;6,33086E-05;0,00000E+00;2,48335E-05;0,00000E+00;2,10972E-05;0,00000E+00;0,00000E+00;9,73978E-05;0,00000E+00;0,00000E+00;4,00242E-04
343;0,00000E+00;3,85124E-04;0,00000E+00;2,51686E-04;0,00000E+00;4,86617E-04;9,60983E-04;6,37077E-04;1,57967E-03;1,40293E-03;2,85584E-04;1,35849E-03;0,00000E+00;4,72738E-04;6,24209E-04;1,24126E-03;5,49133E-04;5,74869E-04;0,00000E+00;0,00000E+00;0,00000E+00;0,00000E+00;7,61556E-05;6,56912E-05;0,00000E+00;0,00000E+00;1,18963E-04;2,31128E-04;0,00000E+00;1,66565E-04;4,99838E-05;6,49942E-04;0,00000E+00;3,11259E-05;1,79507E-04;0,00000E+00;0,00000E+00;0,00000E+00;0,00000E+00;0,00000E+00;0,00000E+00;0,00000E+00;0,00000E+00;3,75443E-05;9,65093E-05;0,00000E+00;2,37040E-04;0,00000E+00;3,43208E-05;0,00000E+00;7,50756E-05;5,40145E-05;0,00000E+00;0,00000E+00;1,84060E-04;0,00000E+00;0,00000E+00;0,00000E+00;1,26050E-04;5,62519E-04
344;0,00000E+00;3,85972E-04;6,42827E-04;2,93356E-04;3,25582E-04;1,34645E-03;4,80037E-04;1,70983E-04;7,95270E-04;4,68104E-04;1,19602E-04;4,08622E-04;0,00000E+00;0,00000E+00;2,19049E-03;4,55955E-04;7,46725E-04;7,61352E-04;0,00000E+00;0,00000E+00;0,00000E+00;1,26362E-05;0,00000E+00;4,98701E-05;0,00000E+00;0,00000E+00;1,38659E-04;7,12430E-05;0,00000E+00;0,00000E+00;2,51012E-04;4,88862E-04;0,00000E+00;5,98578E-04;7,51772E-05;1,06675E-04;0,00000E+00;0,00000E+00;0,00000E+00;0,00000E+00;0,00000E+00;0,00000E+00;0,00000E+00;0,00000E+00;7,32659E-05;0,00000E+00;2,72335E-05;0,00000E+00;0,00000E+00;9,33406E-05;9,69975E-05;3,14787E-05;0,00000E+00;1,24421E-04;1,39731E-04;0,00000E+00;2,87202E-04;1,93283E-04;2,74797E-04;1,72174E-04
345;0,00000E+00;3,77019E-04;1,43902E-04;6,56700E-05;1,66737E-04;2,50032E-04;1,07460E-04;5,53509E-04;0,00000E+00;1,52374E-05;1,06474E-03;7,21886E-05;0,00000E+00;1,31039E-03;4,77600E-04;1,24539E-03;1,67160E-04;1,19400E-04;1,79890E-03;3,17088E-04;0,00000E+00;2,82871E-06;4,98956E-04;3,45943E-05;0,00000E+00;5,18344E-05;3,90772E-04;0,00000E+00;3,45943E-05;0,00000E+00;1,39825E-04;7,73093E-05;0,00000E+00;4,15558E-04;0,00000E+00;1,26927E-03;0,00000E+00;0,00000E+00;6,91886E-05;0,00000E+00;1,15310E-05;0,00000E+00;0,00000E+00;0,00000E+00;0,00000E+00;0,00000E+00;2,11586E-04;2,96285E-05;0,00000E+00;2,08950E-05;9,54407E-05;4,78804E-05;0,00000E+00;2,78526E-05;0,00000E+00;0,00000E+00;8,89233E-04;4,32678E-05;4,00940E-05;0,00000E+00
346;2,46855E-05;1,59788E-04;9,52020E-05;1,25577E-03;9,80763E-04;1,77763E-03;2,59656E-05;1,02580E-03;1,24399E-03;8,74125E-04;0,00000E+00;3,21646E-04;0,00000E+00;3,72555E-05;6,08858E-04;4,08291E-04;1,52214E-04;2,59656E-05;0,00000E+00;1,61916E-03;3,29159E-06;0,00000E+00;0,00000E+00;0,00000E+00;0,00000E+00;1,62107E-05;0,00000E+00;1,14161E-04;8,65521E-06;1,46387E-04;0,00000E+00;1,76714E-04;6,46371E-04;3,94723E-05;1,20846E-03;7,61072E-04;4,32760E-06;3,17412E-04;1,21772E-03;0,00000E+00;4,80829E-07;0,00000E+00;0,00000E+00;0,00000E+00;4,34824E-05;1,27440E-04;2,61837E-04;4,88869E-05;1,90268E-05;0,00000E+00;6,27884E-04;0,00000E+00;0,00000E+00;0,00000E+00;0,00000E+00;1,92452E-05;2,04904E-04;0,00000E+00;0,00000E+00;3,73520E-06
347;0,00000E+00;1,04412E-04;4,79383E-05;0,00000E+00;1,24460E-04;1,64218E-04;5,61877E-04;1,85710E-03;6,93768E-05;5,20400E-05;0,00000E+00;1,47827E-03;3,30351E-05;5,13637E-04;0,00000E+00;1,83972E-03;4,07786E-05;1,09200E-03;2,03893E-04;1,38442E-03;4,53806E-05;0,00000E+00;0,00000E+00;0,00000E+00;6,27285E-05;2,23494E-04;0,00000E+00;0,00000E+00;1,19328E-04;1,08585E-04;0,00000E+00;1,71695E-04;0,00000E+00;5,44199E-04;1,24183E-04;0,00000E+00;5,96640E-05;1,78992E-04;0,00000E+00;2,97687E-04;6,62912E-06;0,00000E+00;0,00000E+00;0,00000E+00;1,74735E-05;8,53537E-05;0,00000E+00;0,00000E+00;0,00000E+00;0,00000E+00;5,09732E-06;0,00000E+00;0,00000E+00;0,00000E+00;0,00000E+00;3,03111E-04;6,27363E-05;0,00000E+00;0,00000E+00;1,74684E-04
348;0,00000E+00;1,73131E-04;1,17142E-04;7,28974E-05;4,14271E-04;3,50899E-04;4,35677E-04;6,53515E-04;1,27147E-04;1,50663E-03;1,01983E-03;1,78317E-03;7,05892E-05;3,76536E-04;1,45795E-04;8,71354E-04;1,54508E-03;2,07872E-03;4,35677E-04;1,83160E-03;0,00000E+00;0,00000E+00;1,21316E-04;9,11218E-05;1,34038E-04;1,36533E-05;0,00000E+00;0,00000E+00;0,00000E+00;0,00000E+00;1,69868E-04;0,00000E+00;0,00000E+00;3,62674E-04;1,53245E-04;0,00000E+00;0,00000E+00;1,45795E-04;0,00000E+00;6,36096E-04;0,00000E+00;0,00000E+00;0,00000E+00;1,15344E-04;1,93519E-04;2,12899E-04;0,00000E+00;0,00000E+00;0,00000E+00;5,46731E-05;4,73406E-05;0,00000E+00;0,00000E+00;0,00000E+00;1,78720E-04;2,02297E-04;1,34054E-04;2,49488E-04;0,00000E+00;2,63226E-04
349;0,00000E+00;1,29593E-04;8,76834E-05;1,06653E-04;4,28979E-04;9,22947E-04;4,68790E-04;9,89668E-04;9,51722E-05;1,97513E-03;9,81977E-04;1,54081E-03;9,28331E-04;5,50894E-04;1,09131E-04;1,66681E-03;1,19548E-03;3,81958E-04;1,77098E-03;1,56301E-03;0,00000E+00;0,00000E+00;9,08078E-05;6,82067E-05;0,00000E+00;1,02198E-05;0,00000E+00;1,30219E-04;0,00000E+00;0,00000E+00;1,27150E-04;0,00000E+00;0,00000E+00;2,71470E-04;3,20625E-04;0,00000E+00;0,00000E+00;1,09131E-04;0,00000E+00;1,16999E-04;0,00000E+00;0,00000E+00;0,00000E+00;9,85476E-05;1,54105E-04;2,28422E-05;1,29423E-04;1,11527E-05;0,00000E+00;7,99899E-05;2,35634E-04;0,00000E+00;1,62510E-04;0,00000E+00;3,70937E-04;9,09962E-05;0,00000E+00;2,91611E-04;1,74909E-04;3,14703E-04
350;0,00000E+00;8,46944E-05;4,35517E-04;1,12945E-04;6,90493E-05;4,18719E-04;1,79569E-03;2,14925E-04;3,93927E-04;2,02100E-04;4,74754E-05;1,14380E-03;6,40719E-04;5,84288E-05;2,03267E-03;3,61978E-04;5,64668E-04;1,08409E-03;3,84602E-04;1,52721E-03;0,00000E+00;0,00000E+00;0,00000E+00;2,03267E-04;1,04226E-04;0,00000E+00;0,00000E+00;2,82795E-05;0,00000E+00;2,05519E-04;0,00000E+00;0,00000E+00;0,00000E+00;3,93274E-04;4,27116E-04;2,71022E-04;0,00000E+00;0,00000E+00;0,00000E+00;2,54084E-05;0,00000E+00;0,00000E+00;0,00000E+00;1,85343E-05;8,07848E-06;0,00000E+00;2,81066E-05;2,42202E-06;0,00000E+00;1,10117E-04;4,52473E-05;0,00000E+00;3,52921E-05;0,00000E+00;5,15038E-05;0,00000E+00;0,00000E+00;2,27730E-05;5,49905E-04;2,43785E-04
351;0,00000E+00;7,37610E-05;6,46915E-05;6,75401E-06;8,62689E-04;7,25302E-06;1,19197E-03;0,00000E+00;0,00000E+00;0,00000E+00;8,18897E-05;2,22978E-04;8,43859E-04;2,07850E-03;2,98646E-03;1,91779E-03;2,91999E-03;8,94138E-04;3,58082E-04;1,69660E-03;3,74019E-05;0,00000E+00;0,00000E+00;1,01310E-05;2,35496E-05;2,02398E-05;0,00000E+00;2,95044E-04;0,00000E+00;0,00000E+00;0,00000E+00;0,00000E+00;0,00000E+00;0,00000E+00;0,00000E+00;4,42566E-04;0,00000E+00;3,60214E-05;9,58893E-04;1,32545E-03;0,00000E+00;0,00000E+00;0,00000E+00;3,16644E-06;0,00000E+00;6,78568E-06;3,44241E-06;7,57063E-05;0,00000E+00;0,00000E+00;3,13484E-04;0,00000E+00;0,00000E+00;0,00000E+00;0,00000E+00;5,46702E-05;0,00000E+00;0,00000E+00;1,88997E-06;3,30336E-05
352;0,00000E+00;4,98906E-06;1,81393E-04;1,45936E-04;1,55665E-04;2,53156E-04;1,09019E-03;1,79606E-04;0,00000E+00;1,27337E-04;1,54607E-03;0,00000E+00;9,29655E-05;1,21123E-03;8,58151E-04;0,00000E+00;2,01070E-03;5,13882E-04;8,83121E-04;3,42414E-03;0,00000E+00;0,00000E+00;0,00000E+00;1,29101E-04;3,12375E-04;2,57919E-04;0,00000E+00;1,19738E-04;0,00000E+00;0,00000E+00;0,00000E+00;1,72284E-04;0,00000E+00;0,00000E+00;7,01943E-05;0,00000E+00;0,00000E+00;4,59026E-04;5,98688E-04;0,00000E+00;0,00000E+00;1,66615E-05;0,00000E+00;4,03504E-05;0,00000E+00;8,98126E-05;4,38672E-05;1,59712E-04;0,00000E+00;0,00000E+00;7,98250E-05;0,00000E+00;0,00000E+00;0,00000E+00;0,00000E+00;0,00000E+00;1,53510E-05;0,00000E+00;2,40842E-05;4,20952E-04
353;3,82527E-06;1,04464E-05;2,35015E-04;3,19951E-04;3,11957E-04;3,36547E-04;1,76904E-04;1,29597E-03;8,22807E-05;2,66626E-04;1,54721E-03;0,00000E+00;2,29298E-04;1,72143E-03;8,35714E-04;4,24568E-04;1,29871E-03;1,04800E-03;1,67143E-04;2,48952E-03;0,00000E+00;0,00000E+00;0,00000E+00;0,00000E+00;3,65961E-05;0,00000E+00;0,00000E+00;6,75283E-04;1,23832E-04;3,64882E-04;0,00000E+00;4,11647E-04;0,00000E+00;0,00000E+00;3,02538E-04;1,41523E-04;3,89188E-04;0,00000E+00;1,25357E-03;0,00000E+00;0,00000E+00;3,48870E-05;0,00000E+00;0,00000E+00;8,08563E-05;6,99693E-06;8,11484E-05;0,00000E+00;0,00000E+00;1,41523E-04;1,67143E-04;0,00000E+00;0,00000E+00;0,00000E+00;0,00000E+00;0,00000E+00;7,29667E-05;0,00000E+00;7,42543E-05;0,00000E+00
354;2,83315E-06;0,00000E+00;0,00000E+00;5,49032E-04;3,34032E-04;2,03824E-04;1,31022E-04;9,34381E-04;6,09404E-05;9,68865E-04;3,66597E-04;4,59010E-04;5,79853E-04;3,15824E-04;0,00000E+00;5,16906E-04;1,57226E-04;1,57226E-04;0,00000E+00;0,00000E+00;0,00000E+00;0,00000E+00;0,00000E+00;7,59203E-05;3,35063E-04;0,00000E+00;0,00000E+00;5,42213E-04;9,17153E-05;4,85179E-04;0,00000E+00;1,46942E-04;0,00000E+00;0,00000E+00;1,15214E-04;8,13407E-04;2,88248E-04;1,01227E-04;0,00000E+00;0,00000E+00;0,00000E+00;0,00000E+00;5,43958E-05;0,00000E+00;8,88025E-05;1,69503E-05;3,50317E-04;0,00000E+00;0,00000E+00;1,04817E-04;8,85736E-05;0,00000E+00;0,00000E+00;0,00000E+00;0,00000E+00;1,87569E-05;4,58504E-04;0,00000E+00;5,49957E-05;2,40268E-04
355;0,00000E+00;0,00000E+00;2,38671E-04;2,18573E-04;9,62215E-04;4,35680E-05;0,00000E+00;5,40940E-05;8,44328E-04;1,13375E-03;0,00000E+00;3,97440E-04;8,76442E-05;6,81933E-04;1,98033E-03;4,32752E-05;3,96067E-04;0,00000E+00;0,00000E+00;1,96642E-03;9,37221E-05;0,00000E+00;0,00000E+00;1,62282E-05;6,98975E-05;1,23635E-04;4,86217E-04;4,86846E-05;0,00000E+00;4,59425E-05;0,00000E+00;2,33499E-05;0,00000E+00;0,00000E+00;0,00000E+00;1,51463E-04;0,00000E+00;8,76487E-05;6,60111E-05;0,00000E+00;3,11709E-05;0,00000E+00;1,16273E-05;7,73689E-05;8,16095E-05;1,03104E-04;1,88202E-04;0,00000E+00;0,00000E+00;3,30056E-04;1,89329E-05;2,53230E-04;0,00000E+00;0,00000E+00;0,00000E+00;4,00934E-06;9,15437E-05;0,00000E+00;0,00000E+00;1,93795E-04
356;1,73111E-05;0,00000E+00;8,43628E-04;1,36458E-04;4,57532E-04;6,56908E-04;1,74247E-03;7,24124E-04;6,84242E-04;9,24099E-04;8,29635E-04;1,84110E-03;6,16268E-04;1,87938E-03;2,74482E-05;1,61294E-03;2,18020E-04;1,28091E-04;1,01377E-03;1,94055E-03;0,00000E+00;0,00000E+00;0,00000E+00;0,00000E+00;1,54817E-05;0,00000E+00;0,00000E+00;2,74482E-05;0,00000E+00;5,71076E-04;3,04573E-06;7,81428E-04;0,00000E+00;0,00000E+00;0,00000E+00;0,00000E+00;8,14835E-04;7,24124E-05;5,06887E-04;0,00000E+00;0,00000E+00;0,00000E+00;0,00000E+00;3,77019E-05;0,00000E+00;3,06409E-06;0,00000E+00;2,17063E-04;0,00000E+00;1,94424E-05;2,89649E-04;0,00000E+00;0,00000E+00;3,86357E-04;7,47566E-05;0,00000E+00;0,00000E+00;0,00000E+00;6,23256E-04;1,57939E-05
357;2,14659E-04;5,96632E-05;0,00000E+00;7,94170E-04;1,92371E-04;9,45798E-04;5,67264E-05;0,00000E+00;1,78172E-04;0,00000E+00;2,93725E-04;1,38518E-03;3,67637E-04;1,66038E-03;3,40358E-04;2,47968E-03;2,22021E-03;1,58834E-03;7,95509E-05;1,56658E-03;0,00000E+00;0,00000E+00;0,00000E+00;0,00000E+00;1,91973E-04;0,00000E+00;0,00000E+00;3,40358E-04;0,00000E+00;0,00000E+00;2,23139E-04;0,00000E+00;2,14969E-04;0,00000E+00;0,00000E+00;0,00000E+00;5,64997E-04;0,00000E+00;0,00000E+00;0,00000E+00;0,00000E+00;0,00000E+00;0,00000E+00;4,65406E-05;2,27249E-05;3,79949E-05;0,00000E+00;0,00000E+00;0,00000E+00;2,90807E-04;0,00000E+00;0,00000E+00;0,00000E+00;3,02460E-04;2,98016E-04;0,00000E+00;7,64913E-05;0,00000E+00;2,57267E-04;1,95845E-04
358;0,00000E+00;2,88997E-04;1,54308E-04;2,26970E-04;3,31565E-04;3,47354E-04;0,00000E+00;6,98371E-04;9,54526E-05;1,02492E-03;7,01052E-04;5,58346E-04;9,61787E-04;0,00000E+00;5,58696E-04;1,11249E-03;3,12797E-03;0,00000E+00;9,32386E-04;1,64241E-03;2,12473E-05;0,00000E+00;0,00000E+00;0,00000E+00;1,39657E-04;3,92402E-05;1,96681E-04;1,04756E-04;1,74593E-05;0,00000E+00;3,82573E-04;1,50727E-04;4,43657E-04;0,00000E+00;0,00000E+00;4,53941E-04;8,37433E-04;0,00000E+00;0,00000E+00;0,00000E+00;0,00000E+00;0,00000E+00;0,00000E+00;0,00000E+00;8,18127E-05;0,00000E+00;0,00000E+00;2,24297E-05;0,00000E+00;1,02612E-04;0,00000E+00;0,00000E+00;0,00000E+00;1,97819E-04;0,00000E+00;0,00000E+00;1,57864E-04;0,00000E+00;3,28365E-04;1,50693E-05
359;0,00000E+00;2,61029E-04;1,14422E-04;1,68302E-04;8,92717E-04;2,08543E-04;6,02353E-04;1,01981E-03;8,75513E-04;7,59994E-04;1,41782E-03;0,00000E+00;1,68912E-03;8,64257E-05;4,14282E-04;5,56924E-04;1,61581E-03;2,00784E-04;9,71207E-04;1,23870E-03;9,21137E-05;0,00000E+00;0,00000E+00;0,00000E+00;2,57988E-04;2,90972E-05;1,45842E-04;7,76780E-05;2,89025E-04;3,04514E-05;0,00000E+00;2,92328E-04;1,93777E-04;0,00000E+00;0,00000E+00;4,87193E-04;3,54551E-04;0,00000E+00;0,00000E+00;2,25499E-04;0,00000E+00;8,98047E-06;0,00000E+00;5,88327E-05;3,30578E-05;5,04314E-05;0,00000E+00;1,02614E-04;0,00000E+00;0,00000E+00;2,76078E-04;0,00000E+00;0,00000E+00;1,63413E-04;0,00000E+00;0,00000E+00;2,12368E-04;0,00000E+00;1,41288E-04;1,11741E-05
360;0,00000E+00;2,23958E-04;0,00000E+00;1,94807E-04;1,10553E-03;3,13800E-04;1,03630E-03;1,06003E-04;1,84889E-04;8,28685E-04;9,34374E-04;3,04264E-03;1,15299E-03;1,82512E-05;1,16884E-03;1,38352E-03;9,24966E-04;5,61887E-04;8,48025E-05;4,85807E-05;1,28077E-04;0,00000E+00;0,00000E+00;0,00000E+00;3,26123E-05;0,00000E+00;0,00000E+00;0,00000E+00;5,83017E-05;6,43067E-06;0,00000E+00;2,71712E-04;4,09215E-05;0,00000E+00;2,85507E-04;7,46094E-04;5,30016E-05;0,00000E+00;3,89614E-04;4,76205E-05;0,00000E+00;1,89648E-06;0,00000E+00;1,24242E-05;1,51407E-06;1,06500E-05;0,00000E+00;1,81574E-05;1,46105E-04;0,00000E+00;5,83017E-05;0,00000E+00;0,00000E+00;3,53250E-06;0,00000E+00;2,64710E-04;4,48475E-05;0,00000E+00;0,00000E+00;2,80234E-05
361;2,77921E-04;0,00000E+00;1,85924E-04;4,26766E-04;0,00000E+00;0,00000E+00;0,00000E+00;2,13383E-04;3,30826E-04;4,59881E-05;5,04145E-05;8,87303E-04;2,42009E-03;1,24092E-04;1,95743E-03;1,09678E-03;8,46413E-04;3,27187E-03;2,18788E-03;9,28479E-04;0,00000E+00;0,00000E+00;9,20661E-05;1,24473E-04;1,11090E-04;0,00000E+00;0,00000E+00;2,25227E-06;0,00000E+00;5,75180E-04;0,00000E+00;1,53513E-04;3,37183E-04;3,03144E-04;5,75631E-04;7,11277E-05;5,24921E-04;0,00000E+00;1,42255E-04;0,00000E+00;0,00000E+00;0,00000E+00;0,00000E+00;8,33658E-06;8,12748E-05;0,00000E+00;2,71895E-05;0,00000E+00;0,00000E+00;8,89096E-05;0,00000E+00;0,00000E+00;0,00000E+00;0,00000E+00;0,00000E+00;0,00000E+00;3,81153E-05;0,00000E+00;0,00000E+00;3,65274E-05
362;1,29091E-04;0,00000E+00;3,11278E-04;2,91709E-05;0,00000E+00;0,00000E+00;3,88945E-05;1,75025E-04;2,93970E-04;7,15816E-04;6,75887E-04;8,06032E-04;7,56212E-04;1,59668E-03;1,72163E-03;3,23192E-03;1,89923E-03;0,00000E+00;1,24976E-03;1,84530E-03;0,00000E+00;0,00000E+00;0,00000E+00;4,37563E-05;2,90422E-04;0,00000E+00;0,00000E+00;2,77643E-05;0,00000E+00;7,07415E-04;3,75480E-04;0,00000E+00;8,31768E-04;8,28786E-04;9,27757E-04;0,00000E+00;3,33172E-04;2,13920E-04;0,00000E+00;0,00000E+00;0,00000E+00;0,00000E+00;0,00000E+00;1,59553E-05;3,05547E-05;0,00000E+00;0,00000E+00;0,00000E+00;5,83418E-05;9,23745E-05;0,00000E+00;2,29547E-05;1,21348E-04;1,94421E-05;3,40559E-05;0,00000E+00;4,69858E-04;0,00000E+00;8,16289E-05;1,22247E-04
363;4,36431E-05;2,31302E-04;2,75682E-04;2,83285E-04;2,78896E-04;8,55570E-04;8,00339E-04;4,66098E-04;6,10189E-04;3,09084E-04;4,00580E-04;1,28698E-03;1,73622E-03;1,39003E-04;8,07327E-04;4,84396E-04;4,84396E-04;3,42670E-04;2,17047E-03;1,39612E-03;1,39006E-05;0,00000E+00;1,14054E-04;1,76492E-04;0,00000E+00;0,00000E+00;0,00000E+00;0,00000E+00;3,59803E-04;0,00000E+00;1,05315E-03;4,93050E-05;3,09863E-04;0,00000E+00;0,00000E+00;0,00000E+00;0,00000E+00;1,06084E-03;0,00000E+00;0,00000E+00;0,00000E+00;7,35676E-05;0,00000E+00;3,31182E-05;6,34220E-05;0,00000E+00;0,00000E+00;0,00000E+00;1,98200E-04;2,60274E-04;1,02801E-04;4,76468E-05;2,51881E-04;4,03556E-05;7,06892E-05;0,00000E+00;0,00000E+00;0,00000E+00;1,69436E-04;3,55920E-04
364;0,00000E+00;1,70938E-04;0,00000E+00;7,75903E-04;7,03639E-04;7,89839E-04;1,55879E-03;6,13913E-04;0,00000E+00;7,48908E-04;4,86234E-04;6,73167E-04;1,23092E-04;0,00000E+00;1,56492E-03;0,00000E+00;0,00000E+00;1,03570E-03;7,09077E-04;9,08487E-04;1,02729E-05;0,00000E+00;1,20460E-04;6,33105E-05;1,50454E-05;0,00000E+00;0,00000E+00;0,00000E+00;2,65904E-04;1,78004E-04;2,02324E-04;1,41985E-04;1,36866E-04;2,02752E-04;3,01025E-04;6,35748E-04;0,00000E+00;4,55835E-04;2,93422E-04;0,00000E+00;0,00000E+00;5,43684E-05;2,62791E-05;0,00000E+00;0,00000E+00;0,00000E+00;0,00000E+00;0,00000E+00;6,92054E-05;8,73261E-05;1,61554E-04;0,00000E+00;3,05152E-05;0,00000E+00;6,85117E-05;0,00000E+00;0,00000E+00;0,00000E+00;0,00000E+00;1,85789E-04
365;4,09667E-05;2,21030E-04;0,00000E+00;1,30149E-04;9,19736E-04;3,35437E-05;2,18651E-04;1,06180E-03;0,00000E+00;8,04181E-04;1,29515E-03;9,44252E-05;1,02319E-03;1,08732E-04;3,11185E-03;2,14715E-03;3,78909E-04;1,42962E-03;2,52606E-04;2,14524E-03;0,00000E+00;0,00000E+00;7,70115E-06;3,15758E-05;1,78063E-04;0,00000E+00;0,00000E+00;0,00000E+00;0,00000E+00;3,78984E-05;1,68180E-04;2,04203E-04;1,46274E-04;4,31673E-05;3,41753E-04;1,35355E-04;8,84122E-04;0,00000E+00;6,24717E-05;4,96475E-04;0,00000E+00;1,88305E-05;5,59502E-06;0,00000E+00;2,70603E-04;0,00000E+00;0,00000E+00;0,00000E+00;1,83909E-05;7,80896E-06;1,82209E-05;0,00000E+00;1,64120E-04;0,00000E+00;1,45867E-05;2,57437E-04;2,91469E-04;0,00000E+00;0,00000E+00;0,00000E+00
366;1,33464E-05;1,55467E-04;2,90710E-05;1,29185E-04;1,43479E-04;5,48540E-05;6,81068E-05;6,38501E-05;3,46473E-05;7,06186E-05;1,25056E-04;4,50373E-05;7,83660E-04;5,85806E-04;3,31663E-03;6,90965E-04;1,79651E-03;4,40119E-04;8,51334E-05;3,79999E-03;4,53269E-06;0,00000E+00;0,00000E+00;1,90015E-04;0,00000E+00;0,00000E+00;8,98134E-05;4,14579E-04;1,48835E-04;3,79838E-04;0,00000E+00;6,76849E-04;2,30055E-05;1,03129E-03;3,36880E-05;0,00000E+00;0,00000E+00;2,97967E-05;1,48082E-03;0,00000E+00;0,00000E+00;2,03081E-06;1,90615E-06;9,71821E-05;1,48038E-04;0,00000E+00;0,00000E+00;0,00000E+00;0,00000E+00;4,25667E-06;6,90965E-05;0,00000E+00;0,00000E+00;2,26962E-05;1,49085E-06;0,00000E+00;2,65756E-05;1,66927E-04;0,00000E+00;6,33119E-05
367;1,70321E-04;0,00000E+00;3,70992E-04;3,44773E-04;1,39078E-04;8,82129E-04;1,13294E-03;1,05977E-03;4,42155E-04;9,01206E-04;1,59591E-03;5,74748E-04;4,57917E-04;1,69491E-03;4,52202E-04;3,39152E-04;6,40620E-04;4,76666E-04;1,12412E-03;3,02228E-04;5,78443E-05;0,00000E+00;0,00000E+00;0,00000E+00;0,00000E+00;0,00000E+00;0,00000E+00;1,88418E-05;1,35805E-04;1,58688E-04;2,00711E-04;3,90805E-04;4,09966E-04;1,24987E-04;5,95599E-04;0,00000E+00;0,00000E+00;3,80253E-04;3,80253E-04;3,80898E-04;0,00000E+00;2,59163E-05;2,43256E-05;1,10418E-05;7,80454E-05;0,00000E+00;0,00000E+00;0,00000E+00;3,76835E-05;5,43219E-05;2,82627E-05;0,00000E+00;0,00000E+00;3,21034E-04;1,90256E-05;0,00000E+00;0,00000E+00;0,00000E+00;0,00000E+00;1,03805E-04
368;0,00000E+00;0,00000E+00;5,30392E-05;4,35298E-04;4,14296E-04;1,20318E-03;1,11022E-03;5,09894E-04;1,53518E-04;5,05456E-04;8,31159E-04;1,49666E-04;1,86236E-03;2,08534E-03;1,27141E-03;7,06007E-04;1,46559E-03;1,23796E-03;7,84453E-05;6,29144E-04;0,00000E+00;0,00000E+00;0,00000E+00;0,00000E+00;0,00000E+00;0,00000E+00;0,00000E+00;3,92226E-05;0,00000E+00;2,61738E-04;4,17818E-04;9,49821E-05;9,30320E-04;2,60183E-04;3,44905E-04;0,00000E+00;0,00000E+00;0,00000E+00;7,92150E-04;9,78256E-04;7,33448E-06;0,00000E+00;0,00000E+00;2,29856E-05;2,28467E-04;4,97415E-05;0,00000E+00;0,00000E+00;7,84453E-05;1,32025E-04;5,88340E-05;1,94796E-05;0,00000E+00;6,53536E-05;0,00000E+00;0,00000E+00;0,00000E+00;0,00000E+00;0,00000E+00;1,18487E-04
369;3,03499E-05;1,16964E-04;2,64909E-04;3,87526E-04;4,35116E-04;8,75388E-04;4,16436E-04;1,21642E-03;2,77141E-04;1,03190E-03;1,59865E-03;6,76802E-04;1,05373E-03;2,70766E-03;2,02281E-03;4,67855E-04;8,46552E-04;1,99589E-03;5,61425E-04;9,64870E-04;0,00000E+00;0,00000E+00;0,00000E+00;5,84818E-05;0,00000E+00;2,45354E-04;0,00000E+00;0,00000E+00;2,33927E-05;3,68970E-04;0,00000E+00;3,06103E-04;5,10653E-04;0,00000E+00;0,00000E+00;0,00000E+00;1,12285E-03;1,87142E-04;5,87909E-04;1,37557E-04;5,44342E-06;0,00000E+00;0,00000E+00;2,19341E-05;4,89841E-05;3,69166E-05;8,94217E-05;2,50436E-04;1,28660E-04;9,79849E-05;5,84818E-05;1,44572E-05;2,91935E-05;0,00000E+00;0,00000E+00;0,00000E+00;8,99720E-05;3,01404E-04;9,81897E-05;3,23048E-04
370;2,58730E-04;1,29885E-04;4,86350E-05;2,01770E-05;2,23840E-04;1,06845E-03;1,19616E-04;1,69770E-03;7,30636E-04;1,41620E-04;4,62720E-04;4,83586E-04;1,24456E-03;8,62278E-04;9,81445E-04;2,13436E-03;4,00649E-04;1,95711E-03;1,21062E-04;4,04543E-03;3,94249E-05;2,83384E-05;0,00000E+00;1,26106E-05;0,00000E+00;5,29065E-05;0,00000E+00;2,09328E-04;5,04426E-06;2,24693E-04;0,00000E+00;5,08055E-05;4,61767E-04;1,09103E-03;3,15555E-04;0,00000E+00;2,42124E-04;5,78627E-04;0,00000E+00;2,01510E-04;0,00000E+00;0,00000E+00;0,00000E+00;4,72973E-06;0,00000E+00;0,00000E+00;1,92823E-05;5,40024E-05;1,32408E-04;1,79424E-04;1,26106E-05;2,11785E-04;6,29509E-06;0,00000E+00;8,37884E-05;0,00000E+00;1,94010E-05;3,29886E-04;2,11730E-05;6,96600E-05
371;2,45693E-06;1,30342E-04;0,00000E+00;9,77565E-05;0,00000E+00;5,18576E-05;1,17308E-03;1,79370E-03;8,73219E-04;5,82181E-04;4,23888E-05;8,79636E-04;8,59108E-05;4,68399E-04;3,67988E-03;2,72046E-03;2,60684E-04;1,91569E-03;5,21368E-04;1,99167E-03;4,04236E-05;3,14050E-06;1,44610E-04;1,42029E-05;0,00000E+00;1,46474E-04;0,00000E+00;0,00000E+00;5,53101E-05;5,53503E-04;1,51296E-05;0,00000E+00;5,03173E-05;3,78273E-04;3,53841E-04;5,21368E-04;5,86539E-04;1,95513E-04;2,67474E-04;2,92772E-04;0,00000E+00;4,74322E-06;0,00000E+00;0,00000E+00;0,00000E+00;2,18255E-05;0,00000E+00;0,00000E+00;3,92724E-04;0,00000E+00;3,74733E-04;0,00000E+00;0,00000E+00;0,00000E+00;3,97952E-06;8,42152E-06;0,00000E+00;5,51052E-04;3,84835E-05;3,26898E-06
372;5,34969E-05;1,03765E-04;0,00000E+00;1,38353E-04;8,21071E-05;8,48243E-04;8,64705E-05;5,26029E-04;5,31224E-04;0,00000E+00;7,37479E-04;1,22760E-03;1,45965E-03;4,70632E-04;8,90326E-04;2,35296E-03;4,15058E-04;1,35663E-03;0,00000E+00;3,19050E-03;1,02958E-05;4,20907E-05;0,00000E+00;1,90355E-04;0,00000E+00;0,00000E+00;0,00000E+00;0,00000E+00;3,65098E-04;0,00000E+00;2,02775E-04;0,00000E+00;5,34098E-05;1,14720E-04;1,33911E-04;0,00000E+00;1,72941E-04;3,45882E-05;1,18929E-03;9,71142E-05;0,00000E+00;6,35713E-05;0,00000E+00;0,00000E+00;1,72911E-05;0,00000E+00;0,00000E+00;0,00000E+00;2,58411E-04;0,00000E+00;0,00000E+00;0,00000E+00;5,93520E-05;4,03422E-05;5,33357E-05;1,12870E-04;6,65158E-06;0,00000E+00;1,49148E-04;4,38127E-05
373;1,48083E-04;2,18979E-04;2,43097E-05;2,91972E-04;1,73274E-04;3,47711E-04;1,82483E-04;8,41869E-04;3,51812E-05;0,00000E+00;3,99736E-04;3,20119E-04;2,02305E-03;7,52428E-04;2,47418E-03;1,75183E-03;1,42052E-03;5,34018E-04;1,08921E-03;2,26582E-03;2,45468E-05;0,00000E+00;0,00000E+00;0,00000E+00;0,00000E+00;0,00000E+00;0,00000E+00;0,00000E+00;1,27738E-04;2,38610E-04;2,82011E-04;4,35335E-05;1,12713E-04;7,94030E-04;0,00000E+00;0,00000E+00;3,64965E-04;7,29930E-05;4,74455E-04;5,44745E-04;0,00000E+00;9,02167E-06;0,00000E+00;0,00000E+00;1,35885E-04;1,51988E-05;0,00000E+00;0,00000E+00;6,67523E-05;4,53837E-05;1,51279E-05;0,00000E+00;1,25253E-04;8,51358E-05;1,05967E-05;0,00000E+00;1,40371E-05;0,00000E+00;0,00000E+00;0,00000E+00
374;1,29898E-04;5,35320E-05;1,83385E-05;0,00000E+00;2,32369E-04;1,56352E-04;7,70861E-04;9,53211E-04;2,25729E-04;0,00000E+00;1,51756E-04;1,34191E-03;1,45176E-03;1,19435E-03;1,60947E-03;0,00000E+00;8,39090E-04;8,67803E-04;9,07319E-04;1,67419E-03;1,85174E-05;0,00000E+00;0,00000E+00;0,00000E+00;0,00000E+00;0,00000E+00;0,00000E+00;0,00000E+00;4,49669E-04;1,80001E-04;2,12741E-04;3,28405E-05;0,00000E+00;4,87381E-04;3,01271E-04;0,00000E+00;0,00000E+00;0,00000E+00;0,00000E+00;2,56336E-04;0,00000E+00;6,80569E-06;0,00000E+00;0,00000E+00;8,10976E-05;1,14656E-05;0,00000E+00;0,00000E+00;1,40595E-04;3,42362E-05;1,61302E-04;1,26374E-05;0,00000E+00;1,14171E-04;7,99388E-06;0,00000E+00;0,00000E+00;1,20704E-04;0,00000E+00;0,00000E+00
375;1,15539E-05;5,38767E-05;1,56479E-04;0,00000E+00;2,03673E-04;6,13910E-04;2,30513E-04;1,71082E-03;4,98102E-04;1,06516E-03;8,83482E-04;1,76352E-03;2,25817E-03;2,32517E-03;1,16580E-04;0,00000E+00;2,21162E-03;1,04574E-03;7,98445E-04;1,07064E-03;0,00000E+00;1,31826E-04;0,00000E+00;0,00000E+00;0,00000E+00;1,66748E-04;2,16982E-04;0,00000E+00;1,02007E-04;1,35025E-04;0,00000E+00;0,00000E+00;0,00000E+00;8,00478E-04;1,66204E-04;1,66932E-04;0,00000E+00;0,00000E+00;1,00159E-03;0,00000E+00;1,85474E-05;0,00000E+00;0,00000E+00;7,17397E-05;1,38762E-06;0,00000E+00;0,00000E+00;8,33992E-05;2,67162E-05;0,00000E+00;3,40024E-05;2,86679E-06;0,00000E+00;2,58997E-05;2,14375E-04;2,68074E-04;0,00000E+00;3,63450E-04;0,00000E+00;0,00000E+00
376;7,58859E-05;1,06252E-04;0,00000E+00;8,02808E-06;0,00000E+00;0,00000E+00;6,44499E-04;1,38450E-03;5,63688E-04;8,19610E-06;1,16945E-03;3,90631E-04;1,47269E-03;1,48277E-03;1,58276E-03;5,78022E-05;1,16780E-03;3,07444E-04;8,48350E-04;9,14074E-04;6,18759E-06;0,00000E+00;4,15655E-06;0,00000E+00;0,00000E+00;2,26987E-05;1,39135E-06;1,10162E-04;0,00000E+00;0,00000E+00;8,55188E-06;0,00000E+00;4,67854E-04;0,00000E+00;4,26285E-04;0,00000E+00;4,84771E-04;1,15133E-03;5,45368E-04;5,77041E-05;8,02781E-07;5,42059E-05;0,00000E+00;0,00000E+00;0,00000E+00;0,00000E+00;5,52391E-06;0,00000E+00;8,02808E-07;0,00000E+00;4,81685E-06;0,00000E+00;0,00000E+00;1,81921E-05;0,00000E+00;3,57015E-06;0,00000E+00;2,06994E-04;3,05220E-04;3,32598E-05
377;9,16434E-05;4,75471E-04;0,00000E+00;1,41400E-04;4,24785E-05;7,56648E-05;6,91244E-04;9,42536E-04;2,18478E-04;1,20381E-04;1,14309E-03;9,95437E-04;2,79056E-04;4,59623E-04;2,26239E-03;8,80291E-04;1,41380E-03;3,04874E-03;0,00000E+00;1,18886E-03;9,08810E-05;0,00000E+00;6,10498E-05;3,91439E-06;0,00000E+00;0,00000E+00;7,47079E-05;3,06478E-04;0,00000E+00;0,00000E+00;1,25607E-04;0,00000E+00;7,25336E-05;5,19323E-05;0,00000E+00;0,00000E+00;2,03548E-04;0,00000E+00;0,00000E+00;8,47535E-04;1,17909E-05;0,00000E+00;2,66438E-05;0,00000E+00;0,00000E+00;2,62183E-06;8,41257E-05;0,00000E+00;1,57057E-05;0,00000E+00;1,52950E-04;0,00000E+00;0,00000E+00;3,35030E-04;0,00000E+00;5,24370E-05;0,00000E+00;5,63262E-04;1,11727E-04;5,02021E-04
378;1,86340E-04;2,06307E-04;0,00000E+00;5,14706E-05;1,30882E-04;5,02385E-04;3,30227E-04;7,73927E-04;1,25625E-03;0,00000E+00;7,25772E-04;1,94775E-03;1,69484E-03;8,70991E-04;1,54785E-03;6,86275E-05;1,23054E-03;2,41351E-03;2,22869E-04;5,74535E-04;0,00000E+00;0,00000E+00;0,00000E+00;1,55431E-05;0,00000E+00;0,00000E+00;1,18938E-04;5,14706E-05;0,00000E+00;2,53506E-04;3,70953E-05;1,20253E-04;1,58958E-04;1,13810E-04;9,79901E-05;0,00000E+00;4,46079E-04;0,00000E+00;1,39293E-04;0,00000E+00;0,00000E+00;0,00000E+00;5,83902E-05;0,00000E+00;0,00000E+00;2,90701E-05;6,55844E-06;0,00000E+00;1,54836E-04;0,00000E+00;1,80147E-04;0,00000E+00;0,00000E+00;1,48653E-04;0,00000E+00;0,00000E+00;0,00000E+00;6,90807E-05;2,44851E-04;2,96166E-05
379;1,34245E-04;1,12424E-04;2,20639E-04;2,54992E-04;4,54762E-04;8,27435E-04;9,45108E-04;2,78383E-04;1,64676E-03;0,00000E+00;1,12281E-03;5,98658E-04;8,32693E-04;1,32051E-03;5,56766E-04;1,49072E-03;2,04029E-03;3,05377E-03;4,85149E-04;4,41629E-04;1,98921E-06;1,39408E-05;0,00000E+00;5,35352E-06;0,00000E+00;0,00000E+00;0,00000E+00;0,00000E+00;1,56918E-04;1,94863E-04;1,32987E-04;9,24349E-05;6,05768E-05;8,13216E-04;5,23778E-04;4,31525E-04;3,13836E-04;0,00000E+00;1,07070E-04;0,00000E+00;0,00000E+00;0,00000E+00;0,00000E+00;5,05772E-05;0,00000E+00;1,79287E-05;6,74820E-05;0,00000E+00;1,12424E-04;0,00000E+00;1,96148E-05;1,15762E-05;0,00000E+00;0,00000E+00;1,78616E-04;2,90762E-05;0,00000E+00;0,00000E+00;0,00000E+00;0,00000E+00
380;3,39601E-05;7,61088E-05;1,33628E-04;6,02043E-05;1,00512E-04;6,24670E-04;3,65248E-04;1,77587E-03;8,37701E-04;0,00000E+00;1,04617E-03;5,02149E-04;3,28835E-04;1,16829E-03;5,07392E-04;1,26527E-03;3,70488E-04;8,13451E-04;1,19036E-03;2,90669E-03;4,67805E-05;3,29147E-06;0,00000E+00;0,00000E+00;0,00000E+00;0,00000E+00;2,19841E-05;0,00000E+00;3,70488E-05;0,00000E+00;3,62477E-04;0,00000E+00;2,10176E-04;1,92003E-04;4,18205E-04;2,03363E-04;7,40976E-05;1,01478E-04;0,00000E+00;5,12863E-04;0,00000E+00;0,00000E+00;1,36327E-05;1,60615E-04;0,00000E+00;0,00000E+00;1,59327E-05;0,00000E+00;0,00000E+00;0,00000E+00;1,56849E-04;1,37487E-04;0,00000E+00;0,00000E+00;4,21717E-05;6,86496E-06;0,00000E+00;0,00000E+00;0,00000E+00;0,00000E+00
381;1,57035E-04;1,57894E-04;2,56909E-04;2,59434E-04;5,53166E-04;8,55201E-04;6,55344E-04;1,70807E-04;1,98613E-04;8,59916E-04;7,79683E-04;1,13871E-03;1,44363E-03;6,82046E-05;8,18229E-04;1,24435E-03;1,59420E-03;3,51650E-03;8,81610E-04;3,56159E-03;2,67822E-07;0,00000E+00;0,00000E+00;0,00000E+00;0,00000E+00;0,00000E+00;5,72115E-06;0,00000E+00;4,55487E-04;4,80626E-06;3,10286E-04;5,69974E-06;0,00000E+00;2,15119E-04;4,00533E-04;0,00000E+00;0,00000E+00;0,00000E+00;1,05635E-05;0,00000E+00;0,00000E+00;0,00000E+00;1,57707E-05;0,00000E+00;0,00000E+00;0,00000E+00;0,00000E+00;2,26180E-06;0,00000E+00;0,00000E+00;4,62154E-06;9,10195E-05;0,00000E+00;1,89735E-05;0,00000E+00;0,00000E+00;2,29141E-04;1,83398E-04;3,58478E-04;9,82838E-05
382;7,07301E-05;2,20249E-05;8,84818E-05;5,63941E-04;3,24198E-04;5,19468E-04;6,11785E-04;2,40336E-04;1,97266E-04;1,01186E-03;1,28497E-03;3,97009E-04;1,48021E-03;1,98959E-03;4,65498E-04;2,38404E-03;2,26199E-04;2,21111E-03;1,46614E-03;3,24744E-03;8,05157E-06;0,00000E+00;0,00000E+00;0,00000E+00;0,00000E+00;0,00000E+00;1,50557E-04;1,06031E-04;0,00000E+00;8,01683E-05;1,64372E-04;9,50715E-05;0,00000E+00;4,38306E-04;0,00000E+00;0,00000E+00;1,69649E-04;9,89620E-05;1,76199E-04;0,00000E+00;0,00000E+00;0,00000E+00;7,89027E-06;0,00000E+00;4,03857E-06;3,07747E-05;2,70211E-05;3,77268E-05;0,00000E+00;0,00000E+00;9,12246E-05;1,37847E-04;0,00000E+00;0,00000E+00;0,00000E+00;0,00000E+00;1,69422E-04;0,00000E+00;0,00000E+00;0,00000E+00
383;7,69133E-05;0,00000E+00;0,00000E+00;7,98279E-05;6,53729E-04;5,14355E-05;3,88369E-04;8,20548E-04;1,09141E-03;6,44388E-04;1,56035E-03;1,44791E-04;1,12735E-03;2,70668E-03;6,08909E-04;1,45546E-03;7,12875E-04;2,52623E-03;6,83161E-04;9,51203E-04;8,09564E-06;0,00000E+00;0,00000E+00;1,00988E-04;0,00000E+00;0,00000E+00;1,24515E-04;2,39484E-04;1,89353E-04;0,00000E+00;1,06295E-04;0,00000E+00;3,89857E-05;0,00000E+00;0,00000E+00;0,00000E+00;3,83174E-04;2,23518E-04;1,00988E-04;0,00000E+00;7,01285E-07;0,00000E+00;0,00000E+00;0,00000E+00;9,12162E-06;1,03329E-04;6,10305E-05;0,00000E+00;5,04942E-05;3,15589E-05;3,19311E-05;4,71128E-05;0,00000E+00;0,00000E+00;0,00000E+00;0,00000E+00;0,00000E+00;3,55794E-04;2,96726E-04;9,80597E-05
384;3,24722E-05;1,71681E-04;1,45201E-05;0,00000E+00;4,64113E-04;5,23986E-04;9,48733E-04;1,12714E-03;5,19889E-04;9,79955E-04;1,48185E-03;1,69354E-03;7,35651E-04;6,92073E-04;1,58568E-03;1,19723E-03;1,39146E-03;1,63509E-03;2,47113E-03;1,90490E-03;0,00000E+00;0,00000E+00;4,00999E-05;8,12917E-05;0,00000E+00;0,00000E+00;0,00000E+00;0,00000E+00;2,60852E-04;0,00000E+00;0,00000E+00;0,00000E+00;3,13819E-05;0,00000E+00;0,00000E+00;0,00000E+00;0,00000E+00;0,00000E+00;2,62009E-04;0,00000E+00;5,64507E-07;0,00000E+00;0,00000E+00;0,00000E+00;0,00000E+00;1,36163E-04;0,00000E+00;0,00000E+00;4,06458E-05;2,54037E-05;0,00000E+00;2,13311E-04;0,00000E+00;0,00000E+00;0,00000E+00;6,69719E-05;4,17039E-05;4,02822E-04;2,38852E-04;7,89342E-05
385;1,61716E-04;1,58640E-04;1,15587E-04;7,43400E-04;3,63970E-05;1,10262E-03;6,32818E-04;1,47809E-03;5,40262E-05;1,14139E-04;1,62663E-04;2,59613E-03;5,50292E-04;2,01533E-03;2,73803E-03;1,68008E-03;2,62722E-03;2,37330E-03;2,17351E-03;3,23954E-03;0,00000E+00;0,00000E+00;9,92304E-06;0,00000E+00;0,00000E+00;2,43660E-04;0,00000E+00;9,29250E-05;2,59144E-04;0,00000E+00;0,00000E+00;0,00000E+00;0,00000E+00;0,00000E+00;2,45142E-04;9,29250E-05;0,00000E+00;0,00000E+00;2,77032E-04;5,73998E-04;0,00000E+00;0,00000E+00;0,00000E+00;0,00000E+00;0,00000E+00;2,69577E-05;0,00000E+00;0,00000E+00;0,00000E+00;0,00000E+00;1,27772E-04;5,27855E-05;4,34879E-05;0,00000E+00;0,00000E+00;1,65727E-05;1,03200E-05;2,88097E-05;0,00000E+00;0,00000E+00
386;6,55225E-05;2,32855E-04;1,88718E-04;3,43698E-04;9,51596E-05;2,12937E-04;1,17141E-03;6,06031E-04;2,83586E-05;1,61950E-03;2,55893E-05;1,15577E-03;2,20737E-04;7,34842E-05;1,21613E-03;1,09005E-03;2,81055E-03;1,65540E-03;1,58623E-03;4,36196E-03;0,00000E+00;0,00000E+00;0,00000E+00;5,28766E-05;0,00000E+00;0,00000E+00;4,40287E-06;0,00000E+00;0,00000E+00;6,78539E-05;4,63066E-04;0,00000E+00;0,00000E+00;5,76721E-04;1,07230E-05;0,00000E+00;0,00000E+00;0,00000E+00;0,00000E+00;4,56506E-06;2,93749E-05;0,00000E+00;0,00000E+00;6,19744E-06;3,19317E-06;1,02095E-06;0,00000E+00;0,00000E+00;0,00000E+00;0,00000E+00;0,00000E+00;0,00000E+00;0,00000E+00;2,64313E-04;4,27087E-06;0,00000E+00;0,00000E+00;0,00000E+00;0,00000E+00;0,00000E+00
387;5,75137E-05;1,64646E-04;4,21057E-04;1,58405E-04;5,60547E-04;1,83717E-04;2,91370E-04;5,69973E-04;8,39584E-04;1,29376E-04;9,61478E-04;1,14882E-03;1,12355E-03;2,38285E-03;1,39968E-03;9,37378E-04;1,71640E-03;1,60225E-03;2,49523E-03;4,93655E-04;0,00000E+00;0,00000E+00;0,00000E+00;1,26724E-05;0,00000E+00;0,00000E+00;8,91715E-05;0,00000E+00;1,45733E-04;7,49119E-05;1,09618E-04;0,00000E+00;0,00000E+00;2,10077E-04;2,50604E-04;0,00000E+00;3,16810E-04;0,00000E+00;0,00000E+00;1,20921E-04;1,09120E-05;0,00000E+00;0,00000E+00;1,48528E-05;6,46714E-05;2,06773E-05;5,32861E-05;0,00000E+00;0,00000E+00;0,00000E+00;2,21767E-05;0,00000E+00;0,00000E+00;0,00000E+00;8,64981E-05;0,00000E+00;0,00000E+00;0,00000E+00;0,00000E+00;0,00000E+00
388;9,71304E-06;6,88121E-05;1,42317E-04;3,74324E-04;4,05348E-04;9,69886E-04;1,01052E-03;1,79676E-04;6,26775E-04;4,22814E-04;1,81750E-03;1,95594E-03;7,74241E-04;3,02228E-03;1,92546E-03;1,16343E-03;2,51419E-03;1,44251E-03;1,11373E-03;2,48056E-03;0,00000E+00;3,26047E-05;0,00000E+00;2,99459E-05;0,00000E+00;5,15524E-05;0,00000E+00;0,00000E+00;3,90253E-04;0,00000E+00;0,00000E+00;0,00000E+00;0,00000E+00;1,92835E-04;7,89991E-05;0,00000E+00;7,48648E-04;0,00000E+00;0,00000E+00;6,72640E-05;4,10770E-05;0,00000E+00;0,00000E+00;4,04752E-05;0,00000E+00;0,00000E+00;1,60992E-04;0,00000E+00;0,00000E+00;0,00000E+00;1,55624E-04;0,00000E+00;0,00000E+00;0,00000E+00;0,00000E+00;0,00000E+00;0,00000E+00;4,61777E-05;0,00000E+00;4,94937E-05
389;1,36046E-04;2,81354E-04;3,97904E-04;1,82125E-04;2,82282E-04;8,50352E-04;7,96333E-04;4,96704E-04;0,00000E+00;4,36479E-04;2,50034E-03;2,64689E-03;1,21084E-03;1,33360E-03;2,15604E-03;8,87730E-04;2,61374E-03;1,86936E-03;6,94939E-04;3,76020E-03;0,00000E+00;2,74045E-05;0,00000E+00;0,00000E+00;0,00000E+00;5,57343E-05;0,00000E+00;0,00000E+00;1,54456E-04;3,41502E-04;1,76371E-04;0,00000E+00;2,55664E-05;1,53273E-04;2,32948E-04;0,00000E+00;2,31795E-04;0,00000E+00;0,00000E+00;0,00000E+00;1,28523E-05;0,00000E+00;5,93136E-06;4,51924E-06;0,00000E+00;0,00000E+00;2,94787E-05;8,50812E-05;0,00000E+00;0,00000E+00;8,67559E-05;0,00000E+00;1,03312E-04;0,00000E+00;0,00000E+00;0,00000E+00;1,27360E-05;3,88128E-05;0,00000E+00;4,16000E-05
390;4,50124E-05;2,39952E-04;2,82854E-04;2,39716E-04;8,10051E-04;6,54504E-04;9,47324E-04;1,70768E-03;1,09031E-03;1,17678E-03;1,08383E-03;4,74094E-04;2,62871E-03;4,43549E-04;3,13661E-04;2,25304E-03;1,57676E-03;1,04599E-03;1,48586E-03;4,99607E-03;0,00000E+00;0,00000E+00;0,00000E+00;0,00000E+00;0,00000E+00;3,26371E-06;0,00000E+00;0,00000E+00;3,04948E-05;8,98553E-05;1,03159E-04;0,00000E+00;6,72699E-06;1,06805E-04;6,12930E-05;0,00000E+00;6,09896E-05;0,00000E+00;0,00000E+00;0,00000E+00;4,73554E-05;0,00000E+00;1,56065E-06;0,00000E+00;0,00000E+00;0,00000E+00;0,00000E+00;2,23864E-05;0,00000E+00;6,39319E-05;2,13106E-05;0,00000E+00;2,71833E-05;0,00000E+00;0,00000E+00;0,00000E+00;3,35107E-06;0,00000E+00;0,00000E+00;0,00000E+00
391;3,40656E-06;2,84216E-04;4,48593E-04;6,52475E-04;6,12144E-04;1,11821E-03;9,91690E-04;8,32407E-05;2,11913E-03;3,11820E-04;1,91426E-03;8,53633E-04;2,80370E-03;9,87184E-04;6,20793E-04;1,57525E-03;2,58985E-03;1,61248E-03;4,10998E-04;2,01565E-03;1,01596E-04;1,73662E-05;0,00000E+00;1,46605E-04;0,00000E+00;0,00000E+00;0,00000E+00;7,16089E-07;4,29654E-06;3,47532E-06;1,64585E-04;1,40628E-04;4,42303E-06;0,00000E+00;1,00751E-05;1,95474E-04;0,00000E+00;1,95474E-04;5,37552E-04;2,88894E-04;1,39235E-06;0,00000E+00;5,68970E-05;0,00000E+00;0,00000E+00;0,00000E+00;0,00000E+00;0,00000E+00;7,75991E-05;0,00000E+00;2,08765E-04;1,56884E-05;0,00000E+00;0,00000E+00;4,01684E-04;0,00000E+00;0,00000E+00;1,96764E-05;2,47349E-04;0,00000E+00
392;1,23082E-04;1,47063E-04;4,79677E-04;5,56834E-04;7,06723E-04;6,30114E-04;5,13321E-04;9,31664E-04;6,89473E-04;2,32266E-04;3,66018E-04;1,83695E-03;1,13857E-03;2,18016E-03;1,38667E-03;3,10555E-04;2,02512E-03;1,52461E-03;1,52174E-03;6,25584E-04;3,46081E-06;0,00000E+00;0,00000E+00;5,40322E-05;5,24945E-05;0,00000E+00;0,00000E+00;1,94097E-05;1,22146E-04;1,01100E-04;5,16902E-05;3,27344E-05;1,19887E-04;0,00000E+00;3,83118E-04;0,00000E+00;0,00000E+00;0,00000E+00;1,82003E-04;3,92379E-04;3,77398E-05;0,00000E+00;0,00000E+00;0,00000E+00;2,92455E-05;0,00000E+00;0,00000E+00;0,00000E+00;1,16458E-04;0,00000E+00;6,32401E-05;3,43656E-05;1,77449E-05;0,00000E+00;2,17536E-04;0,00000E+00;0,00000E+00;0,00000E+00;3,25884E-05;4,90903E-06
393;1,30114E-04;2,72692E-04;1,51461E-04;4,12559E-04;7,35164E-04;6,60744E-04;3,72278E-04;0,00000E+00;1,48447E-03;9,20269E-04;1,43021E-03;2,63718E-03;1,98696E-03;1,36853E-03;2,45798E-03;4,15979E-05;2,62016E-03;1,08945E-03;3,08828E-03;2,35950E-03;8,57078E-06;0,00000E+00;0,00000E+00;1,33812E-04;1,30004E-04;0,00000E+00;0,00000E+00;3,11985E-05;1,40855E-05;1,70899E-05;0,00000E+00;8,10677E-05;2,24819E-04;0,00000E+00;2,72495E-04;8,31959E-05;0,00000E+00;0,00000E+00;4,50736E-04;0,00000E+00;0,00000E+00;9,92294E-06;0,00000E+00;0,00000E+00;7,24274E-05;0,00000E+00;1,59014E-05;0,00000E+00;0,00000E+00;0,00000E+00;8,45131E-05;5,52381E-05;4,39458E-05;0,00000E+00;0,00000E+00;0,00000E+00;1,03995E-04;0,00000E+00;0,00000E+00;1,21574E-05
394;1,12001E-04;1,09004E-04;2,53737E-04;3,28480E-04;2,07741E-04;8,61554E-04;2,64469E-04;8,69865E-04;1,40943E-03;1,56460E-03;1,25479E-03;1,19479E-03;2,58678E-03;1,43661E-03;1,16271E-03;1,59609E-03;2,14281E-03;9,88610E-04;1,90115E-03;2,70098E-03;0,00000E+00;0,00000E+00;0,00000E+00;2,24965E-05;0,00000E+00;3,37077E-05;0,00000E+00;1,47232E-04;4,49930E-05;0,00000E+00;0,00000E+00;0,00000E+00;5,90074E-04;1,49231E-04;0,00000E+00;7,26693E-05;8,99860E-05;0,00000E+00;1,19981E-04;0,00000E+00;0,00000E+00;8,66741E-06;0,00000E+00;0,00000E+00;4,28431E-05;0,00000E+00;1,38894E-05;1,28449E-05;9,74849E-05;0,00000E+00;6,74895E-05;4,82489E-05;3,74333E-05;0,00000E+00;0,00000E+00;0,00000E+00;9,08366E-05;0,00000E+00;5,03616E-05;2,58893E-05
395;1,23162E-04;1,16375E-04;2,22454E-04;2,21138E-04;4,98963E-04;3,85253E-04;9,51483E-04;8,66246E-04;1,03427E-03;3,56629E-04;1,85317E-03;9,48858E-04;7,12150E-04;2,85031E-03;1,55166E-03;1,83685E-03;2,01879E-03;1,68715E-03;4,50189E-04;3,85167E-03;0,00000E+00;3,67605E-05;0,00000E+00;6,35124E-06;0,00000E+00;9,51639E-06;0,00000E+00;7,26648E-05;4,20013E-04;4,70657E-05;0,00000E+00;0,00000E+00;1,11150E-04;2,99454E-04;0,00000E+00;0,00000E+00;2,54049E-05;0,00000E+00;3,05414E-04;0,00000E+00;4,31003E-06;0,00000E+00;0,00000E+00;0,00000E+00;1,20955E-05;0,00000E+00;7,41428E-05;3,62638E-06;2,75220E-05;0,00000E+00;7,72410E-05;1,14470E-04;1,05682E-05;0,00000E+00;1,76622E-04;2,01261E-04;0,00000E+00;0,00000E+00;1,42181E-05;7,30909E-06
396;1,05433E-04;2,40208E-04;3,75340E-04;2,19328E-04;3,13240E-04;1,08798E-03;1,22644E-03;6,81075E-04;3,35586E-04;9,53173E-04;1,18156E-03;2,56251E-03;1,52380E-03;1,94955E-03;6,87267E-04;6,87267E-04;1,80276E-03;3,24527E-03;1,14557E-03;2,77387E-03;1,05383E-04;0,00000E+00;0,00000E+00;0,00000E+00;2,84175E-05;3,31344E-07;7,66512E-07;8,84555E-07;2,44189E-05;1,07323E-06;0,00000E+00;1,90911E-06;2,87312E-04;1,46692E-06;7,75519E-04;5,30733E-06;0,00000E+00;0,00000E+00;0,00000E+00;0,00000E+00;1,44553E-05;0,00000E+00;2,06814E-05;0,00000E+00;3,79030E-07;0,00000E+00;1,94199E-04;0,00000E+00;2,08271E-04;4,61841E-05;0,00000E+00;3,91534E-06;2,76533E-04;4,61718E-05;9,29414E-07;0,00000E+00;0,00000E+00;0,00000E+00;3,87711E-05;0,00000E+00
397;6,88186E-05;4,56746E-04;2,78537E-04;5,39556E-04;1,89809E-04;4,90915E-04;1,26744E-03;1,52872E-03;8,48207E-04;7,08248E-04;1,10759E-03;2,50358E-03;1,51685E-03;2,12667E-03;1,94149E-03;2,32129E-03;2,15051E-03;1,04543E-03;1,99690E-03;1,16244E-03;1,21633E-05;0,00000E+00;0,00000E+00;0,00000E+00;0,00000E+00;1,35311E-05;3,13020E-05;6,61069E-05;8,41682E-05;4,38273E-05;1,33087E-05;1,42677E-04;8,36685E-05;9,30549E-05;1,58822E-04;2,16735E-04;1,19938E-04;0,00000E+00;0,00000E+00;0,00000E+00;1,76563E-05;0,00000E+00;0,00000E+00;0,00000E+00;3,11819E-05;0,00000E+00;0,00000E+00;0,00000E+00;1,80612E-05;0,00000E+00;0,00000E+00;1,59891E-04;1,12700E-04;0,00000E+00;3,79544E-05;0,00000E+00;0,00000E+00;8,04865E-05;9,64912E-05;0,00000E+00
398;1,79485E-04;3,07912E-04;3,26273E-04;3,11546E-04;6,38851E-04;3,64002E-04;7,80831E-04;4,55297E-04;1,14338E-03;1,41902E-03;1,25827E-03;1,95969E-03;2,10427E-03;2,15141E-03;1,81668E-03;3,02708E-03;7,27134E-04;3,00917E-03;1,47889E-03;2,37620E-03;3,26736E-05;0,00000E+00;0,00000E+00;0,00000E+00;0,00000E+00;1,85207E-04;0,00000E+00;8,05454E-05;1,85136E-04;0,00000E+00;3,57503E-05;1,73839E-04;0,00000E+00;8,90496E-05;0,00000E+00;0,00000E+00;3,22182E-04;0,00000E+00;7,60658E-05;1,70858E-04;1,55053E-05;0,00000E+00;0,00000E+00;0,00000E+00;8,29258E-05;0,00000E+00;3,27118E-05;0,00000E+00;2,37706E-05;0,00000E+00;2,85247E-05;0,00000E+00;0,00000E+00;0,00000E+00;9,99043E-05;0,00000E+00;0,00000E+00;2,16206E-04;2,67181E-04;0,00000E+00
399;1,05063E-04;1,27970E-04;4,36265E-04;3,67039E-04;5,37785E-04;8,01021E-04;1,04483E-03;4,87858E-04;1,38298E-03;2,37370E-03;1,19799E-03;2,47725E-03;1,53651E-03;1,51084E-03;2,55930E-03;2,79239E-03;1,91255E-03;3,97147E-03;1,80059E-03;3,69941E-03;0,00000E+00;0,00000E+00;0,00000E+00;0,00000E+00;0,00000E+00;4,03162E-04;1,57662E-04;0,00000E+00;2,93346E-04;0,00000E+00;0,00000E+00;0,00000E+00;0,00000E+00;9,28393E-05;0,00000E+00;5,59821E-05;0,00000E+00;0,00000E+00;2,66780E-04;1,59126E-04;1,55190E-05;0,00000E+00;0,00000E+00;0,00000E+00;3,79450E-05;0,00000E+00;3,04656E-05;0,00000E+00;1,06112E-04;4,19866E-05;6,15548E-05;8,25987E-06;0,00000E+00;0,00000E+00;2,10687E-04;0,00000E+00;0,00000E+00;1,57785E-04;7,43397E-06;0,00000E+00
400;1,93592E-04;3,57991E-04;2,81897E-04;7,16781E-04;9,21139E-04;4,92482E-04;1,06959E-03;1,57355E-03;1,73120E-03;1,57250E-03;1,45170E-03;1,95062E-03;1,18720E-03;1,95397E-03;4,13502E-03;4,96430E-04;3,16278E-03;5,52274E-03;2,90920E-03;2,82524E-03;0,00000E+00;0,00000E+00;0,00000E+00;0,00000E+00;0,00000E+00;1,93780E-04;6,40494E-05;9,13927E-05;5,99140E-05;8,87092E-05;0,00000E+00;0,00000E+00;0,00000E+00;1,19326E-04;0,00000E+00;1,71183E-05;2,55899E-04;0,00000E+00;5,99140E-05;0,00000E+00;3,09070E-06;0,00000E+00;0,00000E+00;0,00000E+00;0,00000E+00;9,18212E-05;0,00000E+00;0,00000E+00;5,30952E-05;1,28387E-05;1,06989E-05;9,96142E-05;5,70277E-05;0,00000E+00;3,59729E-05;0,00000E+00;5,62416E-05;1,21845E-04;0,00000E+00;0,00000E+00
401;1,30237E-04;4,36513E-04;5,03212E-04;2,93475E-04;1,03221E-03;7,90513E-04;1,07932E-03;2,27886E-03;2,17259E-03;7,44437E-04;2,06093E-03;3,37844E-03;2,03299E-03;2,40155E-03;3,85741E-03;3,04088E-03;3,67909E-03;3,39536E-03;1,79623E-03;4,72977E-03;2,92808E-07;0,00000E+00;2,00208E-07;3,60908E-07;6,82999E-05;0,00000E+00;0,00000E+00;0,00000E+00;1,77602E-04;0,00000E+00;8,86826E-05;7,78939E-07;4,17976E-06;1,49630E-06;0,00000E+00;0,00000E+00;3,60908E-07;5,77205E-04;0,00000E+00;4,05333E-07;1,84996E-05;0,00000E+00;0,00000E+00;1,14211E-06;0,00000E+00;0,00000E+00;2,75924E-07;3,09103E-07;1,80454E-07;0,00000E+00;1,78233E-04;2,23651E-06;4,15579E-04;3,99497E-04;1,39956E-04;1,97452E-04;0,00000E+00;0,00000E+00;0,00000E+00;2,68257E-04
402;7,37940E-05;3,52393E-04;4,19436E-04;6,90316E-04;1,00462E-03;6,41083E-04;1,73174E-03;1,69264E-03;8,02618E-04;1,12575E-03;1,57003E-03;2,55452E-03;2,24131E-03;3,42452E-03;4,13457E-03;2,66224E-03;4,39282E-03;2,73786E-03;2,77696E-03;5,36810E-03;2,85900E-05;6,48992E-06;1,95484E-05;6,94817E-05;0,00000E+00;0,00000E+00;0,00000E+00;0,00000E+00;4,56566E-05;1,27409E-04;0,00000E+00;7,60560E-05;4,08114E-04;1,91529E-04;0,00000E+00;1,00444E-04;3,52393E-05;0,00000E+00;1,46101E-04;1,31875E-04;0,00000E+00;0,00000E+00;0,00000E+00;1,19008E-04;0,00000E+00;0,00000E+00;4,09036E-05;3,01809E-05;2,67510E-05;0,00000E+00;1,16457E-04;2,18374E-04;0,00000E+00;0,00000E+00;0,00000E+00;0,00000E+00;0,00000E+00;0,00000E+00;3,44954E-05;3,94067E-05
403;1,34612E-04;9,75214E-05;3,68250E-04;9,26300E-04;8,27739E-04;1,42379E-03;1,57044E-03;1,16722E-03;1,99371E-03;1,85161E-03;2,08809E-03;2,03689E-03;2,16595E-03;2,01629E-03;2,11392E-03;3,20404E-03;3,05759E-03;3,55253E-03;4,04439E-03;2,67994E-03;0,00000E+00;1,86304E-05;0,00000E+00;9,82985E-05;0,00000E+00;0,00000E+00;1,22920E-04;0,00000E+00;2,37452E-04;5,59366E-04;0,00000E+00;2,04100E-04;5,47596E-05;3,50950E-04;0,00000E+00;3,59267E-04;0,00000E+00;0,00000E+00;4,19407E-04;2,64956E-04;1,42830E-05;0,00000E+00;0,00000E+00;2,15062E-05;0,00000E+00;0,00000E+00;9,09157E-05;0,00000E+00;2,62129E-05;0,00000E+00;1,75009E-04;0,00000E+00;0,00000E+00;0,00000E+00;6,21013E-05;0,00000E+00;0,00000E+00;2,14179E-05;9,90247E-05;1,13123E-04
404;2,34066E-04;1,67239E-04;3,83932E-04;9,30679E-04;8,02263E-04;1,82826E-03;1,26980E-03;1,39219E-03;1,97122E-03;2,46423E-03;2,06860E-03;3,15489E-03;2,90303E-03;3,51980E-03;3,81017E-03;3,47695E-03;3,02612E-03;3,61667E-03;4,52184E-03;4,62573E-03;0,00000E+00;0,00000E+00;0,00000E+00;0,00000E+00;0,00000E+00;5,87388E-05;1,20205E-04;0,00000E+00;1,04037E-04;3,00325E-04;0,00000E+00;6,32040E-04;5,35503E-05;2,80678E-04;0,00000E+00;6,93583E-05;0,00000E+00;0,00000E+00;0,00000E+00;8,80554E-05;1,39675E-05;7,79289E-06;0,00000E+00;0,00000E+00;8,95899E-05;0,00000E+00;4,97121E-05;0,00000E+00;0,00000E+00;0,00000E+00;2,38733E-05;0,00000E+00;6,52311E-05;0,00000E+00;1,15650E-04;7,74825E-05;0,00000E+00;1,47221E-04;0,00000E+00;0,00000E+00
405;4,58496E-05;3,15825E-04;3,04065E-04;1,03225E-03;1,20137E-03;1,11675E-03;1,61682E-03;2,06397E-03;2,76927E-03;2,48135E-03;2,33457E-03;1,97843E-03;3,03858E-03;3,59973E-03;1,15761E-03;3,64644E-03;5,08939E-03;4,95249E-03;6,01936E-03;6,10995E-03;1,56787E-05;0,00000E+00;0,00000E+00;0,00000E+00;0,00000E+00;3,23206E-05;0,00000E+00;1,37423E-04;0,00000E+00;3,67519E-05;1,60114E-04;3,40936E-04;1,85679E-04;2,15287E-05;0,00000E+00;1,37423E-04;0,00000E+00;0,00000E+00;0,00000E+00;3,37837E-04;0,00000E+00;6,40460E-05;0,00000E+00;0,00000E+00;5,91105E-05;0,00000E+00;0,00000E+00;0,00000E+00;5,15338E-05;4,29448E-05;2,16364E-06;5,06903E-05;2,16013E-05;0,00000E+00;6,63178E-05;2,56583E-05;0,00000E+00;2,76979E-04;0,00000E+00;1,03785E-04
406;2,49181E-04;5,02813E-04;3,26900E-04;4,51872E-04;7,86220E-04;1,00013E-03;1,84131E-03;1,24550E-03;2,34336E-03;2,35080E-03;2,21772E-03;3,81199E-03;3,60669E-03;2,21713E-03;3,33029E-03;4,53777E-03;4,80038E-03;3,68976E-03;5,05926E-03;6,18387E-03;7,09393E-08;0,00000E+00;0,00000E+00;2,13401E-05;0,00000E+00;5,82280E-08;0,00000E+00;1,07322E-04;0,00000E+00;0,00000E+00;7,24446E-07;8,94650E-07;8,40116E-07;0,00000E+00;1,12593E-04;6,21782E-07;0,00000E+00;0,00000E+00;4,26801E-04;1,39663E-06;3,55656E-06;2,78104E-07;0,00000E+00;4,00189E-05;1,33216E-07;3,57335E-05;0,00000E+00;0,00000E+00;2,33168E-07;1,94307E-07;0,00000E+00;2,29352E-07;0,00000E+00;0,00000E+00;2,17772E-07;4,74505E-05;0,00000E+00;1,06401E-06;0,00000E+00;4,69583E-07
407;2,22288E-04;3,53691E-04;7,98930E-04;9,56577E-04;1,60170E-03;1,30663E-03;2,29167E-03;2,96153E-03;2,30285E-03;3,62311E-03;3,30698E-03;4,34575E-03;3,36288E-03;3,46891E-03;5,16503E-03;5,08352E-03;5,28312E-03;5,23461E-03;6,78266E-03;4,91032E-03;0,00000E+00;0,00000E+00;7,62771E-06;0,00000E+00;8,10699E-05;0,00000E+00;1,63442E-04;1,19380E-04;1,26337E-04;7,50739E-05;2,28316E-05;2,02376E-04;0,00000E+00;2,73636E-05;0,00000E+00;7,55437E-05;0,00000E+00;0,00000E+00;0,00000E+00;0,00000E+00;0,00000E+00;0,00000E+00;0,00000E+00;0,00000E+00;2,44909E-05;5,74232E-06;5,24360E-05;0,00000E+00;2,57198E-05;5,14397E-05;0,00000E+00;2,43453E-06;9,62929E-05;0,00000E+00;0,00000E+00;0,00000E+00;0,00000E+00;6,64368E-05;1,29549E-04;4,38403E-05
408;2,38708E-04;3,63756E-04;9,05361E-04;1,07931E-03;1,45919E-03;1,92268E-03;2,27021E-03;2,85862E-03;2,64815E-03;2,60775E-03;4,70222E-03;4,19912E-03;5,19128E-03;3,86449E-03;4,24782E-03;5,17240E-03;4,20385E-03;6,05355E-03;7,09152E-03;8,06670E-03;0,00000E+00;0,00000E+00;2,36528E-05;2,87974E-05;5,50948E-05;0,00000E+00;0,00000E+00;5,11657E-05;2,36675E-04;3,22643E-04;0,00000E+00;9,20247E-05;0,00000E+00;2,48590E-04;7,23516E-05;1,27914E-04;0,00000E+00;0,00000E+00;2,13923E-04;1,29368E-04;0,00000E+00;0,00000E+00;0,00000E+00;1,92870E-06;0,00000E+00;0,00000E+00;0,00000E+00;0,00000E+00;0,00000E+00;0,00000E+00;0,00000E+00;7,54924E-06;0,00000E+00;0,00000E+00;0,00000E+00;0,00000E+00;0,00000E+00;2,06014E-04;4,14430E-05;1,71989E-04
409;2,19827E-04;4,76301E-04;7,20850E-04;1,03724E-03;1,54665E-03;2,04433E-03;2,78917E-03;3,05958E-03;2,31780E-03;2,77642E-03;4,16677E-03;4,78859E-03;4,87299E-03;4,55800E-03;5,11738E-03;5,55524E-03;6,28808E-03;6,55140E-03;6,91502E-03;9,82514E-03;0,00000E+00;0,00000E+00;0,00000E+00;6,07544E-05;0,00000E+00;0,00000E+00;0,00000E+00;0,00000E+00;1,46091E-04;9,36812E-05;0,00000E+00;5,30547E-05;2,46731E-04;3,54177E-04;7,54407E-05;0,00000E+00;0,00000E+00;0,00000E+00;2,23057E-04;1,34892E-04;5,46249E-06;3,22514E-05;0,00000E+00;2,01104E-06;1,29911E-04;0,00000E+00;0,00000E+00;0,00000E+00;0,00000E+00;0,00000E+00;9,21826E-05;0,00000E+00;0,00000E+00;0,00000E+00;1,72191E-05;1,91307E-04;0,00000E+00;0,00000E+00;4,32125E-05;1,33285E-04
410;2,49281E-04;6,96572E-04;1,13012E-03;1,30470E-03;1,59391E-03;2,12518E-03;3,14210E-03;2,97963E-03;3,63402E-03;2,64515E-03;3,80175E-03;5,22474E-03;5,67318E-03;5,41478E-03;6,97975E-03;6,71965E-03;8,18604E-03;8,20443E-03;7,98593E-03;1,07483E-02;9,86247E-06;0,00000E+00;0,00000E+00;1,81195E-04;1,29651E-04;1,94286E-04;2,10680E-04;0,00000E+00;3,08204E-05;9,83276E-05;0,00000E+00;2,05576E-04;8,83846E-05;6,57151E-05;0,00000E+00;2,26916E-04;0,00000E+00;0,00000E+00;0,00000E+00;0,00000E+00;1,95679E-06;1,15532E-05;0,00000E+00;0,00000E+00;4,65371E-05;0,00000E+00;1,23917E-05;0,00000E+00;8,10416E-06;0,00000E+00;3,30218E-05;0,00000E+00;0,00000E+00;0,00000E+00;7,42895E-05;2,84769E-04;8,72756E-05;0,00000E+00;0,00000E+00;0,00000E+00
411;2,72838E-04;6,03616E-04;8,58017E-04;1,56611E-03;1,46816E-03;1,97321E-03;3,21967E-03;2,89363E-03;3,70178E-03;4,74874E-03;4,82700E-03;4,93108E-03;7,04624E-03;6,30175E-03;6,53405E-03;9,41167E-03;8,63353E-03;9,76015E-03;1,07960E-02;1,11977E-02;2,45981E-05;0,00000E+00;0,00000E+00;3,46497E-06;2,63965E-06;1,54148E-04;3,34363E-04;1,20286E-04;0,00000E+00;2,00192E-06;1,86862E-04;9,03352E-05;0,00000E+00;0,00000E+00;0,00000E+00;3,65478E-04;5,21239E-04;0,00000E+00;0,00000E+00;0,00000E+00;1,22509E-05;0,00000E+00;0,00000E+00;2,81964E-05;0,00000E+00;2,01417E-05;2,52291E-07;0,00000E+00;1,64998E-07;0,00000E+00;2,00477E-05;0,00000E+00;7,50568E-05;0,00000E+00;1,41816E-04;4,40257E-06;1,77691E-06;0,00000E+00;0,00000E+00;0,00000E+00
412;2,53023E-04;7,63400E-04;1,05835E-03;1,50642E-03;2,38559E-03;2,75280E-03;2,71782E-03;4,35969E-03;4,41524E-03;6,17521E-03;5,61084E-03;6,20121E-03;7,46420E-03;7,64573E-03;9,55061E-03;8,72754E-03;9,65384E-03;1,13087E-02;1,24138E-02;1,48124E-02;0,00000E+00;5,10357E-05;0,00000E+00;0,00000E+00;2,75298E-04;2,74722E-06;1,77021E-04;5,50049E-05;0,00000E+00;0,00000E+00;4,41302E-05;0,00000E+00;1,13249E-05;0,00000E+00;0,00000E+00;4,63985E-04;3,31418E-05;0,00000E+00;0,00000E+00;3,17894E-04;7,10648E-05;0,00000E+00;0,00000E+00;0,00000E+00;7,33273E-06;0,00000E+00;7,60132E-05;0,00000E+00;3,31418E-05;0,00000E+00;0,00000E+00;0,00000E+00;1,43573E-04;0,00000E+00;0,00000E+00;0,00000E+00;0,00000E+00;1,05110E-04;0,00000E+00;2,21552E-05
413;2,65001E-04;8,94753E-04;1,13816E-03;1,91866E-03;2,77280E-03;3,11056E-03;4,34967E-03;5,33366E-03;5,03920E-03;6,32048E-03;5,85789E-03;7,04353E-03;7,90238E-03;9,81365E-03;1,17307E-02;1,05063E-02;1,21443E-02;1,44389E-02;1,44133E-02;1,71671E-02;0,00000E+00;3,57180E-06;0,00000E+00;7,53829E-06;0,00000E+00;6,00987E-05;2,01521E-04;1,85627E-04;0,00000E+00;5,48771E-05;0,00000E+00;0,00000E+00;3,82184E-05;1,62517E-04;6,62881E-05;0,00000E+00;0,00000E+00;0,00000E+00;0,00000E+00;4,44749E-04;1,92496E-05;0,00000E+00;0,00000E+00;0,00000E+00;2,47460E-05;0,00000E+00;0,00000E+00;0,00000E+00;0,00000E+00;0,00000E+00;3,39223E-05;0,00000E+00;3,08876E-05;0,00000E+00;0,00000E+00;0,00000E+00;4,63894E-05;1,29551E-04;3,79699E-05;7,47678E-05
414;3,58294E-04;9,51748E-04;1,51997E-03;2,13829E-03;3,28141E-03;3,13745E-03;4,54788E-03;5,32633E-03;5,69282E-03;7,04721E-03;7,99170E-03;9,49176E-03;9,46724E-03;1,10415E-02;1,18466E-02;1,30642E-02;1,38877E-02;1,48526E-02;1,62259E-02;1,75823E-02;2,50098E-05;3,91163E-06;0,00000E+00;4,18844E-05;0,00000E+00;5,56634E-05;2,57081E-04;0,00000E+00;0,00000E+00;6,00983E-05;1,19410E-04;1,29032E-04;0,00000E+00;1,77979E-04;1,31738E-04;2,69031E-04;2,24193E-05;0,00000E+00;0,00000E+00;0,00000E+00;2,42867E-05;0,00000E+00;0,00000E+00;0,00000E+00;0,00000E+00;0,00000E+00;0,00000E+00;0,00000E+00;0,00000E+00;0,00000E+00;3,71498E-05;0,00000E+00;0,00000E+00;0,00000E+00;1,57042E-05;8,30835E-06;1,97391E-04;3,61077E-05;2,10969E-04;3,87006E-05
415;3,61601E-04;1,04690E-03;1,76514E-03;2,52920E-03;3,73555E-03;4,26604E-03;4,91486E-03;6,00814E-03;7,02494E-03;8,36369E-03;1,01368E-02;1,12798E-02;1,18368E-02;1,34519E-02;1,32575E-02;1,48905E-02;1,60341E-02;1,76782E-02;1,96435E-02;2,14286E-02;6,40231E-05;0,00000E+00;0,00000E+00;1,32050E-04;0,00000E+00;2,67374E-04;4,15818E-05;0,00000E+00;1,63575E-04;0,00000E+00;2,04876E-04;5,02136E-05;0,00000E+00;0,00000E+00;1,01474E-04;1,04695E-04;6,82064E-05;0,00000E+00;0,00000E+00;0,00000E+00;9,45135E-06;1,77363E-05;0,00000E+00;0,00000E+00;0,00000E+00;0,00000E+00;0,00000E+00;0,00000E+00;0,00000E+00;0,00000E+00;9,66579E-05;2,28182E-04;0,00000E+00;0,00000E+00;6,11138E-06;3,23325E-06;5,70455E-05;1,40516E-05;6,59180E-05;1,50606E-05
416;4,07431E-04;1,25557E-03;2,28777E-03;2,87721E-03;3,93648E-03;4,22810E-03;5,41368E-03;6,71483E-03;7,55169E-03;1,03917E-02;1,14125E-02;1,18934E-02;1,41318E-02;1,47272E-02;1,63578E-02;1,70732E-02;1,71836E-02;2,10249E-02;2,19742E-02;2,62509E-02;2,06206E-06;0,00000E+00;0,00000E+00;4,51847E-06;0,00000E+00;1,01554E-05;0,00000E+00;0,00000E+00;6,21290E-06;2,25105E-05;1,78949E-04;0,00000E+00;0,00000E+00;0,00000E+00;2,98000E-06;1,11319E-04;1,13578E-04;0,00000E+00;0,00000E+00;1,25021E-04;0,00000E+00;6,73659E-07;0,00000E+00;0,00000E+00;3,70999E-05;0,00000E+00;0,00000E+00;0,00000E+00;0,00000E+00;0,00000E+00;2,22244E-05;8,66681E-06;0,00000E+00;0,00000E+00;0,00000E+00;0,00000E+00;0,00000E+00;0,00000E+00;0,00000E+00;1,92161E-04
417;6,52306E-04;1,58750E-03;2,40729E-03;3,33582E-03;4,13710E-03;6,06339E-03;6,47748E-03;8,65096E-03;9,30391E-03;1,01146E-02;1,12139E-02;1,26752E-02;1,55692E-02;1,81905E-02;2,01722E-02;2,14221E-02;2,16761E-02;2,41323E-02;2,57432E-02;2,93358E-02;2,39278E-05;0,00000E+00;0,00000E+00;3,14590E-05;0,00000E+00;2,37438E-05;1,36304E-05;2,21853E-05;9,50796E-06;3,84533E-05;3,64657E-04;0,00000E+00;4,89395E-06;0,00000E+00;1,38318E-04;2,83131E-04;0,00000E+00;0,00000E+00;3,14590E-04;2,47319E-04;0,00000E+00;0,00000E+00;0,00000E+00;1,84359E-05;0,00000E+00;1,52765E-04;8,41793E-05;0,00000E+00;6,29180E-05;0,00000E+00;0,00000E+00;5,56994E-05;0,00000E+00;0,00000E+00;0,00000E+00;0,00000E+00;2,08131E-04;1,01334E-04;0,00000E+00;3,00902E-05
418;5,47077E-04;1,68200E-03;2,82518E-03;3,75158E-03;5,52704E-03;6,62028E-03;8,36318E-03;9,62349E-03;1,05173E-02;1,18476E-02;1,44354E-02;1,50696E-02;1,88421E-02;1,96796E-02;2,19368E-02;2,48161E-02;2,69573E-02;2,89894E-02;2,99227E-02;3,34573E-02;7,60611E-06;0,00000E+00;0,00000E+00;0,00000E+00;0,00000E+00;1,29763E-04;5,90837E-05;8,30636E-05;3,55987E-05;1,68790E-04;1,83235E-04;0,00000E+00;1,13080E-04;3,05295E-04;0,00000E+00;0,00000E+00;0,00000E+00;0,00000E+00;2,72730E-05;6,12602E-05;1,43936E-05;0,00000E+00;0,00000E+00;0,00000E+00;9,73869E-06;0,00000E+00;0,00000E+00;0,00000E+00;0,00000E+00;0,00000E+00;0,00000E+00;0,00000E+00;0,00000E+00;0,00000E+00;3,82082E-05;5,05355E-06;9,12787E-06;0,00000E+00;0,00000E+00;1,12661E-04
419;7,28201E-04;1,90852E-03;3,09181E-03;4,63314E-03;6,22727E-03;7,45421E-03;9,46089E-03;1,00144E-02;1,28204E-02;1,46629E-02;1,66330E-02;1,88673E-02;2,03189E-02;2,24230E-02;2,68909E-02;2,80784E-02;2,98340E-02;3,27063E-02;3,53061E-02;3,99059E-02;9,02422E-06;0,00000E+00;0,00000E+00;2,07682E-05;4,47260E-05;1,72956E-04;1,33088E-04;0,00000E+00;0,00000E+00;2,94448E-05;8,61729E-05;2,09176E-04;2,72771E-04;3,62215E-04;1,09576E-04;0,00000E+00;0,00000E+00;2,49219E-04;3,23579E-05;7,26817E-05;1,70772E-05;0,00000E+00;0,00000E+00;0,00000E+00;2,93527E-05;0,00000E+00;7,93892E-06;0,00000E+00;0,00000E+00;0,00000E+00;0,00000E+00;0,00000E+00;0,00000E+00;6,92089E-06;6,71534E-05;2,90852E-05;1,03841E-04;0,00000E+00;0,00000E+00;0,00000E+00
420;8,35250E-04;2,18551E-03;3,70228E-03;5,34696E-03;7,17869E-03;8,85471E-03;1,13991E-02;1,21829E-02;1,51840E-02;1,60977E-02;1,98516E-02;2,17540E-02;2,40875E-02;2,84180E-02;2,97511E-02;3,14560E-02;3,32081E-02;3,71952E-02;4,02122E-02;4,38802E-02;5,59526E-06;3,26775E-06;0,00000E+00;1,19092E-04;1,88359E-05;1,86756E-04;2,65269E-05;0,00000E+00;0,00000E+00;5,02056E-05;6,42823E-04;8,80924E-05;6,75287E-05;0,00000E+00;3,37244E-04;3,58622E-04;0,00000E+00;1,32542E-04;0,00000E+00;0,00000E+00;0,00000E+00;0,00000E+00;0,00000E+00;0,00000E+00;7,49555E-06;0,00000E+00;3,34339E-06;0,00000E+00;0,00000E+00;0,00000E+00;8,96555E-05;0,00000E+00;1,72135E-05;2,91466E-06;9,18988E-06;2,03965E-04;4,37316E-05;2,22148E-05;0,00000E+00;0,00000E+00
421;9,05635E-04;2,44233E-03;3,80929E-03;6,12845E-03;7,75717E-03;1,00014E-02;1,18573E-02;1,47694E-02;1,76096E-02;1,85892E-02;2,33779E-02;2,51043E-02;2,89116E-02;3,16379E-02;3,53729E-02;3,79370E-02;4,11819E-02;4,29437E-02;4,79531E-02;5,26121E-02;3,17535E-07;1,85447E-07;0,00000E+00;3,20258E-05;0,00000E+00;7,62364E-06;1,04185E-04;0,00000E+00;0,00000E+00;2,84921E-06;2,42315E-04;0,00000E+00;0,00000E+00;0,00000E+00;4,67270E-05;2,03521E-05;0,00000E+00;1,56554E-06;0,00000E+00;0,00000E+00;0,00000E+00;0,00000E+00;0,00000E+00;0,00000E+00;0,00000E+00;0,00000E+00;0,00000E+00;0,00000E+00;0,00000E+00;0,00000E+00;2,02609E-04;0,00000E+00;9,76878E-07;0,00000E+00;0,00000E+00;1,10233E-05;5,28484E-05;1,26071E-06;0,00000E+00;7,41228E-05
422;1,16925E-03;2,73564E-03;4,91153E-03;6,97668E-03;9,09525E-03;1,15216E-02;1,43817E-02;1,57272E-02;2,07095E-02;2,32405E-02;2,55807E-02;2,94454E-02;3,19203E-02;3,59609E-02;3,94799E-02;4,28591E-02;4,71553E-02;5,13479E-02;5,43669E-02;6,01575E-02;0,00000E+00;0,00000E+00;0,00000E+00;9,53390E-06;1,37711E-04;3,88291E-05;2,12441E-05;0,00000E+00;0,00000E+00;3,30499E-05;1,19989E-04;0,00000E+00;1,74957E-04;0,00000E+00;1,63271E-04;5,44794E-06;0,00000E+00;5,44794E-06;2,10261E-04;4,28297E-05;0,00000E+00;0,00000E+00;0,00000E+00;1,05616E-05;0,00000E+00;3,01781E-05;0,00000E+00;0,00000E+00;1,36199E-06;0,00000E+00;0,00000E+00;0,00000E+00;0,00000E+00;0,00000E+00;2,10404E-05;0,00000E+00;0,00000E+00;0,00000E+00;1,37205E-05;1,42527E-04
423;1,22890E-03;3,27234E-03;5,49518E-03;7,96645E-03;1,05963E-02;1,34996E-02;1,70392E-02;1,96785E-02;2,35535E-02;2,70059E-02;3,01132E-02;3,23137E-02;3,86208E-02;4,20220E-02;4,61560E-02;4,94970E-02;5,46468E-02;5,88000E-02;6,28225E-02;6,81880E-02;0,00000E+00;0,00000E+00;0,00000E+00;3,99713E-05;1,84521E-04;6,84470E-05;1,10440E-04;1,23323E-05;0,00000E+00;1,38563E-04;7,38955E-05;0,00000E+00;5,29048E-05;0,00000E+00;3,09296E-05;5,98378E-05;0,00000E+00;2,28408E-05;0,00000E+00;1,79566E-04;4,79575E-06;0,00000E+00;0,00000E+00;2,89084E-06;2,99448E-05;0,00000E+00;0,00000E+00;0,00000E+00;5,71019E-06;0,00000E+00;9,24925E-06;7,27829E-06;0,00000E+00;0,00000E+00;0,00000E+00;0,00000E+00;0,00000E+00;0,00000E+00;5,75237E-05;1,40360E-04
424;1,39782E-03;3,77995E-03;6,60615E-03;9,50232E-03;1,26112E-02;1,61303E-02;2,00282E-02;2,31360E-02;2,69053E-02;3,11803E-02;3,55380E-02;3,83019E-02;4,40439E-02;4,68726E-02;5,42071E-02;5,77830E-02;6,44461E-02;6,86232E-02;7,56523E-02;7,94192E-02;0,00000E+00;4,51291E-06;0,00000E+00;0,00000E+00;1,27122E-04;4,28132E-05;2,72648E-05;1,57318E-05;9,52450E-06;9,24485E-05;9,42650E-05;0,00000E+00;1,17659E-04;1,10566E-04;1,81342E-04;3,51979E-04;0,00000E+00;0,00000E+00;0,00000E+00;1,92544E-04;6,11771E-06;0,00000E+00;0,00000E+00;3,68771E-06;3,81992E-05;0,00000E+00;4,00495E-05;0,00000E+00;0,00000E+00;0,00000E+00;8,79949E-05;9,28458E-06;0,00000E+00;0,00000E+00;4,67018E-05;1,41187E-05;0,00000E+00;7,66992E-06;7,99572E-06;4,07348E-05
425;1,65479E-03;4,27592E-03;7,25427E-03;1,11007E-02;1,46502E-02;1,84604E-02;2,22072E-02;2,55338E-02;3,13954E-02;3,49829E-02;4,07386E-02;4,47790E-02;5,00443E-02;5,38699E-02;5,99053E-02;6,63490E-02;7,35857E-02;7,76908E-02;8,69816E-02;9,24066E-02;1,56129E-05;2,08357E-06;0,00000E+00;0,00000E+00;3,20225E-05;1,97665E-05;8,89383E-05;0,00000E+00;4,39738E-06;2,45038E-04;2,39162E-04;1,66136E-04;5,43222E-05;5,10475E-05;7,73370E-05;3,45986E-04;1,28294E-04;1,28294E-04;0,00000E+00;2,32981E-04;0,00000E+00;0,00000E+00;0,00000E+00;0,00000E+00;0,00000E+00;0,00000E+00;1,84905E-05;5,49390E-06;0,00000E+00;0,00000E+00;1,69887E-04;0,00000E+00;0,00000E+00;0,00000E+00;1,92308E-04;6,51850E-06;3,94749E-05;3,54113E-06;3,69155E-06;0,00000E+00
426;1,77588E-03;5,40780E-03;8,18695E-03;1,24811E-02;1,65315E-02;2,15058E-02;2,61719E-02;3,11891E-02;3,56744E-02;4,27362E-02;4,66983E-02;5,20677E-02;5,91012E-02;6,33668E-02;7,02426E-02;7,86603E-02;8,43648E-02;9,04583E-02;9,59313E-02;1,02863E-01;2,84912E-06;0,00000E+00;0,00000E+00;0,00000E+00;1,22726E-06;0,00000E+00;6,91348E-06;0,00000E+00;0,00000E+00;1,57298E-05;8,30121E-05;1,29143E-05;4,98047E-05;0,00000E+00;0,00000E+00;1,59563E-05;9,97269E-06;9,97269E-06;0,00000E+00;1,12002E-05;0,00000E+00;0,00000E+00;0,00000E+00;0,00000E+00;0,00000E+00;0,00000E+00;0,00000E+00;1,17828E-04;0,00000E+00;0,00000E+00;1,04713E-05;0,00000E+00;0,00000E+00;0,00000E+00;1,37533E-04;0,00000E+00;3,06852E-06;0,00000E+00;0,00000E+00;0,00000E+00
427;2,25888E-03;6,00923E-03;9,98689E-03;1,48180E-02;1,93543E-02;2,43590E-02;3,03856E-02;3,62802E-02;4,15045E-02;4,68824E-02;5,47327E-02;5,99131E-02;6,86034E-02;7,51050E-02;7,81116E-02;8,87191E-02;9,65178E-02;1,05229E-01;1,11226E-01;1,18284E-01;1,63284E-05;0,00000E+00;0,00000E+00;3,53762E-06;7,32025E-05;3,50905E-04;6,13106E-06;2,92742E-05;2,12257E-05;2,84147E-04;0,00000E+00;2,73788E-04;0,00000E+00;0,00000E+00;3,40379E-05;8,78227E-05;3,30178E-05;0,00000E+00;0,00000E+00;6,57552E-05;9,17131E-07;0,00000E+00;0,00000E+00;0,00000E+00;0,00000E+00;0,00000E+00;1,17500E-04;0,00000E+00;0,00000E+00;0,00000E+00;2,92742E-05;2,07325E-04;0,00000E+00;0,00000E+00;1,98242E-05;0,00000E+00;1,26992E-05;1,76805E-04;1,35165E-04;1,62846E-05
428;2,58346E-03;6,97445E-03;1,14459E-02;1,70747E-02;2,22787E-02;2,76835E-02;3,44883E-02;4,11194E-02;4,63546E-02;5,46597E-02;6,30391E-02;6,97035E-02;7,58925E-02;8,64910E-02;9,34634E-02;1,01329E-01;1,10622E-01;1,21619E-01;1,30528E-01;1,39309E-01;1,88324E-05;0,00000E+00;0,00000E+00;1,66993E-05;4,79511E-05;0,00000E+00;4,35704E-05;0,00000E+00;1,00196E-04;6,82750E-06;0,00000E+00;7,28705E-05;0,00000E+00;0,00000E+00;3,91589E-05;0,00000E+00;2,90913E-04;0,00000E+00;0,00000E+00;0,00000E+00;1,65212E-05;1,34234E-06;0,00000E+00;0,00000E+00;0,00000E+00;0,00000E+00;0,00000E+00;0,00000E+00;0,00000E+00;0,00000E+00;1,68817E-05;0,00000E+00;0,00000E+00;0,00000E+00;9,35797E-05;0,00000E+00;5,99462E-05;2,26575E-05;0,00000E+00;2,17722E-04
429;2,96679E-03;7,96751E-03;1,36178E-02;1,94830E-02;2,59286E-02;3,24693E-02;3,92182E-02;4,73221E-02;5,34555E-02;6,37360E-02;7,06013E-02;8,01507E-02;8,75392E-02;9,66525E-02;1,09218E-01;1,16643E-01;1,28321E-01;1,37863E-01;1,49784E-01;1,63773E-01;3,31204E-05;0,00000E+00;0,00000E+00;0,00000E+00;9,79019E-05;0,00000E+00;1,12075E-04;8,83946E-05;0,00000E+00;6,30320E-05;0,00000E+00;2,78468E-04;0,00000E+00;0,00000E+00;0,00000E+00;0,00000E+00;1,86089E-04;0,00000E+00;0,00000E+00;0,00000E+00;1,67991E-05;1,84960E-06;0,00000E+00;0,00000E+00;0,00000E+00;0,00000E+00;0,00000E+00;0,00000E+00;0,00000E+00;0,00000E+00;1,11656E-04;9,39036E-05;0,00000E+00;0,00000E+00;1,23837E-04;7,86195E-05;0,00000E+00;3,12196E-05;0,00000E+00;2,09335E-04
430;3,38331E-03;9,30084E-03;1,59676E-02;2,25950E-02;3,00274E-02;3,75766E-02;4,66782E-02;5,50624E-02;6,24833E-02;7,35186E-02;8,28647E-02;9,19875E-02;1,02753E-01;1,13738E-01;1,25697E-01;1,34731E-01;1,46748E-01;1,58541E-01;1,69793E-01;1,84607E-01;1,58142E-05;0,00000E+00;0,00000E+00;6,01430E-06;4,93581E-05;0,00000E+00;4,63413E-05;4,45649E-05;8,42001E-05;1,14601E-04;0,00000E+00;8,97711E-05;5,57223E-05;0,00000E+00;0,00000E+00;0,00000E+00;0,00000E+00;0,00000E+00;7,21716E-05;0,00000E+00;0,00000E+00;0,00000E+00;0,00000E+00;5,63928E-06;0,00000E+00;0,00000E+00;0,00000E+00;0,00000E+00;0,00000E+00;9,02144E-05;4,45649E-05;4,73423E-05;0,00000E+00;1,36288E-04;6,24333E-05;3,96367E-05;0,00000E+00;0,00000E+00;3,02936E-05;7,69289E-06
431;3,97852E-03;1,05725E-02;1,85238E-02;2,61509E-02;3,57419E-02;4,40218E-02;5,29449E-02;6,37416E-02;7,09131E-02;8,30065E-02;9,52460E-02;1,08003E-01;1,16858E-01;1,33077E-01;1,44044E-01;1,55993E-01;1,68291E-01;1,82749E-01;1,95365E-01;2,05315E-01;1,22045E-06;0,00000E+00;0,00000E+00;6,01720E-07;0,00000E+00;0,00000E+00;2,36952E-04;0,00000E+00;1,29954E-04;2,48371E-04;1,61824E-04;0,00000E+00;4,74731E-04;2,01543E-04;0,00000E+00;0,00000E+00;0,00000E+00;4,86121E-04;7,22064E-06;4,43590E-04;0,00000E+00;0,00000E+00;0,00000E+00;5,64201E-07;0,00000E+00;0,00000E+00;0,00000E+00;0,00000E+00;0,00000E+00;9,02580E-06;0,00000E+00;0,00000E+00;0,00000E+00;1,36354E-05;1,06411E-04;5,62973E-05;0,00000E+00;8,56328E-05;3,03083E-06;2,36011E-04
432;4,62307E-03;1,26002E-02;2,10120E-02;3,11063E-02;3,93907E-02;5,02516E-02;6,12498E-02;7,28996E-02;8,38472E-02;9,83157E-02;1,08266E-01;1,22034E-01;1,34702E-01;1,50368E-01;1,57950E-01;1,77922E-01;1,88702E-01;2,06710E-01;2,23950E-01;2,39279E-01;7,25079E-06;0,00000E+00;3,17295E-05;1,61197E-05;0,00000E+00;1,19204E-04;2,12396E-04;0,00000E+00;0,00000E+00;3,42265E-05;1,14243E-04;8,69768E-06;6,22286E-06;0,00000E+00;0,00000E+00;1,20898E-05;0,00000E+00;0,00000E+00;0,00000E+00;4,52597E-05;3,17754E-06;0,00000E+00;0,00000E+00;0,00000E+00;3,45363E-06;0,00000E+00;2,31074E-06;9,18514E-05;0,00000E+00;0,00000E+00;0,00000E+00;0,00000E+00;0,00000E+00;0,00000E+00;1,77336E-04;0,00000E+00;0,00000E+00;0,00000E+00;0,00000E+00;0,00000E+00
433;5,42096E-03;1,46959E-02;2,51186E-02;3,54514E-02;4,64334E-02;5,93724E-02;7,02104E-02;8,50454E-02;9,91267E-02;1,11919E-01;1,25036E-01;1,40616E-01;1,56679E-01;1,75218E-01;1,86307E-01;2,04809E-01;2,20708E-01;2,37505E-01;2,56310E-01;2,70589E-01;4,24611E-06;0,00000E+00;7,74209E-06;8,88070E-05;0,00000E+00;1,13583E-04;9,61948E-06;0,00000E+00;0,00000E+00;1,94911E-04;5,57513E-05;7,05088E-05;7,46912E-05;4,33968E-05;0,00000E+00;1,92213E-04;3,14019E-05;0,00000E+00;0,00000E+00;2,49346E-04;7,26872E-06;0,00000E+00;0,00000E+00;2,45366E-06;1,90268E-05;0,00000E+00;1,27304E-05;0,00000E+00;0,00000E+00;0,00000E+00;0,00000E+00;0,00000E+00;0,00000E+00;0,00000E+00;3,88795E-05;1,93954E-05;0,00000E+00;0,00000E+00;1,75744E-05;0,00000E+00
434;6,32351E-03;1,65191E-02;2,83433E-02;4,04550E-02;5,32370E-02;6,85095E-02;8,09224E-02;9,71328E-02;1,12088E-01;1,28517E-01;1,42871E-01;1,62904E-01;1,77629E-01;1,98774E-01;2,10843E-01;2,32435E-01;2,52871E-01;2,73224E-01;2,92308E-01;3,07565E-01;8,05437E-06;0,00000E+00;3,33042E-05;0,00000E+00;2,58143E-05;7,03921E-05;0,00000E+00;0,00000E+00;4,19534E-05;1,96804E-05;8,34082E-05;3,83913E-04;6,04535E-05;6,49249E-05;1,47567E-04;1,87919E-04;6,37610E-05;0,00000E+00;0,00000E+00;1,88470E-04;1,08746E-05;0,00000E+00;0,00000E+00;3,67086E-06;7,19078E-06;0,00000E+00;0,00000E+00;0,00000E+00;0,00000E+00;0,00000E+00;1,67814E-05;0,00000E+00;0,00000E+00;0,00000E+00;0,00000E+00;2,90170E-05;6,45437E-06;0,00000E+00;2,62926E-05;0,00000E+00
435;7,34018E-03;1,89510E-02;3,23688E-02;4,69176E-02;6,16977E-02;7,90192E-02;9,28533E-02;1,10852E-01;1,29348E-01;1,46650E-01;1,65100E-01;1,89459E-01;2,05284E-01;2,25947E-01;2,43065E-01;2,63633E-01;2,86644E-01;3,08918E-01;3,32298E-01;3,48465E-01;3,71741E-05;0,00000E+00;1,19439E-05;1,15268E-05;1,41945E-05;8,63562E-05;0,00000E+00;0,00000E+00;2,30689E-05;5,59788E-06;0,00000E+00;1,92517E-04;0,00000E+00;0,00000E+00;8,11427E-05;0,00000E+00;9,22755E-06;0,00000E+00;1,38322E-04;1,03634E-04;0,00000E+00;0,00000E+00;0,00000E+00;7,56566E-05;3,95399E-06;0,00000E+00;0,00000E+00;0,00000E+00;0,00000E+00;0,00000E+00;9,22755E-06;0,00000E+00;0,00000E+00;0,00000E+00;0,00000E+00;0,00000E+00;3,54906E-06;7,42588E-05;0,00000E+00;0,00000E+00
436;8,27961E-03;2,20746E-02;3,76953E-02;5,43162E-02;7,11999E-02;8,77441E-02;1,06799E-01;1,25833E-01;1,48518E-01;1,65910E-01;1,89696E-01;2,09176E-01;2,35258E-01;2,56505E-01;2,79348E-01;3,02475E-01;3,26206E-01;3,52530E-01;3,77212E-01;4,00951E-01;1,78685E-05;0,00000E+00;0,00000E+00;1,43099E-06;6,30921E-05;2,16947E-05;1,90401E-04;0,00000E+00;0,00000E+00;0,00000E+00;1,17030E-04;2,10765E-04;0,00000E+00;0,00000E+00;0,00000E+00;8,78892E-05;0,00000E+00;0,00000E+00;1,71719E-05;0,00000E+00;0,00000E+00;0,00000E+00;0,00000E+00;9,39236E-06;0,00000E+00;0,00000E+00;0,00000E+00;4,39095E-05;0,00000E+00;0,00000E+00;2,12399E-04;0,00000E+00;0,00000E+00;9,76286E-06;0,00000E+00;0,00000E+00;9,01427E-05;1,97954E-04;2,45940E-05;0,00000E+00
437;9,64295E-03;2,54086E-02;4,30399E-02;6,16211E-02;8,16084E-02;1,02088E-01;1,24241E-01;1,47525E-01;1,70965E-01;1,94366E-01;2,18169E-01;2,42193E-01;2,68856E-01;2,95654E-01;3,17689E-01;3,43653E-01;3,70854E-01;4,00048E-01;4,26828E-01;4,50807E-01;4,19557E-06;0,00000E+00;9,49302E-05;3,44757E-06;0,00000E+00;1,70939E-04;1,60648E-04;0,00000E+00;1,87112E-04;0,00000E+00;0,00000E+00;0,00000E+00;0,00000E+00;1,89196E-04;0,00000E+00;0,00000E+00;0,00000E+00;0,00000E+00;0,00000E+00;3,87194E-05;0,00000E+00;0,00000E+00;3,08767E-07;3,34286E-06;4,92426E-07;3,34308E-05;0,00000E+00;0,00000E+00;0,00000E+00;0,00000E+00;0,00000E+00;0,00000E+00;0,00000E+00;0,00000E+00;2,41494E-06;0,00000E+00;0,00000E+00;0,00000E+00;3,59149E-05;9,84680E-05
438;1,12451E-02;2,92178E-02;4,99124E-02;7,21384E-02;9,41408E-02;1,19196E-01;1,45050E-01;1,69258E-01;1,96800E-01;2,23536E-01;2,52019E-01;2,82469E-01;3,10206E-01;3,40382E-01;3,64320E-01;3,94674E-01;4,31657E-01;4,60014E-01;4,88129E-01;5,16275E-01;2,85353E-05;0,00000E+00;2,52157E-05;2,22304E-05;0,00000E+00;0,00000E+00;2,11015E-05;2,92213E-05;5,49472E-05;0,00000E+00;1,94550E-05;6,30676E-05;0,00000E+00;0,00000E+00;0,00000E+00;0,00000E+00;0,00000E+00;0,00000E+00;0,00000E+00;2,49667E-04;0,00000E+00;0,00000E+00;1,99097E-06;0,00000E+00;3,17522E-06;0,00000E+00;1,11702E-05;0,00000E+00;0,00000E+00;0,00000E+00;3,65267E-05;0,00000E+00;0,00000E+00;7,46568E-05;5,30981E-05;0,00000E+00;3,74633E-06;0,00000E+00;0,00000E+00;0,00000E+00
439;1,28579E-02;3,39776E-02;5,78959E-02;8,40277E-02;1,10013E-01;1,36726E-01;1,66557E-01;1,94025E-01;2,26408E-01;2,60694E-01;2,90522E-01;3,23844E-01;3,59907E-01;3,88004E-01;4,19865E-01;4,58589E-01;4,91159E-01;5,22333E-01;5,54290E-01;5,98242E-01;2,67530E-05;0,00000E+00;4,11666E-05;4,39904E-05;0,00000E+00;8,38894E-05;3,44499E-05;4,77062E-05;7,15593E-05;1,45564E-04;3,17618E-05;1,02963E-04;0,00000E+00;0,00000E+00;0,00000E+00;0,00000E+00;6,39860E-05;1,59965E-04;1,27972E-04;0,00000E+00;0,00000E+00;0,00000E+00;0,00000E+00;0,00000E+00;0,00000E+00;0,00000E+00;1,82363E-05;0,00000E+00;3,19930E-05;0,00000E+00;7,56293E-05;0,00000E+00;0,00000E+00;1,53868E-04;6,12647E-05;0,00000E+00;6,11618E-06;0,00000E+00;0,00000E+00;1,38068E-04
440;1,49009E-02;3,94654E-02;6,74200E-02;9,65666E-02;1,26898E-01;1,58094E-01;1,91523E-01;2,26385E-01;2,61569E-01;2,97418E-01;3,35710E-01;3,71791E-01;4,12066E-01;4,46229E-01;4,86262E-01;5,27836E-01;5,61962E-01;6,05772E-01;6,31633E-01;6,81009E-01;1,45578E-05;0,00000E+00;0,00000E+00;3,73913E-05;0,00000E+00;2,49302E-04;2,87888E-05;0,00000E+00;0,00000E+00;8,70836E-05;0,00000E+00;1,11538E-04;0,00000E+00;0,00000E+00;0,00000E+00;0,00000E+00;3,82796E-05;9,56990E-05;3,42338E-04;0,00000E+00;6,15208E-06;0,00000E+00;0,00000E+00;0,00000E+00;0,00000E+00;8,15909E-05;4,23322E-05;1,42268E-05;1,91398E-05;0,00000E+00;7,60145E-05;0,00000E+00;1,31292E-04;1,91347E-05;0,00000E+00;2,29821E-04;1,70371E-04;0,00000E+00;9,29660E-06;8,25988E-05
441;1,74476E-02;4,64736E-02;7,85984E-02;1,14412E-01;1,48972E-01;1,86774E-01;2,24098E-01;2,65035E-01;3,03011E-01;3,45346E-01;3,89354E-01;4,31041E-01;4,80706E-01;5,18479E-01;5,58713E-01;6,10136E-01;6,42229E-01;6,85829E-01;7,32706E-01;7,69908E-01;0,00000E+00;0,00000E+00;0,00000E+00;1,66431E-06;0,00000E+00;2,99247E-05;4,32663E-06;0,00000E+00;0,00000E+00;3,10066E-04;0,00000E+00;1,67628E-05;0,00000E+00;1,41270E-04;4,24479E-04;0,00000E+00;8,51855E-05;3,12347E-04;1,53524E-04;3,82684E-04;9,24586E-07;0,00000E+00;0,00000E+00;0,00000E+00;0,00000E+00;1,22622E-05;7,14886E-05;2,13812E-06;0,00000E+00;0,00000E+00;7,38750E-05;0,00000E+00;1,97316E-05;0,00000E+00;0,00000E+00;3,45395E-05;1,23896E-04;0,00000E+00;1,39717E-06;0,00000E+00
442;2,03706E-02;5,39401E-02;9,12671E-02;1,30700E-01;1,72494E-01;2,13491E-01;2,60927E-01;3,03825E-01;3,54544E-01;3,99933E-01;4,45802E-01;4,96343E-01;5,44889E-01;5,88448E-01;6,40328E-01;6,94310E-01;7,38237E-01;7,79145E-01;8,29991E-01;8,73440E-01;2,17178E-05;0,00000E+00;0,00000E+00;0,00000E+00;0,00000E+00;1,60436E-04;1,23715E-05;8,66435E-06;9,99367E-05;1,40166E-05;2,83449E-04;1,45445E-05;1,78594E-04;0,00000E+00;0,00000E+00;1,21079E-03;0,00000E+00;0,00000E+00;0,00000E+00;5,45156E-04;0,00000E+00;0,00000E+00;0,00000E+00;1,18476E-05;1,03129E-05;0,00000E+00;1,20064E-04;0,00000E+00;0,00000E+00;0,00000E+00;1,51626E-05;0,00000E+00;3,60429E-06;0,00000E+00;0,00000E+00;0,00000E+00;2,21863E-04;4,59870E-05;0,00000E+00;2,35371E-04
443;2,38806E-02;6,38287E-02;1,07316E-01;1,53878E-01;2,01258E-01;2,52873E-01;3,04740E-01;3,55828E-01;4,03434E-01;4,61036E-01;5,17932E-01;5,73994E-01;6,26986E-01;6,76934E-01;7,31968E-01;7,90795E-01;8,37459E-01;8,84227E-01;9,38568E-01;9,94533E-01;9,16609E-07;0,00000E+00;0,00000E+00;0,00000E+00;3,89295E-05;0,00000E+00;3,13286E-05;6,68288E-05;0,00000E+00;1,73908E-04;1,33480E-04;1,44695E-04;1,71991E-05;2,99778E-05;3,97393E-05;1,97565E-04;0,00000E+00;9,94214E-05;2,07881E-04;3,04525E-05;0,00000E+00;0,00000E+00;0,00000E+00;9,13818E-05;7,95445E-05;0,00000E+00;0,00000E+00;0,00000E+00;4,51916E-05;0,00000E+00;1,62142E-04;4,53409E-05;3,34399E-05;0,00000E+00;0,00000E+00;0,00000E+00;1,71356E-05;4,36704E-05;0,00000E+00;9,61345E-06
444;2,80114E-02;7,48171E-02;1,25653E-01;1,79382E-01;2,34946E-01;2,92698E-01;3,51786E-01;4,08965E-01;4,69507E-01;5,33969E-01;5,91146E-01;6,52208E-01;7,12635E-01;7,69247E-01;8,37747E-01;8,96745E-01;9,48981E-01;1,00684E+00;1,06572E+00;1,11512E+00;1,23805E-05;0,00000E+00;0,00000E+00;5,30106E-05;6,91619E-05;1,70204E-05;5,56583E-05;0,00000E+00;0,00000E+00;1,16895E-04;6,05029E-05;2,75687E-04;1,28633E-04;5,32584E-05;7,06007E-05;2,38127E-04;1,06021E-04;1,76632E-04;4,75342E-04;5,41018E-05;0,00000E+00;0,00000E+00;0,00000E+00;0,00000E+00;0,00000E+00;0,00000E+00;2,89486E-05;0,00000E+00;8,02871E-05;1,89324E-05;8,02871E-05;8,05525E-05;1,00196E-05;0,00000E+00;0,00000E+00;0,00000E+00;1,39808E-04;2,42240E-04;6,35741E-06;1,30726E-05
445;3,28192E-02;8,85221E-02;1,45576E-01;2,09411E-01;2,72133E-01;3,37380E-01;4,02699E-01;4,68025E-01;5,35019E-01;6,04532E-01;6,70409E-01;7,40117E-01;8,05367E-01;8,74167E-01;9,30779E-01;1,00549E+00;1,06573E+00;1,13401E+00;1,18744E+00;1,24506E+00;1,77324E-05;0,00000E+00;1,56541E-05;3,45154E-05;0,00000E+00;1,06217E-04;0,00000E+00;0,00000E+00;0,00000E+00;0,00000E+00;6,75752E-05;1,41893E-04;8,37531E-05;0,00000E+00;2,79163E-04;2,20063E-04;6,90308E-05;1,69315E-04;1,32524E-04;4,27850E-04;0,00000E+00;0,00000E+00;0,00000E+00;3,47281E-05;0,00000E+00;0,00000E+00;9,16615E-05;0,00000E+00;0,00000E+00;8,11110E-05;0,00000E+00;0,00000E+00;0,00000E+00;0,00000E+00;0,00000E+00;0,00000E+00;9,10297E-05;1,07208E-04;4,13933E-06;4,50459E-05
446;3,87311E-02;1,02781E-01;1,70676E-01;2,40395E-01;3,14585E-01;3,85509E-01;4,63505E-01;5,33527E-01;6,03493E-01;6,79695E-01;7,54296E-01;8,25940E-01;8,98256E-01;9,62021E-01;1,04072E+00;1,11058E+00;1,17870E+00;1,24280E+00;1,30497E+00;1,36491E+00;1,89494E-06;6,42558E-06;2,76409E-06;0,00000E+00;0,00000E+00;1,67983E-05;8,22603E-05;5,42448E-05;1,22051E-04;8,22688E-05;7,72062E-05;0,00000E+00;0,00000E+00;3,37343E-04;2,16244E-04;3,36335E-05;0,00000E+00;2,98964E-05;1,12112E-05;3,49695E-04;0,00000E+00;0,00000E+00;0,00000E+00;6,13206E-06;6,58574E-05;0,00000E+00;1,28568E-05;4,64583E-05;0,00000E+00;1,21454E-05;1,35612E-05;0,00000E+00;0,00000E+00;1,44614E-04;2,18484E-04;0,00000E+00;0,00000E+00;0,00000E+00;0,00000E+00;6,45098E-06
447;4,47609E-02;1,16933E-01;1,96912E-01;2,75938E-01;3,54055E-01;4,37839E-01;5,18440E-01;6,00348E-01;6,79930E-01;7,58704E-01;8,39061E-01;9,16252E-01;9,88448E-01;1,07026E+00;1,13474E+00;1,20997E+00;1,29053E+00;1,34819E+00;1,41811E+00;1,48415E+00;3,02660E-05;3,03079E-06;8,93473E-05;1,04670E-05;2,62334E-05;9,75647E-05;0,00000E+00;0,00000E+00;0,00000E+00;3,62098E-04;3,02775E-04;0,00000E+00;0,00000E+00;1,92869E-06;1,43176E-05;2,32599E-06;0,00000E+00;6,97798E-06;2,84230E-05;0,00000E+00;1,57900E-06;3,39006E-06;0,00000E+00;5,07879E-05;6,64456E-07;0,00000E+00;4,44571E-06;4,48226E-06;1,88635E-05;0,00000E+00;3,07490E-05;2,05913E-06;0,00000E+00;0,00000E+00;2,16383E-04;0,00000E+00;0,00000E+00;0,00000E+00;5,85794E-06;0,00000E+00
448;5,17402E-02;1,34074E-01;2,18156E-01;3,06766E-01;3,92705E-01;4,80483E-01;5,63818E-01;6,52403E-01;7,34179E-01;8,19622E-01;8,98933E-01;9,76804E-01;1,05897E+00;1,13991E+00;1,21091E+00;1,29529E+00;1,36127E+00;1,42811E+00;1,49365E+00;1,56761E+00;0,00000E+00;3,07551E-05;0,00000E+00;9,94455E-05;1,01806E-05;2,27538E-05;0,00000E+00;0,00000E+00;0,00000E+00;0,00000E+00;4,95703E-05;5,95161E-05;2,55489E-05;1,83242E-05;1,65128E-04;3,03717E-05;0,00000E+00;1,65570E-04;8,27273E-06;0,00000E+00;0,00000E+00;1,38139E-05;0,00000E+00;7,77039E-06;6,31292E-06;0,00000E+00;4,22382E-05;4,25854E-05;4,41980E-05;0,00000E+00;3,45081E-05;1,95636E-05;0,00000E+00;3,58390E-05;8,41464E-05;0,00000E+00;0,00000E+00;0,00000E+00;5,56556E-05;2,49910E-05
449;5,86082E-02;1,48619E-01;2,41179E-01;3,35728E-01;4,29016E-01;5,23483E-01;6,13517E-01;7,01514E-01;7,88546E-01;8,74508E-01;9,60177E-01;1,03821E+00;1,11891E+00;1,20209E+00;1,27866E+00;1,35115E+00;1,41887E+00;1,49018E+00;1,55778E+00;1,63124E+00;9,33121E-06;2,55936E-05;0,00000E+00;0,00000E+00;4,14889E-05;1,20014E-05;0,00000E+00;0,00000E+00;0,00000E+00;8,58747E-06;9,59886E-05;1,15248E-04;4,94732E-05;0,00000E+00;5,63469E-05;3,84065E-04;0,00000E+00;1,92233E-04;1,60194E-05;2,86164E-04;0,00000E+00;2,67494E-05;0,00000E+00;0,00000E+00;0,00000E+00;1,89626E-05;0,00000E+00;0,00000E+00;1,41556E-05;0,00000E+00;2,40291E-05;0,00000E+00;0,00000E+00;6,93990E-05;5,28422E-05;0,00000E+00;0,00000E+00;0,00000E+00;0,00000E+00;6,06107E-05
450;6,42959E-02;1,61572E-01;2,62470E-01;3,60751E-01;4,57760E-01;5,53349E-01;6,48329E-01;7,31890E-01;8,26334E-01;9,14686E-01;1,00078E+00;1,07687E+00;1,16143E+00;1,23935E+00;1,31401E+00;1,38442E+00;1,45200E+00;1,53654E+00;1,59387E+00;1,66190E+00;2,98825E-05;1,54258E-05;4,06005E-05;4,99016E-05;8,29601E-05;5,98162E-05;0,00000E+00;0,00000E+00;1,09784E-04;3,08805E-04;1,19604E-04;0,00000E+00;9,24675E-05;0,00000E+00;2,10630E-04;2,60448E-04;0,00000E+00;0,00000E+00;0,00000E+00;4,49099E-04;0,00000E+00;0,00000E+00;0,00000E+00;0,00000E+00;0,00000E+00;1,34190E-05;0,00000E+00;0,00000E+00;1,00172E-05;0,00000E+00;0,00000E+00;0,00000E+00;0,00000E+00;1,33036E-05;1,75421E-05;0,00000E+00;7,67718E-06;9,64438E-05;9,21622E-05;8,64599E-06
451;6,92272E-02;1,72553E-01;2,76893E-01;3,76892E-01;4,75630E-01;5,68735E-01;6,66216E-01;7,53785E-01;8,45008E-01;9,28612E-01;1,01080E+00;1,08921E+00;1,16754E+00;1,25360E+00;1,32387E+00;1,39130E+00;1,46276E+00;1,52635E+00;1,59627E+00;1,65450E+00;4,75415E-06;1,21231E-04;8,29152E-06;1,57309E-04;1,08254E-04;1,22158E-05;4,43427E-05;7,67572E-05;2,24203E-05;6,18238E-05;1,60701E-04;2,20884E-04;1,88839E-05;0,00000E+00;4,30153E-05;0,00000E+00;4,34958E-04;2,55857E-05;2,30272E-04;5,03600E-05;0,00000E+00;0,00000E+00;0,00000E+00;0,00000E+00;0,00000E+00;2,14214E-05;0,00000E+00;0,00000E+00;0,00000E+00;0,00000E+00;0,00000E+00;0,00000E+00;0,00000E+00;2,71688E-06;1,52339E-04;0,00000E+00;1,56785E-06;1,96960E-05;1,88216E-05;7,72916E-05
452;7,26014E-02;1,80294E-01;2,84187E-01;3,88869E-01;4,82018E-01;5,77797E-01;6,71671E-01;7,57805E-01;8,35458E-01;9,23500E-01;1,00040E+00;1,08620E+00;1,15023E+00;1,22882E+00;1,30377E+00;1,37420E+00;1,43809E+00;1,50507E+00;1,56956E+00;1,62467E+00;3,42686E-05;1,31354E-05;3,58830E-05;1,27430E-04;1,61280E-06;1,14228E-04;0,00000E+00;0,00000E+00;0,00000E+00;0,00000E+00;0,00000E+00;3,77141E-06;1,28423E-04;9,19476E-05;4,87552E-05;0,00000E+00;0,00000E+00;2,77222E-05;3,04944E-04;1,96251E-06;0,00000E+00;0,00000E+00;0,00000E+00;0,00000E+00;1,24794E-06;0,00000E+00;0,00000E+00;0,00000E+00;5,67911E-06;0,00000E+00;8,31666E-05;5,67210E-06;1,63555E-06;0,00000E+00;3,09559E-04;0,00000E+00;0,00000E+00;0,00000E+00;1,29466E-04;0,00000E+00
453;7,47303E-02;1,82535E-01;2,83531E-01;3,85707E-01;4,78306E-01;5,69743E-01;6,51412E-01;7,31934E-01;8,18414E-01;8,96587E-01;9,70126E-01;1,04489E+00;1,11214E+00;1,17875E+00;1,25171E+00;1,31174E+00;1,37394E+00;1,44758E+00;1,51293E+00;1,56418E+00;1,19232E-05;1,77208E-06;4,14939E-06;1,19552E-04;2,00622E-05;4,76324E-05;0,00000E+00;0,00000E+00;0,00000E+00;2,72263E-05;0,00000E+00;4,69137E-05;0,00000E+00;0,00000E+00;0,00000E+00;0,00000E+00;1,49599E-05;0,00000E+00;0,00000E+00;3,28130E-05;0,00000E+00;0,00000E+00;0,00000E+00;0,00000E+00;1,55235E-05;0,00000E+00;0,00000E+00;0,00000E+00;7,06442E-05;0,00000E+00;0,00000E+00;7,05570E-05;2,03451E-05;0,00000E+00;1,06582E-04;0,00000E+00;4,31537E-05;3,01175E-06;1,82477E-05;2,90522E-05
454;7,47358E-02;1,79856E-01;2,78867E-01;3,74349E-01;4,62134E-01;5,47557E-01;6,28663E-01;7,02906E-01;7,84123E-01;8,54138E-01;9,28170E-01;9,93113E-01;1,05490E+00;1,11691E+00;1,18160E+00;1,24778E+00;1,30690E+00;1,36645E+00;1,42591E+00;1,47990E+00;5,05407E-05;3,75954E-06;8,80307E-06;0,00000E+00;1,61557E-05;1,20724E-04;0,00000E+00;9,18966E-05;5,90764E-05;1,61295E-04;8,74040E-05;0,00000E+00;0,00000E+00;1,08856E-05;0,00000E+00;0,00000E+00;3,17380E-05;1,31281E-05;0,00000E+00;1,78223E-05;3,28191E-06;0,00000E+00;0,00000E+00;0,00000E+00;0,00000E+00;0,00000E+00;0,00000E+00;0,00000E+00;1,05025E-04;0,00000E+00;0,00000E+00;0,00000E+00;0,00000E+00;1,31246E-05;4,13816E-05;1,45954E-05;9,15519E-05;1,69613E-05;1,65313E-05;6,16352E-05
455;7,29175E-02;1,73517E-01;2,66397E-01;3,53384E-01;4,36393E-01;5,16271E-01;5,93991E-01;6,65613E-01;7,34870E-01;8,03786E-01;8,63130E-01;9,25628E-01;9,91407E-01;1,05076E+00;1,10388E+00;1,16952E+00;1,22622E+00;1,27776E+00;1,32956E+00;1,38692E+00;3,00882E-05;0,00000E+00;0,00000E+00;1,02483E-04;1,23766E-05;1,50693E-05;5,65135E-05;7,04006E-05;4,52575E-05;2,37570E-04;1,53799E-04;5,36210E-05;0,00000E+00;8,33932E-06;0,00000E+00;0,00000E+00;1,86333E-04;1,00572E-05;2,79500E-04;0,00000E+00;2,51422E-06;0,00000E+00;0,00000E+00;0,00000E+00;0,00000E+00;0,00000E+00;4,62984E-05;0,00000E+00;8,04578E-05;0,00000E+00;0,00000E+00;0,00000E+00;0,00000E+00;1,00545E-05;1,55698E-04;1,11813E-05;0,00000E+00;8,09891E-06;9,86980E-05;0,00000E+00
456;6,90770E-02;1,63059E-01;2,48774E-01;3,32448E-01;4,04927E-01;4,78712E-01;5,47479E-01;6,14949E-01;6,75288E-01;7,36357E-01;7,98095E-01;8,57804E-01;9,13131E-01;9,70967E-01;1,01255E+00;1,07820E+00;1,12865E+00;1,18243E+00;1,23063E+00;1,28252E+00;8,51505E-06;0,00000E+00;6,21032E-05;1,67922E-04;4,42830E-05;1,52765E-04;1,32263E-05;0,00000E+00;0,00000E+00;3,13549E-04;3,62955E-05;1,25493E-05;0,00000E+00;0,00000E+00;0,00000E+00;7,19687E-05;3,31484E-04;1,19948E-04;1,85361E-04;0,00000E+00;0,00000E+00;0,00000E+00;0,00000E+00;2,24937E-05;0,00000E+00;0,00000E+00;1,08355E-05;0,00000E+00;0,00000E+00;0,00000E+00;1,19948E-05;0,00000E+00;0,00000E+00;0,00000E+00;2,90197E-05;1,77806E-05;0,00000E+00;0,00000E+00;2,01351E-05;0,00000E+00
457;6,43486E-02;1,50693E-01;2,30972E-01;3,05937E-01;3,76149E-01;4,41877E-01;5,08240E-01;5,66346E-01;6,26991E-01;6,77828E-01;7,37493E-01;7,89587E-01;8,50192E-01;8,94978E-01;9,52501E-01;9,95128E-01;1,04531E+00;1,09002E+00;1,13942E+00;1,19193E+00;4,14173E-06;1,12443E-04;1,99324E-05;9,05956E-07;5,94606E-06;4,07232E-06;7,47674E-05;5,38972E-05;0,00000E+00;9,80901E-05;3,12249E-04;1,16325E-04;0,00000E+00;1,34073E-04;1,65881E-04;0,00000E+00;1,44953E-05;2,48577E-04;6,03971E-06;2,03494E-05;1,27253E-05;1,92853E-05;0,00000E+00;5,68536E-05;0,00000E+00;7,21999E-05;0,00000E+00;7,75913E-07;1,50993E-06;0,00000E+00;1,81191E-06;1,06935E-06;0,00000E+00;0,00000E+00;5,66306E-05;0,00000E+00;0,00000E+00;2,91820E-06;2,34802E-05;2,25137E-04
458;5,94691E-02;1,39484E-01;2,10657E-01;2,81667E-01;3,44514E-01;4,07371E-01;4,63612E-01;5,23021E-01;5,74287E-01;6,31074E-01;6,77504E-01;7,28602E-01;7,79251E-01;8,30517E-01;8,73837E-01;9,24947E-01;9,69766E-01;1,01138E+00;1,06778E+00;1,10485E+00;2,50693E-05;1,25592E-05;0,00000E+00;1,59037E-05;1,04381E-04;7,64944E-05;8,26883E-05;3,34126E-06;1,00238E-05;3,24316E-05;1,27060E-04;0,00000E+00;0,00000E+00;0,00000E+00;8,22682E-05;4,00951E-05;2,54459E-04;1,06025E-04;1,99580E-04;3,57226E-04;0,00000E+00;0,00000E+00;0,00000E+00;0,00000E+00;0,00000E+00;0,00000E+00;0,00000E+00;1,36209E-05;2,65062E-05;0,00000E+00;3,18074E-05;3,84915E-05;0,00000E+00;0,00000E+00;1,63833E-05;0,00000E+00;0,00000E+00;5,12279E-05;2,13616E-04;7,60927E-05
459;5,44913E-02;1,27436E-01;1,94021E-01;2,60174E-01;3,18553E-01;3,74375E-01;4,30894E-01;4,83708E-01;5,36023E-01;5,83660E-01;6,30927E-01;6,79964E-01;7,26016E-01;7,76848E-01;8,17222E-01;8,63721E-01;9,04448E-01;9,47776E-01;9,93131E-01;1,03774E+00;2,28414E-05;1,43086E-05;6,70083E-06;1,20794E-05;0,00000E+00;1,16896E-05;5,75706E-05;7,80166E-06;2,34050E-05;9,03817E-05;0,00000E+00;0,00000E+00;0,00000E+00;0,00000E+00;1,92091E-04;9,36199E-05;1,08714E-04;0,00000E+00;2,18446E-04;0,00000E+00;1,00658E-06;0,00000E+00;0,00000E+00;0,00000E+00;0,00000E+00;0,00000E+00;0,00000E+00;0,00000E+00;0,00000E+00;0,00000E+00;0,00000E+00;4,60438E-05;0,00000E+00;0,00000E+00;3,82541E-05;9,40063E-05;0,00000E+00;0,00000E+00;6,59132E-05;6,73369E-06
460;5,03161E-02;1,16917E-01;1,79866E-01;2,38464E-01;2,93578E-01;3,47532E-01;3,97875E-01;4,47871E-01;4,97489E-01;5,46916E-01;5,84297E-01;6,37348E-01;6,74520E-01;7,22556E-01;7,65956E-01;8,05231E-01;8,43491E-01;8,91617E-01;9,26896E-01;9,61570E-01;4,63433E-05;7,94498E-05;5,55841E-06;1,00200E-05;0,00000E+00;1,81328E-04;1,97568E-04;0,00000E+00;0,00000E+00;1,21572E-05;0,00000E+00;0,00000E+00;0,00000E+00;0,00000E+00;6,08103E-05;2,07460E-04;9,01796E-05;0,00000E+00;0,00000E+00;3,30079E-04;8,34969E-07;0,00000E+00;0,00000E+00;2,02630E-05;9,87737E-06;0,00000E+00;0,00000E+00;0,00000E+00;2,59325E-05;0,00000E+00;0,00000E+00;1,17337E-04;0,00000E+00;0,00000E+00;0,00000E+00;7,79792E-05;0,00000E+00;0,00000E+00;1,27243E-04;1,49218E-04
461;4,65112E-02;1,08552E-01;1,67332E-01;2,22214E-01;2,75727E-01;3,24427E-01;3,76821E-01;4,24198E-01;4,67597E-01;5,13715E-01;5,59279E-01;6,04649E-01;6,40596E-01;6,89599E-01;7,27592E-01;7,69049E-01;8,05701E-01;8,42855E-01;8,77947E-01;9,15132E-01;7,49203E-06;3,13830E-05;2,91407E-05;0,00000E+00;1,66232E-04;8,21606E-05;4,00108E-05;0,00000E+00;0,00000E+00;1,36577E-05;0,00000E+00;6,47865E-05;1,91203E-04;0,00000E+00;2,93401E-04;5,54069E-05;0,00000E+00;0,00000E+00;0,00000E+00;1,64008E-04;0,00000E+00;0,00000E+00;0,00000E+00;5,81855E-05;1,22849E-05;0,00000E+00;0,00000E+00;2,41021E-05;6,92586E-06;0,00000E+00;0,00000E+00;3,13375E-05;0,00000E+00;0,00000E+00;7,09652E-05;0,00000E+00;0,00000E+00;0,00000E+00;1,93806E-05;7,87149E-05
462;4,32395E-02;1,02844E-01;1,56936E-01;2,10451E-01;2,60118E-01;3,10810E-01;3,60692E-01;4,02624E-01;4,49402E-01;4,92332E-01;5,29103E-01;5,68999E-01;6,11821E-01;6,50898E-01;6,93281E-01;7,33499E-01;7,64980E-01;8,04089E-01;8,41579E-01;8,72395E-01;3,05717E-05;0,00000E+00;9,69435E-06;0,00000E+00;5,01481E-05;0,00000E+00;1,54897E-06;0,00000E+00;1,19033E-04;2,95786E-04;1,91977E-04;0,00000E+00;4,21341E-05;2,37150E-06;5,65868E-06;0,00000E+00;2,14502E-06;1,06999E-04;7,15006E-06;1,17761E-04;0,00000E+00;0,00000E+00;0,00000E+00;0,00000E+00;0,00000E+00;0,00000E+00;1,00205E-05;2,90877E-06;5,36255E-07;3,39628E-06;3,45544E-05;0,00000E+00;0,00000E+00;0,00000E+00;4,34853E-05;2,91434E-05;1,51232E-04;1,58320E-04;9,00360E-07;1,01813E-04
463;4,11835E-02;9,73924E-02;1,50883E-01;2,01712E-01;2,51366E-01;2,96516E-01;3,41136E-01;3,87232E-01;4,30988E-01;4,68516E-01;5,10370E-01;5,49665E-01;5,90411E-01;6,27719E-01;6,64206E-01;7,00705E-01;7,31993E-01;7,70902E-01;8,11245E-01;8,49255E-01;2,11591E-06;0,00000E+00;0,00000E+00;3,57671E-05;5,10341E-05;1,56309E-05;7,07486E-05;0,00000E+00;4,30251E-05;3,20133E-04;7,93767E-05;0,00000E+00;4,80277E-05;1,47860E-04;1,90312E-04;0,00000E+00;9,79726E-05;9,20114E-05;2,07352E-04;6,69496E-06;3,47725E-06;0,00000E+00;0,00000E+00;4,19212E-06;0,00000E+00;0,00000E+00;0,00000E+00;8,43542E-05;1,55514E-05;9,84920E-05;5,18379E-05;4,57362E-05;7,43940E-06;0,00000E+00;1,96081E-04;0,00000E+00;0,00000E+00;0,00000E+00;3,36170E-05;1,54355E-05
464;3,92533E-02;9,37477E-02;1,45331E-01;1,93267E-01;2,42184E-01;2,87476E-01;3,29149E-01;3,73650E-01;4,11933E-01;4,54121E-01;4,95163E-01;5,27931E-01;5,67560E-01;6,03068E-01;6,36754E-01;6,70633E-01;7,11981E-01;7,38875E-01;7,73854E-01;8,11335E-01;1,05257E-05;0,00000E+00;0,00000E+00;1,44958E-04;0,00000E+00;4,02633E-05;6,65306E-05;6,11679E-05;3,07105E-05;1,11783E-04;2,56295E-04;0,00000E+00;0,00000E+00;2,86714E-04;6,75135E-05;0,00000E+00;2,14467E-04;7,67763E-05;1,11214E-04;1,72454E-05;8,95694E-06;7,95886E-06;0,00000E+00;1,07984E-05;0,00000E+00;0,00000E+00;0,00000E+00;7,14378E-06;0,00000E+00;0,00000E+00;0,00000E+00;1,37502E-04;3,30422E-05;1,11185E-05;0,00000E+00;0,00000E+00;0,00000E+00;6,26913E-05;5,20130E-05;6,85570E-05
465;3,78929E-02;9,08248E-02;1,39809E-01;1,88105E-01;2,32351E-01;2,76197E-01;3,19896E-01;3,59930E-01;4,00468E-01;4,36555E-01;4,69063E-01;5,08062E-01;5,41357E-01;5,76267E-01;6,10657E-01;6,48111E-01;6,74603E-01;7,07717E-01;7,42939E-01;7,70794E-01;1,85111E-05;0,00000E+00;0,00000E+00;4,76861E-05;1,98859E-05;4,84247E-05;3,50072E-05;5,52155E-05;4,84780E-05;4,90152E-05;7,90627E-05;0,00000E+00;0,00000E+00;2,89305E-04;0,00000E+00;0,00000E+00;1,10431E-04;0,00000E+00;1,00392E-04;5,44452E-05;0,00000E+00;7,18435E-06;0,00000E+00;0,00000E+00;0,00000E+00;0,00000E+00;0,00000E+00;6,44860E-06;0,00000E+00;0,00000E+00;0,00000E+00;1,77747E-05;4,78198E-05;1,00365E-05;0,00000E+00;0,00000E+00;0,00000E+00;5,65906E-05;2,94972E-05;2,59948E-05
466;3,69157E-02;8,75010E-02;1,34218E-01;1,81386E-01;2,24371E-01;2,64819E-01;3,08576E-01;3,47050E-01;3,82750E-01;4,19174E-01;4,52719E-01;4,88364E-01;5,18454E-01;5,52981E-01;5,89810E-01;6,17275E-01;6,44492E-01;6,78331E-01;7,12906E-01;7,42754E-01;4,17220E-06;2,50194E-06;1,95279E-05;0,00000E+00;5,95624E-06;1,45042E-05;1,04854E-05;5,28034E-05;4,62022E-05;1,46810E-05;9,66719E-06;9,11714E-05;4,89223E-05;8,17264E-05;5,57194E-05;1,90092E-04;2,11214E-04;0,00000E+00;2,32335E-04;1,34914E-04;0,00000E+00;0,00000E+00;0,00000E+00;0,00000E+00;0,00000E+00;0,00000E+00;0,00000E+00;2,26120E-05;7,39248E-05;8,44855E-05;0,00000E+00;0,00000E+00;5,01087E-05;0,00000E+00;1,25758E-04;0,00000E+00;0,00000E+00;1,02052E-04;1,15253E-04;7,29203E-05
467;3,57183E-02;8,44080E-02;1,30063E-01;1,73273E-01;2,16148E-01;2,55215E-01;2,95788E-01;3,29209E-01;3,63238E-01;4,02091E-01;4,37203E-01;4,68657E-01;4,98692E-01;5,28361E-01;5,62167E-01;5,80592E-01;6,13129E-01;6,46822E-01;6,73957E-01;6,99832E-01;1,89437E-07;0,00000E+00;0,00000E+00;7,33841E-07;1,57145E-05;1,19951E-06;7,78053E-05;8,00553E-07;2,13481E-06;0,00000E+00;0,00000E+00;0,00000E+00;3,09046E-06;4,02358E-04;0,00000E+00;0,00000E+00;0,00000E+00;3,73592E-06;0,00000E+00;8,60484E-05;2,22368E-07;0,00000E+00;0,00000E+00;8,98002E-06;0,00000E+00;1,71059E-05;2,52228E-05;0,00000E+00;0,00000E+00;0,00000E+00;6,61829E-05;0,00000E+00;0,00000E+00;6,22487E-07;5,60769E-07;4,94462E-07;0,00000E+00;0,00000E+00;1,50079E-04;2,64870E-06
468;3,45035E-02;8,13252E-02;1,24466E-01;1,66942E-01;2,07200E-01;2,42615E-01;2,81279E-01;3,15059E-01;3,44667E-01;3,79737E-01;4,10700E-01;4,44485E-01;4,72424E-01;5,01295E-01;5,25567E-01;5,57886E-01;5,83058E-01;6,10391E-01;6,40788E-01;6,70648E-01;1,90121E-05;0,00000E+00;0,00000E+00;5,59130E-05;0,00000E+00;1,11289E-04;4,94408E-05;8,22414E-05;1,62656E-04;3,22212E-06;0,00000E+00;0,00000E+00;2,35469E-04;1,32123E-05;2,80233E-05;0,00000E+00;0,00000E+00;2,84648E-04;2,12454E-05;4,77209E-05;1,94508E-05;0,00000E+00;0,00000E+00;4,98016E-06;7,58633E-06;0,00000E+00;6,92835E-05;1,02351E-05;1,72619E-05;0,00000E+00;1,77905E-04;0,00000E+00;0,00000E+00;4,74287E-05;4,27263E-05;3,76742E-05;0,00000E+00;0,00000E+00;0,00000E+00;2,24732E-04
469;3,28668E-02;7,74890E-02;1,19307E-01;1,57148E-01;1,94534E-01;2,30207E-01;2,62543E-01;2,95434E-01;3,24455E-01;3,57940E-01;3,86804E-01;4,16431E-01;4,44256E-01;4,68670E-01;4,94981E-01;5,23100E-01;5,49719E-01;5,74696E-01;6,00639E-01;6,25564E-01;1,66323E-05;0,00000E+00;2,26823E-05;4,85553E-05;3,14490E-06;6,41666E-05;6,53617E-05;6,54530E-05;0,00000E+00;8,97681E-05;4,76400E-05;5,14786E-05;0,00000E+00;3,75261E-05;7,95928E-05;0,00000E+00;9,19996E-05;3,16887E-04;6,03420E-05;2,50343E-04;1,05307E-05;9,75375E-06;0,00000E+00;2,01353E-05;2,15470E-05;0,00000E+00;2,01832E-05;2,90702E-05;4,90278E-05;0,00000E+00;0,00000E+00;6,63621E-05;0,00000E+00;6,81297E-06;0,00000E+00;0,00000E+00;0,00000E+00;0,00000E+00;0,00000E+00;1,00394E-04
470;3,12739E-02;7,34734E-02;1,12064E-01;1,49578E-01;1,83831E-01;2,17652E-01;2,50274E-01;2,78050E-01;3,08154E-01;3,38957E-01;3,65430E-01;3,91460E-01;4,19888E-01;4,44432E-01;4,72061E-01;4,96827E-01;5,22636E-01;5,45110E-01;5,65666E-01;5,92730E-01;3,57899E-06;0,00000E+00;2,23739E-05;8,58203E-05;1,01112E-04;7,55405E-06;0,00000E+00;2,77968E-05;9,10208E-05;1,53144E-04;1,07592E-04;5,07784E-05;0,00000E+00;5,03155E-05;0,00000E+00;0,00000E+00;9,07483E-05;3,12578E-04;2,57892E-04;1,13243E-04;4,62507E-06;9,62110E-06;0,00000E+00;5,90902E-06;0,00000E+00;0,00000E+00;8,69847E-06;0,00000E+00;0,00000E+00;0,00000E+00;3,41328E-05;6,54595E-05;0,00000E+00;5,72739E-05;0,00000E+00;0,00000E+00;0,00000E+00;0,00000E+00;9,55137E-05;1,46106E-04
471;2,95218E-02;6,98043E-02;1,05565E-01;1,40448E-01;1,73534E-01;2,06863E-01;2,32604E-01;2,62412E-01;2,90748E-01;3,17764E-01;3,39730E-01;3,68591E-01;3,89834E-01;4,16076E-01;4,38886E-01;4,68897E-01;4,84757E-01;5,14650E-01;5,28649E-01;5,61095E-01;0,00000E+00;0,00000E+00;0,00000E+00;3,77660E-05;5,75263E-05;1,50124E-05;0,00000E+00;6,77464E-05;4,05420E-05;1,09783E-04;2,33781E-04;2,73908E-04;1,85657E-04;5,01041E-05;0,00000E+00;8,01542E-05;0,00000E+00;0,00000E+00;8,64809E-05;0,00000E+00;4,23912E-07;1,19502E-05;0,00000E+00;0,00000E+00;0,00000E+00;0,00000E+00;2,91692E-06;4,29054E-05;0,00000E+00;0,00000E+00;4,15038E-05;5,91317E-06;0,00000E+00;8,37299E-05;1,40365E-05;0,00000E+00;0,00000E+00;0,00000E+00;1,66607E-04;2,36220E-04
472;2,78708E-02;6,48167E-02;9,98427E-02;1,31992E-01;1,64138E-01;1,91246E-01;2,19429E-01;2,45083E-01;2,73243E-01;2,96439E-01;3,22272E-01;3,49291E-01;3,70303E-01;3,98117E-01;4,18917E-01;4,42931E-01;4,66693E-01;4,86869E-01;5,09778E-01;5,28984E-01;3,41353E-05;0,00000E+00;0,00000E+00;1,76802E-07;1,74061E-07;1,05965E-07;0,00000E+00;4,24326E-07;7,07210E-08;6,00639E-07;1,50670E-06;1,93338E-06;2,05607E-05;8,29309E-05;0,00000E+00;5,65768E-07;0,00000E+00;5,48525E-04;0,00000E+00;0,00000E+00;0,00000E+00;8,43503E-08;0,00000E+00;0,00000E+00;0,00000E+00;0,00000E+00;0,00000E+00;3,02848E-07;0,00000E+00;0,00000E+00;1,26786E-05;4,17381E-08;0,00000E+00;4,71347E-07;9,90767E-08;0,00000E+00;8,63063E-05;1,60624E-04;8,46737E-05;1,40392E-06
473;2,61664E-02;6,15060E-02;9,39370E-02;1,24933E-01;1,54799E-01;1,79241E-01;2,08416E-01;2,31742E-01;2,58799E-01;2,82677E-01;3,03056E-01;3,28044E-01;3,51082E-01;3,73551E-01;3,92544E-01;4,15907E-01;4,37044E-01;4,55631E-01;4,83440E-01;5,04128E-01;3,37701E-05;0,00000E+00;0,00000E+00;1,43126E-05;1,24178E-05;8,93553E-06;0,00000E+00;0,00000E+00;0,00000E+00;3,67291E-05;1,99352E-04;0,00000E+00;0,00000E+00;3,95593E-05;8,39053E-06;9,39403E-05;1,00907E-04;4,43991E-04;5,24794E-05;3,16085E-04;0,00000E+00;1,70709E-06;0,00000E+00;1,18269E-05;0,00000E+00;0,00000E+00;3,85731E-06;4,32113E-06;1,55053E-05;0,00000E+00;1,36225E-04;6,20450E-05;0,00000E+00;1,43088E-05;0,00000E+00;0,00000E+00;7,33978E-06;0,00000E+00;0,00000E+00;1,55822E-04
474;2,47644E-02;5,71649E-02;8,75358E-02;1,16929E-01;1,45910E-01;1,71049E-01;1,96445E-01;2,20894E-01;2,42911E-01;2,67707E-01;2,95378E-01;3,13518E-01;3,35424E-01;3,56307E-01;3,76098E-01;4,00897E-01;4,17902E-01;4,38572E-01;4,58932E-01;4,79095E-01;0,00000E+00;0,00000E+00;0,00000E+00;4,56289E-05;0,00000E+00;2,84868E-05;0,00000E+00;2,41121E-05;0,00000E+00;0,00000E+00;1,85729E-04;0,00000E+00;0,00000E+00;1,26116E-04;2,67493E-05;2,12561E-04;0,00000E+00;1,63963E-04;3,60203E-04;6,83273E-05;0,00000E+00;5,44225E-06;0,00000E+00;0,00000E+00;0,00000E+00;1,29201E-05;5,53031E-06;0,00000E+00;4,94314E-05;0,00000E+00;4,58131E-05;4,40059E-05;0,00000E+00;4,56168E-05;0,00000E+00;0,00000E+00;3,82377E-05;0,00000E+00;0,00000E+00;5,25104E-05
475;2,31905E-02;5,42588E-02;8,24336E-02;1,11053E-01;1,37160E-01;1,61342E-01;1,87041E-01;2,12955E-01;2,32995E-01;2,57559E-01;2,79118E-01;3,00464E-01;3,20485E-01;3,41777E-01;3,60686E-01;3,83033E-01;4,05336E-01;4,20984E-01;4,41992E-01;4,64661E-01;2,57044E-05;0,00000E+00;0,00000E+00;0,00000E+00;4,45591E-06;8,13801E-05;0,00000E+00;2,56950E-05;2,31736E-04;0,00000E+00;1,93785E-04;0,00000E+00;0,00000E+00;0,00000E+00;1,52833E-04;1,13058E-04;2,89670E-05;2,90594E-04;4,37296E-04;0,00000E+00;1,60922E-06;0,00000E+00;0,00000E+00;1,86730E-05;0,00000E+00;1,37682E-05;5,89334E-06;1,55056E-05;2,53461E-05;0,00000E+00;4,88205E-05;1,81976E-05;0,00000E+00;9,17043E-05;0,00000E+00;0,00000E+00;1,58123E-05;4,66532E-05;0,00000E+00;1,25009E-04
476;2,17876E-02;5,15082E-02;7,87503E-02;1,05813E-01;1,31380E-01;1,54903E-01;1,80217E-01;2,02960E-01;2,25387E-01;2,48854E-01;2,68286E-01;2,89795E-01;3,10162E-01;3,30984E-01;3,50749E-01;3,72608E-01;3,89001E-01;4,12303E-01;4,27899E-01;4,46131E-01;4,07815E-05;0,00000E+00;0,00000E+00;0,00000E+00;1,65335E-06;4,46215E-05;1,33485E-04;0,00000E+00;2,68910E-04;1,51855E-04;4,65132E-05;2,77054E-05;0,00000E+00;0,00000E+00;5,67083E-05;0,00000E+00;6,85139E-05;4,29925E-05;1,82261E-04;0,00000E+00;9,68956E-06;2,06695E-05;0,00000E+00;2,04696E-05;0,00000E+00;0,00000E+00;0,00000E+00;9,87615E-06;9,40461E-06;0,00000E+00;6,73934E-05;1,02277E-04;0,00000E+00;3,40266E-05;0,00000E+00;0,00000E+00;0,00000E+00;1,73106E-05;0,00000E+00;1,21172E-04
477;2,08353E-02;4,96809E-02;7,56783E-02;1,01382E-01;1,27464E-01;1,53048E-01;1,76919E-01;1,96187E-01;2,20066E-01;2,40596E-01;2,61286E-01;2,84212E-01;3,04447E-01;3,25747E-01;3,42468E-01;3,62686E-01;3,89333E-01;4,04138E-01;4,24547E-01;4,41234E-01;8,48731E-07;0,00000E+00;0,00000E+00;0,00000E+00;0,00000E+00;3,91866E-07;3,62608E-06;8,41183E-05;6,50536E-05;4,78653E-05;0,00000E+00;7,52608E-07;0,00000E+00;0,00000E+00;0,00000E+00;9,61352E-05;1,56919E-06;0,00000E+00;2,61531E-06;1,88945E-04;2,46993E-07;5,61480E-07;0,00000E+00;8,81854E-06;0,00000E+00;0,00000E+00;6,89043E-05;1,11995E-07;0,00000E+00;0,00000E+00;1,83072E-06;2,77831E-06;0,00000E+00;0,00000E+00;0,00000E+00;1,78134E-04;3,69751E-05;8,70930E-05;0,00000E+00;1,78354E-04
478;2,03318E-02;4,86678E-02;7,53113E-02;1,00210E-01;1,27158E-01;1,50531E-01;1,72257E-01;1,95413E-01;2,18298E-01;2,37966E-01;2,62193E-01;2,82924E-01;3,01957E-01;3,23854E-01;3,41644E-01;3,61339E-01;3,80240E-01;4,02372E-01;4,14999E-01;4,35279E-01;1,75300E-06;0,00000E+00;0,00000E+00;9,99287E-05;6,24100E-06;3,79940E-05;5,61708E-06;0,00000E+00;4,96961E-05;0,00000E+00;5,37852E-05;0,00000E+00;0,00000E+00;1,68207E-05;0,00000E+00;3,04286E-04;8,64281E-06;1,27357E-04;1,72856E-05;9,26149E-05;0,00000E+00;6,18507E-06;0,00000E+00;2,37761E-06;1,85171E-06;1,35872E-05;0,00000E+00;0,00000E+00;0,00000E+00;8,64281E-06;1,06500E-04;4,19028E-05;1,40063E-05;4,32025E-06;1,66487E-05;7,51770E-06;6,24177E-05;1,73998E-05;0,00000E+00;0,00000E+00
479;1,99034E-02;4,77576E-02;7,36429E-02;9,95549E-02;1,23938E-01;1,47673E-01;1,70560E-01;1,94408E-01;2,16134E-01;2,37108E-01;2,58278E-01;2,81403E-01;2,98637E-01;3,23385E-01;3,42519E-01;3,58719E-01;3,81026E-01;4,00419E-01;4,16803E-01;4,37384E-01;6,23682E-06;0,00000E+00;0,00000E+00;7,41108E-05;1,12340E-05;0,00000E+00;1,99844E-05;0,00000E+00;2,27017E-04;0,00000E+00;1,55462E-04;8,53764E-05;0,00000E+00;0,00000E+00;0,00000E+00;0,00000E+00;3,07494E-05;9,22482E-05;1,16271E-04;9,65883E-05;0,00000E+00;2,20052E-05;0,00000E+00;0,00000E+00;6,58803E-06;0,00000E+00;1,39583E-05;2,93188E-05;0,00000E+00;3,07494E-05;0,00000E+00;0,00000E+00;4,79680E-06;1,53706E-05;7,20218E-05;4,05961E-05;0,00000E+00;6,19049E-05;0,00000E+00;7,09118E-05
480;1,94822E-02;4,70187E-02;7,33109E-02;9,86622E-02;1,22971E-01;1,47841E-01;1,70385E-01;1,93389E-01;2,13994E-01;2,36413E-01;2,60504E-01;2,80507E-01;2,96681E-01;3,25388E-01;3,41173E-01;3,63176E-01;3,76621E-01;3,96029E-01;4,15650E-01;4,39351E-01;0,00000E+00;0,00000E+00;0,00000E+00;4,98550E-05;1,29163E-05;0,00000E+00;0,00000E+00;0,00000E+00;5,77268E-05;0,00000E+00;1,39758E-05;2,47996E-04;4,28803E-05;0,00000E+00;0,00000E+00;0,00000E+00;0,00000E+00;0,00000E+00;6,29747E-05;1,17877E-05;0,00000E+00;0,00000E+00;0,00000E+00;2,44104E-05;1,18991E-05;0,00000E+00;1,60486E-05;7,23572E-05;0,00000E+00;0,00000E+00;0,00000E+00;0,00000E+00;6,49786E-05;0,00000E+00;1,47041E-05;6,72576E-05;0,00000E+00;0,00000E+00;4,66240E-05;2,25339E-04
481;1,95255E-02;4,66034E-02;7,36888E-02;9,90825E-02;1,23559E-01;1,47524E-01;1,72611E-01;1,95638E-01;2,15412E-01;2,38796E-01;2,61466E-01;2,82492E-01;3,01392E-01;3,22975E-01;3,44161E-01;3,59930E-01;3,81842E-01;3,99905E-01;4,18838E-01;4,40596E-01;2,45831E-05;0,00000E+00;3,44794E-05;1,07217E-04;4,01567E-05;7,68321E-05;0,00000E+00;0,00000E+00;1,39848E-04;1,24430E-04;0,00000E+00;6,13091E-05;1,75457E-05;0,00000E+00;0,00000E+00;0,00000E+00;0,00000E+00;0,00000E+00;3,54283E-04;0,00000E+00;4,14352E-06;2,44640E-05;0,00000E+00;9,98823E-06;2,88388E-05;0,00000E+00;3,92032E-05;1,58138E-05;4,66161E-06;0,00000E+00;2,79697E-05;0,00000E+00;7,89460E-05;0,00000E+00;3,91842E-05;8,42174E-06;0,00000E+00;0,00000E+00;1,90776E-05;5,88432E-05
482;1,97102E-02;4,72618E-02;7,44552E-02;9,97234E-02;1,24860E-01;1,48811E-01;1,74608E-01;1,99120E-01;2,17559E-01;2,41499E-01;2,63911E-01;2,85084E-01;3,05901E-01;3,24798E-01;3,49315E-01;3,65251E-01;3,88336E-01;4,05541E-01;4,25014E-01;4,43566E-01;2,02003E-05;0,00000E+00;1,46550E-05;1,10653E-04;5,24233E-05;4,75912E-05;5,08077E-05;0,00000E+00;1,47389E-04;1,76668E-04;0,00000E+00;0,00000E+00;0,00000E+00;0,00000E+00;1,03117E-04;0,00000E+00;0,00000E+00;0,00000E+00;1,57619E-04;0,00000E+00;1,97675E-07;1,16710E-06;0,00000E+00;0,00000E+00;1,14353E-06;0,00000E+00;1,98006E-05;0,00000E+00;2,22392E-07;0,00000E+00;3,65136E-05;0,00000E+00;2,44492E-05;0,00000E+00;1,86936E-06;0,00000E+00;0,00000E+00;0,00000E+00;0,00000E+00;0,00000E+00
483;1,98714E-02;4,81491E-02;7,50958E-02;1,00761E-01;1,26289E-01;1,50613E-01;1,76194E-01;2,01769E-01;2,19895E-01;2,44057E-01;2,67360E-01;2,87730E-01;3,09560E-01;3,28351E-01;3,53696E-01;3,71257E-01;3,94583E-01;4,11448E-01;4,31721E-01;4,48151E-01;6,21903E-06;2,77687E-06;3,77979E-06;7,59748E-05;3,77328E-05;0,00000E+00;1,15136E-04;0,00000E+00;8,76250E-05;1,86009E-04;1,15472E-04;0,00000E+00;0,00000E+00;1,45315E-04;1,25825E-04;0,00000E+00;1,37369E-04;0,00000E+00;0,00000E+00;0,00000E+00;0,00000E+00;0,00000E+00;0,00000E+00;0,00000E+00;0,00000E+00;7,85074E-06;0,00000E+00;0,00000E+00;1,95353E-06;0,00000E+00;2,55514E-05;0,00000E+00;0,00000E+00;0,00000E+00;0,00000E+00;6,06022E-05;1,95353E-05;1,73046E-05;0,00000E+00;0,00000E+00
484;1,98931E-02;4,81249E-02;7,49867E-02;1,02758E-01;1,27643E-01;1,51528E-01;1,76459E-01;2,00072E-01;2,25329E-01;2,48071E-01;2,68051E-01;2,92658E-01;3,12282E-01;3,32857E-01;3,53348E-01;3,70271E-01;3,99519E-01;4,19808E-01;4,36970E-01;4,57626E-01;0,00000E+00;1,10828E-05;0,00000E+00;5,84755E-05;0,00000E+00;0,00000E+00;0,00000E+00;3,03674E-05;2,77284E-05;0,00000E+00;2,27389E-04;0,00000E+00;0,00000E+00;3,87897E-05;1,52592E-05;0,00000E+00;1,40341E-04;0,00000E+00;0,00000E+00;0,00000E+00;0,00000E+00;0,00000E+00;0,00000E+00;0,00000E+00;0,00000E+00;3,13331E-05;0,00000E+00;0,00000E+00;7,79673E-06;0,00000E+00;3,25365E-05;1,28016E-05;0,00000E+00;0,00000E+00;0,00000E+00;0,00000E+00;7,79673E-05;1,38934E-04;0,00000E+00;1,87218E-05
485;1,98809E-02;4,82582E-02;7,60842E-02;1,02459E-01;1,27708E-01;1,53694E-01;1,78790E-01;2,02682E-01;2,27252E-01;2,49153E-01;2,73199E-01;2,96005E-01;3,16442E-01;3,36245E-01;3,55584E-01;3,80706E-01;4,00160E-01;4,23971E-01;4,41477E-01;4,62762E-01;0,00000E+00;0,00000E+00;0,00000E+00;4,02005E-05;4,94714E-05;0,00000E+00;4,06417E-05;3,76736E-05;1,12583E-04;0,00000E+00;1,14662E-04;0,00000E+00;2,06920E-05;2,11114E-04;2,54600E-04;0,00000E+00;6,70008E-05;0,00000E+00;8,04010E-05;0,00000E+00;0,00000E+00;0,00000E+00;0,00000E+00;0,00000E+00;0,00000E+00;0,00000E+00;7,42746E-05;0,00000E+00;0,00000E+00;0,00000E+00;9,73153E-05;1,58816E-05;0,00000E+00;0,00000E+00;5,16257E-05;6,95235E-05;6,18469E-05;1,73007E-04;0,00000E+00;7,52723E-05
486;2,02447E-02;4,86612E-02;7,62618E-02;1,04969E-01;1,29812E-01;1,56329E-01;1,82934E-01;2,05925E-01;2,28957E-01;2,53267E-01;2,76733E-01;3,00232E-01;3,22752E-01;3,40434E-01;3,65283E-01;3,89248E-01;4,08870E-01;4,32552E-01;4,50108E-01;4,66157E-01;1,28671E-05;0,00000E+00;0,00000E+00;1,79687E-05;7,22997E-05;1,35791E-05;1,81660E-05;0,00000E+00;8,41673E-05;0,00000E+00;6,03374E-05;0,00000E+00;9,24888E-06;9,43631E-05;1,05339E-04;3,62507E-05;2,99479E-05;1,45003E-04;3,59374E-05;0,00000E+00;0,00000E+00;0,00000E+00;0,00000E+00;3,82391E-05;0,00000E+00;0,00000E+00;5,74494E-05;5,82135E-05;1,35940E-05;0,00000E+00;3,45184E-05;0,00000E+00;0,00000E+00;3,62410E-05;6,75129E-05;3,10755E-05;2,76442E-05;6,04804E-05;0,00000E+00;2,32635E-05
487;2,06683E-02;5,00594E-02;7,73270E-02;1,05271E-01;1,31251E-01;1,58213E-01;1,83987E-01;2,09468E-01;2,32470E-01;2,58575E-01;2,84722E-01;3,07324E-01;3,27140E-01;3,52169E-01;3,70815E-01;3,96414E-01;4,16763E-01;4,38474E-01;4,60275E-01;4,78003E-01;8,75614E-07;0,00000E+00;0,00000E+00;6,84598E-05;1,01704E-04;9,24064E-07;0,00000E+00;1,25510E-04;2,46688E-06;1,24593E-04;4,10599E-06;0,00000E+00;0,00000E+00;0,00000E+00;4,01335E-05;2,46688E-06;1,36920E-04;9,86752E-06;0,00000E+00;0,00000E+00;0,00000E+00;0,00000E+00;0,00000E+00;2,60220E-06;0,00000E+00;3,82115E-05;1,01967E-04;2,35058E-05;9,25080E-07;0,00000E+00;6,16720E-07;3,36696E-05;0,00000E+00;4,04893E-05;3,02399E-06;8,45684E-06;0,00000E+00;1,48990E-06;0,00000E+00;0,00000E+00
488;2,06563E-02;5,02177E-02;7,88176E-02;1,05901E-01;1,32647E-01;1,59964E-01;1,88120E-01;2,10638E-01;2,35403E-01;2,61805E-01;2,86101E-01;3,08991E-01;3,37449E-01;3,56208E-01;3,79114E-01;4,03435E-01;4,25886E-01;4,45126E-01;4,64766E-01;4,90815E-01;2,17640E-05;0,00000E+00;0,00000E+00;2,55484E-05;3,22097E-06;8,42169E-05;0,00000E+00;0,00000E+00;1,39593E-05;1,98386E-04;8,16459E-05;0,00000E+00;1,60498E-04;0,00000E+00;1,84127E-05;0,00000E+00;4,08774E-05;0,00000E+00;0,00000E+00;0,00000E+00;0,00000E+00;4,57861E-06;6,25101E-07;4,49929E-06;2,49230E-06;9,34981E-06;4,00208E-06;0,00000E+00;0,00000E+00;0,00000E+00;4,08774E-05;8,23847E-06;1,41544E-05;0,00000E+00;0,00000E+00;0,00000E+00;1,57221E-05;1,48332E-04;0,00000E+00;1,38762E-04
489;2,09916E-02;5,09625E-02;8,02064E-02;1,08869E-01;1,37297E-01;1,64188E-01;1,90385E-01;2,15749E-01;2,40983E-01;2,69125E-01;2,93655E-01;3,18209E-01;3,43744E-01;3,63365E-01;3,90429E-01;4,09788E-01;4,33632E-01;4,60089E-01;4,78377E-01;4,99120E-01;0,00000E+00;0,00000E+00;1,36471E-05;4,10019E-06;1,44979E-05;0,00000E+00;0,00000E+00;0,00000E+00;1,16134E-04;2,98485E-05;0,00000E+00;0,00000E+00;1,21279E-05;0,00000E+00;2,27098E-04;0,00000E+00;0,00000E+00;8,20037E-06;0,00000E+00;0,00000E+00;0,00000E+00;2,06088E-05;2,81364E-06;2,02518E-05;1,12181E-05;4,20844E-05;1,80138E-05;0,00000E+00;0,00000E+00;0,00000E+00;0,00000E+00;3,70822E-05;6,37103E-05;0,00000E+00;0,00000E+00;2,73508E-05;0,00000E+00;3,79482E-05;2,40944E-05;1,08462E-04
490;2,12381E-02;5,12099E-02;8,15084E-02;1,10736E-01;1,38412E-01;1,66774E-01;1,91691E-01;2,20269E-01;2,45232E-01;2,71582E-01;2,97498E-01;3,24050E-01;3,48611E-01;3,74029E-01;3,97651E-01;4,19824E-01;4,42139E-01;4,68129E-01;4,92311E-01;5,16654E-01;1,56366E-05;0,00000E+00;1,82032E-05;5,46904E-06;7,90601E-06;0,00000E+00;0,00000E+00;0,00000E+00;7,10975E-05;3,98134E-05;0,00000E+00;0,00000E+00;0,00000E+00;0,00000E+00;1,92368E-04;0,00000E+00;5,13954E-05;1,09381E-05;5,13954E-05;0,00000E+00;0,00000E+00;0,00000E+00;0,00000E+00;1,05417E-05;0,00000E+00;5,59394E-05;0,00000E+00;0,00000E+00;0,00000E+00;1,92733E-05;1,60611E-05;0,00000E+00;0,00000E+00;0,00000E+00;2,70009E-05;3,64819E-05;0,00000E+00;0,00000E+00;3,21384E-05;1,66350E-05
491;2,14235E-02;5,23756E-02;8,20507E-02;1,11290E-01;1,40365E-01;1,70750E-01;1,95768E-01;2,24799E-01;2,49069E-01;2,78213E-01;3,07120E-01;3,31168E-01;3,61401E-01;3,84575E-01;4,05073E-01;4,30270E-01;4,52942E-01;4,80023E-01;4,97600E-01;5,27979E-01;3,23574E-05;0,00000E+00;0,00000E+00;0,00000E+00;6,29138E-05;0,00000E+00;0,00000E+00;4,36493E-05;0,00000E+00;0,00000E+00;0,00000E+00;0,00000E+00;0,00000E+00;0,00000E+00;0,00000E+00;0,00000E+00;2,48756E-05;5,23792E-05;7,72548E-05;2,54915E-04;0,00000E+00;0,00000E+00;0,00000E+00;5,10223E-06;0,00000E+00;4,46165E-05;4,00453E-05;0,00000E+00;0,00000E+00;9,32833E-06;3,83282E-05;0,00000E+00;0,00000E+00;0,00000E+00;1,04795E-04;1,29408E-05;0,00000E+00;1,40600E-05;0,00000E+00;4,57256E-05
492;2,14851E-02;5,24926E-02;8,35657E-02;1,14080E-01;1,44178E-01;1,73418E-01;2,00982E-01;2,29330E-01;2,55083E-01;2,83863E-01;3,13199E-01;3,36436E-01;3,62163E-01;3,88420E-01;4,12146E-01;4,41606E-01;4,61347E-01;4,84995E-01;5,11798E-01;5,36079E-01;2,89454E-05;2,86523E-05;0,00000E+00;0,00000E+00;5,20844E-06;0,00000E+00;0,00000E+00;3,84762E-06;0,00000E+00;0,00000E+00;0,00000E+00;0,00000E+00;8,48878E-05;0,00000E+00;0,00000E+00;4,39787E-05;0,00000E+00;4,61714E-06;4,61714E-06;2,24704E-05;0,00000E+00;0,00000E+00;0,00000E+00;0,00000E+00;0,00000E+00;1,54626E-06;3,52993E-06;0,00000E+00;5,49733E-06;3,29840E-05;2,69333E-06;0,00000E+00;6,17446E-05;0,00000E+00;1,46713E-04;1,14071E-06;0,00000E+00;4,55084E-05;0,00000E+00;7,92378E-05
493;2,21969E-02;5,39977E-02;8,57928E-02;1,16718E-01;1,45931E-01;1,77596E-01;2,05001E-01;2,33638E-01;2,65015E-01;2,91231E-01;3,20237E-01;3,45070E-01;3,69104E-01;3,99997E-01;4,24646E-01;4,47682E-01;4,81448E-01;5,05527E-01;5,25253E-01;5,52295E-01;0,00000E+00;4,83297E-06;0,00000E+00;0,00000E+00;1,22106E-04;1,87646E-05;6,71149E-06;1,54901E-06;2,04000E-05;0,00000E+00;1,30487E-04;0,00000E+00;0,00000E+00;1,70220E-04;0,00000E+00;2,78822E-05;0,00000E+00;2,33694E-04;0,00000E+00;2,29110E-05;0,00000E+00;0,00000E+00;8,04638E-06;0,00000E+00;3,20516E-05;0,00000E+00;4,25435E-05;0,00000E+00;0,00000E+00;3,06000E-05;3,18861E-05;2,35446E-05;1,27293E-05;1,13564E-05;1,58252E-05;3,67391E-05;7,84614E-05;3,28555E-05;0,00000E+00;1,60436E-05
494;2,24788E-02;5,57240E-02;8,77637E-02;1,20600E-01;1,50220E-01;1,82453E-01;2,13421E-01;2,40136E-01;2,70595E-01;3,00779E-01;3,27304E-01;3,54737E-01;3,84521E-01;4,13342E-01;4,37997E-01;4,66663E-01;4,88624E-01;5,16284E-01;5,40907E-01;5,64138E-01;0,00000E+00;0,00000E+00;8,55781E-06;1,92836E-05;2,87499E-05;1,76686E-05;3,40613E-05;7,86136E-06;5,01373E-05;4,67935E-05;5,72777E-05;0,00000E+00;5,95540E-06;1,93594E-04;0,00000E+00;1,41504E-04;2,31403E-05;1,01162E-04;6,17075E-05;0,00000E+00;0,00000E+00;0,00000E+00;4,08360E-05;1,80812E-06;0,00000E+00;0,00000E+00;1,80306E-05;0,00000E+00;0,00000E+00;0,00000E+00;1,19701E-04;3,92184E-05;3,60981E-05;5,76346E-05;7,10690E-05;2,15039E-04;3,26338E-05;5,90092E-05;0,00000E+00;8,14226E-05
495;2,28802E-02;5,67227E-02;8,96622E-02;1,23250E-01;1,54749E-01;1,86233E-01;2,18623E-01;2,46011E-01;2,76752E-01;3,09509E-01;3,36833E-01;3,65324E-01;3,91827E-01;4,26190E-01;4,48080E-01;4,80196E-01;5,00584E-01;5,31467E-01;5,58775E-01;5,79962E-01;1,86686E-05;0,00000E+00;5,30951E-05;8,58922E-05;8,45637E-05;0,00000E+00;0,00000E+00;5,52251E-05;1,51527E-04;8,18616E-05;6,29028E-05;4,41448E-05;1,79987E-05;1,46463E-04;0,00000E+00;1,34995E-04;3,31188E-05;8,95495E-05;8,83169E-05;0,00000E+00;0,00000E+00;0,00000E+00;0,00000E+00;2,58781E-06;0,00000E+00;0,00000E+00;2,81473E-05;0,00000E+00;0,00000E+00;0,00000E+00;1,37995E-05;1,62884E-05;5,16642E-05;0,00000E+00;9,02434E-05;4,09117E-05;4,67061E-05;8,44551E-05;0,00000E+00;0,00000E+00
496;2,33187E-02;5,79271E-02;9,19736E-02;1,25941E-01;1,58015E-01;1,89929E-01;2,23817E-01;2,54276E-01;2,85280E-01;3,16278E-01;3,43963E-01;3,75633E-01;4,02365E-01;4,35095E-01;4,62237E-01;4,90129E-01;5,16427E-01;5,42328E-01;5,71952E-01;6,03086E-01;2,17023E-05;0,00000E+00;2,13625E-05;6,41222E-05;4,39164E-05;0,00000E+00;0,00000E+00;2,88822E-05;4,17187E-05;7,78726E-06;2,13657E-05;2,30873E-05;1,99725E-04;0,00000E+00;1,92253E-04;3,73320E-04;0,00000E+00;5,68714E-05;2,52266E-04;0,00000E+00;0,00000E+00;0,00000E+00;0,00000E+00;0,00000E+00;0,00000E+00;0,00000E+00;1,79352E-05;4,32110E-05;0,00000E+00;0,00000E+00;7,98842E-05;0,00000E+00;7,34582E-05;0,00000E+00;9,17673E-05;6,85573E-05;0,00000E+00;0,00000E+00;7,76507E-05;7,98356E-05
497;2,40877E-02;5,95861E-02;9,39100E-02;1,28193E-01;1,61026E-01;1,92022E-01;2,25447E-01;2,57211E-01;2,87953E-01;3,22602E-01;3,52635E-01;3,80715E-01;4,10422E-01;4,36655E-01;4,69256E-01;4,97334E-01;5,27694E-01;5,58302E-01;5,80357E-01;6,15605E-01;1,42083E-05;0,00000E+00;1,96286E-05;3,63456E-06;1,31750E-04;4,77157E-05;0,00000E+00;0,00000E+00;0,00000E+00;0,00000E+00;0,00000E+00;0,00000E+00;2,10463E-05;3,52078E-05;2,07744E-05;2,66244E-04;0,00000E+00;2,38985E-04;2,72592E-05;0,00000E+00;0,00000E+00;0,00000E+00;0,00000E+00;0,00000E+00;0,00000E+00;0,00000E+00;3,47340E-07;4,66927E-06;1,06152E-05;0,00000E+00;8,63209E-06;0,00000E+00;7,93771E-06;2,12246E-05;5,90509E-05;8,60855E-05;0,00000E+00;5,98374E-05;8,39074E-06;7,27612E-05
498;2,42680E-02;6,05332E-02;9,50276E-02;1,30431E-01;1,65410E-01;1,96813E-01;2,32773E-01;2,65998E-01;2,96378E-01;3,30949E-01;3,61962E-01;3,94257E-01;4,24495E-01;4,51177E-01;4,81351E-01;5,18569E-01;5,38122E-01;5,69861E-01;5,96400E-01;6,27338E-01;1,53621E-05;0,00000E+00;0,00000E+00;0,00000E+00;2,33289E-05;1,13662E-04;8,76468E-05;0,00000E+00;5,44164E-06;0,00000E+00;1,21212E-04;1,01872E-04;1,27595E-04;0,00000E+00;0,00000E+00;0,00000E+00;0,00000E+00;1,21373E-04;1,20190E-04;2,44458E-05;0,00000E+00;0,00000E+00;9,74715E-07;0,00000E+00;3,10897E-06;0,00000E+00;4,25301E-05;7,79633E-05;0,00000E+00;0,00000E+00;5,63096E-05;7,76013E-05;0,00000E+00;1,08804E-05;0,00000E+00;1,00831E-05;0,00000E+00;0,00000E+00;0,00000E+00;8,72988E-05
499;2,48345E-02;6,15423E-02;9,70720E-02;1,33103E-01;1,69257E-01;2,03350E-01;2,36083E-01;2,71932E-01;3,02748E-01;3,34663E-01;3,66593E-01;3,98708E-01;4,33237E-01;4,60986E-01;4,96925E-01;5,27017E-01;5,55030E-01;5,79858E-01;6,09406E-01;6,34210E-01;3,78444E-05;0,00000E+00;8,03211E-06;0,00000E+00;1,11677E-04;0,00000E+00;0,00000E+00;0,00000E+00;6,39202E-05;2,63514E-05;0,00000E+00;5,20835E-06;3,75078E-04;0,00000E+00;1,08225E-04;7,23961E-05;0,00000E+00;1,66511E-04;1,16937E-04;1,40800E-04;0,00000E+00;4,31741E-07;5,61402E-06;0,00000E+00;1,79066E-05;0,00000E+00;0,00000E+00;0,00000E+00;3,61981E-05;0,00000E+00;1,11574E-05;0,00000E+00;0,00000E+00;6,26672E-05;1,77491E-05;1,03685E-04;0,00000E+00;2,04048E-05;0,00000E+00;1,87458E-05
500;2,54784E-02;6,32047E-02;9,89894E-02;1,36248E-01;1,71222E-01;2,06459E-01;2,41861E-01;2,76409E-01;3,07987E-01;3,44095E-01;3,74878E-01;4,07144E-01;4,38202E-01;4,72496E-01;5,05294E-01;5,32649E-01;5,65836E-01;5,91450E-01;6,15512E-01;6,52516E-01;2,06112E-05;0,00000E+00;1,22816E-05;2,92062E-06;7,49247E-05;0,00000E+00;3,03704E-05;0,00000E+00;4,98140E-05;4,02928E-05;0,00000E+00;9,20105E-05;2,70595E-05;0,00000E+00;1,65482E-04;2,62570E-04;0,00000E+00;3,24700E-04;3,44348E-05;3,28012E-04;0,00000E+00;6,60158E-07;0,00000E+00;0,00000E+00;0,00000E+00;1,56497E-05;0,00000E+00;5,50306E-05;5,53489E-05;0,00000E+00;2,27523E-05;0,00000E+00;0,00000E+00;0,00000E+00;2,71394E-05;1,00046E-04;4,49326E-05;3,12001E-05;0,00000E+00;2,86634E-05
501;2,57578E-02;6,36361E-02;1,01038E-01;1,38948E-01;1,74088E-01;2,09909E-01;2,45983E-01;2,83064E-01;3,17028E-01;3,49280E-01;3,85810E-01;4,16734E-01;4,48049E-01;4,81250E-01;5,14077E-01;5,42377E-01;5,78068E-01;6,02619E-01;6,32713E-01;6,67953E-01;2,06387E-05;0,00000E+00;0,00000E+00;1,63602E-06;0,00000E+00;0,00000E+00;7,28091E-05;5,63407E-05;8,04867E-06;0,00000E+00;8,57382E-05;4,70799E-05;1,51577E-05;4,00431E-05;0,00000E+00;2,13852E-04;0,00000E+00;5,53619E-05;1,30882E-05;1,83740E-04;0,00000E+00;5,75988E-06;0,00000E+00;0,00000E+00;0,00000E+00;4,11120E-05;0,00000E+00;3,08261E-05;0,00000E+00;0,00000E+00;3,47144E-05;0,00000E+00;8,53784E-05;2,14574E-05;0,00000E+00;1,69762E-05;8,70825E-05;2,59258E-05;0,00000E+00;0,00000E+00
502;2,63019E-02;6,55531E-02;1,03333E-01;1,41651E-01;1,77714E-01;2,17252E-01;2,51958E-01;2,87304E-01;3,20886E-01;3,56526E-01;3,90874E-01;4,24751E-01;4,55911E-01;4,93858E-01;5,22959E-01;5,54227E-01;5,85673E-01;6,17053E-01;6,45330E-01;6,76160E-01;4,17923E-06;0,00000E+00;0,00000E+00;1,53990E-05;3,79007E-05;0,00000E+00;7,16729E-06;3,80353E-05;2,15659E-05;0,00000E+00;1,10134E-05;5,90850E-05;6,34097E-05;5,62184E-05;1,80549E-04;6,53036E-04;0,00000E+00;8,41960E-05;0,00000E+00;0,00000E+00;0,00000E+00;7,39879E-07;0,00000E+00;0,00000E+00;0,00000E+00;4,15492E-06;0,00000E+00;0,00000E+00;0,00000E+00;0,00000E+00;3,61859E-06;0,00000E+00;1,09672E-05;9,85470E-05;7,19111E-06;5,32628E-05;7,95294E-06;3,33027E-06;0,00000E+00;1,15189E-04
503;2,66462E-02;6,62117E-02;1,05214E-01;1,43336E-01;1,82474E-01;2,19307E-01;2,56383E-01;2,93027E-01;3,31438E-01;3,61337E-01;3,98435E-01;4,32888E-01;4,67984E-01;5,00410E-01;5,38469E-01;5,66726E-01;5,96511E-01;6,24195E-01;6,50924E-01;6,91456E-01;4,83840E-07;2,14309E-05;0,00000E+00;5,08517E-05;7,33903E-07;0,00000E+00;1,88073E-04;5,02554E-05;0,00000E+00;1,09966E-04;0,00000E+00;1,71617E-06;3,68357E-06;4,98365E-04;0,00000E+00;0,00000E+00;0,00000E+00;0,00000E+00;0,00000E+00;0,00000E+00;0,00000E+00;0,00000E+00;0,00000E+00;0,00000E+00;0,00000E+00;5,04910E-05;1,26996E-05;0,00000E+00;0,00000E+00;0,00000E+00;3,32223E-05;1,77958E-05;0,00000E+00;0,00000E+00;0,00000E+00;1,94487E-05;4,63896E-05;7,62775E-05;3,37511E-05;0,00000E+00
504;2,73317E-02;6,64233E-02;1,06153E-01;1,45192E-01;1,83470E-01;2,20607E-01;2,60088E-01;2,96887E-01;3,30128E-01;3,65766E-01;4,04675E-01;4,38652E-01;4,73675E-01;5,04055E-01;5,37462E-01;5,70267E-01;6,07805E-01;6,34358E-01;6,68409E-01;7,02264E-01;1,38613E-05;9,67294E-06;0,00000E+00;3,90060E-06;4,80015E-06;0,00000E+00;5,44395E-05;0,00000E+00;0,00000E+00;1,60908E-04;0,00000E+00;1,61204E-05;2,40927E-05;2,29567E-04;0,00000E+00;1,36098E-05;0,00000E+00;4,76344E-05;3,40246E-05;0,00000E+00;0,00000E+00;0,00000E+00;0,00000E+00;0,00000E+00;0,00000E+00;5,69735E-06;3,28032E-05;8,74218E-06;0,00000E+00;0,00000E+00;1,18137E-04;0,00000E+00;1,69847E-05;0,00000E+00;3,09834E-05;1,65034E-04;0,00000E+00;1,30185E-04;0,00000E+00;0,00000E+00
505;2,76093E-02;6,78932E-02;1,07719E-01;1,47697E-01;1,86759E-01;2,25795E-01;2,63815E-01;2,99833E-01;3,36452E-01;3,74190E-01;4,09519E-01;4,41324E-01;4,80319E-01;5,12166E-01;5,48271E-01;5,81636E-01;6,16020E-01;6,48133E-01;6,74832E-01;7,14463E-01;2,14701E-05;1,58230E-05;0,00000E+00;0,00000E+00;7,23041E-05;0,00000E+00;3,37611E-05;0,00000E+00;0,00000E+00;0,00000E+00;2,98037E-05;8,00828E-06;0,00000E+00;3,69204E-05;0,00000E+00;2,22630E-05;0,00000E+00;7,79206E-05;5,56576E-05;0,00000E+00;0,00000E+00;0,00000E+00;0,00000E+00;0,00000E+00;0,00000E+00;9,31975E-06;0,00000E+00;1,43005E-05;0,00000E+00;2,23826E-05;5,28747E-05;0,00000E+00;2,77836E-05;3,72944E-06;5,06828E-05;6,60258E-05;0,00000E+00;8,96401E-05;0,00000E+00;7,72746E-05
506;2,79645E-02;6,87485E-02;1,08969E-01;1,49576E-01;1,88982E-01;2,28546E-01;2,66788E-01;3,03877E-01;3,43380E-01;3,81932E-01;4,14283E-01;4,53227E-01;4,84519E-01;5,20662E-01;5,55487E-01;5,87198E-01;6,22800E-01;6,60580E-01;6,81755E-01;7,17794E-01;2,37580E-06;0,00000E+00;2,01218E-05;6,99549E-05;1,10201E-04;0,00000E+00;1,34710E-05;1,01046E-04;4,66366E-05;0,00000E+00;1,78253E-05;0,00000E+00;9,60194E-05;0,00000E+00;9,56901E-05;0,00000E+00;0,00000E+00;0,00000E+00;0,00000E+00;0,00000E+00;0,00000E+00;0,00000E+00;0,00000E+00;0,00000E+00;0,00000E+00;3,90461E-05;0,00000E+00;0,00000E+00;0,00000E+00;1,33868E-05;5,82958E-05;0,00000E+00;9,70020E-06;2,23053E-06;0,00000E+00;2,48050E-06;0,00000E+00;1,25186E-05;0,00000E+00;1,87101E-04
507;2,82054E-02;6,93756E-02;1,10016E-01;1,51114E-01;1,89763E-01;2,28972E-01;2,69781E-01;3,06764E-01;3,46066E-01;3,88041E-01;4,20174E-01;4,57235E-01;4,89948E-01;5,27324E-01;5,65701E-01;5,94403E-01;6,28530E-01;6,62554E-01;6,90619E-01;7,25009E-01;0,00000E+00;2,35623E-05;2,96457E-06;1,03066E-05;1,44497E-04;9,68633E-05;7,95503E-05;1,48872E-05;3,67079E-05;4,82680E-05;0,00000E+00;8,58616E-05;4,48620E-05;0,00000E+00;4,90810E-05;1,19348E-04;1,59130E-04;0,00000E+00;0,00000E+00;0,00000E+00;0,00000E+00;0,00000E+00;0,00000E+00;0,00000E+00;1,98879E-05;5,75271E-06;0,00000E+00;0,00000E+00;0,00000E+00;0,00000E+00;4,33985E-05;2,93485E-05;1,42914E-06;0,00000E+00;0,00000E+00;1,91659E-04;0,00000E+00;1,84438E-06;5,00955E-05;2,07566E-05
508;2,84246E-02;7,08102E-02;1,11720E-01;1,55247E-01;1,95424E-01;2,33370E-01;2,73970E-01;3,07937E-01;3,49352E-01;3,87868E-01;4,26245E-01;4,62164E-01;4,97167E-01;5,38868E-01;5,73042E-01;6,01721E-01;6,41343E-01;6,70476E-01;7,04201E-01;7,34718E-01;3,04665E-05;0,00000E+00;2,27687E-05;1,13289E-04;1,67208E-05;0,00000E+00;3,47104E-05;1,04518E-06;5,00697E-05;4,85996E-05;0,00000E+00;0,00000E+00;0,00000E+00;8,30343E-05;0,00000E+00;2,40335E-04;0,00000E+00;0,00000E+00;8,51680E-05;0,00000E+00;0,00000E+00;0,00000E+00;0,00000E+00;0,00000E+00;0,00000E+00;1,05008E-06;1,99767E-06;8,57652E-06;0,00000E+00;3,00418E-05;2,00279E-05;0,00000E+00;0,00000E+00;0,00000E+00;0,00000E+00;7,74667E-06;0,00000E+00;2,41922E-05;3,50967E-06;0,00000E+00
509;2,88896E-02;7,12837E-02;1,13011E-01;1,55534E-01;1,97410E-01;2,37132E-01;2,75203E-01;3,14577E-01;3,53606E-01;3,90670E-01;4,33243E-01;4,67900E-01;5,07070E-01;5,38401E-01;5,78510E-01;6,13448E-01;6,48976E-01;6,83288E-01;7,10286E-01;7,47003E-01;7,17074E-06;0,00000E+00;3,16536E-05;2,33431E-05;1,24481E-04;0,00000E+00;0,00000E+00;8,49168E-05;1,28560E-05;0,00000E+00;3,85165E-05;0,00000E+00;9,92585E-06;0,00000E+00;1,69574E-05;4,49959E-05;3,21399E-05;0,00000E+00;2,70309E-04;0,00000E+00;0,00000E+00;0,00000E+00;0,00000E+00;0,00000E+00;0,00000E+00;3,47263E-05;1,48720E-05;0,00000E+00;0,00000E+00;3,21399E-06;1,28560E-05;0,00000E+00;4,01097E-06;0,00000E+00;0,00000E+00;7,91108E-05;2,47230E-06;0,00000E+00;4,23171E-05;1,66442E-05
510;2,90165E-02;7,23095E-02;1,14369E-01;1,56267E-01;1,98628E-01;2,39567E-01;2,79998E-01;3,17205E-01;3,58614E-01;3,97501E-01;4,37322E-01;4,69248E-01;5,09936E-01;5,48996E-01;5,81560E-01;6,17026E-01;6,52459E-01;6,88858E-01;7,18071E-01;7,53004E-01;1,24630E-05;0,00000E+00;0,00000E+00;2,14814E-05;9,91327E-06;0,00000E+00;6,04979E-05;1,34065E-04;2,23441E-05;0,00000E+00;7,40940E-05;2,31814E-05;1,72515E-05;6,23423E-05;2,94725E-05;7,82044E-05;5,58603E-05;6,44442E-05;1,88200E-04;0,00000E+00;0,00000E+00;0,00000E+00;0,00000E+00;1,88831E-05;0,00000E+00;4,85670E-05;0,00000E+00;0,00000E+00;3,22221E-05;5,58603E-06;1,05585E-04;0,00000E+00;6,97121E-06;5,01099E-05;0,00000E+00;3,72623E-05;4,29695E-06;4,32465E-05;6,87116E-05;6,13746E-05
511;2,91170E-02;7,26700E-02;1,15543E-01;1,58275E-01;1,99534E-01;2,42318E-01;2,82827E-01;3,21632E-01;3,61199E-01;4,00737E-01;4,38128E-01;4,75135E-01;5,14219E-01;5,53942E-01;5,88429E-01;6,24457E-01;6,62267E-01;6,95972E-01;7,31353E-01;7,53120E-01;0,00000E+00;0,00000E+00;1,94588E-05;1,36322E-05;6,29099E-06;0,00000E+00;3,83922E-05;0,00000E+00;0,00000E+00;7,29594E-05;4,53800E-06;1,47110E-05;1,62497E-04;5,20281E-05;0,00000E+00;0,00000E+00;0,00000E+00;5,59298E-05;1,32497E-04;0,00000E+00;0,00000E+00;0,00000E+00;2,28887E-05;1,19833E-05;1,50307E-05;1,14134E-06;0,00000E+00;0,00000E+00;2,42066E-05;0,00000E+00;5,28246E-05;2,21808E-05;0,00000E+00;3,17999E-05;0,00000E+00;0,00000E+00;0,00000E+00;2,74444E-05;1,45642E-04;2,05906E-05
512;2,95286E-02;7,29087E-02;1,16408E-01;1,60115E-01;2,01565E-01;2,43575E-01;2,85453E-01;3,27481E-01;3,64728E-01;4,06552E-01;4,45902E-01;4,82524E-01;5,15196E-01;5,51284E-01;5,96429E-01;6,34070E-01;6,63615E-01;6,99972E-01;7,32195E-01;7,64460E-01;0,00000E+00;0,00000E+00;3,21187E-06;0,00000E+00;0,00000E+00;0,00000E+00;0,00000E+00;9,63956E-06;0,00000E+00;1,20427E-05;2,18206E-04;0,00000E+00;8,63620E-05;2,05754E-06;0,00000E+00;1,92791E-05;0,00000E+00;7,95979E-05;1,71603E-04;4,33044E-05;0,00000E+00;0,00000E+00;3,77801E-06;0,00000E+00;3,82789E-05;3,87390E-05;0,00000E+00;0,00000E+00;6,20349E-07;6,74769E-05;1,92791E-05;4,91737E-05;0,00000E+00;0,00000E+00;0,00000E+00;0,00000E+00;0,00000E+00;0,00000E+00;1,97895E-05;0,00000E+00
513;2,98259E-02;7,44075E-02;1,17864E-01;1,60740E-01;2,05751E-01;2,48059E-01;2,89976E-01;3,25256E-01;3,69634E-01;4,05668E-01;4,45939E-01;4,86405E-01;5,23321E-01;5,63904E-01;6,08129E-01;6,39665E-01;6,71686E-01;7,09581E-01;7,37905E-01;7,71936E-01;1,47792E-06;2,80625E-05;0,00000E+00;0,00000E+00;1,68131E-06;4,77657E-06;0,00000E+00;0,00000E+00;0,00000E+00;1,20606E-05;0,00000E+00;2,86052E-05;1,54711E-05;0,00000E+00;0,00000E+00;0,00000E+00;2,00381E-05;0,00000E+00;0,00000E+00;0,00000E+00;0,00000E+00;0,00000E+00;0,00000E+00;0,00000E+00;6,45752E-05;6,99084E-05;0,00000E+00;0,00000E+00;6,95821E-05;0,00000E+00;2,67512E-05;1,61265E-06;1,64819E-05;0,00000E+00;0,00000E+00;1,10513E-04;2,10190E-06;2,04103E-05;0,00000E+00;8,57958E-05
514;3,02216E-02;7,42915E-02;1,18475E-01;1,62834E-01;2,05656E-01;2,48067E-01;2,90060E-01;3,29351E-01;3,72217E-01;4,13819E-01;4,55807E-01;4,86468E-01;5,29174E-01;5,69178E-01;6,04021E-01;6,40718E-01;6,77258E-01;7,13937E-01;7,46167E-01;7,80407E-01;1,25895E-05;2,19902E-05;3,38014E-06;3,04663E-06;1,99460E-05;4,06887E-05;0,00000E+00;0,00000E+00;0,00000E+00;0,00000E+00;0,00000E+00;0,00000E+00;1,31789E-04;0,00000E+00;0,00000E+00;0,00000E+00;1,70693E-04;0,00000E+00;5,48393E-05;0,00000E+00;0,00000E+00;0,00000E+00;5,45717E-07;0,00000E+00;4,21118E-05;1,83655E-05;0,00000E+00;0,00000E+00;0,00000E+00;0,00000E+00;1,05434E-04;1,37372E-05;1,40399E-04;3,85804E-05;0,00000E+00;1,12905E-05;1,79048E-05;4,23948E-05;0,00000E+00;0,00000E+00
515;3,02948E-02;7,46188E-02;1,18690E-01;1,63052E-01;2,07296E-01;2,50422E-01;2,91346E-01;3,32629E-01;3,75035E-01;4,14982E-01;4,54227E-01;4,90223E-01;5,31902E-01;5,69229E-01;6,02740E-01;6,44187E-01;6,80181E-01;7,16470E-01;7,51275E-01;7,88086E-01;1,67446E-05;6,62092E-06;6,20124E-06;5,58938E-06;1,03176E-05;0,00000E+00;0,00000E+00;0,00000E+00;0,00000E+00;3,13014E-05;1,09928E-04;0,00000E+00;0,00000E+00;0,00000E+00;0,00000E+00;0,00000E+00;0,00000E+00;0,00000E+00;1,52206E-04;0,00000E+00;0,00000E+00;0,00000E+00;1,00118E-06;0,00000E+00;0,00000E+00;3,54215E-05;2,56409E-05;0,00000E+00;0,00000E+00;0,00000E+00;4,70820E-05;0,00000E+00;6,43920E-06;7,42189E-05;0,00000E+00;5,89566E-05;0,00000E+00;9,00206E-06;5,63100E-05;4,45342E-05
516;3,04685E-02;7,47660E-02;1,19762E-01;1,64219E-01;2,07201E-01;2,51253E-01;2,92398E-01;3,33574E-01;3,74321E-01;4,15668E-01;4,55286E-01;4,97519E-01;5,34695E-01;5,69451E-01;6,09747E-01;6,51017E-01;6,85158E-01;7,26801E-01;7,57461E-01;7,91036E-01;1,55979E-05;4,98693E-05;0,00000E+00;1,45171E-05;4,91288E-05;0,00000E+00;4,40294E-05;1,16137E-04;0,00000E+00;1,79424E-04;2,18382E-04;0,00000E+00;0,00000E+00;6,01870E-05;5,10627E-05;2,90342E-05;0,00000E+00;0,00000E+00;1,36074E-04;0,00000E+00;0,00000E+00;0,00000E+00;0,00000E+00;0,00000E+00;5,39115E-05;1,15385E-06;1,71217E-05;0,00000E+00;0,00000E+00;0,00000E+00;8,02797E-05;0,00000E+00;4,29977E-06;2,29632E-06;0,00000E+00;2,55367E-05;3,35010E-05;0,00000E+00;3,76010E-05;2,97377E-05
517;3,07683E-02;7,53328E-02;1,21420E-01;1,64415E-01;2,09098E-01;2,53912E-01;2,92229E-01;3,33850E-01;3,79132E-01;4,18684E-01;4,62245E-01;4,94720E-01;5,34685E-01;5,70258E-01;6,21242E-01;6,50906E-01;6,88903E-01;7,19488E-01;7,59407E-01;7,96033E-01;2,26151E-05;9,07180E-06;0,00000E+00;7,31641E-06;1,46909E-05;0,00000E+00;8,00946E-06;6,78824E-05;0,00000E+00;1,30949E-04;2,63732E-05;0,00000E+00;0,00000E+00;1,09487E-05;9,28890E-06;5,28167E-06;2,05725E-04;1,68321E-04;1,84858E-05;0,00000E+00;0,00000E+00;6,69198E-06;0,00000E+00;0,00000E+00;9,80713E-06;0,00000E+00;0,00000E+00;0,00000E+00;0,00000E+00;0,00000E+00;9,90313E-06;0,00000E+00;0,00000E+00;0,00000E+00;0,00000E+00;2,77235E-05;1,35572E-04;0,00000E+00;0,00000E+00;1,53350E-04
518;3,06805E-02;7,58392E-02;1,20214E-01;1,65505E-01;2,08687E-01;2,53671E-01;2,95482E-01;3,38337E-01;3,79250E-01;4,20831E-01;4,61390E-01;5,01122E-01;5,41758E-01;5,79253E-01;6,17505E-01;6,55139E-01;6,93676E-01;7,28558E-01;7,65396E-01;8,01107E-01;0,00000E+00;9,34624E-06;1,17383E-06;1,19026E-06;4,63859E-05;0,00000E+00;6,87614E-07;0,00000E+00;0,00000E+00;0,00000E+00;0,00000E+00;0,00000E+00;0,00000E+00;7,53864E-05;2,79109E-06;0,00000E+00;2,00426E-04;2,56428E-04;1,97252E-04;0,00000E+00;0,00000E+00;0,00000E+00;0,00000E+00;0,00000E+00;0,00000E+00;0,00000E+00;0,00000E+00;3,80111E-05;0,00000E+00;0,00000E+00;6,90384E-05;0,00000E+00;0,00000E+00;0,00000E+00;0,00000E+00;2,94066E-06;3,66234E-06;4,76532E-05;1,42085E-04;1,89330E-04
519;3,07334E-02;7,60244E-02;1,21383E-01;1,65254E-01;2,10096E-01;2,55922E-01;2,97227E-01;3,41646E-01;3,79487E-01;4,19948E-01;4,63267E-01;5,01387E-01;5,39103E-01;5,78761E-01;6,21031E-01;6,60384E-01;6,96883E-01;7,32020E-01;7,65772E-01;8,03643E-01;9,68254E-06;3,42715E-06;1,14139E-05;2,60397E-05;6,46839E-05;1,30051E-05;6,68612E-06;0,00000E+00;0,00000E+00;0,00000E+00;1,54099E-05;0,00000E+00;3,12730E-05;3,13489E-04;4,74927E-05;0,00000E+00;3,66495E-05;0,00000E+00;2,31456E-05;0,00000E+00;0,00000E+00;0,00000E+00;0,00000E+00;0,00000E+00;0,00000E+00;1,93784E-06;0,00000E+00;0,00000E+00;0,00000E+00;0,00000E+00;0,00000E+00;0,00000E+00;0,00000E+00;0,00000E+00;2,02662E-05;2,85939E-05;4,67390E-05;2,32985E-05;1,29546E-05;1,99787E-05
520;3,08952E-02;7,66255E-02;1,21925E-01;1,66373E-01;2,11743E-01;2,55995E-01;3,00124E-01;3,41283E-01;3,82954E-01;4,23184E-01;4,65557E-01;5,04182E-01;5,42237E-01;5,83085E-01;6,24044E-01;6,59980E-01;7,00909E-01;7,32644E-01;7,72999E-01;8,05866E-01;2,12825E-05;6,63754E-06;0,00000E+00;3,30062E-05;5,17174E-05;2,51876E-05;0,00000E+00;4,98919E-05;0,00000E+00;0,00000E+00;2,98451E-05;0,00000E+00;1,06793E-04;1,61154E-04;3,94190E-05;9,97839E-05;7,10772E-05;9,97839E-05;4,48273E-05;0,00000E+00;0,00000E+00;0,00000E+00;8,04305E-06;0,00000E+00;4,27572E-06;1,71200E-05;0,00000E+00;0,00000E+00;0,00000E+00;1,49676E-05;7,48379E-06;5,00568E-05;0,00000E+00;1,33010E-05;4,62402E-05;0,00000E+00;2,15516E-05;4,51233E-05;7,95792E-05;3,01436E-05
521;3,11461E-02;7,71031E-02;1,22383E-01;1,67786E-01;2,12722E-01;2,58229E-01;2,99825E-01;3,43084E-01;3,83761E-01;4,26295E-01;4,67602E-01;5,09848E-01;5,47241E-01;5,85185E-01;6,26773E-01;6,67354E-01;6,98396E-01;7,43278E-01;7,77613E-01;8,09877E-01;1,77378E-06;0,00000E+00;0,00000E+00;3,49811E-06;0,00000E+00;0,00000E+00;0,00000E+00;5,62253E-05;0,00000E+00;1,63245E-04;8,48636E-05;0,00000E+00;7,61493E-05;3,48071E-05;2,49082E-05;6,99622E-05;4,19773E-05;1,97427E-04;0,00000E+00;0,00000E+00;0,00000E+00;0,00000E+00;5,63929E-06;0,00000E+00;7,04369E-06;9,37203E-06;0,00000E+00;2,12272E-05;0,00000E+00;1,04943E-05;5,24717E-06;3,50967E-05;8,83739E-06;9,32581E-06;4,90069E-06;5,24859E-06;2,17889E-05;8,55379E-05;5,57959E-05;8,83671E-05
522;3,12790E-02;7,83741E-02;1,22259E-01;1,68487E-01;2,13646E-01;2,58853E-01;3,01966E-01;3,44874E-01;3,87367E-01;4,28907E-01;4,67426E-01;5,08333E-01;5,53661E-01;5,93534E-01;6,34662E-01;6,73567E-01;7,04874E-01;7,45079E-01;7,81459E-01;8,20818E-01;2,97361E-05;0,00000E+00;0,00000E+00;0,00000E+00;5,07427E-05;0,00000E+00;7,14619E-05;2,25158E-05;0,00000E+00;4,33126E-05;1,02144E-04;0,00000E+00;8,62627E-06;0,00000E+00;8,54875E-05;0,00000E+00;0,00000E+00;3,91659E-04;1,46608E-04;0,00000E+00;0,00000E+00;0,00000E+00;0,00000E+00;0,00000E+00;6,36192E-05;0,00000E+00;0,00000E+00;4,18643E-06;3,66520E-05;0,00000E+00;0,00000E+00;2,16313E-05;1,74291E-06;0,00000E+00;0,00000E+00;8,25323E-05;4,29721E-06;1,68698E-05;0,00000E+00;1,32596E-05
523;3,13843E-02;7,80543E-02;1,23407E-01;1,68574E-01;2,13633E-01;2,58161E-01;3,03652E-01;3,42780E-01;3,86249E-01;4,28952E-01;4,72363E-01;5,13187E-01;5,54882E-01;5,87395E-01;6,28024E-01;6,62700E-01;7,06734E-01;7,44061E-01;7,89034E-01;8,15247E-01;2,28682E-05;6,29162E-06;0,00000E+00;8,19070E-05;0,00000E+00;0,00000E+00;0,00000E+00;2,14224E-04;0,00000E+00;0,00000E+00;5,39684E-05;1,26959E-04;0,00000E+00;0,00000E+00;6,89700E-05;0,00000E+00;0,00000E+00;1,59645E-04;0,00000E+00;8,80870E-05;0,00000E+00;0,00000E+00;0,00000E+00;3,44729E-05;1,78651E-06;1,19444E-05;0,00000E+00;5,65374E-06;0,00000E+00;0,00000E+00;4,16925E-06;0,00000E+00;1,17070E-05;9,80147E-05;0,00000E+00;5,15027E-06;4,27615E-06;2,23828E-06;4,93826E-05;1,52316E-04
524;3,14734E-02;7,81332E-02;1,23566E-01;1,70182E-01;2,15049E-01;2,58479E-01;3,01396E-01;3,47746E-01;3,88313E-01;4,33769E-01;4,70285E-01;5,11534E-01;5,56809E-01;5,93475E-01;6,30953E-01;6,68086E-01;7,10064E-01;7,46206E-01;7,82787E-01;8,23481E-01;6,45750E-06;1,82210E-05;0,00000E+00;3,84554E-05;5,45109E-05;1,03704E-05;0,00000E+00;1,64273E-04;0,00000E+00;0,00000E+00;2,30213E-04;3,98341E-06;3,84747E-05;0,00000E+00;0,00000E+00;1,10739E-05;0,00000E+00;1,13818E-04;0,00000E+00;0,00000E+00;0,00000E+00;0,00000E+00;0,00000E+00;1,94689E-06;1,97737E-05;2,31814E-05;0,00000E+00;6,25773E-05;0,00000E+00;0,00000E+00;5,72204E-05;0,00000E+00;1,29577E-04;1,10709E-05;0,00000E+00;1,02147E-04;4,73298E-05;2,70034E-05;0,00000E+00;2,38950E-06
525;3,14287E-02;7,84733E-02;1,24045E-01;1,70157E-01;2,15268E-01;2,60088E-01;3,02757E-01;3,46660E-01;3,87129E-01;4,32627E-01;4,73467E-01;5,12457E-01;5,57881E-01;5,96707E-01;6,38385E-01;6,75655E-01;7,12712E-01;7,54562E-01;7,88594E-01;8,26968E-01;2,38557E-05;2,63460E-05;0,00000E+00;0,00000E+00;1,10314E-04;2,09866E-05;0,00000E+00;1,45667E-04;0,00000E+00;2,93319E-05;1,34283E-04;7,76305E-05;7,78618E-05;0,00000E+00;7,65311E-05;2,24104E-05;0,00000E+00;1,68078E-04;4,83506E-05;0,00000E+00;0,00000E+00;0,00000E+00;0,00000E+00;1,98075E-05;0,00000E+00;0,00000E+00;0,00000E+00;0,00000E+00;2,17578E-05;0,00000E+00;4,41682E-05;0,00000E+00;0,00000E+00;2,24044E-05;0,00000E+00;9,13557E-05;3,71928E-06;4,51167E-06;2,02949E-05;2,57016E-05
526;3,15756E-02;7,83388E-02;1,24416E-01;1,70135E-01;2,17338E-01;2,61377E-01;3,05661E-01;3,47329E-01;3,90781E-01;4,33079E-01;4,75895E-01;5,17453E-01;5,57597E-01;5,96192E-01;6,43522E-01;6,80082E-01;7,13943E-01;7,57207E-01;7,90184E-01;8,30760E-01;8,56021E-06;2,57330E-05;0,00000E+00;6,89560E-06;0,00000E+00;0,00000E+00;0,00000E+00;4,13736E-05;0,00000E+00;2,13742E-05;1,01001E-04;9,03823E-05;1,59719E-04;0,00000E+00;9,21504E-05;9,65383E-05;0,00000E+00;1,10330E-04;1,04189E-04;0,00000E+00;0,00000E+00;0,00000E+00;0,00000E+00;1,15627E-05;7,87933E-06;0,00000E+00;0,00000E+00;8,85868E-06;1,58550E-05;0,00000E+00;1,58550E-05;0,00000E+00;0,00000E+00;0,00000E+00;2,89812E-05;0,00000E+00;2,71025E-06;0,00000E+00;4,37329E-05;1,52051E-05
527;3,16905E-02;7,88957E-02;1,24742E-01;1,71313E-01;2,16847E-01;2,61898E-01;3,04386E-01;3,48897E-01;3,92393E-01;4,38994E-01;4,79919E-01;5,18259E-01;5,60359E-01;6,01719E-01;6,43099E-01;6,79721E-01;7,19964E-01;7,51175E-01;7,87650E-01;8,25793E-01;6,47506E-06;7,10649E-05;0,00000E+00;1,44535E-06;0,00000E+00;0,00000E+00;0,00000E+00;8,67212E-06;0,00000E+00;9,73452E-05;1,99226E-04;3,39723E-05;3,34779E-05;2,21758E-04;5,46606E-05;1,98528E-04;0,00000E+00;2,31257E-05;6,79415E-05;0,00000E+00;0,00000E+00;0,00000E+00;0,00000E+00;0,00000E+00;1,65155E-06;0,00000E+00;0,00000E+00;5,67434E-06;3,56586E-05;0,00000E+00;0,00000E+00;4,73512E-05;0,00000E+00;0,00000E+00;6,07462E-06;0,00000E+00;8,22891E-05;0,00000E+00;1,40774E-04;1,15415E-04
528;3,19214E-02;7,90844E-02;1,25175E-01;1,71254E-01;2,15836E-01;2,61298E-01;3,02767E-01;3,48243E-01;3,93417E-01;4,36075E-01;4,75458E-01;5,15358E-01;5,61358E-01;6,00371E-01;6,39436E-01;6,81260E-01;7,22706E-01;7,56089E-01;7,93560E-01;8,40107E-01;3,19628E-05;0,00000E+00;0,00000E+00;0,00000E+00;9,13135E-05;7,38140E-05;0,00000E+00;1,02200E-04;0,00000E+00;1,78571E-04;0,00000E+00;0,00000E+00;0,00000E+00;1,45228E-04;2,05352E-04;2,44894E-06;0,00000E+00;3,42852E-05;0,00000E+00;2,84127E-04;1,08110E-06;1,09534E-06;0,00000E+00;1,57867E-06;4,44735E-05;2,68891E-05;0,00000E+00;0,00000E+00;0,00000E+00;0,00000E+00;1,08563E-04;5,16833E-05;0,00000E+00;9,07914E-05;0,00000E+00;1,33444E-04;0,00000E+00;0,00000E+00;1,06190E-04;5,87879E-05
529;3,17727E-02;7,89181E-02;1,25297E-01;1,72887E-01;2,18997E-01;2,62379E-01;3,05242E-01;3,48468E-01;3,92760E-01;4,35222E-01;4,78683E-01;5,20594E-01;5,61918E-01;6,01082E-01;6,45777E-01;6,84502E-01;7,24179E-01;7,59488E-01;7,92669E-01;8,32511E-01;2,94425E-05;1,13263E-05;0,00000E+00;3,98402E-06;1,88039E-05;1,14474E-05;0,00000E+00;9,03362E-05;0,00000E+00;1,85392E-05;0,00000E+00;0,00000E+00;3,69118E-05;1,76186E-05;3,26980E-05;3,05601E-05;0,00000E+00;4,59713E-04;0,00000E+00;0,00000E+00;0,00000E+00;1,84204E-05;0,00000E+00;1,97000E-05;0,00000E+00;3,33611E-05;0,00000E+00;0,00000E+00;0,00000E+00;0,00000E+00;6,02682E-05;0,00000E+00;0,00000E+00;2,12424E-05;0,00000E+00;4,53010E-05;0,00000E+00;1,28330E-05;8,91877E-06;4,12638E-05
530;3,20847E-02;7,91506E-02;1,26157E-01;1,73640E-01;2,19567E-01;2,63162E-01;3,07606E-01;3,49907E-01;3,94812E-01;4,38231E-01;4,81985E-01;5,20536E-01;5,66252E-01;6,03392E-01;6,46780E-01;6,86485E-01;7,21439E-01;7,64987E-01;8,00990E-01;8,38306E-01;0,00000E+00;4,15469E-05;0,00000E+00;5,05579E-05;0,00000E+00;0,00000E+00;8,12533E-06;8,47704E-05;0,00000E+00;0,00000E+00;0,00000E+00;4,04747E-05;1,28160E-04;1,06959E-04;6,86378E-05;0,00000E+00;0,00000E+00;9,50341E-05;0,00000E+00;1,15839E-04;0,00000E+00;9,97474E-06;0,00000E+00;0,00000E+00;0,00000E+00;4,85462E-05;4,30121E-05;0,00000E+00;0,00000E+00;0,00000E+00;8,64179E-05;0,00000E+00;0,00000E+00;6,02144E-05;0,00000E+00;0,00000E+00;3,60640E-06;2,69384E-05;1,87218E-05;8,66185E-05
531;3,22834E-02;7,93475E-02;1,25848E-01;1,72784E-01;2,19978E-01;2,62817E-01;3,09376E-01;3,51424E-01;3,94899E-01;4,40524E-01;4,77821E-01;5,22140E-01;5,62786E-01;6,04932E-01;6,47292E-01;6,85916E-01;7,22409E-01;7,61895E-01;7,99192E-01;8,38227E-01;4,07541E-06;1,33329E-05;0,00000E+00;1,42168E-04;0,00000E+00;1,00355E-05;6,09599E-06;1,75869E-05;1,33953E-05;1,05641E-04;2,67550E-05;1,07461E-04;2,65550E-04;1,74678E-04;1,88468E-04;4,01860E-05;0,00000E+00;1,01476E-04;0,00000E+00;8,69075E-05;0,00000E+00;5,59191E-06;0,00000E+00;0,00000E+00;4,78323E-05;0,00000E+00;3,22696E-05;0,00000E+00;0,00000E+00;0,00000E+00;0,00000E+00;1,18585E-05;0,00000E+00;4,74329E-05;0,00000E+00;0,00000E+00;2,70568E-06;0,00000E+00;0,00000E+00;0,00000E+00
532;3,22575E-02;7,96907E-02;1,26748E-01;1,71931E-01;2,19682E-01;2,64268E-01;3,11727E-01;3,53188E-01;3,95232E-01;4,36779E-01;4,80702E-01;5,21720E-01;5,64710E-01;6,06265E-01;6,50080E-01;6,87581E-01;7,27056E-01;7,62821E-01;7,99216E-01;8,38389E-01;9,00369E-07;0,00000E+00;0,00000E+00;9,83407E-05;0,00000E+00;1,45562E-04;0,00000E+00;1,21760E-04;2,95939E-06;4,44435E-05;1,10138E-04;1,70325E-05;2,51715E-04;2,69928E-05;4,16376E-05;8,87817E-06;0,00000E+00;4,00431E-04;5,04434E-04;0,00000E+00;0,00000E+00;1,23540E-06;0,00000E+00;0,00000E+00;1,05674E-05;0,00000E+00;0,00000E+00;0,00000E+00;0,00000E+00;0,00000E+00;8,69714E-06;2,61986E-06;0,00000E+00;4,84655E-05;0,00000E+00;0,00000E+00;1,73943E-04;7,00366E-05;0,00000E+00;7,50660E-05
533;3,25103E-02;8,01444E-02;1,27205E-01;1,75546E-01;2,19581E-01;2,65782E-01;3,09552E-01;3,57039E-01;4,00275E-01;4,41371E-01;4,88344E-01;5,24385E-01;5,71252E-01;6,08948E-01;6,51533E-01;6,89961E-01;7,28561E-01;7,65406E-01;8,05123E-01;8,40813E-01;1,53585E-05;2,06591E-06;1,42366E-05;4,33076E-05;1,34140E-06;3,60500E-05;1,66792E-05;5,77435E-05;0,00000E+00;3,96758E-06;2,68633E-04;0,00000E+00;7,43045E-05;6,32685E-06;0,00000E+00;1,00599E-04;0,00000E+00;2,79680E-05;0,00000E+00;9,79358E-06;8,47769E-07;1,36510E-06;0,00000E+00;0,00000E+00;0,00000E+00;9,66904E-06;0,00000E+00;3,73424E-06;8,66153E-05;0,00000E+00;0,00000E+00;0,00000E+00;0,00000E+00;3,63245E-07;2,67238E-06;1,56927E-04;1,48060E-05;0,00000E+00;0,00000E+00;2,64915E-05
534;3,23623E-02;8,04449E-02;1,26822E-01;1,75287E-01;2,20607E-01;2,64598E-01;3,10558E-01;3,53480E-01;4,00968E-01;4,41082E-01;4,82665E-01;5,25734E-01;5,70940E-01;6,11026E-01;6,45828E-01;6,88936E-01;7,29624E-01;7,66938E-01;8,09971E-01;8,45926E-01;1,33743E-05;3,29887E-05;0,00000E+00;0,00000E+00;2,49681E-05;5,76055E-06;6,66306E-06;2,81936E-05;1,02522E-05;1,17387E-04;2,39875E-04;0,00000E+00;0,00000E+00;8,80106E-05;0,00000E+00;6,06518E-05;0,00000E+00;1,36682E-04;5,12612E-06;2,28349E-04;1,17930E-05;1,89894E-05;0,00000E+00;0,00000E+00;0,00000E+00;4,29179E-06;0,00000E+00;5,19457E-05;0,00000E+00;5,12612E-06;0,00000E+00;0,00000E+00;0,00000E+00;2,21355E-05;3,71745E-05;0,00000E+00;0,00000E+00;0,00000E+00;0,00000E+00;1,37417E-04
535;3,24946E-02;7,95210E-02;1,26962E-01;1,74926E-01;2,20348E-01;2,67703E-01;3,08709E-01;3,54126E-01;3,98894E-01;4,42505E-01;4,88334E-01;5,27268E-01;5,71478E-01;6,10064E-01;6,52843E-01;6,91601E-01;7,33016E-01;7,70823E-01;8,11677E-01;8,49815E-01;8,24441E-06;9,20373E-06;0,00000E+00;2,74403E-05;2,49157E-05;2,61785E-05;1,44277E-05;6,10484E-05;2,21994E-05;1,95710E-04;2,39145E-04;0,00000E+00;0,00000E+00;1,51688E-05;4,02161E-05;0,00000E+00;0,00000E+00;1,88794E-04;1,10997E-05;3,22727E-04;0,00000E+00;0,00000E+00;0,00000E+00;0,00000E+00;0,00000E+00;1,38879E-05;1,74823E-06;9,79226E-06;0,00000E+00;2,93932E-05;0,00000E+00;0,00000E+00;0,00000E+00;3,69891E-05;7,36815E-05;0,00000E+00;0,00000E+00;0,00000E+00;0,00000E+00;0,00000E+00
536;3,25602E-02;8,00619E-02;1,27504E-01;1,76126E-01;2,21491E-01;2,67321E-01;3,10347E-01;3,57954E-01;4,03336E-01;4,44724E-01;4,90070E-01;5,29261E-01;5,71597E-01;6,09061E-01;6,57346E-01;6,95466E-01;7,34301E-01;7,71396E-01;8,10013E-01;8,49666E-01;1,38201E-06;1,09047E-05;0,00000E+00;4,74579E-05;6,12761E-05;1,05663E-05;0,00000E+00;0,00000E+00;0,00000E+00;4,70584E-05;2,01761E-04;0,00000E+00;2,63996E-04;2,25994E-05;3,10056E-05;0,00000E+00;0,00000E+00;1,19883E-04;3,02475E-04;1,68889E-04;0,00000E+00;0,00000E+00;0,00000E+00;0,00000E+00;0,00000E+00;7,94674E-06;3,40245E-05;1,31813E-05;0,00000E+00;1,41038E-05;0,00000E+00;0,00000E+00;0,00000E+00;0,00000E+00;1,21291E-04;7,31049E-05;0,00000E+00;0,00000E+00;6,07211E-05;0,00000E+00
537;3,24750E-02;8,05580E-02;1,27695E-01;1,75695E-01;2,21484E-01;2,68824E-01;3,11507E-01;3,56298E-01;4,03125E-01;4,48701E-01;4,91501E-01;5,31567E-01;5,70865E-01;6,19204E-01;6,59350E-01;6,95780E-01;7,34677E-01;7,80829E-01;8,13447E-01;8,51997E-01;1,75213E-05;2,50242E-06;0,00000E+00;3,17251E-05;1,22718E-04;0,00000E+00;0,00000E+00;0,00000E+00;7,70677E-05;1,03896E-05;3,01390E-05;1,23210E-04;6,05821E-05;3,57522E-04;0,00000E+00;0,00000E+00;0,00000E+00;1,37009E-04;1,03664E-04;3,61812E-05;1,52227E-05;1,32774E-05;0,00000E+00;0,00000E+00;0,00000E+00;1,01069E-06;5,33255E-05;1,29236E-06;3,85338E-05;0,00000E+00;1,71261E-05;0,00000E+00;0,00000E+00;0,00000E+00;3,27926E-05;1,67762E-05;0,00000E+00;0,00000E+00;1,39343E-05;2,95635E-05
538;3,26833E-02;8,04837E-02;1,28267E-01;1,75254E-01;2,20731E-01;2,68194E-01;3,12702E-01;3,57385E-01;4,01737E-01;4,48088E-01;4,87639E-01;5,32135E-01;5,75116E-01;6,14621E-01;6,54743E-01;6,97499E-01;7,29850E-01;7,79799E-01;8,08267E-01;8,44268E-01;2,15814E-05;0,00000E+00;0,00000E+00;0,00000E+00;1,17155E-05;3,71289E-06;0,00000E+00;2,97358E-06;0,00000E+00;2,77214E-04;0,00000E+00;6,84892E-05;1,97228E-04;8,21885E-06;1,74322E-06;9,52000E-05;3,42720E-04;3,80800E-05;4,95597E-06;0,00000E+00;8,99081E-06;0,00000E+00;0,00000E+00;0,00000E+00;0,00000E+00;0,00000E+00;1,89448E-06;0,00000E+00;0,00000E+00;5,71200E-05;3,22138E-06;1,74405E-05;7,12842E-05;0,00000E+00;2,00056E-05;0,00000E+00;0,00000E+00;0,00000E+00;0,00000E+00;0,00000E+00
539;3,29272E-02;8,08126E-02;1,28966E-01;1,77111E-01;2,23668E-01;2,69908E-01;3,14875E-01;3,61916E-01;4,02413E-01;4,46733E-01;4,90341E-01;5,34236E-01;5,77201E-01;6,15938E-01;6,57647E-01;7,00574E-01;7,39888E-01;7,78753E-01;8,13772E-01;8,55003E-01;2,00818E-05;2,95121E-06;1,01352E-05;0,00000E+00;0,00000E+00;5,63401E-05;6,47680E-06;5,75787E-05;0,00000E+00;0,00000E+00;0,00000E+00;0,00000E+00;1,15983E-04;1,94953E-04;3,95969E-05;0,00000E+00;0,00000E+00;0,00000E+00;7,52028E-05;2,79808E-05;0,00000E+00;8,02319E-06;0,00000E+00;0,00000E+00;0,00000E+00;0,00000E+00;2,87472E-05;0,00000E+00;0,00000E+00;8,71993E-06;4,88818E-05;8,87663E-06;0,00000E+00;0,00000E+00;0,00000E+00;0,00000E+00;5,74941E-06;2,00629E-05;1,67321E-05;1,72029E-05
540;3,29044E-02;8,10193E-02;1,28930E-01;1,77688E-01;2,24510E-01;2,70345E-01;3,16654E-01;3,61838E-01;4,06110E-01;4,50731E-01;4,90370E-01;5,35849E-01;5,78641E-01;6,15316E-01;6,64429E-01;7,06319E-01;7,46133E-01;7,84692E-01;8,23579E-01;8,60868E-01;1,92200E-06;6,53076E-06;2,24282E-05;8,95922E-06;2,20507E-05;0,00000E+00;1,43326E-05;2,75664E-05;0,00000E+00;9,23967E-05;0,00000E+00;1,03128E-04;5,10803E-05;1,85148E-04;2,90887E-05;0,00000E+00;0,00000E+00;0,00000E+00;9,85514E-05;8,20431E-05;0,00000E+00;2,20290E-05;0,00000E+00;0,00000E+00;0,00000E+00;0,00000E+00;0,00000E+00;0,00000E+00;1,11990E-05;1,92964E-05;4,47961E-06;0,00000E+00;2,79521E-05;0,00000E+00;4,70679E-05;0,00000E+00;2,65063E-05;4,43974E-05;7,83931E-05;3,80685E-05
541;3,29780E-02;8,14991E-02;1,29134E-01;1,77283E-01;2,25333E-01;2,72364E-01;3,18558E-01;3,61288E-01;4,08189E-01;4,49004E-01;4,94509E-01;5,37945E-01;5,79823E-01;6,21416E-01;6,67438E-01;7,08229E-01;7,52012E-01;7,80299E-01;8,23364E-01;8,61462E-01;1,74342E-05;4,58796E-06;0,00000E+00;4,89793E-05;1,72781E-05;0,00000E+00;1,06283E-04;1,22650E-04;0,00000E+00;7,23985E-05;0,00000E+00;8,08068E-05;0,00000E+00;6,61049E-05;0,00000E+00;0,00000E+00;5,16421E-05;1,42016E-04;9,01316E-05;1,57684E-05;3,22752E-06;3,34920E-06;0,00000E+00;0,00000E+00;0,00000E+00;6,48553E-06;1,48056E-05;1,65860E-05;8,77512E-06;0,00000E+00;1,31929E-05;3,04781E-05;2,19022E-05;0,00000E+00;5,04459E-05;0,00000E+00;1,08001E-05;0,00000E+00;3,24131E-05;0,00000E+00
542;3,29999E-02;8,18440E-02;1,29511E-01;1,77860E-01;2,24472E-01;2,71708E-01;3,18040E-01;3,62612E-01;4,07162E-01;4,50416E-01;4,97291E-01;5,39627E-01;5,80330E-01;6,26836E-01;6,63765E-01;7,06352E-01;7,44772E-01;7,86263E-01;8,24374E-01;8,63016E-01;1,91935E-05;4,88943E-05;0,00000E+00;1,35997E-04;4,13974E-05;0,00000E+00;1,05112E-04;4,56098E-05;0,00000E+00;0,00000E+00;0,00000E+00;0,00000E+00;0,00000E+00;2,05306E-04;0,00000E+00;2,35477E-04;1,21221E-05;3,33358E-05;3,03053E-06;2,26681E-04;7,57607E-07;0,00000E+00;0,00000E+00;0,00000E+00;0,00000E+00;1,52237E-06;7,09859E-05;3,89328E-06;0,00000E+00;0,00000E+00;4,01174E-05;1,06421E-04;1,04953E-05;0,00000E+00;3,18422E-06;1,24665E-05;0,00000E+00;0,00000E+00;0,00000E+00;7,98452E-05
543;3,30156E-02;8,16827E-02;1,30430E-01;1,79624E-01;2,27459E-01;2,69988E-01;3,16386E-01;3,63054E-01;4,05497E-01;4,52904E-01;4,98752E-01;5,42183E-01;5,81920E-01;6,28514E-01;6,68160E-01;7,06032E-01;7,46967E-01;7,84581E-01;8,28431E-01;8,64871E-01;1,90188E-06;4,47570E-05;0,00000E+00;3,89473E-05;5,15441E-06;4,88118E-06;5,24265E-06;1,22797E-04;4,65386E-07;0,00000E+00;8,80449E-05;0,00000E+00;3,13281E-05;1,04023E-04;3,32253E-05;2,79232E-06;0,00000E+00;1,86154E-06;0,00000E+00;1,69739E-04;0,00000E+00;0,00000E+00;0,00000E+00;0,00000E+00;0,00000E+00;2,53073E-05;0,00000E+00;0,00000E+00;4,76952E-05;0,00000E+00;4,72298E-06;2,74661E-07;1,45197E-06;3,10175E-06;3,30833E-05;0,00000E+00;0,00000E+00;0,00000E+00;7,81373E-07;6,72316E-05
544;3,30449E-02;8,27169E-02;1,31125E-01;1,78981E-01;2,23692E-01;2,72212E-01;3,19188E-01;3,65101E-01;4,08274E-01;4,54898E-01;5,00915E-01;5,41249E-01;5,80407E-01;6,25685E-01;6,63050E-01;7,10214E-01;7,49371E-01;7,87137E-01;8,24558E-01;8,63595E-01;2,15268E-05;5,19710E-06;6,30994E-06;3,68925E-05;1,01951E-04;7,80831E-05;8,38654E-05;2,43744E-06;3,66939E-05;2,36587E-05;0,00000E+00;0,00000E+00;6,45978E-05;1,60499E-04;1,71469E-05;4,46680E-05;0,00000E+00;8,82772E-05;0,00000E+00;0,00000E+00;0,00000E+00;0,00000E+00;3,49278E-06;0,00000E+00;1,04444E-05;0,00000E+00;0,00000E+00;0,00000E+00;7,44467E-06;3,65616E-06;3,77803E-05;2,30945E-05;2,32268E-05;4,96179E-05;0,00000E+00;0,00000E+00;0,00000E+00;0,00000E+00;3,50077E-05;5,73732E-05
545;3,33128E-02;8,23403E-02;1,30592E-01;1,79733E-01;2,26273E-01;2,73540E-01;3,19986E-01;3,64514E-01;4,08979E-01;4,52720E-01;4,99590E-01;5,43823E-01;5,81720E-01;6,26516E-01;6,67078E-01;7,08839E-01;7,52788E-01;7,89195E-01;8,28355E-01;8,62808E-01;1,88360E-05;2,41260E-05;1,41152E-05;4,30923E-05;4,36147E-05;0,00000E+00;0,00000E+00;5,45251E-06;7,86209E-05;5,29241E-05;0,00000E+00;0,00000E+00;6,73565E-05;6,56260E-05;7,70220E-05;3,51755E-05;0,00000E+00;1,83623E-04;0,00000E+00;2,96290E-05;0,00000E+00;0,00000E+00;1,01761E-05;0,00000E+00;2,83881E-05;2,94504E-06;0,00000E+00;0,00000E+00;2,19847E-06;1,47742E-05;1,17491E-04;4,18334E-05;0,00000E+00;0,00000E+00;1,23198E-05;0,00000E+00;0,00000E+00;3,54078E-05;6,51153E-05;5,64734E-05
546;3,34924E-02;8,21982E-02;1,31348E-01;1,79702E-01;2,26280E-01;2,73923E-01;3,20269E-01;3,65865E-01;4,10136E-01;4,56002E-01;5,00111E-01;5,41228E-01;5,83508E-01;6,29332E-01;6,71294E-01;7,13979E-01;7,54954E-01;7,92349E-01;8,27618E-01;8,66919E-01;2,67429E-05;9,89481E-06;0,00000E+00;1,74025E-06;3,91228E-06;3,33441E-05;0,00000E+00;4,45076E-05;1,04415E-05;2,31433E-05;0,00000E+00;0,00000E+00;7,85452E-05;5,19477E-05;3,06059E-05;2,78440E-05;7,62988E-05;7,99154E-05;0,00000E+00;2,34535E-05;0,00000E+00;0,00000E+00;1,87030E-06;0,00000E+00;3,97703E-06;2,33121E-06;0,00000E+00;0,00000E+00;1,74025E-06;5,22075E-06;2,61037E-05;2,62675E-05;0,00000E+00;0,00000E+00;9,75203E-06;9,42519E-06;0,00000E+00;2,80278E-05;1,70250E-05;0,00000E+00
547;3,34074E-02;8,33822E-02;1,31273E-01;1,80377E-01;2,27030E-01;2,75940E-01;3,23996E-01;3,67500E-01;4,11321E-01;4,57233E-01;5,01307E-01;5,48943E-01;5,87141E-01;6,29316E-01;6,73633E-01;7,18653E-01;7,58931E-01;7,92640E-01;8,39868E-01;8,73824E-01;5,51409E-06;0,00000E+00;3,99337E-05;4,15311E-06;9,29326E-07;7,01487E-05;0,00000E+00;1,05724E-05;4,15311E-05;1,86900E-04;2,21204E-05;0,00000E+00;1,86577E-05;1,51523E-04;0,00000E+00;0,00000E+00;1,81241E-05;9,06204E-06;0,00000E+00;1,11944E-04;0,00000E+00;0,00000E+00;0,00000E+00;9,73536E-06;0,00000E+00;0,00000E+00;0,00000E+00;0,00000E+00;0,00000E+00;4,15311E-06;7,89090E-05;6,01633E-05;0,00000E+00;0,00000E+00;0,00000E+00;2,23887E-06;0,00000E+00;0,00000E+00;1,26791E-06;0,00000E+00
548;3,33142E-02;8,30935E-02;1,32398E-01;1,81455E-01;2,30216E-01;2,75116E-01;3,22232E-01;3,65703E-01;4,12784E-01;4,59449E-01;5,09005E-01;5,47084E-01;5,89471E-01;6,33944E-01;6,73799E-01;7,17018E-01;7,54677E-01;7,90915E-01;8,36639E-01;8,76776E-01;3,87841E-05;8,67643E-06;0,00000E+00;9,97169E-05;1,15017E-04;6,30178E-05;2,02475E-04;0,00000E+00;1,68232E-04;0,00000E+00;1,54154E-04;1,23517E-05;0,00000E+00;9,29974E-05;1,03391E-04;3,55157E-04;3,73850E-05;3,22469E-05;0,00000E+00;0,00000E+00;2,50999E-07;0,00000E+00;0,00000E+00;0,00000E+00;7,74405E-07;4,38203E-05;2,28180E-05;0,00000E+00;4,51814E-07;0,00000E+00;0,00000E+00;9,69711E-05;7,58150E-05;0,00000E+00;2,09498E-04;8,37188E-06;3,47549E-07;7,27676E-06;2,35382E-05;5,64679E-05
549;3,36675E-02;8,35932E-02;1,32334E-01;1,81785E-01;2,29511E-01;2,77256E-01;3,23819E-01;3,68320E-01;4,17389E-01;4,60701E-01;5,03665E-01;5,49035E-01;5,93388E-01;6,35474E-01;6,77250E-01;7,17405E-01;7,61107E-01;7,99107E-01;8,37947E-01;8,77338E-01;1,42248E-05;4,63659E-05;0,00000E+00;2,58384E-05;0,00000E+00;1,80599E-06;4,38678E-05;2,65171E-05;0,00000E+00;2,92483E-05;7,86407E-05;2,36506E-04;0,00000E+00;0,00000E+00;9,06196E-05;0,00000E+00;0,00000E+00;2,21472E-04;0,00000E+00;0,00000E+00;4,10119E-06;0,00000E+00;0,00000E+00;0,00000E+00;2,64261E-05;0,00000E+00;2,25761E-05;0,00000E+00;7,38240E-06;9,64257E-06;6,02660E-06;6,08195E-05;7,52103E-06;0,00000E+00;0,00000E+00;1,36792E-04;5,67877E-06;1,18898E-04;4,04742E-06;5,20163E-05
550;3,36896E-02;8,35347E-02;1,32991E-01;1,81803E-01;2,29857E-01;2,76687E-01;3,24133E-01;3,69995E-01;4,17365E-01;4,63198E-01;5,05731E-01;5,51110E-01;5,91082E-01;6,38113E-01;6,77581E-01;7,18882E-01;7,62088E-01;7,98839E-01;8,40466E-01;8,78435E-01;0,00000E+00;2,94891E-05;0,00000E+00;2,18086E-06;8,05140E-06;4,05445E-06;9,84832E-05;1,20595E-04;4,36171E-06;8,15385E-05;7,55024E-05;7,78689E-05;0,00000E+00;2,24234E-04;2,85537E-05;8,72343E-06;0,00000E+00;2,61703E-05;0,00000E+00;8,81748E-05;0,00000E+00;0,00000E+00;0,00000E+00;0,00000E+00;4,46257E-05;0,00000E+00;0,00000E+00;9,33906E-06;8,72343E-06;3,90944E-05;1,35297E-05;4,23316E-05;1,68847E-05;0,00000E+00;2,13869E-05;0,00000E+00;0,00000E+00;0,00000E+00;9,08644E-06;1,39364E-04
551;3,38936E-02;8,34812E-02;1,33391E-01;1,82017E-01;2,31160E-01;2,79040E-01;3,24701E-01;3,71785E-01;4,16176E-01;4,63452E-01;5,07690E-01;5,51600E-01;5,92619E-01;6,38471E-01;6,77259E-01;7,18368E-01;7,63661E-01;7,98520E-01;8,41626E-01;8,83374E-01;0,00000E+00;5,98570E-06;2,80314E-05;7,43659E-05;7,24477E-05;1,23035E-04;0,00000E+00;4,83605E-05;3,45432E-06;4,32281E-05;1,01848E-04;0,00000E+00;0,00000E+00;4,70885E-04;2,66609E-04;6,90864E-06;0,00000E+00;1,84953E-04;0,00000E+00;6,98313E-05;0,00000E+00;1,73275E-05;0,00000E+00;2,96128E-06;2,88984E-05;1,69227E-05;9,65812E-06;7,39620E-06;6,90864E-06;1,38173E-05;2,21074E-05;2,95315E-05;2,36481E-05;0,00000E+00;9,21541E-05;0,00000E+00;4,85878E-06;0,00000E+00;0,00000E+00;3,42440E-05
552;3,40672E-02;8,36435E-02;1,33093E-01;1,82081E-01;2,31564E-01;2,78589E-01;3,26237E-01;3,73748E-01;4,19296E-01;4,64559E-01;5,08973E-01;5,55361E-01;5,96388E-01;6,38033E-01;6,80165E-01;7,23687E-01;7,65040E-01;8,04398E-01;8,40802E-01;8,84614E-01;0,00000E+00;1,41737E-06;2,49710E-05;4,19870E-05;1,56452E-05;2,91336E-05;1,21714E-04;1,65245E-05;0,00000E+00;2,37823E-04;1,63981E-04;3,56643E-05;0,00000E+00;6,94510E-05;6,31309E-05;0,00000E+00;3,30489E-05;3,88876E-05;0,00000E+00;1,29909E-04;1,28519E-05;4,10302E-06;1,03596E-05;7,01208E-07;4,27263E-06;9,54115E-06;2,28697E-06;6,72244E-05;0,00000E+00;1,15671E-04;5,23487E-06;2,64815E-06;5,59969E-06;0,00000E+00;1,33561E-04;7,96094E-05;1,15052E-06;3,32672E-05;8,32327E-05;8,94475E-05
553;3,42672E-02;8,38979E-02;1,33662E-01;1,84367E-01;2,31549E-01;2,80756E-01;3,28599E-01;3,73658E-01;4,19916E-01;4,62283E-01;5,08411E-01;5,53946E-01;5,96354E-01;6,39609E-01;6,85504E-01;7,25964E-01;7,70850E-01;8,11490E-01;8,46604E-01;8,84532E-01;1,30269E-06;0,00000E+00;1,69660E-06;0,00000E+00;3,19701E-05;3,09323E-06;2,38524E-06;1,34196E-04;0,00000E+00;0,00000E+00;2,44346E-06;5,94078E-06;0,00000E+00;5,32558E-06;1,12955E-05;0,00000E+00;6,42265E-06;2,75256E-06;0,00000E+00;0,00000E+00;0,00000E+00;3,83021E-07;0,00000E+00;2,36585E-06;0,00000E+00;0,00000E+00;0,00000E+00;0,00000E+00;0,00000E+00;0,00000E+00;1,39358E-05;1,48787E-04;0,00000E+00;0,00000E+00;0,00000E+00;6,80048E-07;7,49946E-06;2,24445E-05;0,00000E+00;3,56365E-06
554;3,43586E-02;8,38745E-02;1,34719E-01;1,84357E-01;2,32213E-01;2,80504E-01;3,29335E-01;3,71188E-01;4,21009E-01;4,66150E-01;5,09928E-01;5,54582E-01;5,98151E-01;6,43351E-01;6,81682E-01;7,27943E-01;7,72113E-01;8,12893E-01;8,42096E-01;8,92116E-01;2,08029E-05;0,00000E+00;4,22399E-05;6,02298E-06;6,15054E-05;6,20309E-05;3,80904E-05;9,24355E-05;0,00000E+00;1,46153E-05;6,78920E-05;9,48697E-05;0,00000E+00;8,50453E-05;1,80381E-04;0,00000E+00;1,50749E-04;6,32298E-05;5,78206E-05;5,41148E-06;3,21215E-06;6,11655E-06;0,00000E+00;3,77808E-05;1,16998E-05;0,00000E+00;0,00000E+00;0,00000E+00;0,00000E+00;0,00000E+00;3,61379E-05;1,25038E-04;0,00000E+00;0,00000E+00;4,55647E-05;1,08598E-05;2,97273E-05;0,00000E+00;0,00000E+00;7,14645E-05
555;3,42921E-02;8,44655E-02;1,34492E-01;1,83963E-01;2,33546E-01;2,80432E-01;3,29613E-01;3,73228E-01;4,21263E-01;4,66059E-01;5,10447E-01;5,52349E-01;5,99562E-01;6,43285E-01;6,84258E-01;7,26059E-01;7,74747E-01;8,16016E-01;8,44979E-01;8,85391E-01;1,76604E-06;0,00000E+00;3,37299E-05;4,60642E-05;1,65058E-05;2,81355E-05;7,54514E-05;7,64296E-05;0,00000E+00;3,25470E-05;7,58888E-05;0,00000E+00;0,00000E+00;0,00000E+00;0,00000E+00;0,00000E+00;1,24715E-04;1,56113E-04;1,28761E-04;1,20509E-05;7,15315E-06;0,00000E+00;0,00000E+00;0,00000E+00;3,60036E-05;1,45799E-06;4,99260E-06;3,16933E-05;4,35355E-06;0,00000E+00;1,34895E-04;5,69941E-05;6,24807E-05;0,00000E+00;1,22815E-04;0,00000E+00;7,37437E-05;0,00000E+00;0,00000E+00;3,24144E-05
556;3,44950E-02;8,47961E-02;1,35203E-01;1,84700E-01;2,33215E-01;2,82532E-01;3,31728E-01;3,75432E-01;4,24693E-01;4,69694E-01;5,14903E-01;5,59798E-01;6,03244E-01;6,44993E-01;6,93190E-01;7,29834E-01;7,74974E-01;8,17531E-01;8,52937E-01;8,87067E-01;1,38780E-06;0,00000E+00;0,00000E+00;6,66898E-05;0,00000E+00;0,00000E+00;1,08523E-04;1,36845E-05;1,01000E-04;0,00000E+00;9,11086E-06;1,72572E-04;6,82329E-05;0,00000E+00;2,22037E-05;0,00000E+00;8,94347E-05;1,52074E-04;1,38875E-04;0,00000E+00;0,00000E+00;2,25872E-05;0,00000E+00;1,33175E-05;2,40478E-05;5,37380E-06;3,92331E-06;2,49054E-05;3,42113E-06;6,31252E-06;7,74829E-05;0,00000E+00;1,04244E-04;0,00000E+00;2,11967E-05;0,00000E+00;1,57898E-05;1,52501E-05;0,00000E+00;0,00000E+00
557;3,45506E-02;8,52049E-02;1,35159E-01;1,86467E-01;2,35037E-01;2,81771E-01;3,31047E-01;3,79023E-01;4,24785E-01;4,70516E-01;5,13910E-01;5,57060E-01;6,03150E-01;6,45117E-01;6,98928E-01;7,30710E-01;7,72504E-01;8,21671E-01;8,57483E-01;8,90063E-01;0,00000E+00;0,00000E+00;0,00000E+00;7,14306E-05;0,00000E+00;8,03833E-05;4,71940E-05;0,00000E+00;8,12312E-05;1,10154E-04;0,00000E+00;4,00788E-05;1,58466E-05;9,58118E-05;5,15667E-06;0,00000E+00;3,40995E-05;2,45759E-04;1,80816E-04;0,00000E+00;0,00000E+00;5,24573E-06;0,00000E+00;1,85707E-05;3,76917E-06;9,81943E-07;2,52401E-05;0,00000E+00;0,00000E+00;3,03533E-05;4,10773E-05;0,00000E+00;8,49081E-05;0,00000E+00;1,83711E-05;0,00000E+00;0,00000E+00;3,54173E-06;1,31646E-04;0,00000E+00
558;3,45752E-02;8,51014E-02;1,36121E-01;1,86923E-01;2,35597E-01;2,83454E-01;3,28908E-01;3,77085E-01;4,23607E-01;4,72641E-01;5,15697E-01;5,64345E-01;6,03088E-01;6,46857E-01;6,93291E-01;7,32231E-01;7,77388E-01;8,17560E-01;8,61622E-01;9,00605E-01;2,26759E-05;8,75220E-06;8,88054E-05;3,49922E-05;1,81837E-04;0,00000E+00;1,68082E-06;1,35777E-05;2,77073E-05;2,35340E-06;0,00000E+00;2,79089E-06;0,00000E+00;2,60378E-04;5,96979E-06;0,00000E+00;9,69835E-06;0,00000E+00;1,64872E-05;4,35685E-06;4,07399E-06;1,54219E-05;0,00000E+00;0,00000E+00;0,00000E+00;1,62397E-07;0,00000E+00;0,00000E+00;2,77073E-05;1,21229E-06;1,20065E-04;3,81553E-05;3,24459E-05;2,26234E-06;5,09510E-06;0,00000E+00;2,87907E-05;0,00000E+00;0,00000E+00;6,41904E-05
559;3,48708E-02;8,54054E-02;1,36106E-01;1,86373E-01;2,36286E-01;2,85579E-01;3,31853E-01;3,76908E-01;4,25036E-01;4,74948E-01;5,15885E-01;5,64591E-01;6,05396E-01;6,50471E-01;6,93896E-01;7,35282E-01;7,82775E-01;8,17011E-01;8,59635E-01;8,96187E-01;8,38720E-06;0,00000E+00;0,00000E+00;4,00398E-05;8,51090E-05;5,10912E-05;4,21183E-05;2,37937E-04;1,21780E-05;3,53310E-05;9,72940E-06;4,18990E-05;1,50438E-05;5,25086E-05;1,23891E-04;9,74237E-06;2,28409E-04;0,00000E+00;2,76746E-04;6,54084E-05;2,26480E-05;1,45249E-06;0,00000E+00;0,00000E+00;0,00000E+00;6,51638E-06;0,00000E+00;1,46019E-05;1,21780E-05;1,81999E-05;0,00000E+00;0,00000E+00;5,45111E-05;3,39641E-05;9,86705E-05;0,00000E+00;1,68412E-05;1,96134E-05;0,00000E+00;6,28341E-06
560;3,48112E-02;8,63355E-02;1,36260E-01;1,86944E-01;2,36592E-01;2,86999E-01;3,32102E-01;3,80482E-01;4,25341E-01;4,74870E-01;5,17894E-01;5,65760E-01;6,07035E-01;6,51403E-01;6,95163E-01;7,35509E-01;7,83543E-01;8,21758E-01;8,62994E-01;9,03487E-01;2,07752E-05;0,00000E+00;0,00000E+00;0,00000E+00;2,42826E-05;1,37990E-04;1,62309E-04;1,00864E-04;2,66268E-05;0,00000E+00;2,12731E-05;0,00000E+00;1,14145E-04;1,36624E-04;7,49260E-05;2,13015E-05;3,03839E-04;1,75396E-05;6,39044E-05;5,90956E-05;0,00000E+00;3,17583E-06;0,00000E+00;0,00000E+00;0,00000E+00;8,91722E-06;2,51427E-05;3,19267E-05;2,66268E-05;4,82338E-05;0,00000E+00;2,58787E-06;0,00000E+00;3,50698E-05;8,84235E-05;3,25000E-06;2,45786E-05;6,40707E-05;0,00000E+00;0,00000E+00
561;3,49349E-02;8,62817E-02;1,36541E-01;1,88229E-01;2,37271E-01;2,87273E-01;3,33247E-01;3,80649E-01;4,28493E-01;4,75884E-01;5,21244E-01;5,66482E-01;6,07028E-01;6,50095E-01;6,97521E-01;7,40297E-01;7,82777E-01;8,23353E-01;8,66594E-01;9,06621E-01;6,85121E-06;0,00000E+00;0,00000E+00;0,00000E+00;8,89644E-05;8,20267E-05;1,51564E-04;9,00464E-05;2,53743E-05;1,15450E-04;5,06810E-05;0,00000E+00;6,25914E-05;1,68052E-05;0,00000E+00;0,00000E+00;2,84887E-04;2,61985E-05;0,00000E+00;4,55236E-05;0,00000E+00;0,00000E+00;0,00000E+00;0,00000E+00;0,00000E+00;0,00000E+00;1,93684E-05;0,00000E+00;0,00000E+00;3,71564E-05;0,00000E+00;1,99354E-06;0,00000E+00;3,96994E-05;3,07594E-05;2,50360E-06;4,87967E-06;1,63207E-05;5,85790E-05;1,64256E-05
562;3,49475E-02;8,62823E-02;1,36786E-01;1,87646E-01;2,35242E-01;2,84456E-01;3,32655E-01;3,80389E-01;4,26506E-01;4,76118E-01;5,19066E-01;5,67777E-01;6,07921E-01;6,53394E-01;6,95134E-01;7,41096E-01;7,82758E-01;8,22512E-01;8,62833E-01;9,01869E-01;1,59757E-05;0,00000E+00;0,00000E+00;3,73096E-05;1,27986E-04;1,38517E-05;5,54321E-05;2,47794E-04;5,68899E-06;1,16420E-04;1,99043E-04;0,00000E+00;1,79238E-04;8,24978E-05;0,00000E+00;0,00000E+00;1,75324E-04;2,84740E-04;3,31641E-05;0,00000E+00;0,00000E+00;2,96666E-06;0,00000E+00;0,00000E+00;5,92115E-05;0,00000E+00;9,50806E-06;3,55046E-05;4,97462E-05;3,31641E-05;0,00000E+00;0,00000E+00;1,13817E-04;2,84374E-06;1,74230E-05;0,00000E+00;1,09404E-06;0,00000E+00;1,31336E-05;3,68267E-06
563;3,49841E-02;8,61559E-02;1,37399E-01;1,87758E-01;2,36687E-01;2,85031E-01;3,34727E-01;3,80618E-01;4,28456E-01;4,77764E-01;5,19412E-01;5,68020E-01;6,08040E-01;6,47451E-01;7,00036E-01;7,44126E-01;7,82602E-01;8,20956E-01;8,63825E-01;9,04141E-01;0,00000E+00;0,00000E+00;1,01647E-05;4,12281E-05;1,18384E-04;4,36911E-06;1,12986E-04;5,49708E-05;8,24563E-05;4,50280E-06;1,85531E-05;1,18642E-04;0,00000E+00;1,40260E-04;1,11890E-05;3,21081E-05;0,00000E+00;3,13622E-04;0,00000E+00;0,00000E+00;0,00000E+00;2,01121E-05;0,00000E+00;0,00000E+00;0,00000E+00;0,00000E+00;1,40089E-05;9,08140E-07;0,00000E+00;5,30172E-07;0,00000E+00;7,02924E-05;4,30066E-06;6,36037E-06;6,41763E-06;1,06097E-05;1,40951E-04;0,00000E+00;6,92212E-05;5,03357E-06
564;3,51385E-02;8,61569E-02;1,37385E-01;1,89256E-01;2,38004E-01;2,88290E-01;3,34296E-01;3,81099E-01;4,31317E-01;4,77229E-01;5,22218E-01;5,69213E-01;6,13220E-01;6,54847E-01;7,00100E-01;7,42155E-01;7,83048E-01;8,28467E-01;8,64422E-01;9,07985E-01;0,00000E+00;0,00000E+00;0,00000E+00;1,36581E-05;0,00000E+00;5,95013E-05;2,50267E-05;7,44988E-06;1,48998E-05;7,33738E-05;1,42740E-04;7,50347E-05;0,00000E+00;6,02500E-05;2,44094E-04;1,87726E-04;4,46993E-05;7,35801E-05;0,00000E+00;0,00000E+00;0,00000E+00;6,02818E-06;0,00000E+00;6,98535E-06;0,00000E+00;1,33063E-05;0,00000E+00;1,23676E-05;0,00000E+00;7,22021E-06;6,20823E-06;2,93118E-06;5,85691E-05;1,19721E-04;3,47898E-06;1,44490E-04;0,00000E+00;0,00000E+00;0,00000E+00;8,14104E-05
565;3,51303E-02;8,66767E-02;1,37107E-01;1,89178E-01;2,39209E-01;2,87140E-01;3,37161E-01;3,82893E-01;4,31360E-01;4,78200E-01;5,23154E-01;5,68805E-01;6,15080E-01;6,58660E-01;7,03794E-01;7,44325E-01;7,89663E-01;8,32294E-01;8,71330E-01;9,07992E-01;4,04657E-06;0,00000E+00;0,00000E+00;2,89480E-05;0,00000E+00;0,00000E+00;2,68930E-05;2,02233E-05;4,48802E-05;1,49264E-04;1,19142E-04;1,59034E-04;5,47685E-05;2,61855E-05;1,94388E-04;5,32021E-05;2,10010E-04;1,74542E-04;0,00000E+00;2,98754E-05;0,00000E+00;1,05759E-06;0,00000E+00;2,93550E-05;1,77310E-05;2,82024E-05;0,00000E+00;1,51884E-05;0,00000E+00;1,77340E-05;5,30598E-05;6,21256E-06;0,00000E+00;7,01584E-05;2,60070E-05;0,00000E+00;0,00000E+00;0,00000E+00;0,00000E+00;7,70026E-05
566;3,53020E-02;8,67134E-02;1,37191E-01;1,89065E-01;2,38924E-01;2,87027E-01;3,35612E-01;3,84826E-01;4,31789E-01;4,80625E-01;5,24427E-01;5,68824E-01;6,14586E-01;6,62764E-01;7,02104E-01;7,43089E-01;7,86807E-01;8,28874E-01;8,72313E-01;9,11570E-01;3,02011E-06;0,00000E+00;2,83273E-05;0,00000E+00;0,00000E+00;5,26026E-05;2,00713E-05;2,24582E-05;9,92671E-06;1,46550E-04;0,00000E+00;0,00000E+00;1,00015E-04;4,23422E-05;1,12260E-04;3,97068E-05;8,60315E-05;5,95603E-05;2,04259E-04;6,53099E-05;9,92891E-06;7,89319E-07;0,00000E+00;1,08590E-05;1,87036E-05;0,00000E+00;0,00000E+00;1,13357E-05;0,00000E+00;1,32356E-05;2,97801E-05;0,00000E+00;0,00000E+00;0,00000E+00;9,88597E-05;0,00000E+00;0,00000E+00;2,57009E-05;0,00000E+00;1,25276E-04
567;3,51752E-02;8,62588E-02;1,36832E-01;1,90176E-01;2,39106E-01;2,88148E-01;3,36232E-01;3,83375E-01;4,31589E-01;4,77609E-01;5,22980E-01;5,69006E-01;6,13271E-01;6,55787E-01;7,02108E-01;7,47481E-01;7,83113E-01;8,31493E-01;8,68702E-01;9,07369E-01;2,02859E-05;1,18474E-05;5,84181E-05;0,00000E+00;4,10270E-05;1,11082E-04;6,50014E-05;6,24109E-05;0,00000E+00;1,15179E-05;1,88667E-04;0,00000E+00;2,18485E-04;8,99604E-06;2,38508E-05;5,00078E-05;3,33385E-05;1,83362E-04;4,33969E-05;1,02744E-04;2,10950E-06;5,96452E-06;0,00000E+00;0,00000E+00;1,16222E-06;0,00000E+00;0,00000E+00;0,00000E+00;0,00000E+00;0,00000E+00;0,00000E+00;0,00000E+00;0,00000E+00;0,00000E+00;2,38873E-05;0,00000E+00;0,00000E+00;5,46044E-06;3,49842E-05;1,87282E-05
568;3,52538E-02;8,66205E-02;1,38343E-01;1,89616E-01;2,40434E-01;2,87910E-01;3,37137E-01;3,82778E-01;4,28117E-01;4,79206E-01;5,22483E-01;5,71052E-01;6,14403E-01;6,58897E-01;7,01773E-01;7,44091E-01;7,87954E-01;8,30471E-01;8,80370E-01;9,05466E-01;1,11034E-05;0,00000E+00;3,53409E-06;2,10424E-05;3,35853E-05;0,00000E+00;1,57663E-04;6,47363E-05;9,20277E-05;1,52178E-05;1,09816E-04;8,28333E-05;2,69592E-05;3,96193E-06;0,00000E+00;0,00000E+00;0,00000E+00;7,63607E-05;0,00000E+00;0,00000E+00;1,26084E-06;0,00000E+00;1,62949E-05;3,22023E-05;7,79621E-06;5,48387E-05;0,00000E+00;1,94783E-05;9,55199E-05;0,00000E+00;2,27428E-05;3,17242E-06;0,00000E+00;5,45683E-05;1,67347E-06;0,00000E+00;1,10480E-04;9,61928E-07;0,00000E+00;1,03100E-06
569;3,56133E-02;8,69616E-02;1,38949E-01;1,88834E-01;2,40950E-01;2,87808E-01;3,38779E-01;3,83185E-01;4,33482E-01;4,81572E-01;5,30303E-01;5,72908E-01;6,20215E-01;6,60780E-01;7,03703E-01;7,50988E-01;7,94112E-01;8,29242E-01;8,70227E-01;9,16457E-01;2,42976E-05;6,65949E-06;4,79878E-05;1,46866E-04;0,00000E+00;3,82893E-06;0,00000E+00;1,21578E-04;1,34355E-04;2,25626E-04;1,97309E-05;1,65434E-04;1,54606E-04;4,74404E-05;4,49425E-05;5,11086E-06;0,00000E+00;6,84642E-05;0,00000E+00;0,00000E+00;1,50974E-05;1,82875E-06;0,00000E+00;7,28144E-05;0,00000E+00;4,27901E-06;0,00000E+00;0,00000E+00;0,00000E+00;2,55543E-06;1,40549E-05;3,79868E-05;7,97276E-06;1,70316E-06;2,00382E-05;0,00000E+00;6,79809E-05;1,15182E-05;1,93073E-05;2,77846E-05
570;3,54404E-02;8,73248E-02;1,38970E-01;1,89823E-01;2,40837E-01;2,88485E-01;3,38317E-01;3,85804E-01;4,32047E-01;4,81359E-01;5,27839E-01;5,72550E-01;6,16639E-01;6,62733E-01;7,01555E-01;7,51846E-01;7,93834E-01;8,33233E-01;8,70208E-01;9,15255E-01;1,05534E-05;1,35347E-05;1,15244E-05;4,84151E-05;0,00000E+00;9,90869E-05;0,00000E+00;1,35415E-05;2,59683E-05;2,30613E-04;1,04893E-04;2,44649E-04;4,18207E-05;0,00000E+00;9,92796E-05;1,03873E-05;0,00000E+00;8,80473E-05;5,41662E-05;0,00000E+00;0,00000E+00;5,87024E-06;0,00000E+00;3,89585E-05;1,41839E-05;8,69667E-06;0,00000E+00;0,00000E+00;2,70831E-05;5,19365E-06;6,69328E-05;0,00000E+00;2,74701E-05;5,76132E-05;0,00000E+00;0,00000E+00;3,99512E-06;0,00000E+00;4,30295E-05;6,64424E-05
571;3,55395E-02;8,76741E-02;1,39008E-01;1,90238E-01;2,40924E-01;2,90209E-01;3,39264E-01;3,86144E-01;4,33176E-01;4,82016E-01;5,27323E-01;5,75389E-01;6,17252E-01;6,63065E-01;7,07488E-01;7,48724E-01;7,92136E-01;8,36001E-01;8,71521E-01;9,15497E-01;2,39501E-05;0,00000E+00;0,00000E+00;2,91017E-05;1,99084E-05;6,54068E-05;7,28971E-05;6,14687E-05;5,17682E-05;2,66881E-04;1,46444E-04;3,72376E-05;2,99585E-05;1,28777E-04;5,68680E-06;0,00000E+00;5,17682E-05;1,03520E-04;2,58817E-04;0,00000E+00;0,00000E+00;3,47306E-05;1,15910E-06;0,00000E+00;1,01607E-05;0,00000E+00;0,00000E+00;0,00000E+00;8,41113E-05;1,94131E-05;8,89596E-05;1,52763E-05;8,07068E-06;6,89819E-05;0,00000E+00;0,00000E+00;0,00000E+00;0,00000E+00;2,71450E-06;2,51179E-05
572;3,52609E-02;8,71906E-02;1,38912E-01;1,90386E-01;2,41288E-01;2,89486E-01;3,39945E-01;3,84508E-01;4,32014E-01;4,82469E-01;5,27288E-01;5,73339E-01;6,13429E-01;6,64061E-01;7,05496E-01;7,53164E-01;7,93171E-01;8,32191E-01;8,76733E-01;9,11926E-01;6,09363E-05;2,19363E-05;0,00000E+00;7,99667E-05;6,60666E-05;4,41436E-05;1,43312E-05;1,01773E-05;1,01773E-05;1,54970E-04;2,07483E-04;5,49137E-06;0,00000E+00;1,36992E-04;7,40199E-05;1,17846E-04;3,80549E-04;1,52660E-05;4,32537E-05;0,00000E+00;0,00000E+00;3,76479E-05;2,28443E-05;1,57854E-05;0,00000E+00;2,81900E-06;0,00000E+00;0,00000E+00;1,69304E-05;3,81650E-06;1,20856E-05;3,00323E-06;0,00000E+00;5,93520E-06;0,00000E+00;0,00000E+00;0,00000E+00;0,00000E+00;7,06644E-06;0,00000E+00
573;3,56284E-02;8,79080E-02;1,38513E-01;1,91706E-01;2,41257E-01;2,89252E-01;3,38537E-01;3,90448E-01;4,34129E-01;4,81154E-01;5,26811E-01;5,74345E-01;6,20958E-01;6,64467E-01;7,09342E-01;7,54971E-01;7,96819E-01;8,34540E-01;8,82647E-01;9,24127E-01;4,70096E-05;0,00000E+00;2,28527E-06;4,47262E-05;1,66571E-05;0,00000E+00;7,13965E-06;9,02369E-05;2,87287E-04;3,33218E-06;9,14243E-06;0,00000E+00;1,06022E-06;0,00000E+00;0,00000E+00;0,00000E+00;2,02445E-04;0,00000E+00;9,02369E-05;0,00000E+00;0,00000E+00;1,17923E-05;9,69802E-06;8,04731E-07;3,92274E-07;2,29938E-07;0,00000E+00;6,62376E-05;0,00000E+00;3,43298E-06;3,36427E-05;6,92327E-05;4,50452E-05;0,00000E+00;0,00000E+00;4,01291E-05;0,00000E+00;0,00000E+00;5,76390E-07;1,00743E-05
574;3,56771E-02;8,80022E-02;1,39784E-01;1,92248E-01;2,41244E-01;2,89646E-01;3,39435E-01;3,88434E-01;4,34371E-01;4,83434E-01;5,32193E-01;5,77887E-01;6,17839E-01;6,59362E-01;7,11389E-01;7,49888E-01;7,95925E-01;8,37909E-01;8,67648E-01;9,19969E-01;1,55822E-05;1,06727E-05;2,35114E-05;4,23832E-05;3,26111E-06;1,98530E-06;1,12492E-04;2,64998E-05;1,14802E-04;3,42823E-05;1,22288E-04;5,33809E-05;4,77358E-05;1,31840E-05;4,66054E-05;0,00000E+00;2,84343E-04;0,00000E+00;4,23997E-05;0,00000E+00;0,00000E+00;4,95003E-05;8,54404E-06;1,63547E-05;4,03580E-06;2,36566E-06;0,00000E+00;4,53743E-05;6,62495E-06;5,38692E-05;2,11916E-05;0,00000E+00;0,00000E+00;0,00000E+00;1,11375E-05;3,92823E-06;0,00000E+00;0,00000E+00;2,81764E-05;1,03647E-04
575;3,57007E-02;8,82479E-02;1,38677E-01;1,91978E-01;2,39710E-01;2,89907E-01;3,39536E-01;3,88458E-01;4,36250E-01;4,84403E-01;5,29477E-01;5,75171E-01;6,18656E-01;6,65990E-01;7,09045E-01;7,52085E-01;7,94612E-01;8,33193E-01;8,74621E-01;9,11204E-01;6,10434E-06;2,05280E-05;0,00000E+00;0,00000E+00;6,27242E-06;3,83658E-05;7,90814E-05;5,09697E-05;7,13576E-05;0,00000E+00;5,42953E-05;1,02673E-04;1,34921E-04;2,53581E-05;1,54521E-04;1,84455E-05;3,15034E-04;7,37820E-05;1,36888E-04;7,25059E-05;0,00000E+00;1,09427E-05;1,64336E-05;2,52609E-05;0,00000E+00;6,48619E-05;0,00000E+00;0,00000E+00;1,27424E-05;9,56267E-05;0,00000E+00;8,16462E-06;0,00000E+00;0,00000E+00;2,14218E-05;7,55555E-06;0,00000E+00;4,45615E-05;6,98870E-05;4,37814E-05
576;3,55978E-02;8,82500E-02;1,39898E-01;1,92506E-01;2,40328E-01;2,91543E-01;3,44117E-01;3,88581E-01;4,36456E-01;4,84066E-01;5,29064E-01;5,76831E-01;6,22940E-01;6,60783E-01;7,09576E-01;7,56368E-01;7,93962E-01;8,36065E-01;8,78109E-01;9,19651E-01;2,92794E-05;0,00000E+00;0,00000E+00;1,14952E-04;0,00000E+00;2,34500E-05;4,25569E-05;1,05099E-04;0,00000E+00;0,00000E+00;4,37327E-05;3,78052E-05;4,35005E-05;0,00000E+00;6,71441E-05;2,48992E-04;1,50862E-04;2,47141E-04;1,55797E-04;1,67251E-04;0,00000E+00;0,00000E+00;8,23612E-06;6,60359E-06;0,00000E+00;4,40268E-05;2,51095E-06;0,00000E+00;3,61276E-05;4,06913E-05;1,31373E-05;5,54196E-06;0,00000E+00;6,12911E-05;9,20238E-06;1,11977E-04;0,00000E+00;3,02474E-05;1,83938E-05;5,23958E-05
577;3,55411E-02;8,83806E-02;1,39768E-01;1,91837E-01;2,41875E-01;2,93670E-01;3,40844E-01;3,88125E-01;4,36813E-01;4,83171E-01;5,31902E-01;5,72295E-01;6,22949E-01;6,64378E-01;7,08356E-01;7,54997E-01;7,95687E-01;8,33454E-01;8,82404E-01;9,27096E-01;2,41174E-05;0,00000E+00;0,00000E+00;2,04226E-05;1,15451E-04;4,47264E-05;9,57653E-05;5,27868E-05;1,10873E-04;9,31304E-05;4,18390E-05;6,71656E-06;1,58036E-04;7,07187E-05;4,10483E-06;4,20121E-05;2,33401E-06;5,20675E-05;2,10061E-05;1,55069E-04;0,00000E+00;2,13619E-05;1,46325E-06;0,00000E+00;6,82177E-05;0,00000E+00;4,46102E-07;0,00000E+00;6,41852E-06;0,00000E+00;2,33401E-06;0,00000E+00;0,00000E+00;1,13206E-04;1,63492E-06;1,98941E-05;0,00000E+00;0,00000E+00;1,50354E-04;8,50021E-05
578;3,56934E-02;8,85732E-02;1,39465E-01;1,90901E-01;2,45183E-01;2,90787E-01;3,41377E-01;3,87030E-01;4,38697E-01;4,83650E-01;5,30248E-01;5,76511E-01;6,19388E-01;6,68485E-01;7,09687E-01;7,48315E-01;7,97486E-01;8,44934E-01;8,78373E-01;9,24112E-01;1,05511E-05;0,00000E+00;0,00000E+00;7,58100E-05;2,93258E-06;6,22578E-05;3,05341E-05;9,76854E-05;4,76602E-06;9,63768E-07;4,25696E-04;1,43983E-04;2,46612E-04;4,13101E-05;5,58802E-06;0,00000E+00;2,38301E-05;1,90641E-05;2,85961E-05;3,06525E-05;0,00000E+00;1,23165E-06;6,36275E-06;2,08169E-06;2,18832E-05;3,72429E-06;0,00000E+00;1,70079E-06;3,46562E-05;0,00000E+00;3,10817E-05;2,09643E-05;7,93049E-06;0,00000E+00;0,00000E+00;7,89845E-05;0,00000E+00;7,34321E-05;0,00000E+00;7,30972E-05
579;3,59145E-02;8,80646E-02;1,40271E-01;1,92121E-01;2,41908E-01;2,92579E-01;3,39990E-01;3,88167E-01;4,34660E-01;4,82900E-01;5,29231E-01;5,74388E-01;6,22977E-01;6,65395E-01;7,11422E-01;7,54423E-01;7,98047E-01;8,39704E-01;8,78778E-01;9,22924E-01;1,67803E-05;0,00000E+00;0,00000E+00;5,80251E-05;4,92550E-05;2,89807E-05;1,36654E-04;1,65181E-05;1,46122E-04;8,39340E-06;7,69818E-05;6,15506E-05;1,17505E-04;2,26521E-04;6,31910E-05;0,00000E+00;2,40571E-04;1,66028E-04;2,49042E-04;9,32323E-05;0,00000E+00;1,33532E-05;5,91750E-06;1,80695E-05;1,85520E-05;3,24346E-05;0,00000E+00;2,18856E-05;5,17779E-05;0,00000E+00;2,75302E-05;0,00000E+00;6,90662E-05;0,00000E+00;0,00000E+00;0,00000E+00;0,00000E+00;1,67124E-05;1,38668E-05;7,85960E-05
580;3,60402E-02;8,77018E-02;1,39698E-01;1,92393E-01;2,42634E-01;2,90498E-01;3,40728E-01;3,89751E-01;4,37654E-01;4,83254E-01;5,30190E-01;5,76561E-01;6,18660E-01;6,64069E-01;7,10671E-01;7,54271E-01;7,96851E-01;8,37192E-01;8,80334E-01;9,22392E-01;2,14947E-05;3,34167E-06;2,78209E-05;2,96769E-05;5,99658E-05;5,35688E-05;8,57217E-06;6,72907E-05;2,58479E-04;6,27506E-05;1,38308E-04;5,69340E-05;0,00000E+00;2,76050E-04;5,09033E-05;2,16280E-04;1,15775E-04;2,82104E-05;0,00000E+00;0,00000E+00;5,22397E-07;6,40184E-06;1,56846E-05;3,24641E-05;2,32520E-05;1,41713E-05;0,00000E+00;1,27085E-05;3,70961E-05;0,00000E+00;6,82684E-05;0,00000E+00;5,86763E-06;0,00000E+00;0,00000E+00;0,00000E+00;5,42508E-05;8,32970E-05;6,43840E-05;1,37715E-04
581;3,60162E-02;8,80866E-02;1,39732E-01;1,92771E-01;2,43007E-01;2,90863E-01;3,41670E-01;3,88309E-01;4,36748E-01;4,85675E-01;5,29051E-01;5,75421E-01;6,22334E-01;6,66805E-01;7,10446E-01;7,53713E-01;7,99579E-01;8,40565E-01;8,81497E-01;9,30120E-01;6,31197E-06;2,12529E-06;3,98566E-05;3,32931E-06;9,29819E-05;8,94930E-05;5,19303E-05;2,39223E-05;7,14888E-05;1,12619E-04;1,77327E-05;1,91615E-05;1,85076E-04;3,47131E-05;1,44593E-04;1,64188E-04;3,58835E-05;2,44335E-04;1,99759E-04;7,47824E-05;7,02154E-07;1,06997E-06;3,21375E-06;3,43389E-05;9,39644E-06;9,01292E-06;0,00000E+00;2,28113E-05;0,00000E+00;0,00000E+00;3,19370E-05;0,00000E+00;1,61965E-05;0,00000E+00;0,00000E+00;0,00000E+00;3,45033E-05;5,29766E-05;3,06930E-05;1,30668E-04
582;3,57418E-02;8,81020E-02;1,39744E-01;1,92530E-01;2,42366E-01;2,91335E-01;3,40079E-01;3,88807E-01;4,29279E-01;4,85757E-01;5,33445E-01;5,76084E-01;6,17865E-01;6,65675E-01;7,04713E-01;7,52197E-01;7,93490E-01;8,37451E-01;8,72012E-01;9,20130E-01;8,34140E-07;0,00000E+00;1,92792E-05;1,20572E-04;2,84823E-05;2,92872E-05;9,71924E-05;7,71801E-05;1,58473E-04;1,12270E-05;2,53953E-04;2,95868E-06;2,85771E-05;0,00000E+00;1,98902E-05;4,11256E-06;0,00000E+00;3,49568E-05;3,05262E-04;1,84907E-04;4,34476E-06;0,00000E+00;0,00000E+00;5,30218E-06;0,00000E+00;3,73350E-05;0,00000E+00;3,52224E-06;2,57267E-05;0,00000E+00;3,08442E-06;0,00000E+00;4,47329E-05;0,00000E+00;0,00000E+00;0,00000E+00;0,00000E+00;0,00000E+00;8,63113E-07;1,41984E-05
583;3,59229E-02;8,82479E-02;1,41149E-01;1,92635E-01;2,41562E-01;2,90865E-01;3,40117E-01;3,89135E-01;4,38477E-01;4,82126E-01;5,27646E-01;5,77921E-01;6,23569E-01;6,60485E-01;7,09034E-01;7,48014E-01;7,95420E-01;8,35930E-01;8,72405E-01;9,21275E-01;1,30783E-06;0,00000E+00;0,00000E+00;1,33566E-05;3,20607E-05;7,15657E-05;6,38573E-06;2,16710E-04;1,13422E-04;0,00000E+00;2,38807E-04;5,30153E-06;5,72981E-05;3,03308E-05;1,99475E-04;0,00000E+00;2,94765E-05;2,02651E-05;0,00000E+00;1,19406E-04;0,00000E+00;1,38576E-05;2,80494E-06;6,47779E-07;0,00000E+00;0,00000E+00;0,00000E+00;1,85941E-05;4,34209E-05;0,00000E+00;8,94780E-06;0,00000E+00;4,50748E-05;0,00000E+00;0,00000E+00;0,00000E+00;0,00000E+00;3,70890E-06;0,00000E+00;1,81140E-04
584;3,59837E-02;8,83350E-02;1,39828E-01;1,91462E-01;2,43164E-01;2,92029E-01;3,39151E-01;3,88154E-01;4,38300E-01;4,82678E-01;5,28457E-01;5,73930E-01;6,20679E-01;6,65948E-01;7,09192E-01;7,53177E-01;7,96313E-01;8,36079E-01;8,76036E-01;9,23605E-01;2,87421E-05;0,00000E+00;0,00000E+00;1,26184E-04;2,99971E-05;0,00000E+00;9,88033E-05;1,03537E-04;1,01659E-04;1,04382E-05;2,65859E-04;7,58387E-05;1,55604E-04;3,49307E-05;2,24179E-04;5,16190E-05;2,15188E-04;1,65148E-04;4,58835E-05;3,92274E-04;0,00000E+00;1,72675E-05;3,12640E-05;4,72898E-06;0,00000E+00;6,72272E-06;5,48112E-06;0,00000E+00;5,73544E-06;0,00000E+00;5,94325E-05;0,00000E+00;1,25882E-05;0,00000E+00;0,00000E+00;0,00000E+00;1,98534E-05;3,16947E-05;0,00000E+00;6,38449E-05
585;3,57137E-02;8,80458E-02;1,40550E-01;1,91999E-01;2,42761E-01;2,91374E-01;3,39719E-01;3,87164E-01;4,37172E-01;4,83573E-01;5,27473E-01;5,74084E-01;6,23271E-01;6,65726E-01;7,08924E-01;7,51349E-01;7,98047E-01;8,41386E-01;8,75644E-01;9,20593E-01;3,18748E-05;0,00000E+00;1,06569E-05;7,16356E-05;6,16344E-05;4,31770E-05;1,44926E-04;7,14330E-05;5,71464E-05;1,73339E-05;9,53330E-05;1,03131E-04;6,63077E-05;9,52406E-05;2,09668E-04;8,57196E-05;9,60545E-06;1,63050E-04;1,14617E-04;3,76298E-04;0,00000E+00;1,13599E-05;2,22146E-05;4,50326E-06;0,00000E+00;1,11639E-05;9,10206E-06;6,17000E-06;8,39666E-05;0,00000E+00;4,28598E-05;0,00000E+00;0,00000E+00;0,00000E+00;0,00000E+00;2,49178E-05;3,29691E-05;7,66983E-06;8,06368E-06;3,31623E-05
586;3,59696E-02;8,82435E-02;1,40845E-01;1,91279E-01;2,43003E-01;2,91212E-01;3,40827E-01;3,88829E-01;4,35849E-01;4,82016E-01;5,26435E-01;5,77077E-01;6,20832E-01;6,62475E-01;7,06078E-01;7,49472E-01;7,95964E-01;8,35138E-01;8,76525E-01;9,16762E-01;1,16162E-05;0,00000E+00;6,24466E-06;1,35351E-04;1,52030E-04;2,53005E-05;7,50123E-05;0,00000E+00;1,07805E-04;0,00000E+00;1,22650E-04;1,79410E-04;2,94998E-05;3,67883E-04;1,26446E-04;2,69512E-05;1,80811E-04;5,23493E-04;1,84221E-04;4,95971E-04;0,00000E+00;0,00000E+00;2,18306E-05;3,42271E-05;0,00000E+00;0,00000E+00;0,00000E+00;1,51567E-05;8,40477E-05;4,71645E-05;4,04267E-05;0,00000E+00;3,78386E-05;0,00000E+00;0,00000E+00;1,46011E-05;1,03658E-05;7,59615E-05;6,12881E-05;6,59558E-05
587;3,57791E-02;8,84381E-02;1,39631E-01;1,92971E-01;2,40407E-01;2,89878E-01;3,38317E-01;3,84620E-01;4,34010E-01;4,82231E-01;5,27093E-01;5,74827E-01;6,18829E-01;6,61142E-01;7,03326E-01;7,43905E-01;7,93046E-01;8,31974E-01;8,74881E-01;9,16149E-01;8,51891E-06;0,00000E+00;0,00000E+00;1,56434E-05;1,87164E-05;3,88975E-05;1,27703E-05;1,21148E-04;1,09093E-04;0,00000E+00;1,98247E-04;2,56576E-04;2,68400E-06;2,44146E-04;2,87694E-04;1,07317E-04;2,12971E-04;2,30427E-04;4,53528E-04;3,18970E-04;2,35557E-05;0,00000E+00;2,49074E-06;4,07445E-06;9,88791E-06;4,63679E-05;6,61575E-05;2,37225E-05;5,21448E-06;6,08356E-06;1,56649E-04;0,00000E+00;4,26779E-05;5,19066E-05;0,00000E+00;0,00000E+00;1,33705E-06;7,25139E-05;5,08825E-05;6,00090E-06
588;3,59487E-02;8,71509E-02;1,39760E-01;1,90402E-01;2,39662E-01;2,89821E-01;3,37360E-01;3,86670E-01;4,37672E-01;4,77688E-01;5,25380E-01;5,74794E-01;6,20213E-01;6,62957E-01;7,02556E-01;7,48430E-01;7,88585E-01;8,32013E-01;8,64877E-01;9,10908E-01;5,09480E-05;1,10077E-05;3,54998E-06;4,64168E-05;1,21519E-04;3,16130E-05;3,69696E-06;1,09712E-04;8,53258E-06;1,03526E-05;2,68598E-05;1,36911E-04;1,01248E-04;6,32125E-05;1,09524E-04;0,00000E+00;3,41303E-05;1,90120E-04;6,75153E-05;9,47823E-05;4,68841E-07;2,61712E-05;4,38388E-05;9,89149E-06;2,80427E-05;1,78595E-06;0,00000E+00;8,22883E-05;0,00000E+00;2,53182E-05;1,97316E-05;0,00000E+00;6,65526E-07;1,23745E-04;2,95581E-05;0,00000E+00;2,45415E-05;0,00000E+00;9,91872E-05;1,38085E-05
589;3,58131E-02;8,77254E-02;1,38387E-01;1,90903E-01;2,39946E-01;2,89382E-01;3,35490E-01;3,83264E-01;4,32961E-01;4,79453E-01;5,24858E-01;5,72491E-01;6,17918E-01;6,60248E-01;7,02827E-01;7,42211E-01;7,90222E-01;8,21280E-01;8,67953E-01;9,07947E-01;1,43624E-05;1,74840E-05;2,15771E-05;2,69263E-05;7,94704E-05;3,81037E-05;4,32109E-05;0,00000E+00;1,14690E-04;1,13743E-04;9,49533E-05;2,15250E-04;2,64881E-04;2,33202E-04;3,42036E-05;0,00000E+00;2,43349E-04;1,89491E-04;4,18854E-05;0,00000E+00;0,00000E+00;0,00000E+00;1,17898E-05;9,11711E-06;1,69514E-05;1,08552E-05;0,00000E+00;6,44888E-05;4,48772E-06;0,00000E+00;1,48353E-04;0,00000E+00;4,04513E-06;3,58922E-05;0,00000E+00;0,00000E+00;1,25817E-04;6,74592E-05;3,51624E-05;9,68409E-05
590;3,56564E-02;8,83954E-02;1,38733E-01;1,90574E-01;2,39841E-01;2,90362E-01;3,38015E-01;3,86876E-01;4,32211E-01;4,79746E-01;5,21954E-01;5,73991E-01;6,14006E-01;6,55858E-01;7,02459E-01;7,42152E-01;7,85330E-01;8,18784E-01;8,69023E-01;9,11521E-01;2,87820E-05;1,72482E-05;4,00185E-05;4,09526E-05;3,28380E-05;8,74318E-05;7,84292E-05;7,86983E-05;1,10312E-04;1,96647E-04;3,27473E-05;7,20189E-05;2,96045E-04;3,21607E-04;0,00000E+00;1,96746E-05;6,44407E-05;9,10057E-05;2,70287E-04;8,83853E-05;0,00000E+00;0,00000E+00;1,79312E-05;3,11611E-05;4,12055E-05;0,00000E+00;0,00000E+00;3,89713E-05;6,82543E-06;0,00000E+00;4,32277E-05;0,00000E+00;0,00000E+00;5,45889E-05;0,00000E+00;0,00000E+00;8,88222E-05;1,02599E-04;5,34788E-05;1,96370E-05
591;3,55241E-02;8,76169E-02;1,37985E-01;1,91068E-01;2,40824E-01;2,90971E-01;3,38286E-01;3,85499E-01;4,31548E-01;4,79665E-01;5,24246E-01;5,71450E-01;6,11209E-01;6,55186E-01;6,99657E-01;7,42337E-01;7,85524E-01;8,25199E-01;8,66289E-01;9,06268E-01;3,52051E-05;3,89580E-05;2,13333E-05;0,00000E+00;3,56000E-05;1,02979E-04;1,97178E-04;1,72136E-04;6,26801E-05;6,36267E-05;1,74571E-05;1,28162E-04;9,90052E-05;2,57408E-04;1,56652E-04;1,04882E-05;2,38203E-04;1,78145E-04;3,43085E-04;4,93434E-04;0,00000E+00;0,00000E+00;2,57732E-05;9,21961E-06;3,92173E-05;5,96601E-05;0,00000E+00;0,00000E+00;0,00000E+00;0,00000E+00;1,71293E-05;0,00000E+00;0,00000E+00;0,00000E+00;1,39185E-04;2,53918E-05;6,06413E-05;0,00000E+00;0,00000E+00;0,00000E+00
592;3,53800E-02;8,71754E-02;1,38175E-01;1,89901E-01;2,40274E-01;2,90741E-01;3,36242E-01;3,83839E-01;4,30196E-01;4,77694E-01;5,27953E-01;5,63789E-01;6,09218E-01;6,54169E-01;6,96696E-01;7,40686E-01;7,83513E-01;8,20855E-01;8,66078E-01;9,10874E-01;2,60884E-05;3,91673E-06;5,83287E-05;3,06679E-05;9,37748E-05;2,19022E-05;8,56475E-05;1,30882E-05;2,24568E-04;2,33887E-04;2,10014E-04;2,01999E-04;8,54370E-05;3,16668E-05;3,23954E-04;1,22672E-04;2,33715E-04;3,85925E-04;1,98666E-04;4,48715E-05;0,00000E+00;6,27056E-06;2,59116E-06;6,16193E-06;2,36138E-06;5,99806E-06;4,35434E-05;7,87974E-05;8,76227E-06;0,00000E+00;1,72214E-06;0,00000E+00;7,10779E-05;0,00000E+00;1,55162E-04;4,15193E-05;2,64944E-06;7,76171E-05;7,35583E-06;0,00000E+00
593;3,54811E-02;8,70890E-02;1,38007E-01;1,88801E-01;2,37892E-01;2,88557E-01;3,36629E-01;3,84210E-01;4,31725E-01;4,77325E-01;5,21106E-01;5,63384E-01;6,08739E-01;6,54898E-01;7,01092E-01;7,37949E-01;7,88821E-01;8,25559E-01;8,62125E-01;9,09013E-01;2,63645E-05;3,75973E-05;6,95183E-05;6,15502E-05;1,30620E-04;1,20608E-05;1,43031E-04;3,00354E-05;2,29935E-04;9,84262E-05;1,12156E-04;2,66455E-04;2,10345E-05;1,87961E-04;2,83129E-05;1,14894E-04;4,00722E-04;4,65452E-04;2,86752E-04;4,06580E-04;0,00000E+00;6,90689E-06;5,40290E-05;2,79460E-06;6,09536E-05;2,07361E-06;3,45083E-05;2,53285E-05;4,19572E-05;4,10335E-06;1,23100E-04;3,87474E-05;0,00000E+00;3,82877E-05;5,17374E-05;6,08264E-06;0,00000E+00;1,99446E-06;1,65347E-04;8,90032E-05
594;3,53734E-02;8,69337E-02;1,38254E-01;1,89153E-01;2,38843E-01;2,88365E-01;3,35083E-01;3,83417E-01;4,30258E-01;4,74100E-01;5,20040E-01;5,67410E-01;6,09154E-01;6,54487E-01;6,99693E-01;7,39023E-01;7,81340E-01;8,19814E-01;8,61259E-01;8,97475E-01;3,16014E-05;6,24392E-05;1,39241E-05;2,05679E-05;1,47349E-04;8,48216E-05;1,36453E-04;1,29148E-04;2,45746E-04;2,96931E-04;2,51739E-04;1,80810E-04;1,84767E-04;1,61612E-04;3,54942E-04;3,79716E-05;2,76748E-04;1,12953E-04;4,65857E-04;2,47925E-04;0,00000E+00;7,88102E-06;5,62006E-06;4,41290E-06;1,80786E-06;1,79256E-05;0,00000E+00;2,14976E-05;8,78520E-05;1,74036E-05;3,79716E-05;3,73501E-06;0,00000E+00;0,00000E+00;6,64955E-06;0,00000E+00;3,89452E-05;1,01065E-05;0,00000E+00;9,20744E-05
595;3,52642E-02;8,67984E-02;1,37946E-01;1,88261E-01;2,37917E-01;2,86756E-01;3,35378E-01;3,81525E-01;4,26645E-01;4,72998E-01;5,18673E-01;5,62691E-01;6,03422E-01;6,47766E-01;6,92815E-01;7,38153E-01;7,74872E-01;8,19775E-01;8,54931E-01;8,93104E-01;2,81702E-05;1,92879E-05;1,12908E-05;9,43874E-05;1,51674E-04;9,73526E-05;2,41558E-04;1,18162E-04;2,61766E-04;1,17301E-04;4,71665E-04;1,83934E-04;2,56624E-04;1,77009E-04;3,70879E-04;4,38849E-04;1,85679E-04;1,62828E-04;6,40179E-04;3,42077E-04;0,00000E+00;3,62714E-06;0,00000E+00;1,07350E-05;5,38923E-06;1,01844E-05;0,00000E+00;2,39689E-05;2,54419E-05;2,38941E-05;7,50303E-05;1,41371E-05;0,00000E+00;0,00000E+00;9,12942E-06;0,00000E+00;8,47825E-05;2,45855E-05;0,00000E+00;1,75673E-05
596;3,52572E-02;8,64362E-02;1,37134E-01;1,88712E-01;2,37731E-01;2,87196E-01;3,32020E-01;3,78514E-01;4,27580E-01;4,72741E-01;5,17429E-01;5,62999E-01;6,01407E-01;6,49054E-01;6,90425E-01;7,32942E-01;7,77435E-01;8,14646E-01;8,51068E-01;8,94490E-01;5,60607E-05;1,91030E-05;5,35442E-06;9,79088E-05;1,48737E-04;2,14388E-04;1,23833E-04;1,14949E-04;2,48967E-04;3,44562E-04;3,37232E-04;7,95184E-05;4,70970E-04;2,45873E-04;3,46149E-04;2,11409E-04;1,92699E-04;3,01349E-04;5,38424E-04;1,59437E-04;0,00000E+00;2,50618E-05;0,00000E+00;5,09084E-06;4,33961E-05;0,00000E+00;4,55160E-05;1,13668E-05;1,20653E-05;0,00000E+00;1,08588E-05;3,73419E-05;0,00000E+00;0,00000E+00;0,00000E+00;0,00000E+00;1,48496E-05;1,16592E-05;0,00000E+00;1,23192E-04
597;3,50285E-02;8,60944E-02;1,36765E-01;1,86870E-01;2,35390E-01;2,86521E-01;3,29281E-01;3,79989E-01;4,23538E-01;4,69256E-01;5,12338E-01;5,59745E-01;6,05699E-01;6,45536E-01;6,87739E-01;7,27005E-01;7,68912E-01;8,09370E-01;8,43879E-01;8,83621E-01;1,97923E-05;3,66177E-05;9,23662E-05;1,38429E-04;2,44703E-04;1,79845E-04;1,65700E-04;1,04943E-04;2,54973E-04;1,93267E-04;1,20526E-04;4,75576E-04;3,44645E-04;3,38370E-04;1,93992E-04;2,16028E-04;3,14000E-04;4,43754E-04;7,02285E-04;6,56862E-06;0,00000E+00;1,74396E-06;1,59775E-06;1,67275E-05;2,92385E-06;2,38980E-05;3,16730E-06;1,14593E-05;0,00000E+00;0,00000E+00;5,35196E-05;2,30119E-06;0,00000E+00;0,00000E+00;1,24964E-05;2,64451E-05;1,37230E-05;0,00000E+00;2,99528E-05;3,87884E-05
598;3,50384E-02;8,57604E-02;1,37070E-01;1,86302E-01;2,34790E-01;2,83669E-01;3,28312E-01;3,75448E-01;4,23180E-01;4,65789E-01;5,12676E-01;5,53364E-01;5,99807E-01;6,40866E-01;6,86332E-01;7,28322E-01;7,66368E-01;8,04917E-01;8,43752E-01;8,86963E-01;7,57007E-06;4,03855E-05;7,84380E-05;1,41365E-04;1,49869E-04;1,89414E-04;2,93863E-04;2,30512E-04;3,53473E-04;3,35905E-04;5,40021E-04;4,16002E-04;2,03759E-04;7,16940E-04;4,22169E-04;3,74355E-04;5,99641E-04;4,50571E-04;8,18154E-04;9,31758E-04;3,53884E-06;4,28034E-06;0,00000E+00;9,33269E-06;4,77677E-05;3,84673E-05;0,00000E+00;3,40984E-05;3,36112E-05;0,00000E+00;3,32861E-05;4,89925E-05;6,95602E-05;0,00000E+00;1,83968E-04;0,00000E+00;0,00000E+00;1,53893E-04;2,41015E-06;7,61604E-05
599;3,46646E-02;8,52471E-02;1,35436E-01;1,85218E-01;2,34044E-01;2,79232E-01;3,29532E-01;3,72504E-01;4,18849E-01;4,63424E-01;5,09745E-01;5,55362E-01;5,95221E-01;6,38944E-01;6,80011E-01;7,26140E-01;7,59187E-01;8,00733E-01;8,36011E-01;8,77990E-01;5,42326E-05;5,07887E-05;1,87335E-04;1,27324E-04;2,16079E-04;2,89653E-04;3,24646E-04;3,12934E-04;3,24278E-04;3,88640E-04;6,03209E-04;4,72437E-04;6,55016E-04;6,98969E-04;5,50481E-04;5,83062E-04;9,14011E-04;8,56369E-04;9,35414E-04;1,11225E-03;0,00000E+00;1,79752E-05;1,20116E-06;0,00000E+00;1,91563E-06;6,30618E-05;0,00000E+00;0,00000E+00;2,91427E-05;0,00000E+00;2,78223E-05;6,75980E-05;1,67374E-05;0,00000E+00;9,81198E-05;0,00000E+00;0,00000E+00;0,00000E+00;1,01214E-05;8,62036E-05
600;3,44972E-02;8,48428E-02;1,34863E-01;1,84718E-01;2,32653E-01;2,80169E-01;3,28059E-01;3,71195E-01;4,16823E-01;4,64067E-01;5,08784E-01;5,49234E-01;5,93169E-01;6,37107E-01;6,77302E-01;7,21419E-01;7,60415E-01;8,00229E-01;8,38789E-01;8,76589E-01;4,77668E-05;1,84579E-05;1,30634E-04;1,90044E-04;2,46897E-04;3,26006E-04;4,22819E-04;3,02831E-04;4,10486E-04;4,38476E-04;6,14634E-04;6,08407E-04;9,00752E-04;6,85769E-04;6,71746E-04;7,55608E-04;8,95018E-04;9,27748E-04;1,06240E-03;9,65703E-04;0,00000E+00;1,13111E-05;1,46990E-06;0,00000E+00;2,34421E-06;3,02303E-05;0,00000E+00;0,00000E+00;6,15461E-06;0,00000E+00;3,98415E-05;0,00000E+00;2,04821E-05;0,00000E+00;6,32304E-05;0,00000E+00;0,00000E+00;0,00000E+00;0,00000E+00;6,72868E-05
601;3,46233E-02;8,50016E-02;1,35260E-01;1,83662E-01;2,29291E-01;2,78356E-01;3,25637E-01;3,71377E-01;4,13749E-01;4,61269E-01;5,02832E-01;5,49453E-01;5,89357E-01;6,30150E-01;6,75789E-01;7,14229E-01;7,53138E-01;7,93653E-01;8,32525E-01;8,71855E-01;6,44177E-05;3,61282E-06;1,58440E-04;2,06530E-04;3,51113E-04;3,98236E-04;4,40644E-04;3,61676E-04;4,75073E-04;4,33854E-04;7,00808E-04;9,30004E-04;9,36766E-04;7,45555E-04;1,05628E-03;8,58648E-04;8,31754E-04;8,62253E-04;1,05802E-03;1,02593E-03;0,00000E+00;9,81116E-06;0,00000E+00;0,00000E+00;4,30378E-05;1,68183E-05;0,00000E+00;3,07220E-06;1,07613E-05;2,86968E-05;4,49044E-05;0,00000E+00;0,00000E+00;0,00000E+00;1,50761E-04;3,72216E-05;5,51861E-06;0,00000E+00;0,00000E+00;1,23843E-05
602;3,43042E-02;8,47132E-02;1,32437E-01;1,82285E-01;2,29898E-01;2,77687E-01;3,24831E-01;3,68156E-01;4,11499E-01;4,58151E-01;5,03893E-01;5,45330E-01;5,85930E-01;6,24795E-01;6,68739E-01;7,12536E-01;7,47940E-01;7,88381E-01;8,28251E-01;8,70663E-01;5,09232E-05;1,57286E-04;1,46094E-04;1,51131E-04;3,69076E-04;3,86093E-04;5,01297E-04;6,83712E-04;5,49122E-04;5,41700E-04;5,29495E-04;9,69994E-04;9,10161E-04;1,15240E-03;7,85758E-04;1,08006E-03;1,15072E-03;1,24167E-03;1,17414E-03;1,66359E-03;0,00000E+00;1,87004E-07;0,00000E+00;0,00000E+00;1,56761E-06;6,12589E-07;0,00000E+00;2,73738E-05;1,85811E-05;1,04525E-06;5,14573E-05;2,68371E-05;0,00000E+00;0,00000E+00;5,49131E-06;1,35576E-06;1,33122E-04;0,00000E+00;0,00000E+00;3,18496E-05
603;3,43791E-02;8,36989E-02;1,32882E-01;1,81251E-01;2,28205E-01;2,74054E-01;3,21316E-01;3,63459E-01;4,08823E-01;4,56581E-01;4,96875E-01;5,42356E-01;5,84199E-01;6,25453E-01;6,64253E-01;7,02330E-01;7,46368E-01;7,84557E-01;8,23542E-01;8,62133E-01;7,08726E-05;1,42121E-04;1,51850E-04;2,61758E-04;3,24958E-04;3,68378E-04;6,88056E-04;5,76002E-04;5,83097E-04;8,63397E-04;7,23212E-04;1,15489E-03;9,67398E-04;1,16620E-03;1,13362E-03;9,65203E-04;1,65590E-03;1,44072E-03;1,53625E-03;1,74526E-03;4,59712E-07;0,00000E+00;0,00000E+00;0,00000E+00;2,63441E-05;3,32556E-06;0,00000E+00;2,96185E-05;7,44758E-06;2,30550E-05;2,68975E-05;5,19124E-05;1,37215E-05;1,02439E-05;0,00000E+00;0,00000E+00;1,53700E-04;2,47544E-05;2,36193E-05;6,21442E-05
604;3,42300E-02;8,29006E-02;1,32451E-01;1,79116E-01;2,28017E-01;2,73488E-01;3,18364E-01;3,64217E-01;4,09496E-01;4,52529E-01;4,95407E-01;5,38305E-01;5,80340E-01;6,17976E-01;6,60891E-01;7,03290E-01;7,43091E-01;7,81271E-01;8,14083E-01;8,56786E-01;8,31750E-05;1,34135E-04;2,23612E-04;2,80352E-04;4,52721E-04;4,34682E-04;8,01660E-04;8,36620E-04;7,89897E-04;1,06209E-03;1,14217E-03;1,14050E-03;1,17472E-03;1,10392E-03;1,30749E-03;1,54353E-03;1,62596E-03;1,80465E-03;1,74472E-03;2,00883E-03;1,60296E-06;0,00000E+00;0,00000E+00;1,08905E-05;3,98149E-05;1,87768E-05;4,09833E-06;4,59114E-06;3,66901E-05;0,00000E+00;2,50162E-05;8,19125E-05;2,33236E-05;1,90549E-05;2,50332E-06;0,00000E+00;5,77297E-05;2,59009E-05;1,15359E-04;5,47898E-05
605;3,35851E-02;8,30168E-02;1,30739E-01;1,79699E-01;2,27185E-01;2,71905E-01;3,16755E-01;3,60793E-01;4,04900E-01;4,47690E-01;4,90715E-01;5,33939E-01;5,75750E-01;6,17708E-01;6,61232E-01;7,01495E-01;7,41201E-01;7,73692E-01;8,11016E-01;8,45771E-01;1,05348E-04;1,68743E-04;2,77815E-04;2,79562E-04;5,56629E-04;5,84697E-04;7,58753E-04;8,87086E-04;9,72181E-04;1,05103E-03;1,19650E-03;1,39728E-03;1,31364E-03;1,62206E-03;1,45751E-03;1,73680E-03;1,66975E-03;2,19186E-03;2,10384E-03;1,95555E-03;0,00000E+00;0,00000E+00;0,00000E+00;1,17369E-05;6,64437E-05;7,73915E-06;6,51635E-06;4,94799E-06;1,15546E-05;0,00000E+00;5,16757E-05;1,39758E-04;9,61318E-06;2,05360E-05;1,80866E-05;4,88488E-05;6,22168E-05;7,21420E-05;1,18558E-04;3,79232E-05
606;3,33669E-02;8,18868E-02;1,29206E-01;1,77847E-01;2,24830E-01;2,68516E-01;3,12697E-01;3,56738E-01;4,02463E-01;4,44019E-01;4,89077E-01;5,30766E-01;5,69090E-01;6,08464E-01;6,51459E-01;6,95027E-01;7,32257E-01;7,72343E-01;8,11742E-01;8,38511E-01;1,11280E-04;1,65548E-04;3,40925E-04;4,50677E-04;5,73360E-04;8,17757E-04;9,71816E-04;9,05437E-04;1,21608E-03;1,17866E-03;1,54900E-03;1,51768E-03;1,42746E-03;1,83728E-03;1,84662E-03;2,24744E-03;2,14314E-03;2,24412E-03;2,62530E-03;2,63617E-03;6,58174E-06;0,00000E+00;9,28440E-06;0,00000E+00;8,26871E-06;0,00000E+00;7,37651E-07;0,00000E+00;2,96188E-05;0,00000E+00;5,31119E-05;9,11628E-05;2,77226E-05;0,00000E+00;5,40683E-06;4,46041E-05;1,70878E-05;1,22871E-04;7,88887E-05;5,80619E-05
607;3,32580E-02;8,12956E-02;1,28926E-01;1,76214E-01;2,20986E-01;2,66569E-01;3,12408E-01;3,54818E-01;4,03044E-01;4,41581E-01;4,82756E-01;5,27835E-01;5,65443E-01;6,07723E-01;6,51143E-01;6,88200E-01;7,25509E-01;7,66593E-01;7,98346E-01;8,39495E-01;1,00383E-04;1,72522E-04;3,76336E-04;5,04196E-04;7,29431E-04;7,69556E-04;8,17418E-04;9,61623E-04;1,36304E-03;1,39318E-03;1,77765E-03;1,81328E-03;1,67213E-03;1,91986E-03;2,21643E-03;2,68863E-03;2,31545E-03;2,57656E-03;2,70768E-03;3,22922E-03;9,45804E-09;2,44716E-05;1,33418E-08;1,96754E-05;0,00000E+00;9,99450E-05;0,00000E+00;4,79246E-05;8,39777E-05;0,00000E+00;7,00098E-05;7,53587E-08;3,98377E-08;0,00000E+00;0,00000E+00;1,38641E-05;2,45553E-08;1,54237E-07;7,14617E-08;1,36905E-04
608;3,31343E-02;8,07394E-02;1,27555E-01;1,75348E-01;2,21131E-01;2,69104E-01;3,11892E-01;3,51369E-01;3,95767E-01;4,37239E-01;4,83499E-01;5,23458E-01;5,60609E-01;6,01377E-01;6,41592E-01;6,82821E-01;7,19658E-01;7,52290E-01;7,98838E-01;8,28226E-01;1,24573E-04;2,18102E-04;4,66364E-04;5,43817E-04;9,54335E-04;1,02268E-03;1,22594E-03;1,19292E-03;1,26190E-03;1,45688E-03;1,72184E-03;2,01786E-03;1,92826E-03;2,19867E-03;2,38618E-03;2,62399E-03;2,80696E-03;2,94153E-03;3,02136E-03;3,11244E-03;0,00000E+00;0,00000E+00;1,72985E-05;1,74140E-05;3,27496E-06;9,52508E-05;1,22531E-05;1,14552E-05;1,18861E-04;0,00000E+00;1,85720E-05;1,22780E-05;5,56256E-05;0,00000E+00;1,17608E-04;0,00000E+00;6,85735E-05;3,23120E-05;3,20806E-05;1,34109E-04
609;3,26251E-02;7,99585E-02;1,27635E-01;1,73628E-01;2,18803E-01;2,62363E-01;3,08528E-01;3,49380E-01;3,91725E-01;4,34141E-01;4,77843E-01;5,15999E-01;5,56649E-01;5,95880E-01;6,37758E-01;6,72342E-01;7,15174E-01;7,49228E-01;7,85806E-01;8,24880E-01;1,32241E-04;3,39260E-04;4,92017E-04;6,75426E-04;8,08570E-04;1,24477E-03;1,37684E-03;1,38338E-03;1,53759E-03;1,61892E-03;2,10842E-03;2,10612E-03;2,41986E-03;2,58878E-03;2,96272E-03;2,99507E-03;3,08662E-03;3,30531E-03;3,76905E-03;4,00196E-03;1,06598E-06;0,00000E+00;0,00000E+00;4,49798E-06;9,44884E-06;9,23103E-06;1,89660E-05;3,96238E-05;0,00000E+00;0,00000E+00;2,68637E-05;2,27747E-05;1,67626E-05;2,81354E-05;7,28793E-05;0,00000E+00;2,06644E-05;9,63165E-05;9,90016E-05;1,82308E-04
610;3,23898E-02;7,95772E-02;1,25960E-01;1,71785E-01;2,15927E-01;2,61049E-01;3,03839E-01;3,47151E-01;3,88682E-01;4,32504E-01;4,70768E-01;5,14688E-01;5,49182E-01;5,92990E-01;6,31677E-01;6,66350E-01;7,06826E-01;7,42641E-01;7,78611E-01;8,19737E-01;1,24544E-04;3,09856E-04;4,83646E-04;9,13546E-04;9,95752E-04;1,22376E-03;1,41181E-03;1,58930E-03;1,82338E-03;2,07669E-03;2,47169E-03;2,36397E-03;2,49878E-03;2,95956E-03;3,24903E-03;3,43194E-03;3,56333E-03;3,72016E-03;4,31380E-03;4,48363E-03;6,13065E-06;0,00000E+00;0,00000E+00;4,21192E-06;0,00000E+00;1,16026E-05;0,00000E+00;6,15554E-06;5,19679E-05;0,00000E+00;2,51553E-05;5,45252E-05;6,25359E-05;2,63461E-05;1,76207E-05;0,00000E+00;2,82336E-05;7,54374E-06;6,03359E-06;2,02799E-04
611;3,21380E-02;7,84803E-02;1,26085E-01;1,70808E-01;2,15581E-01;2,59681E-01;3,01487E-01;3,44796E-01;3,86222E-01;4,29191E-01;4,69126E-01;5,13891E-01;5,46260E-01;5,85704E-01;6,23099E-01;6,62309E-01;6,98542E-01;7,32682E-01;7,69461E-01;8,04749E-01;1,42122E-04;3,71152E-04;5,99106E-04;9,57192E-04;1,20053E-03;1,26181E-03;1,63752E-03;1,71860E-03;2,01399E-03;2,58165E-03;2,69481E-03;2,77054E-03;3,05896E-03;3,44775E-03;3,35669E-03;3,89221E-03;3,99382E-03;4,66678E-03;4,77871E-03;5,02870E-03;1,47907E-06;9,19476E-07;0,00000E+00;3,61419E-06;2,20221E-05;2,14158E-05;0,00000E+00;2,31087E-05;4,58124E-05;0,00000E+00;0,00000E+00;7,94093E-05;1,34981E-05;3,59661E-05;0,00000E+00;0,00000E+00;2,56001E-06;1,37560E-05;6,47169E-06;3,87780E-05
612;3,18569E-02;7,77815E-02;1,23551E-01;1,70490E-01;2,13681E-01;2,56763E-01;3,02063E-01;3,39409E-01;3,85060E-01;4,22931E-01;4,66370E-01;5,01652E-01;5,37783E-01;5,77535E-01;6,21190E-01;6,53817E-01;6,93486E-01;7,30883E-01;7,66194E-01;7,98841E-01;1,85228E-04;4,10047E-04;7,32548E-04;9,55036E-04;1,30193E-03;1,56911E-03;1,70325E-03;1,94759E-03;2,30407E-03;2,61437E-03;2,84743E-03;3,16902E-03;3,40263E-03;3,47388E-03;4,19066E-03;4,36089E-03;4,74686E-03;4,91361E-03;5,06524E-03;5,45877E-03;1,51847E-05;2,42282E-05;2,21613E-06;1,34450E-05;3,64382E-05;4,02070E-05;7,31397E-05;4,52216E-05;2,73333E-05;1,61377E-06;7,74445E-05;1,31552E-05;1,60025E-04;2,33038E-06;2,91081E-05;5,98046E-07;2,89651E-06;1,08295E-06;1,41966E-05;5,87616E-05
613;3,17225E-02;7,79142E-02;1,23403E-01;1,66764E-01;2,12675E-01;2,55371E-01;2,96280E-01;3,37583E-01;3,77960E-01;4,20917E-01;4,59662E-01;4,99596E-01;5,36375E-01;5,74641E-01;6,14195E-01;6,52421E-01;6,86074E-01;7,15078E-01;7,53568E-01;7,86697E-01;2,03261E-04;5,39272E-04;7,78327E-04;1,08322E-03;1,40779E-03;1,68919E-03;1,92656E-03;2,23705E-03;2,78917E-03;2,94532E-03;3,31986E-03;3,64528E-03;3,92238E-03;4,20704E-03;4,34399E-03;4,24110E-03;4,89034E-03;5,62667E-03;5,20826E-03;5,67082E-03;1,71516E-06;8,56168E-06;5,91461E-05;1,99284E-05;5,03977E-06;2,18093E-05;0,00000E+00;8,69768E-05;8,82110E-06;4,30697E-05;7,71847E-06;2,46633E-04;2,65239E-05;6,21952E-05;1,00170E-04;1,59612E-05;9,93574E-05;2,89027E-05;2,13634E-04;9,91305E-05
614;3,12788E-02;7,64778E-02;1,20558E-01;1,65267E-01;2,08216E-01;2,52330E-01;2,92025E-01;3,32378E-01;3,73558E-01;4,15636E-01;4,54930E-01;4,91856E-01;5,31039E-01;5,65071E-01;6,05379E-01;6,43657E-01;6,77809E-01;7,17561E-01;7,45687E-01;7,81285E-01;1,83450E-04;5,41626E-04;9,17239E-04;1,17689E-03;1,51813E-03;1,91171E-03;2,12684E-03;2,56141E-03;2,92339E-03;3,31076E-03;3,58294E-03;3,94911E-03;4,22757E-03;4,70457E-03;5,02701E-03;5,06422E-03;5,45846E-03;6,11076E-03;6,00867E-03;6,63969E-03;4,08265E-06;1,13825E-05;0,00000E+00;1,32188E-05;1,19963E-05;2,86963E-05;0,00000E+00;8,02384E-05;2,09972E-05;0,00000E+00;2,04472E-05;1,41917E-04;9,82646E-06;1,38272E-05;4,00956E-05;0,00000E+00;1,32286E-04;0,00000E+00;1,58723E-04;7,87879E-05
615;3,08063E-02;7,54513E-02;1,19237E-01;1,63984E-01;2,06073E-01;2,47354E-01;2,88659E-01;3,28594E-01;3,66002E-01;4,07864E-01;4,46623E-01;4,86900E-01;5,23379E-01;5,59747E-01;5,94773E-01;6,35877E-01;6,70789E-01;7,03574E-01;7,35458E-01;7,74892E-01;2,16823E-04;5,47990E-04;1,01393E-03;1,30105E-03;1,78365E-03;2,16974E-03;2,41407E-03;2,73071E-03;3,36636E-03;3,73034E-03;3,93359E-03;4,18694E-03;4,85047E-03;5,20382E-03;5,61042E-03;5,52126E-03;5,85155E-03;6,67005E-03;6,81692E-03;7,28046E-03;0,00000E+00;9,07180E-06;6,54460E-06;3,03454E-05;2,08748E-05;4,76077E-05;0,00000E+00;4,42623E-05;3,34924E-05;0,00000E+00;5,64593E-05;4,98156E-05;8,73950E-05;6,37821E-05;1,21273E-04;1,57970E-04;1,90070E-04;6,37493E-05;1,08980E-04;1,31121E-04
616;3,06660E-02;7,44354E-02;1,18486E-01;1,62688E-01;2,05035E-01;2,45064E-01;2,86339E-01;3,25776E-01;3,63277E-01;4,02814E-01;4,43858E-01;4,79692E-01;5,18522E-01;5,55778E-01;5,93538E-01;6,30448E-01;6,65615E-01;6,98284E-01;7,31061E-01;7,67056E-01;2,82220E-04;6,63493E-04;9,87512E-04;1,52055E-03;2,00267E-03;2,32308E-03;2,81462E-03;3,26762E-03;3,51314E-03;4,12504E-03;4,61593E-03;4,42501E-03;5,52365E-03;5,43608E-03;6,03883E-03;6,64805E-03;6,73176E-03;7,54876E-03;7,73920E-03;8,29911E-03;0,00000E+00;1,72522E-05;5,32856E-05;2,27139E-05;4,68012E-06;8,68724E-06;2,45745E-05;6,49313E-05;1,95628E-05;0,00000E+00;1,00682E-04;1,11497E-04;1,95939E-05;1,18292E-05;1,62719E-04;1,12845E-04;1,58166E-04;1,30773E-04;2,89194E-04;1,95651E-04
617;3,00063E-02;7,38417E-02;1,17418E-01;1,60664E-01;2,02456E-01;2,42000E-01;2,84472E-01;3,20909E-01;3,58947E-01;4,00576E-01;4,39134E-01;4,73502E-01;5,11201E-01;5,49271E-01;5,81459E-01;6,21897E-01;6,54882E-01;6,87136E-01;7,18265E-01;7,50748E-01;3,41899E-04;7,77199E-04;1,11828E-03;1,59685E-03;2,14624E-03;2,57030E-03;3,10790E-03;3,47259E-03;3,77798E-03;4,73362E-03;4,73848E-03;5,31656E-03;5,85841E-03;6,22299E-03;7,01966E-03;6,85249E-03;7,73118E-03;7,91068E-03;8,61852E-03;8,99894E-03;0,00000E+00;6,91730E-08;0,00000E+00;4,14079E-06;1,26154E-05;2,13649E-06;6,17796E-05;1,36658E-04;8,40942E-06;1,44990E-06;1,64135E-04;2,76962E-05;1,00567E-04;0,00000E+00;4,61515E-05;2,61853E-05;2,15524E-04;1,07048E-04;1,31404E-04;8,82462E-05
618;2,97402E-02;7,27306E-02;1,15677E-01;1,57660E-01;2,00290E-01;2,40639E-01;2,79598E-01;3,15571E-01;3,57528E-01;3,93183E-01;4,30127E-01;4,68879E-01;5,05787E-01;5,39294E-01;5,71501E-01;6,08646E-01;6,45728E-01;6,76887E-01;7,08138E-01;7,48548E-01;3,51527E-04;8,26562E-04;1,33732E-03;1,90368E-03;2,42461E-03;2,65581E-03;3,36551E-03;4,05367E-03;4,37082E-03;4,77738E-03;5,44522E-03;6,11298E-03;6,61576E-03;6,81287E-03;7,31657E-03;8,02263E-03;8,99021E-03;8,64487E-03;9,57002E-03;1,01382E-02;0,00000E+00;8,21728E-07;0,00000E+00;8,89622E-06;0,00000E+00;2,53800E-05;9,41107E-05;1,45682E-05;1,21404E-04;1,72238E-05;1,16207E-04;8,13212E-05;8,95741E-05;8,43137E-06;7,98606E-05;3,00040E-05;9,72204E-05;1,15255E-04;9,97282E-05;2,08227E-04
619;2,94167E-02;7,21914E-02;1,14747E-01;1,56288E-01;1,95670E-01;2,37477E-01;2,75231E-01;3,13013E-01;3,55374E-01;3,91302E-01;4,26504E-01;4,62670E-01;4,99982E-01;5,32624E-01;5,69402E-01;6,00027E-01;6,37757E-01;6,73198E-01;7,00167E-01;7,32428E-01;3,67758E-04;8,82335E-04;1,44604E-03;1,98703E-03;2,59149E-03;3,23182E-03;3,81804E-03;4,30267E-03;4,77418E-03;5,39145E-03;5,90575E-03;6,39004E-03;7,10439E-03;8,15267E-03;8,21720E-03;8,86166E-03;9,65711E-03;1,05076E-02;1,06550E-02;1,16117E-02;0,00000E+00;0,00000E+00;0,00000E+00;1,94839E-05;3,97181E-05;3,45468E-05;1,40661E-05;3,03790E-05;4,20172E-05;4,93358E-05;4,94320E-06;0,00000E+00;6,57976E-05;1,64729E-05;1,24586E-04;1,21782E-04;1,03650E-04;1,34819E-04;7,43112E-05;1,78320E-04
620;2,88991E-02;7,11247E-02;1,12804E-01;1,53692E-01;1,93682E-01;2,33356E-01;2,70135E-01;3,12104E-01;3,49512E-01;3,85429E-01;4,19294E-01;4,56402E-01;4,92897E-01;5,27467E-01;5,64919E-01;5,90627E-01;6,26648E-01;6,62256E-01;6,92176E-01;7,23408E-01;3,76915E-04;9,85570E-04;1,53637E-03;2,30351E-03;2,88878E-03;3,51589E-03;4,08765E-03;4,79141E-03;5,55814E-03;6,05887E-03;6,48228E-03;7,25534E-03;7,93016E-03;8,75308E-03;8,98303E-03;9,52304E-03;1,06399E-02;1,15531E-02;1,18423E-02;1,24438E-02;0,00000E+00;0,00000E+00;0,00000E+00;4,21441E-05;6,69227E-05;5,75139E-05;4,86878E-05;9,99290E-05;5,14991E-05;1,00467E-04;7,08113E-05;2,27953E-05;8,17695E-05;2,14522E-05;5,00835E-05;8,02571E-05;1,76850E-04;1,90136E-04;1,59228E-04;1,16876E-04
621;2,87317E-02;7,02900E-02;1,11009E-01;1,53522E-01;1,90781E-01;2,29824E-01;2,70963E-01;3,04617E-01;3,40396E-01;3,77632E-01;4,15798E-01;4,49709E-01;4,86217E-01;5,19772E-01;5,54231E-01;5,84223E-01;6,19216E-01;6,49826E-01;6,79371E-01;7,16075E-01;4,71311E-04;1,07304E-03;1,76454E-03;2,40149E-03;3,03326E-03;3,69887E-03;4,32097E-03;5,22518E-03;5,95836E-03;6,67497E-03;7,37468E-03;8,08290E-03;8,23592E-03;9,54525E-03;1,07922E-02;1,06180E-02;1,14378E-02;1,23571E-02;1,30398E-02;1,36648E-02;0,00000E+00;0,00000E+00;3,60443E-05;6,53858E-06;1,84684E-05;5,53568E-06;3,23542E-05;1,22314E-04;6,27640E-05;1,08475E-05;6,58633E-05;3,33484E-05;1,33299E-04;1,43147E-04;1,51171E-04;6,82699E-05;2,31818E-04;2,57947E-04;1,44809E-04;1,43637E-04
622;2,83880E-02;6,99253E-02;1,09020E-01;1,49559E-01;1,89350E-01;2,26616E-01;2,67146E-01;3,01731E-01;3,40886E-01;3,74245E-01;4,08195E-01;4,42865E-01;4,75690E-01;5,13719E-01;5,47712E-01;5,78417E-01;6,12630E-01;6,38703E-01;6,71810E-01;7,03451E-01;4,74208E-04;1,28304E-03;1,96388E-03;2,98852E-03;3,46654E-03;4,24472E-03;5,11960E-03;5,67787E-03;6,50076E-03;7,54198E-03;8,51613E-03;8,73876E-03;1,02875E-02;1,08865E-02;1,14474E-02;1,16761E-02;1,26891E-02;1,35563E-02;1,38625E-02;1,56563E-02;2,25866E-06;0,00000E+00;5,29643E-06;5,33207E-05;5,80718E-06;6,13551E-05;8,85235E-05;7,66536E-05;8,25135E-05;5,54052E-05;2,35160E-05;8,13355E-05;8,49709E-05;9,44539E-05;7,61801E-05;9,49891E-05;5,52978E-05;2,40077E-04;1,44666E-04;1,99259E-04
623;2,78664E-02;6,84478E-02;1,07964E-01;1,47556E-01;1,85284E-01;2,24043E-01;2,59821E-01;2,94252E-01;3,30595E-01;3,67072E-01;4,01940E-01;4,37397E-01;4,69407E-01;5,00847E-01;5,38403E-01;5,69324E-01;6,01057E-01;6,31775E-01;6,63762E-01;6,93266E-01;5,59595E-04;1,30211E-03;2,18506E-03;2,97658E-03;3,85138E-03;4,62444E-03;5,44512E-03;6,46783E-03;7,23644E-03;7,87514E-03;8,88107E-03;1,02432E-02;1,09512E-02;1,16770E-02;1,21060E-02;1,32441E-02;1,42552E-02;1,44923E-02;1,57530E-02;1,71808E-02;2,33477E-05;3,08889E-06;3,80210E-05;6,02445E-05;6,41387E-05;6,19647E-05;6,10251E-05;8,62571E-06;1,12931E-04;0,00000E+00;8,03336E-05;1,01010E-04;8,16350E-05;9,61012E-05;6,63500E-05;1,97644E-04;4,44817E-05;7,05952E-05;6,41307E-05;1,08632E-04
624;2,74265E-02;6,72023E-02;1,06553E-01;1,45774E-01;1,83475E-01;2,19519E-01;2,55939E-01;2,92573E-01;3,26882E-01;3,64404E-01;3,97498E-01;4,29377E-01;4,62407E-01;4,97161E-01;5,29566E-01;5,57016E-01;5,94438E-01;6,23082E-01;6,51837E-01;6,85542E-01;6,38729E-04;1,49801E-03;2,38965E-03;3,29696E-03;4,26920E-03;5,15959E-03;6,04543E-03;7,24029E-03;7,92304E-03;8,51535E-03;9,32621E-03;1,10186E-02;1,21627E-02;1,26983E-02;1,36547E-02;1,42716E-02;1,55721E-02;1,61781E-02;1,74530E-02;1,84594E-02;1,16913E-05;8,36285E-06;1,03233E-05;3,43520E-05;6,41517E-05;6,68464E-05;3,59268E-05;5,91559E-05;6,65344E-05;3,13523E-05;1,22428E-04;7,19615E-05;1,10496E-04;1,19512E-04;1,55841E-04;1,73412E-04;1,05498E-04;1,80558E-04;2,70759E-04;1,62024E-04
625;2,70770E-02;6,62186E-02;1,05290E-01;1,42629E-01;1,80035E-01;2,17128E-01;2,51138E-01;2,89204E-01;3,24424E-01;3,57680E-01;3,91161E-01;4,26758E-01;4,56473E-01;4,91106E-01;5,19816E-01;5,53116E-01;5,90701E-01;6,12210E-01;6,44645E-01;6,70976E-01;6,91784E-04;1,73161E-03;2,66038E-03;3,85922E-03;4,68235E-03;5,73532E-03;6,70931E-03;7,63891E-03;8,79682E-03;9,68261E-03;1,06973E-02;1,21841E-02;1,29971E-02;1,37457E-02;1,52675E-02;1,63218E-02;1,75448E-02;1,75834E-02;1,89720E-02;2,05766E-02;0,00000E+00;2,76918E-05;3,78718E-05;3,38529E-05;1,68797E-05;5,80022E-05;4,62044E-05;8,25858E-05;1,07341E-04;1,15096E-04;9,75109E-05;2,65133E-05;1,26752E-04;1,01483E-04;1,30796E-04;1,46015E-04;1,81930E-04;2,46828E-04;1,97573E-04;1,59680E-04
626;2,64875E-02;6,56993E-02;1,02781E-01;1,41937E-01;1,78273E-01;2,14797E-01;2,48868E-01;2,86488E-01;3,18085E-01;3,51985E-01;3,88068E-01;4,18897E-01;4,51638E-01;4,78179E-01;5,13003E-01;5,46199E-01;5,75926E-01;6,01286E-01;6,33177E-01;6,61606E-01;7,35665E-04;1,85497E-03;2,99060E-03;4,23624E-03;5,26466E-03;6,47216E-03;7,46875E-03;8,46262E-03;9,81589E-03;1,08115E-02;1,18447E-02;1,29517E-02;1,45778E-02;1,51818E-02;1,64995E-02;1,78774E-02;1,87924E-02;2,02348E-02;2,10439E-02;2,21799E-02;9,17111E-06;2,42912E-05;2,49926E-05;2,17406E-06;4,23843E-05;3,80238E-05;1,01881E-05;1,68360E-05;1,16559E-04;5,30494E-05;1,27604E-04;3,15494E-05;1,18767E-04;1,16209E-04;1,65667E-04;1,45549E-04;5,43703E-05;1,35484E-04;1,48042E-04;2,96410E-04
627;2,61120E-02;6,33699E-02;1,01240E-01;1,37495E-01;1,74372E-01;2,10732E-01;2,45071E-01;2,77908E-01;3,12931E-01;3,48199E-01;3,76235E-01;4,11076E-01;4,38499E-01;4,71723E-01;5,00562E-01;5,29586E-01;5,65232E-01;5,96151E-01;6,19731E-01;6,50966E-01;8,01564E-04;1,90570E-03;3,19558E-03;4,25640E-03;5,94441E-03;6,86447E-03;8,03940E-03;9,77771E-03;1,02294E-02;1,23923E-02;1,30440E-02;1,41690E-02;1,59699E-02;1,68694E-02;1,85540E-02;2,02461E-02;2,04130E-02;2,27569E-02;2,28889E-02;2,36928E-02;1,92086E-06;7,63708E-07;3,28163E-05;4,71390E-05;6,91523E-05;1,16572E-04;1,41964E-05;0,00000E+00;6,03285E-05;1,79286E-05;7,06736E-05;1,26240E-04;1,64411E-04;1,68515E-04;1,50225E-04;1,77789E-04;2,19396E-04;8,56904E-05;1,39522E-04;1,69630E-04
628;2,57263E-02;6,26650E-02;9,99528E-02;1,36467E-01;1,71507E-01;2,05065E-01;2,40924E-01;2,74483E-01;3,05923E-01;3,43331E-01;3,73166E-01;4,04367E-01;4,37710E-01;4,63568E-01;4,96517E-01;5,24387E-01;5,54657E-01;5,86025E-01;6,10804E-01;6,37716E-01;9,12206E-04;2,24584E-03;3,48379E-03;5,10858E-03;6,39555E-03;7,70631E-03;8,80430E-03;1,05508E-02;1,18560E-02;1,33443E-02;1,47764E-02;1,60477E-02;1,75242E-02;1,83897E-02;2,01243E-02;2,18604E-02;2,29825E-02;2,45611E-02;2,58239E-02;2,70427E-02;9,15486E-06;3,63985E-06;5,24339E-05;6,04643E-06;7,78988E-05;1,63522E-05;8,98458E-05;3,17566E-05;6,60973E-05;1,14467E-04;1,06810E-04;6,64675E-05;2,65799E-04;1,01079E-04;1,54795E-04;1,82653E-04;1,46340E-04;1,44107E-04;2,01756E-04;1,22550E-04
629;2,53435E-02;6,21534E-02;9,74687E-02;1,34398E-01;1,68701E-01;2,01438E-01;2,39699E-01;2,67353E-01;3,00294E-01;3,34343E-01;3,64821E-01;3,96543E-01;4,26733E-01;4,58000E-01;4,87829E-01;5,14907E-01;5,47119E-01;5,72515E-01;6,01510E-01;6,28097E-01;1,01309E-03;2,46252E-03;3,92969E-03;5,51745E-03;7,06787E-03;8,62235E-03;1,00061E-02;1,16091E-02;1,27064E-02;1,45580E-02;1,62032E-02;1,74726E-02;1,93530E-02;2,08005E-02;2,26052E-02;2,40510E-02;2,40621E-02;2,62969E-02;2,82130E-02;2,95474E-02;0,00000E+00;0,00000E+00;5,22288E-05;7,80694E-06;5,51451E-05;2,25247E-05;4,24890E-05;6,75896E-05;1,16385E-04;1,20248E-04;3,62163E-05;7,59525E-05;1,59901E-04;1,45307E-04;2,46860E-04;2,45205E-04;1,46568E-04;2,26377E-04;3,55909E-04;3,15827E-04
630;2,47493E-02;6,06757E-02;9,65537E-02;1,31891E-01;1,64767E-01;1,99858E-01;2,34981E-01;2,64468E-01;2,95672E-01;3,28148E-01;3,61041E-01;3,90088E-01;4,17574E-01;4,50455E-01;4,81122E-01;5,09843E-01;5,37699E-01;5,63565E-01;5,91084E-01;6,18437E-01;1,09931E-03;2,69424E-03;4,42740E-03;5,97010E-03;7,88854E-03;9,54006E-03;1,10410E-02;1,24476E-02;1,39545E-02;1,60195E-02;1,76825E-02;1,99190E-02;2,11754E-02;2,27839E-02;2,39608E-02;2,62516E-02;2,75840E-02;2,98431E-02;3,12822E-02;3,19111E-02;5,93255E-06;5,94393E-06;4,21100E-05;3,17081E-05;9,88391E-05;5,97111E-05;7,12411E-05;5,40629E-05;1,32887E-05;8,17120E-05;1,11614E-04;9,55171E-05;1,21718E-04;8,35095E-05;2,78930E-04;1,22064E-04;1,69522E-04;1,98616E-04;3,39066E-04;3,27169E-04
631;2,42926E-02;5,95681E-02;9,44358E-02;1,30365E-01;1,62943E-01;1,96361E-01;2,27693E-01;2,57591E-01;2,90904E-01;3,23661E-01;3,52539E-01;3,82420E-01;4,13935E-01;4,40373E-01;4,71406E-01;5,00690E-01;5,27795E-01;5,47906E-01;5,81661E-01;6,03897E-01;1,23258E-03;2,93980E-03;4,72321E-03;6,57419E-03;8,54417E-03;1,07779E-02;1,26878E-02;1,37865E-02;1,55426E-02;1,76503E-02;1,97335E-02;2,16014E-02;2,27192E-02;2,53199E-02;2,66660E-02;2,92323E-02;2,95379E-02;3,18281E-02;3,45514E-02;3,60573E-02;2,22020E-07;6,71118E-06;5,47414E-05;7,56298E-06;1,40552E-04;1,05117E-04;2,32405E-05;8,31364E-05;1,17873E-04;3,34668E-05;2,21208E-04;2,11686E-04;2,01321E-05;1,71339E-04;2,42651E-04;2,50827E-04;3,11192E-04;2,97428E-04;2,75135E-04;4,62644E-04
632;2,38757E-02;5,87236E-02;9,24447E-02;1,27083E-01;1,61036E-01;1,92249E-01;2,25556E-01;2,54992E-01;2,86858E-01;3,17739E-01;3,49207E-01;3,74501E-01;4,04097E-01;4,29660E-01;4,65043E-01;4,89004E-01;5,16665E-01;5,40186E-01;5,63177E-01;5,95448E-01;1,33675E-03;3,35470E-03;5,24553E-03;7,32936E-03;9,72505E-03;1,14826E-02;1,32569E-02;1,53961E-02;1,77630E-02;1,96519E-02;2,16376E-02;2,42598E-02;2,56930E-02;2,77144E-02;2,88615E-02;3,17725E-02;3,36188E-02;3,62438E-02;3,77651E-02;3,90549E-02;1,40276E-06;2,00757E-05;1,77614E-05;4,73479E-05;5,06195E-05;9,80334E-05;9,54611E-05;1,90026E-04;1,18437E-04;1,01759E-04;1,53097E-04;1,67705E-04;9,06175E-05;2,50580E-04;1,62281E-04;1,50956E-04;2,45071E-04;2,43245E-04;3,17679E-04;2,56093E-04
633;2,33929E-02;5,74388E-02;9,07445E-02;1,25185E-01;1,57483E-01;1,90739E-01;2,22345E-01;2,50639E-01;2,78482E-01;3,10604E-01;3,39398E-01;3,70430E-01;3,97264E-01;4,24711E-01;4,54030E-01;4,82697E-01;5,05233E-01;5,32112E-01;5,58771E-01;5,84257E-01;1,53454E-03;3,68495E-03;5,86774E-03;8,13045E-03;1,03880E-02;1,28066E-02;1,45540E-02;1,72352E-02;1,93964E-02;2,25584E-02;2,43104E-02;2,63069E-02;2,85654E-02;3,07746E-02;3,24024E-02;3,55650E-02;3,70715E-02;3,99929E-02;4,05402E-02;4,30847E-02;4,75281E-06;0,00000E+00;2,81612E-05;3,35599E-05;6,22438E-05;1,06881E-04;6,64809E-05;2,95915E-05;9,86123E-05;8,73718E-05;1,84206E-04;1,84647E-04;3,07562E-04;2,47306E-04;1,92694E-04;1,93904E-04;3,75529E-04;2,79170E-04;3,21908E-04;4,26423E-04
634;2,29487E-02;5,62017E-02;8,96949E-02;1,21369E-01;1,54249E-01;1,87228E-01;2,16837E-01;2,45972E-01;2,74862E-01;3,03612E-01;3,36379E-01;3,62787E-01;3,88801E-01;4,17719E-01;4,46525E-01;4,73298E-01;4,96103E-01;5,24144E-01;5,48920E-01;5,72237E-01;1,68373E-03;4,07903E-03;6,53348E-03;9,10151E-03;1,13756E-02;1,41635E-02;1,66093E-02;1,89106E-02;2,15224E-02;2,40923E-02;2,65074E-02;2,88268E-02;3,12012E-02;3,35401E-02;3,60060E-02;3,86278E-02;4,07874E-02;4,33772E-02;4,53549E-02;4,78751E-02;0,00000E+00;0,00000E+00;1,00736E-05;4,50309E-05;3,15082E-05;6,95387E-05;1,24899E-04;1,19075E-04;1,77309E-04;6,05687E-05;1,83955E-04;2,17012E-04;2,19191E-04;3,11132E-04;3,15157E-04;2,61672E-04;2,52908E-04;2,43845E-04;2,18150E-04;3,54966E-04
635;2,26996E-02;5,52050E-02;8,78040E-02;1,20705E-01;1,51439E-01;1,82321E-01;2,11218E-01;2,42735E-01;2,71404E-01;2,98848E-01;3,26801E-01;3,55159E-01;3,84399E-01;4,09338E-01;4,38266E-01;4,60222E-01;4,89800E-01;5,13036E-01;5,35983E-01;5,64622E-01;1,82336E-03;4,54103E-03;7,37296E-03;1,02888E-02;1,29169E-02;1,54707E-02;1,81516E-02;2,11912E-02;2,36102E-02;2,64385E-02;2,93688E-02;3,15668E-02;3,38783E-02;3,70236E-02;3,96745E-02;4,29030E-02;4,48565E-02;4,73493E-02;5,00539E-02;5,20656E-02;7,14198E-06;3,06672E-05;2,84462E-05;6,36357E-05;3,91892E-05;7,87437E-05;1,74246E-04;1,09459E-04;1,35899E-04;1,62571E-04;2,59962E-04;1,97176E-04;2,88256E-04;2,71384E-04;3,65942E-04;2,90344E-04;2,85547E-04;4,03049E-04;3,61832E-04;3,92195E-04
636;2,24092E-02;5,48253E-02;8,60181E-02;1,17405E-01;1,48086E-01;1,79252E-01;2,05695E-01;2,37412E-01;2,66633E-01;2,91972E-01;3,20009E-01;3,47470E-01;3,73039E-01;4,03381E-01;4,24600E-01;4,53403E-01;4,81573E-01;5,03001E-01;5,26984E-01;5,52763E-01;2,00680E-03;4,98875E-03;8,11420E-03;1,14152E-02;1,41981E-02;1,71447E-02;2,04777E-02;2,39095E-02;2,63607E-02;2,93510E-02;3,26001E-02;3,52998E-02;3,86818E-02;4,09940E-02;4,38358E-02;4,65223E-02;4,94252E-02;5,29484E-02;5,56614E-02;5,73781E-02;1,87455E-05;3,11308E-05;3,05539E-05;3,29921E-05;1,20745E-04;8,24481E-05;0,00000E+00;7,36002E-05;2,20224E-04;3,11626E-04;2,33683E-04;2,21505E-04;2,38513E-04;3,05802E-04;3,07163E-04;5,01845E-04;4,12573E-04;2,78735E-04;2,62437E-04;2,77752E-04
637;2,18318E-02;5,28826E-02;8,46398E-02;1,15005E-01;1,45578E-01;1,74746E-01;2,02800E-01;2,31446E-01;2,59898E-01;2,87074E-01;3,15305E-01;3,40354E-01;3,65749E-01;3,94451E-01;4,18212E-01;4,45880E-01;4,71151E-01;4,94821E-01;5,17356E-01;5,38364E-01;2,29325E-03;5,70977E-03;9,14882E-03;1,23953E-02;1,59744E-02;1,92161E-02;2,23716E-02;2,55901E-02;2,95917E-02;3,27189E-02;3,64175E-02;3,96967E-02;4,28289E-02;4,58684E-02;4,82764E-02;5,14275E-02;5,47476E-02;5,78693E-02;6,14973E-02;6,26606E-02;2,61650E-05;1,98560E-05;5,06219E-05;6,09213E-05;4,36996E-05;1,26869E-04;2,03044E-05;1,70385E-04;2,45989E-04;2,08340E-04;2,28326E-04;2,85297E-04;2,37083E-04;3,54803E-04;2,91219E-04;3,11584E-04;1,98641E-04;3,44680E-04;4,38041E-04;5,18218E-04
638;2,12883E-02;5,22722E-02;8,25473E-02;1,13392E-01;1,42626E-01;1,72377E-01;2,00507E-01;2,27162E-01;2,53642E-01;2,84739E-01;3,08648E-01;3,35403E-01;3,61910E-01;3,86124E-01;4,10544E-01;4,36879E-01;4,60330E-01;4,84469E-01;5,05217E-01;5,29417E-01;2,56497E-03;6,19658E-03;9,97653E-03;1,37744E-02;1,74305E-02;2,10173E-02;2,46608E-02;2,86694E-02;3,23752E-02;3,60579E-02;3,97670E-02;4,37127E-02;4,70398E-02;4,97356E-02;5,42766E-02;5,68006E-02;6,07546E-02;6,41632E-02;6,77450E-02;7,11872E-02;3,26530E-05;4,38830E-06;4,31735E-05;9,45721E-05;1,36492E-04;8,38549E-05;5,03966E-05;1,50184E-04;2,30543E-04;2,05300E-04;2,24677E-04;3,27060E-04;3,29750E-04;3,19596E-04;3,61495E-04;3,93439E-04;3,82072E-04;5,36201E-04;4,21842E-04;5,63309E-04
639;2,09084E-02;5,13680E-02;8,07644E-02;1,11884E-01;1,40744E-01;1,67393E-01;1,95607E-01;2,22949E-01;2,49312E-01;2,78568E-01;3,02582E-01;3,27608E-01;3,55584E-01;3,77313E-01;4,02495E-01;4,29592E-01;4,49380E-01;4,71902E-01;4,99843E-01;5,23398E-01;2,81542E-03;6,80603E-03;1,10845E-02;1,53590E-02;1,96971E-02;2,37787E-02;2,79000E-02;3,17833E-02;3,59110E-02;3,97392E-02;4,32605E-02;4,74366E-02;5,15027E-02;5,50009E-02;6,04071E-02;6,28143E-02;6,72584E-02;7,02797E-02;7,46788E-02;7,79274E-02;3,06169E-05;1,37009E-05;3,83956E-05;7,39123E-05;7,47862E-05;1,15599E-04;1,18369E-04;1,27225E-04;2,14600E-04;2,44430E-04;3,43764E-04;1,18139E-04;3,15349E-04;3,02520E-04;4,36002E-04;2,48152E-04;5,98547E-04;4,26651E-04;4,96157E-04;4,99571E-04
640;2,07184E-02;5,00133E-02;7,94556E-02;1,08761E-01;1,36658E-01;1,63517E-01;1,92544E-01;2,18287E-01;2,44815E-01;2,69217E-01;2,96158E-01;3,22711E-01;3,46303E-01;3,70745E-01;3,91752E-01;4,19650E-01;4,43205E-01;4,68111E-01;4,84988E-01;5,12658E-01;3,09891E-03;7,69524E-03;1,21807E-02;1,70514E-02;2,18185E-02;2,65291E-02;3,07635E-02;3,50974E-02;3,97503E-02;4,35922E-02;4,86847E-02;5,32823E-02;5,70318E-02;6,22566E-02;6,64835E-02;6,90769E-02;7,40717E-02;7,84171E-02;8,20424E-02;8,31723E-02;1,23769E-05;9,91674E-06;3,79372E-05;1,27876E-04;7,81241E-05;1,93460E-04;1,73726E-04;2,04339E-04;1,30753E-04;2,43311E-04;3,96146E-04;2,26156E-04;3,83923E-04;4,18121E-04;4,79849E-04;3,15903E-04;4,21929E-04;6,93952E-04;5,64913E-04;5,09131E-04
641;2,00538E-02;4,90408E-02;7,79918E-02;1,07201E-01;1,34175E-01;1,61489E-01;1,86885E-01;2,12938E-01;2,38816E-01;2,66154E-01;2,89051E-01;3,13606E-01;3,39192E-01;3,64615E-01;3,89077E-01;4,10545E-01;4,34015E-01;4,55191E-01;4,75295E-01;4,96988E-01;3,49837E-03;8,47219E-03;1,37883E-02;1,88960E-02;2,41361E-02;2,90941E-02;3,44779E-02;3,84221E-02;4,47579E-02;4,88439E-02;5,34216E-02;5,81586E-02;6,30810E-02;6,80988E-02;7,22661E-02;7,71277E-02;8,26714E-02;8,43841E-02;9,01313E-02;9,35233E-02;2,55902E-05;7,69437E-05;3,66452E-05;7,20938E-05;8,03287E-05;1,65604E-04;9,45133E-05;2,03445E-04;1,87970E-04;3,22883E-04;2,37252E-04;3,35572E-04;4,45621E-04;3,73945E-04;4,78719E-04;4,15833E-04;5,25223E-04;6,10465E-04;6,02754E-04;7,90297E-04
642;1,96691E-02;4,82130E-02;7,63861E-02;1,03807E-01;1,30949E-01;1,58820E-01;1,83342E-01;2,09513E-01;2,37363E-01;2,59611E-01;2,84740E-01;3,06047E-01;3,29235E-01;3,57204E-01;3,76827E-01;3,99761E-01;4,25007E-01;4,45248E-01;4,68811E-01;4,89885E-01;3,97402E-03;9,58945E-03;1,52251E-02;2,12367E-02;2,68536E-02;3,20862E-02;3,78351E-02;4,34708E-02;4,89104E-02;5,45161E-02;5,92511E-02;6,47684E-02;6,97392E-02;7,59287E-02;8,01945E-02;8,60369E-02;8,98313E-02;9,51315E-02;9,99485E-02;1,04834E-01;1,81496E-05;6,23168E-05;3,36339E-05;1,07092E-04;1,61825E-04;1,14902E-04;8,35374E-05;2,25380E-04;2,24743E-04;2,92709E-04;3,65480E-04;3,40606E-04;3,70468E-04;4,61568E-04;4,74853E-04;4,02040E-04;5,60400E-04;5,41166E-04;7,63914E-04;7,89346E-04
643;1,90666E-02;4,75765E-02;7,49170E-02;1,02004E-01;1,28454E-01;1,55599E-01;1,81508E-01;2,05873E-01;2,27566E-01;2,54416E-01;2,78227E-01;3,01565E-01;3,23991E-01;3,49643E-01;3,71319E-01;3,92696E-01;4,15214E-01;4,35611E-01;4,57979E-01;4,79648E-01;4,35539E-03;1,07460E-02;1,69443E-02;2,36114E-02;2,97461E-02;3,59662E-02;4,20336E-02;4,80140E-02;5,47707E-02;5,98156E-02;6,59470E-02;7,18582E-02;7,85149E-02;8,35056E-02;8,85654E-02;9,51675E-02;1,00293E-01;1,04893E-01;1,09259E-01;1,14807E-01;1,22733E-05;5,36774E-05;3,31914E-05;5,87589E-05;1,70370E-04;1,74824E-04;1,56793E-04;1,92507E-04;2,54786E-04;2,60103E-04;2,87834E-04;3,51687E-04;4,15224E-04;5,53501E-04;5,23207E-04;5,60749E-04;6,59917E-04;7,74973E-04;6,15807E-04;7,80151E-04
644;1,89190E-02;4,67286E-02;7,32676E-02;9,98289E-02;1,26862E-01;1,51871E-01;1,76284E-01;2,01390E-01;2,22512E-01;2,47730E-01;2,71615E-01;2,96689E-01;3,18745E-01;3,41481E-01;3,62094E-01;3,84510E-01;4,07858E-01;4,29574E-01;4,44560E-01;4,69483E-01;4,86141E-03;1,19829E-02;1,89503E-02;2,60444E-02;3,27851E-02;4,00351E-02;4,66221E-02;5,33356E-02;6,01460E-02;6,66885E-02;7,32313E-02;8,05646E-02;8,60910E-02;9,18415E-02;9,83007E-02;1,04798E-01;1,09549E-01;1,15565E-01;1,21057E-01;1,26140E-01;2,48098E-05;7,32999E-05;5,08402E-05;1,13395E-04;1,52106E-04;1,66076E-04;2,32982E-04;3,08163E-04;3,24380E-04;2,49221E-04;4,42910E-04;4,22949E-04;4,69989E-04;5,40561E-04;5,84391E-04;7,35980E-04;8,11317E-04;8,14963E-04;8,16111E-04;9,06856E-04
645;1,84461E-02;4,54275E-02;7,14065E-02;9,77124E-02;1,23662E-01;1,48113E-01;1,70661E-01;1,98048E-01;2,20957E-01;2,41043E-01;2,67435E-01;2,90653E-01;3,09320E-01;3,36085E-01;3,51906E-01;3,79308E-01;3,96631E-01;4,16538E-01;4,35427E-01;4,53396E-01;5,38670E-03;1,31415E-02;2,11585E-02;2,89140E-02;3,65923E-02;4,43848E-02;5,19709E-02;5,94389E-02;6,65417E-02;7,47662E-02;8,07793E-02;8,76856E-02;9,48195E-02;1,00926E-01;1,08401E-01;1,16264E-01;1,21183E-01;1,29124E-01;1,34395E-01;1,41611E-01;2,46498E-05;3,63335E-05;1,20991E-04;1,67587E-04;1,34106E-04;2,03500E-04;3,48751E-04;1,91463E-04;2,08543E-04;2,80648E-04;5,26962E-04;4,17876E-04;4,30561E-04;6,89286E-04;4,65897E-04;6,61546E-04;6,98454E-04;8,01014E-04;1,08003E-03;9,65952E-04
646;1,81316E-02;4,42742E-02;7,02913E-02;9,52112E-02;1,19538E-01;1,44677E-01;1,68330E-01;1,90371E-01;2,15691E-01;2,37837E-01;2,62826E-01;2,83529E-01;3,02332E-01;3,25581E-01;3,48069E-01;3,66904E-01;3,85008E-01;4,10255E-01;4,27322E-01;4,47500E-01;6,07374E-03;1,49197E-02;2,36125E-02;3,24745E-02;4,08001E-02;4,88863E-02;5,75932E-02;6,55777E-02;7,31522E-02;8,16187E-02;9,08924E-02;9,75732E-02;1,05182E-01;1,11721E-01;1,18389E-01;1,27806E-01;1,33652E-01;1,40773E-01;1,46610E-01;1,54197E-01;1,75820E-05;6,91898E-05;1,35231E-04;1,59755E-04;1,81070E-04;2,11906E-04;2,84121E-04;2,98992E-04;3,52166E-04;3,54257E-04;4,66125E-04;5,57081E-04;5,87846E-04;7,23525E-04;7,56669E-04;7,95607E-04;8,57778E-04;8,92160E-04;9,79985E-04;1,23306E-03
647;1,75750E-02;4,31279E-02;6,87261E-02;9,40604E-02;1,17387E-01;1,41392E-01;1,65340E-01;1,87735E-01;2,12323E-01;2,31776E-01;2,55975E-01;2,77611E-01;2,96159E-01;3,18995E-01;3,39417E-01;3,59482E-01;3,80795E-01;3,98738E-01;4,18073E-01;4,38019E-01;6,73357E-03;1,62208E-02;2,59500E-02;3,57529E-02;4,52107E-02;5,40226E-02;6,35385E-02;7,28747E-02;8,19163E-02;9,03634E-02;9,92705E-02;1,08957E-01;1,16497E-01;1,24737E-01;1,32669E-01;1,37869E-01;1,49603E-01;1,55882E-01;1,62646E-01;1,68808E-01;1,25523E-05;7,35291E-05;1,03451E-04;1,16175E-04;1,71559E-04;2,70898E-04;2,94372E-04;3,39102E-04;4,77181E-04;5,90475E-04;6,20259E-04;5,14026E-04;6,83772E-04;7,41154E-04;6,78643E-04;7,97850E-04;9,42487E-04;8,64374E-04;1,05765E-03;1,27591E-03
648;1,70918E-02;4,19558E-02;6,65312E-02;9,16615E-02;1,13754E-01;1,38340E-01;1,60142E-01;1,83631E-01;2,06511E-01;2,29560E-01;2,50622E-01;2,70543E-01;2,89811E-01;3,11319E-01;3,29567E-01;3,51326E-01;3,72819E-01;3,89236E-01;4,11128E-01;4,24352E-01;7,44589E-03;1,79703E-02;2,89140E-02;3,92235E-02;4,98453E-02;5,95949E-02;6,97087E-02;8,05243E-02;9,01855E-02;9,95322E-02;1,09027E-01;1,18556E-01;1,28429E-01;1,36361E-01;1,45119E-01;1,53776E-01;1,62139E-01;1,70309E-01;1,78550E-01;1,85726E-01;2,47629E-05;6,49253E-05;1,45371E-04;1,45890E-04;1,81245E-04;2,59371E-04;3,60136E-04;4,58393E-04;4,37996E-04;5,82344E-04;6,53561E-04;6,39425E-04;6,53093E-04;7,04569E-04;7,99525E-04;9,13378E-04;9,10491E-04;1,08126E-03;1,20039E-03;1,22625E-03
649;1,69023E-02;4,11753E-02;6,48496E-02;8,98262E-02;1,12382E-01;1,33848E-01;1,57181E-01;1,78631E-01;1,99221E-01;2,24028E-01;2,43927E-01;2,61660E-01;2,82235E-01;3,04069E-01;3,23091E-01;3,44429E-01;3,65348E-01;3,82576E-01;4,02949E-01;4,18347E-01;8,12770E-03;1,97950E-02;3,17167E-02;4,30608E-02;5,49074E-02;6,54852E-02;7,75859E-02;8,80726E-02;9,91255E-02;1,08906E-01;1,20355E-01;1,31195E-01;1,39848E-01;1,51049E-01;1,57971E-01;1,70057E-01;1,77109E-01;1,86732E-01;1,97235E-01;2,03577E-01;3,32271E-05;9,46944E-05;1,12895E-04;2,07941E-04;3,39148E-04;2,75909E-04;2,98326E-04;4,86273E-04;4,77277E-04;6,11852E-04;7,13095E-04;6,65947E-04;6,70073E-04;8,07593E-04;9,69328E-04;9,89650E-04;1,12126E-03;1,17811E-03;1,27601E-03;1,41112E-03
650;1,65892E-02;4,03252E-02;6,33500E-02;8,79660E-02;1,09421E-01;1,32935E-01;1,52193E-01;1,76815E-01;1,98883E-01;2,16032E-01;2,35816E-01;2,58275E-01;2,78297E-01;2,99908E-01;3,15329E-01;3,37355E-01;3,57214E-01;3,73670E-01;3,93247E-01;4,03388E-01;9,01299E-03;2,18720E-02;3,44376E-02;4,70745E-02;6,00071E-02;7,20637E-02;8,46130E-02;9,66263E-02;1,07486E-01;1,19364E-01;1,31608E-01;1,41453E-01;1,54006E-01;1,65600E-01;1,73261E-01;1,85705E-01;1,95692E-01;2,03509E-01;2,13188E-01;2,21071E-01;2,94105E-05;8,66037E-05;1,59486E-04;1,81963E-04;2,35694E-04;3,31993E-04;3,98879E-04;3,15559E-04;6,26470E-04;6,36455E-04;7,41519E-04;8,84371E-04;9,62649E-04;9,94780E-04;8,90482E-04;1,06859E-03;1,06489E-03;1,27453E-03;1,39967E-03;1,47582E-03
651;1,59131E-02;3,94958E-02;6,24981E-02;8,47038E-02;1,07752E-01;1,28240E-01;1,50553E-01;1,72754E-01;1,88264E-01;2,11922E-01;2,33748E-01;2,52064E-01;2,73838E-01;2,89931E-01;3,10022E-01;3,28872E-01;3,42846E-01;3,65749E-01;3,80201E-01;3,96948E-01;9,79264E-03;2,36337E-02;3,73825E-02;5,14692E-02;6,57545E-02;7,80156E-02;9,23694E-02;1,05065E-01;1,17802E-01;1,31570E-01;1,42090E-01;1,55245E-01;1,65876E-01;1,78181E-01;1,88563E-01;2,01090E-01;2,12826E-01;2,21457E-01;2,31395E-01;2,43757E-01;2,27366E-05;9,23860E-05;1,62176E-04;2,10436E-04;2,87943E-04;3,43526E-04;3,52190E-04;5,03886E-04;6,31500E-04;6,39859E-04;6,72133E-04;8,19803E-04;8,60830E-04;9,72815E-04;1,21964E-03;1,20560E-03;1,20309E-03;1,38149E-03;1,67062E-03;1,57732E-03
652;1,55489E-02;3,81299E-02;6,07031E-02;8,20485E-02;1,03655E-01;1,26141E-01;1,46495E-01;1,66607E-01;1,85553E-01;2,07901E-01;2,26953E-01;2,45377E-01;2,66910E-01;2,80980E-01;2,98793E-01;3,21839E-01;3,38028E-01;3,54515E-01;3,73316E-01;3,88668E-01;1,05627E-02;2,57131E-02;4,07685E-02;5,61652E-02;7,09557E-02;8,56300E-02;1,00146E-01;1,13212E-01;1,27822E-01;1,41509E-01;1,55244E-01;1,68295E-01;1,82157E-01;1,93012E-01;2,05815E-01;2,20302E-01;2,28906E-01;2,40484E-01;2,51766E-01;2,61820E-01;4,94089E-05;9,97180E-05;1,53434E-04;2,31123E-04;3,01538E-04;4,02394E-04;4,13626E-04;5,51639E-04;7,21665E-04;7,23006E-04;8,81190E-04;8,29465E-04;8,22557E-04;9,93347E-04;1,26953E-03;1,44833E-03;1,48037E-03;1,56244E-03;1,72451E-03;1,87705E-03
653;1,52909E-02;3,73541E-02;5,87704E-02;8,06151E-02;1,00929E-01;1,22060E-01;1,43209E-01;1,63347E-01;1,82428E-01;2,01289E-01;2,20631E-01;2,39293E-01;2,54840E-01;2,74322E-01;2,91935E-01;3,12986E-01;3,29256E-01;3,46769E-01;3,65254E-01;3,83287E-01;1,14721E-02;2,79392E-02;4,42567E-02;6,09403E-02;7,60758E-02;9,26378E-02;1,08456E-01;1,23762E-01;1,38904E-01;1,54294E-01;1,68397E-01;1,82036E-01;1,95372E-01;2,09869E-01;2,24636E-01;2,37023E-01;2,47077E-01;2,60837E-01;2,72887E-01;2,83710E-01;5,56681E-05;1,25452E-04;1,74407E-04;2,92184E-04;3,26136E-04;4,54223E-04;5,01988E-04;6,15841E-04;7,06666E-04;8,08748E-04;8,99012E-04;1,02660E-03;1,05472E-03;1,24586E-03;1,38419E-03;1,56866E-03;1,62669E-03;1,64472E-03;1,72259E-03;1,85288E-03
654;1,49331E-02;3,67163E-02;5,75166E-02;7,92383E-02;9,90535E-02;1,20220E-01;1,39071E-01;1,59091E-01;1,76978E-01;1,98625E-01;2,16515E-01;2,32965E-01;2,51988E-01;2,67699E-01;2,86888E-01;3,05038E-01;3,19757E-01;3,35504E-01;3,55341E-01;3,70931E-01;1,23451E-02;2,98980E-02;4,80123E-02;6,59039E-02;8,34941E-02;1,00724E-01;1,17531E-01;1,33687E-01;1,49924E-01;1,67468E-01;1,82041E-01;1,97307E-01;2,09366E-01;2,27774E-01;2,41275E-01;2,54989E-01;2,68011E-01;2,81311E-01;2,95379E-01;3,05434E-01;2,92090E-05;1,16106E-04;2,02053E-04;3,13366E-04;3,89589E-04;4,01399E-04;5,88246E-04;6,79732E-04;7,48355E-04;8,80534E-04;9,31486E-04;1,07232E-03;1,28067E-03;1,47984E-03;1,54014E-03;1,48073E-03;1,63901E-03;1,74132E-03;2,04455E-03;2,20300E-03
655;1,47136E-02;3,56445E-02;5,60750E-02;7,69666E-02;9,62905E-02;1,15727E-01;1,34756E-01;1,54660E-01;1,75298E-01;1,92826E-01;2,10167E-01;2,29764E-01;2,42357E-01;2,65783E-01;2,79424E-01;2,98640E-01;3,16080E-01;3,31457E-01;3,46578E-01;3,62067E-01;1,35156E-02;3,29273E-02;5,23197E-02;7,19121E-02;9,07713E-02;1,08149E-01;1,25486E-01;1,44933E-01;1,60753E-01;1,78461E-01;1,95735E-01;2,12413E-01;2,29506E-01;2,43268E-01;2,60769E-01;2,74018E-01;2,88693E-01;3,02944E-01;3,17840E-01;3,27664E-01;4,93781E-05;1,21334E-04;2,47285E-04;3,29135E-04;4,36457E-04;5,89550E-04;6,18044E-04;6,61761E-04;8,29095E-04;1,08029E-03;1,06493E-03;1,25861E-03;1,21212E-03;1,30435E-03;1,51370E-03;1,70294E-03;1,75091E-03;2,19732E-03;2,31302E-03;2,28572E-03
656;1,43112E-02;3,50212E-02;5,49475E-02;7,46320E-02;9,43522E-02;1,14026E-01;1,32658E-01;1,52016E-01;1,68944E-01;1,86774E-01;2,05849E-01;2,23336E-01;2,38898E-01;2,54876E-01;2,71842E-01;2,89817E-01;3,04481E-01;3,21306E-01;3,36374E-01;3,50365E-01;1,48082E-02;3,57509E-02;5,68375E-02;7,82906E-02;9,77552E-02;1,17944E-01;1,37212E-01;1,56714E-01;1,75453E-01;1,94178E-01;2,12410E-01;2,29192E-01;2,48419E-01;2,63511E-01;2,79080E-01;2,96421E-01;3,10159E-01;3,26841E-01;3,41102E-01;3,54764E-01;6,90811E-05;1,18551E-04;2,35169E-04;3,50438E-04;4,42238E-04;5,51445E-04;5,85628E-04;8,09752E-04;8,70067E-04;1,03046E-03;1,16614E-03;1,35372E-03;1,38536E-03;1,59984E-03;1,68721E-03;1,75296E-03;1,97189E-03;2,27915E-03;2,34541E-03;2,48905E-03
657;1,38139E-02;3,36468E-02;5,36955E-02;7,30607E-02;9,13261E-02;1,11057E-01;1,29320E-01;1,47854E-01;1,65126E-01;1,81332E-01;1,98909E-01;2,16330E-01;2,31037E-01;2,51261E-01;2,68064E-01;2,83529E-01;3,00703E-01;3,14733E-01;3,27070E-01;3,42329E-01;1,62135E-02;3,92533E-02;6,21731E-02;8,46099E-02;1,06473E-01;1,27759E-01;1,49918E-01;1,69310E-01;1,88506E-01;2,09136E-01;2,27285E-01;2,47700E-01;2,64454E-01;2,81095E-01;3,02138E-01;3,19182E-01;3,33680E-01;3,50699E-01;3,64388E-01;3,79438E-01;7,07837E-05;1,69305E-04;2,08613E-04;3,60449E-04;4,42671E-04;6,12345E-04;7,16871E-04;8,53362E-04;1,06275E-03;1,17020E-03;1,32718E-03;1,24769E-03;1,52310E-03;1,70330E-03;1,83295E-03;2,07842E-03;2,16658E-03;2,63412E-03;2,73153E-03;2,68965E-03
658;1,34443E-02;3,28449E-02;5,21628E-02;7,12443E-02;8,88843E-02;1,08672E-01;1,27033E-01;1,43541E-01;1,59731E-01;1,77459E-01;1,93523E-01;2,11860E-01;2,25866E-01;2,44901E-01;2,58744E-01;2,74805E-01;2,93513E-01;3,06484E-01;3,19429E-01;3,36941E-01;1,78758E-02;4,29142E-02;6,77387E-02;9,17184E-02;1,15414E-01;1,38839E-01;1,61639E-01;1,81915E-01;2,03369E-01;2,26203E-01;2,44644E-01;2,65634E-01;2,82686E-01;3,04860E-01;3,23705E-01;3,40141E-01;3,56906E-01;3,73206E-01;3,88827E-01;4,05151E-01;1,00879E-04;1,95355E-04;2,42890E-04;3,92106E-04;5,71490E-04;6,46767E-04;7,74743E-04;8,87327E-04;9,35781E-04;1,29206E-03;1,33543E-03;1,37635E-03;1,55335E-03;1,87533E-03;2,09114E-03;2,16148E-03;2,30186E-03;2,72353E-03;2,79645E-03;3,23665E-03
659;1,30645E-02;3,16965E-02;5,07125E-02;6,89525E-02;8,60125E-02;1,04893E-01;1,21668E-01;1,39455E-01;1,57463E-01;1,70822E-01;1,88734E-01;2,04022E-01;2,22032E-01;2,37610E-01;2,53550E-01;2,64451E-01;2,80061E-01;2,96612E-01;3,10831E-01;3,26931E-01;1,96584E-02;4,68451E-02;7,36771E-02;9,96885E-02;1,23526E-01;1,50734E-01;1,72954E-01;1,96136E-01;2,19694E-01;2,42514E-01;2,62600E-01;2,85805E-01;3,02576E-01;3,25208E-01;3,44508E-01;3,65284E-01;3,82008E-01;3,98752E-01;4,14696E-01;4,31006E-01;9,95454E-05;1,87043E-04;3,10594E-04;4,60081E-04;5,93621E-04;7,02513E-04;8,10471E-04;1,02358E-03;1,22664E-03;1,43357E-03;1,50855E-03;1,49777E-03;1,76172E-03;2,10163E-03;2,12431E-03;2,14682E-03;2,51757E-03;2,83880E-03;2,96052E-03;3,21725E-03
660;1,25908E-02;3,13099E-02;4,90627E-02;6,68764E-02;8,47048E-02;1,01389E-01;1,16939E-01;1,34994E-01;1,52646E-01;1,65713E-01;1,84744E-01;2,01276E-01;2,16293E-01;2,32086E-01;2,44431E-01;2,59706E-01;2,78475E-01;2,86119E-01;3,03159E-01;3,18055E-01;2,12664E-02;5,03565E-02;7,87705E-02;1,06960E-01;1,32987E-01;1,59434E-01;1,84284E-01;2,11310E-01;2,33185E-01;2,56518E-01;2,82284E-01;3,02556E-01;3,23608E-01;3,44674E-01;3,68860E-01;3,85446E-01;4,05260E-01;4,21606E-01;4,39748E-01;4,57630E-01;4,87517E-05;1,98888E-04;2,88227E-04;5,02907E-04;6,25560E-04;7,16995E-04;9,69045E-04;1,19609E-03;1,29461E-03;1,55302E-03;1,77792E-03;1,84752E-03;2,03385E-03;2,15953E-03;2,55441E-03;2,43512E-03;3,03175E-03;3,06281E-03;3,31962E-03;3,42109E-03
661;1,24431E-02;3,02410E-02;4,82119E-02;6,57572E-02;8,26962E-02;9,97309E-02;1,16746E-01;1,31720E-01;1,47918E-01;1,63633E-01;1,80151E-01;1,95025E-01;2,07596E-01;2,26949E-01;2,40520E-01;2,53057E-01;2,67302E-01;2,81896E-01;2,94284E-01;3,08466E-01;2,22924E-02;5,31275E-02;8,28807E-02;1,12633E-01;1,41056E-01;1,67694E-01;1,94822E-01;2,21142E-01;2,46380E-01;2,70244E-01;2,95650E-01;3,18841E-01;3,43220E-01;3,63989E-01;3,86021E-01;4,07582E-01;4,26949E-01;4,45264E-01;4,64377E-01;4,84969E-01;9,46769E-05;2,50348E-04;3,80658E-04;5,35999E-04;6,83346E-04;8,47078E-04;1,05862E-03;1,28039E-03;1,26069E-03;1,64272E-03;1,96827E-03;1,99118E-03;2,24760E-03;2,57199E-03;2,59516E-03;2,89800E-03;3,07854E-03;3,38812E-03;3,53467E-03;3,97039E-03
662;1,21219E-02;2,93494E-02;4,68528E-02;6,45086E-02;7,99680E-02;9,75712E-02;1,11452E-01;1,27745E-01;1,45319E-01;1,59983E-01;1,74406E-01;1,90293E-01;2,03541E-01;2,19352E-01;2,34126E-01;2,45837E-01;2,62146E-01;2,74152E-01;2,89298E-01;3,00702E-01;2,27434E-02;5,44320E-02;8,54666E-02;1,15529E-01;1,45159E-01;1,73075E-01;2,01125E-01;2,28897E-01;2,54043E-01;2,80643E-01;3,07061E-01;3,29366E-01;3,55719E-01;3,77606E-01;4,00575E-01;4,23390E-01;4,44993E-01;4,67604E-01;4,85304E-01;5,05292E-01;8,81443E-05;2,48573E-04;4,23490E-04;5,70044E-04;7,46219E-04;8,83122E-04;1,15143E-03;1,40358E-03;1,48086E-03;1,71144E-03;2,06363E-03;2,11170E-03;2,38322E-03;2,71924E-03;2,91822E-03;3,05599E-03;3,35985E-03;3,66015E-03;4,21367E-03;4,16889E-03
663;1,17505E-02;2,87516E-02;4,52945E-02;6,27108E-02;7,81307E-02;9,35483E-02;1,09763E-01;1,24490E-01;1,40235E-01;1,55264E-01;1,72856E-01;1,83953E-01;1,97115E-01;2,13970E-01;2,28278E-01;2,39245E-01;2,52944E-01;2,69564E-01;2,77772E-01;2,94088E-01;2,23333E-02;5,37739E-02;8,46937E-02;1,16062E-01;1,45504E-01;1,74243E-01;2,02991E-01;2,31337E-01;2,55665E-01;2,85133E-01;3,12480E-01;3,36796E-01;3,61592E-01;3,87257E-01;4,10775E-01;4,35651E-01;4,55600E-01;4,79578E-01;4,99869E-01;5,21321E-01;8,33577E-05;2,63430E-04;4,17240E-04;5,83702E-04;7,70842E-04;9,57264E-04;1,25601E-03;1,51042E-03;1,65904E-03;1,95960E-03;2,07405E-03;2,33944E-03;2,64563E-03;3,00449E-03;3,07274E-03;3,51682E-03;3,68689E-03;3,94056E-03;4,32283E-03;4,71802E-03
664;1,13668E-02;2,82869E-02;4,40356E-02;6,11414E-02;7,67204E-02;9,18965E-02;1,05867E-01;1,22405E-01;1,35015E-01;1,50253E-01;1,63407E-01;1,79260E-01;1,93325E-01;2,08593E-01;2,20697E-01;2,33131E-01;2,49041E-01;2,56176E-01;2,68864E-01;2,85227E-01;2,11672E-02;5,13891E-02;8,19686E-02;1,11605E-01;1,41088E-01;1,71681E-01;1,98615E-01;2,26422E-01;2,53263E-01;2,82309E-01;3,07277E-01;3,35847E-01;3,62309E-01;3,87888E-01;4,11209E-01;4,37854E-01;4,60908E-01;4,83956E-01;5,07400E-01;5,29212E-01;1,53794E-04;3,02180E-04;5,31179E-04;6,70407E-04;8,93071E-04;1,11277E-03;1,36821E-03;1,63686E-03;1,73720E-03;1,96984E-03;2,31579E-03;2,55120E-03;2,82255E-03;3,18261E-03;3,48010E-03;3,98312E-03;4,17521E-03;4,46992E-03;4,65112E-03;4,65459E-03
665;1,09968E-02;2,72316E-02;4,35337E-02;5,92259E-02;7,41194E-02;8,89127E-02;1,04179E-01;1,19590E-01;1,30079E-01;1,45832E-01;1,60114E-01;1,71329E-01;1,88566E-01;1,99199E-01;2,14807E-01;2,26674E-01;2,39063E-01;2,52046E-01;2,64126E-01;2,74903E-01;1,91346E-02;4,75116E-02;7,57939E-02;1,04832E-01;1,33238E-01;1,61346E-01;1,87942E-01;2,15696E-01;2,44374E-01;2,73144E-01;2,98731E-01;3,24680E-01;3,49692E-01;3,77238E-01;4,03610E-01;4,27131E-01;4,54816E-01;4,80172E-01;4,99651E-01;5,26602E-01;1,53796E-04;3,28718E-04;5,71610E-04;7,35879E-04;9,99270E-04;1,18677E-03;1,40194E-03;1,66230E-03;1,93397E-03;2,41655E-03;2,70767E-03;2,92569E-03;3,16080E-03;3,52026E-03;3,65998E-03;3,90412E-03;4,48195E-03;4,85985E-03;5,20361E-03;5,26700E-03
666;1,07966E-02;2,64871E-02;4,16544E-02;5,74747E-02;7,15439E-02;8,64500E-02;1,00839E-01;1,15884E-01;1,27252E-01;1,42402E-01;1,55095E-01;1,70635E-01;1,81207E-01;1,92503E-01;2,09221E-01;2,20927E-01;2,34921E-01;2,44012E-01;2,55127E-01;2,68267E-01;1,67276E-02;4,23079E-02;6,77921E-02;9,46504E-02;1,21011E-01;1,47741E-01;1,74068E-01;2,00658E-01;2,27155E-01;2,53272E-01;2,79049E-01;3,06421E-01;3,30850E-01;3,59642E-01;3,86098E-01;4,11346E-01;4,38184E-01;4,60934E-01;4,87268E-01;5,11770E-01;1,52445E-04;3,47958E-04;5,86412E-04;8,68366E-04;1,04481E-03;1,35089E-03;1,59665E-03;1,88103E-03;2,20337E-03;2,46296E-03;2,92140E-03;3,08272E-03;3,38801E-03;3,67155E-03;4,13034E-03;4,48446E-03;4,77595E-03;5,18554E-03;5,46744E-03;6,15552E-03
667;1,05226E-02;2,58451E-02;4,06289E-02;5,58145E-02;6,99667E-02;8,38835E-02;9,82875E-02;1,11891E-01;1,23932E-01;1,38071E-01;1,51004E-01;1,65682E-01;1,77579E-01;1,87685E-01;2,01806E-01;2,14504E-01;2,27702E-01;2,35940E-01;2,49349E-01;2,60299E-01;1,41525E-02;3,61502E-02;5,89128E-02;8,23706E-02;1,07080E-01;1,30910E-01;1,55851E-01;1,80290E-01;2,03213E-01;2,30037E-01;2,54360E-01;2,81142E-01;3,03333E-01;3,31509E-01;3,57826E-01;3,82694E-01;4,09285E-01;4,32296E-01;4,58394E-01;4,83594E-01;1,69526E-04;4,06746E-04;6,38008E-04;9,52137E-04;1,16247E-03;1,40682E-03;1,74711E-03;2,07880E-03;2,41667E-03;2,70721E-03;2,96552E-03;3,41271E-03;3,77576E-03;3,98343E-03;4,42876E-03;4,91394E-03;5,29291E-03;5,58009E-03;5,83385E-03;6,71231E-03
668;1,02389E-02;2,51279E-02;3,98339E-02;5,43114E-02;6,77564E-02;8,21086E-02;9,73007E-02;1,08328E-01;1,21217E-01;1,35430E-01;1,47722E-01;1,59461E-01;1,70564E-01;1,85844E-01;1,96047E-01;2,08577E-01;2,21988E-01;2,29168E-01;2,42831E-01;2,55860E-01;1,17254E-02;2,99783E-02;4,99158E-02;7,05155E-02;9,12090E-02;1,13234E-01;1,36096E-01;1,57568E-01;1,79455E-01;2,04636E-01;2,26624E-01;2,51769E-01;2,74350E-01;2,97718E-01;3,22448E-01;3,45794E-01;3,75416E-01;3,95351E-01;4,21395E-01;4,43813E-01;1,83636E-04;4,42360E-04;6,94956E-04;9,48300E-04;1,15477E-03;1,54718E-03;1,87950E-03;2,17442E-03;2,52253E-03;2,98596E-03;3,18339E-03;3,75113E-03;4,12603E-03;4,47227E-03;4,74481E-03;5,17577E-03;5,84285E-03;6,16845E-03;6,27417E-03;7,22961E-03
669;9,90143E-03;2,44789E-02;3,84320E-02;5,32347E-02;6,56294E-02;7,87150E-02;9,17818E-02;1,06526E-01;1,18304E-01;1,32495E-01;1,45168E-01;1,54872E-01;1,67187E-01;1,77357E-01;1,89522E-01;1,99692E-01;2,12327E-01;2,22269E-01;2,35002E-01;2,47556E-01;9,54493E-03;2,48969E-02;4,15435E-02;5,85621E-02;7,76005E-02;9,60251E-02;1,14190E-01;1,36643E-01;1,54120E-01;1,75466E-01;1,95836E-01;2,18388E-01;2,40450E-01;2,61862E-01;2,85384E-01;3,09045E-01;3,34560E-01;3,54151E-01;3,77324E-01;4,01469E-01;2,12920E-04;4,40857E-04;8,07487E-04;1,04350E-03;1,49627E-03;1,62392E-03;2,10885E-03;2,32555E-03;2,74622E-03;3,02000E-03;3,61241E-03;4,12984E-03;4,43473E-03;4,79040E-03;5,64877E-03;5,56871E-03;6,40828E-03;6,78494E-03;6,88279E-03;7,61362E-03
670;9,55933E-03;2,33860E-02;3,70806E-02;5,03578E-02;6,40456E-02;7,71811E-02;8,97551E-02;1,02287E-01;1,16741E-01;1,27829E-01;1,39978E-01;1,49767E-01;1,60199E-01;1,73711E-01;1,84170E-01;1,94507E-01;2,08872E-01;2,17317E-01;2,29794E-01;2,40534E-01;7,59600E-03;2,01418E-02;3,38942E-02;4,87672E-02;6,35965E-02;8,00832E-02;9,61159E-02;1,13257E-01;1,30486E-01;1,47141E-01;1,67500E-01;1,85499E-01;2,05482E-01;2,24928E-01;2,47576E-01;2,66139E-01;2,87099E-01;3,09060E-01;3,33196E-01;3,58492E-01;1,90308E-04;5,00380E-04;8,25316E-04;1,11606E-03;1,50616E-03;1,87587E-03;2,25759E-03;2,75422E-03;3,08296E-03;3,41732E-03;3,85635E-03;4,31657E-03;4,76059E-03;5,22014E-03;5,63409E-03;6,17086E-03;6,62236E-03;7,27755E-03;7,72495E-03;8,32146E-03
671;9,26088E-03;2,31158E-02;3,65004E-02;4,95288E-02;6,25245E-02;7,47188E-02;8,63688E-02;9,94510E-02;1,14134E-01;1,23698E-01;1,35099E-01;1,46274E-01;1,56773E-01;1,69756E-01;1,80800E-01;1,90144E-01;2,03344E-01;2,13131E-01;2,22124E-01;2,32474E-01;6,13746E-03;1,63962E-02;2,75034E-02;3,96543E-02;5,28385E-02;6,60308E-02;7,95278E-02;9,41642E-02;1,08425E-01;1,24768E-01;1,40789E-01;1,55894E-01;1,72893E-01;1,90657E-01;2,09881E-01;2,26839E-01;2,46748E-01;2,67738E-01;2,89497E-01;3,07082E-01;2,29374E-04;5,28477E-04;8,70210E-04;1,23954E-03;1,60585E-03;2,05170E-03;2,42400E-03;2,86400E-03;3,27729E-03;3,65926E-03;4,24901E-03;4,65577E-03;5,24736E-03;5,68635E-03;6,20592E-03;6,71174E-03;7,26906E-03;7,83382E-03;8,33675E-03;8,97697E-03
672;8,97016E-03;2,23835E-02;3,53429E-02;4,80923E-02;6,02671E-02;7,26689E-02;8,46819E-02;9,76787E-02;1,09456E-01;1,19317E-01;1,31137E-01;1,43421E-01;1,53961E-01;1,64814E-01;1,74126E-01;1,86359E-01;1,97403E-01;2,05120E-01;2,16210E-01;2,26877E-01;4,96181E-03;1,33756E-02;2,22566E-02;3,22424E-02;4,31762E-02;5,35677E-02;6,53349E-02;7,75624E-02;8,99183E-02;1,02640E-01;1,17187E-01;1,29671E-01;1,45383E-01;1,59349E-01;1,75111E-01;1,92345E-01;2,09110E-01;2,27200E-01;2,44511E-01;2,62668E-01;2,40547E-04;5,75277E-04;9,48061E-04;1,31200E-03;1,73118E-03;2,17371E-03;2,55891E-03;3,06328E-03;3,60558E-03;3,89816E-03;4,62687E-03;4,98140E-03;5,47699E-03;6,17281E-03;6,74503E-03;7,19270E-03;7,90229E-03;8,17999E-03;9,24874E-03;9,84927E-03
673;8,79016E-03;2,15089E-02;3,41384E-02;4,71543E-02;5,92240E-02;7,21092E-02;8,16445E-02;9,31796E-02;1,04598E-01;1,14626E-01;1,30533E-01;1,40232E-01;1,48165E-01;1,59039E-01;1,71384E-01;1,81812E-01;1,87099E-01;2,02199E-01;2,11500E-01;2,20899E-01;4,05812E-03;1,09319E-02;1,84827E-02;2,66264E-02;3,51641E-02;4,38814E-02;5,41146E-02;6,42852E-02;7,39859E-02;8,57657E-02;9,70615E-02;1,08887E-01;1,21820E-01;1,33689E-01;1,47111E-01;1,60193E-01;1,75810E-01;1,91854E-01;2,05778E-01;2,21481E-01;2,28041E-04;6,28393E-04;1,05734E-03;1,50259E-03;1,90560E-03;2,29698E-03;2,93759E-03;3,30940E-03;3,74782E-03;4,34992E-03;5,02929E-03;5,56263E-03;5,95137E-03;6,69524E-03;7,38688E-03;7,60473E-03;8,38242E-03;9,05451E-03;9,77913E-03;1,05274E-02
674;8,58959E-03;2,13380E-02;3,32089E-02;4,52173E-02;5,84614E-02;6,94700E-02;7,86242E-02;9,18193E-02;1,02356E-01;1,12887E-01;1,23955E-01;1,36326E-01;1,45267E-01;1,54045E-01;1,64111E-01;1,75751E-01;1,83281E-01;1,93418E-01;2,03110E-01;2,14363E-01;3,39442E-03;8,92243E-03;1,54075E-02;2,17650E-02;2,86499E-02;3,64218E-02;4,41881E-02;5,19365E-02;6,10987E-02;7,08075E-02;8,10215E-02;9,08366E-02;1,00641E-01;1,11704E-01;1,21048E-01;1,34966E-01;1,48624E-01;1,59157E-01;1,73197E-01;1,87245E-01;2,63886E-04;7,08405E-04;1,17214E-03;1,61461E-03;2,03953E-03;2,56484E-03;3,04025E-03;3,49168E-03;4,17823E-03;4,86986E-03;5,31972E-03;6,19934E-03;6,62944E-03;7,24123E-03;7,51422E-03;8,57047E-03;9,25366E-03;9,83829E-03;1,04770E-02;1,11594E-02
675;8,28856E-03;2,04390E-02;3,23698E-02;4,38827E-02;5,53041E-02;6,68386E-02;7,79813E-02;8,80623E-02;9,91873E-02;1,09491E-01;1,20254E-01;1,30641E-01;1,40235E-01;1,48470E-01;1,58748E-01;1,70115E-01;1,82542E-01;1,91155E-01;1,98086E-01;2,09040E-01;2,81643E-03;7,37037E-03;1,24552E-02;1,81051E-02;2,41118E-02;3,05404E-02;3,70487E-02;4,32723E-02;5,10221E-02;5,88974E-02;6,74883E-02;7,43121E-02;8,32593E-02;9,28412E-02;1,01859E-01;1,12677E-01;1,22582E-01;1,35180E-01;1,45824E-01;1,56867E-01;3,06124E-04;7,39109E-04;1,18488E-03;1,69286E-03;2,29888E-03;2,77995E-03;3,34104E-03;4,02561E-03;4,56249E-03;5,10064E-03;5,94676E-03;6,58747E-03;7,05226E-03;7,92777E-03;8,43710E-03;9,45301E-03;1,01731E-02;1,05779E-02;1,17266E-02;1,20451E-02
676;8,01790E-03;1,97766E-02;3,13247E-02;4,25865E-02;5,41691E-02;6,45599E-02;7,54082E-02;8,54611E-02;9,58015E-02;1,05328E-01;1,16333E-01;1,26031E-01;1,37807E-01;1,45167E-01;1,55683E-01;1,64094E-01;1,73506E-01;1,83051E-01;1,92267E-01;2,01421E-01;2,30953E-03;6,07468E-03;1,02848E-02;1,48128E-02;2,01040E-02;2,53026E-02;3,07510E-02;3,62171E-02;4,26652E-02;4,99701E-02;5,63582E-02;6,23468E-02;7,04806E-02;7,73717E-02;8,54199E-02;9,47623E-02;1,02529E-01;1,12534E-01;1,22784E-01;1,32362E-01;3,43770E-04;8,60922E-04;1,32643E-03;1,93543E-03;2,48040E-03;3,03600E-03;3,64490E-03;4,42917E-03;5,06468E-03;5,60230E-03;6,24995E-03;7,00152E-03;7,62423E-03;8,49182E-03;9,23885E-03;9,94797E-03;1,10512E-02;1,16098E-02;1,24574E-02;1,29609E-02
677;7,83420E-03;1,89567E-02;3,05015E-02;4,12256E-02;5,22223E-02;6,24333E-02;7,36979E-02;8,23269E-02;9,49928E-02;1,03259E-01;1,14066E-01;1,23503E-01;1,33995E-01;1,42351E-01;1,50429E-01;1,62689E-01;1,67346E-01;1,77928E-01;1,84644E-01;1,94819E-01;1,88818E-03;5,13174E-03;8,59767E-03;1,24756E-02;1,68776E-02;2,13213E-02;2,58441E-02;3,09106E-02;3,62406E-02;4,21628E-02;4,65125E-02;5,28401E-02;5,94557E-02;6,54490E-02;7,19647E-02;8,03417E-02;8,77806E-02;9,37122E-02;1,02441E-01;1,11689E-01;3,88570E-04;8,70836E-04;1,53296E-03;2,07883E-03;2,67854E-03;3,29085E-03;3,98277E-03;4,69303E-03;5,45540E-03;5,98518E-03;6,99270E-03;7,65206E-03;8,18632E-03;9,31181E-03;1,00536E-02;1,09831E-02;1,16768E-02;1,23503E-02;1,36665E-02;1,39941E-02
678;7,50373E-03;1,84246E-02;2,92527E-02;4,03583E-02;5,13132E-02;6,14592E-02;7,20281E-02;8,04956E-02;9,20648E-02;1,01658E-01;1,08491E-01;1,16915E-01;1,25181E-01;1,37555E-01;1,45243E-01;1,54657E-01;1,61807E-01;1,69818E-01;1,79127E-01;1,90673E-01;1,64437E-03;4,29598E-03;7,19112E-03;1,05700E-02;1,40797E-02;1,80173E-02;2,17506E-02;2,59562E-02;3,02574E-02;3,50623E-02;3,95436E-02;4,52053E-02;5,04042E-02;5,48809E-02;6,11510E-02;6,55493E-02;7,29990E-02;8,01939E-02;8,56424E-02;9,36173E-02;3,91794E-04;9,63095E-04;1,55285E-03;2,24274E-03;2,87776E-03;3,64081E-03;4,40660E-03;5,22038E-03;5,82543E-03;6,63684E-03;7,38495E-03;8,21488E-03;8,95084E-03;1,01833E-02;1,05205E-02;1,16781E-02;1,28421E-02;1,37734E-02;1,43020E-02;1,58657E-02
679;7,33138E-03;1,78942E-02;2,85224E-02;3,94435E-02;4,93072E-02;5,88979E-02;6,86709E-02;7,86653E-02;8,82882E-02;9,82082E-02;1,06875E-01;1,16266E-01;1,24911E-01;1,33076E-01;1,41430E-01;1,51676E-01;1,59901E-01;1,66629E-01;1,74777E-01;1,83680E-01;1,29584E-03;3,59621E-03;6,12550E-03;8,83226E-03;1,18003E-02;1,50429E-02;1,82871E-02;2,20287E-02;2,51541E-02;2,92876E-02;3,34101E-02;3,77955E-02;4,24945E-02;4,67398E-02;5,20067E-02;5,66901E-02;6,17238E-02;6,76406E-02;7,33529E-02;8,07182E-02;4,56017E-04;1,02644E-03;1,85788E-03;2,52693E-03;3,13708E-03;4,04035E-03;4,94460E-03;5,60697E-03;6,35821E-03;7,07774E-03;8,08388E-03;9,14898E-03;9,78676E-03;1,05453E-02;1,20746E-02;1,28149E-02;1,36612E-02;1,49046E-02;1,57501E-02;1,71208E-02
680;7,24892E-03;1,76625E-02;2,77901E-02;3,80797E-02;4,76287E-02;5,80267E-02;6,70151E-02;7,58461E-02;8,51591E-02;9,58990E-02;1,04329E-01;1,11698E-01;1,21002E-01;1,29962E-01;1,39917E-01;1,46147E-01;1,55230E-01;1,63186E-01;1,70994E-01;1,79856E-01;1,10042E-03;2,90843E-03;5,04563E-03;7,57061E-03;9,68955E-03;1,27401E-02;1,54892E-02;1,82485E-02;2,16066E-02;2,51454E-02;2,86274E-02;3,19513E-02;3,55521E-02;3,90276E-02;4,45862E-02;4,87290E-02;5,33844E-02;5,74040E-02;6,23444E-02;6,85884E-02;4,90465E-04;1,16743E-03;1,96623E-03;2,69004E-03;3,48631E-03;4,31268E-03;5,07295E-03;5,91866E-03;7,06791E-03;7,92154E-03;9,13213E-03;9,74496E-03;1,07076E-02;1,15691E-02;1,30131E-02;1,40114E-02;1,53034E-02;1,66091E-02;1,69737E-02;1,83392E-02
681;6,98615E-03;1,71273E-02;2,67629E-02;3,67282E-02;4,59778E-02;5,58529E-02;6,45025E-02;7,39335E-02;8,30883E-02;9,22908E-02;1,00356E-01;1,07098E-01;1,16285E-01;1,25557E-01;1,34273E-01;1,42438E-01;1,51342E-01;1,57877E-01;1,65020E-01;1,73588E-01;9,14695E-04;2,38748E-03;4,21957E-03;6,19648E-03;8,38946E-03;1,05605E-02;1,32067E-02;1,55436E-02;1,85176E-02;2,08491E-02;2,43517E-02;2,73768E-02;3,04386E-02;3,38095E-02;3,78290E-02;4,10994E-02;4,56776E-02;4,95493E-02;5,36308E-02;5,81302E-02;5,33712E-04;1,27287E-03;2,14686E-03;2,93385E-03;3,73510E-03;4,77408E-03;5,54188E-03;6,55911E-03;7,62453E-03;8,52198E-03;9,71025E-03;1,07671E-02;1,18611E-02;1,28545E-02;1,41188E-02;1,53390E-02;1,64486E-02;1,77147E-02;1,86017E-02;1,98370E-02
682;6,79359E-03;1,65251E-02;2,58868E-02;3,57447E-02;4,45553E-02;5,42222E-02;6,28506E-02;7,15599E-02;7,99641E-02;9,01601E-02;9,67635E-02;1,04181E-01;1,13742E-01;1,21869E-01;1,30135E-01;1,37912E-01;1,45290E-01;1,53417E-01;1,58520E-01;1,67447E-01;7,38938E-04;2,09058E-03;3,65322E-03;5,29946E-03;7,07868E-03;9,27728E-03;1,11554E-02;1,35125E-02;1,55164E-02;1,82008E-02;2,05187E-02;2,36197E-02;2,61386E-02;2,87540E-02;3,18535E-02;3,42164E-02;3,82752E-02;4,32715E-02;4,53722E-02;4,92904E-02;5,99136E-04;1,39980E-03;2,23469E-03;3,21528E-03;4,08767E-03;5,10400E-03;6,23711E-03;7,15908E-03;8,36569E-03;9,24873E-03;1,06170E-02;1,18433E-02;1,30602E-02;1,43502E-02;1,54476E-02;1,62821E-02;1,77750E-02;1,89567E-02;2,00578E-02;2,18280E-02
683;6,51746E-03;1,62552E-02;2,49320E-02;3,45591E-02;4,39146E-02;5,30086E-02;6,12156E-02;6,91073E-02;7,67684E-02;8,54556E-02;9,42777E-02;1,02227E-01;1,10255E-01;1,15828E-01;1,26693E-01;1,33686E-01;1,41120E-01;1,47132E-01;1,57278E-01;1,59727E-01;6,48442E-04;1,73537E-03;3,02410E-03;4,61471E-03;6,09502E-03;7,65545E-03;9,00019E-03;1,14540E-02;1,31826E-02;1,56966E-02;1,75748E-02;1,97338E-02;2,16747E-02;2,46290E-02;2,67850E-02;2,97340E-02;3,27741E-02;3,55803E-02;3,86878E-02;4,23017E-02;5,70545E-04;1,49846E-03;2,52415E-03;3,58477E-03;4,63457E-03;5,47631E-03;6,87890E-03;7,88337E-03;8,98481E-03;1,01324E-02;1,12851E-02;1,27710E-02;1,35392E-02;1,53165E-02;1,63142E-02;1,84488E-02;1,92887E-02;2,07250E-02;2,15100E-02;2,39336E-02
684;6,34063E-03;1,56034E-02;2,43320E-02;3,33253E-02;4,22021E-02;5,08937E-02;5,97688E-02;6,77327E-02;7,56403E-02;8,24245E-02;9,20262E-02;9,93948E-02;1,07555E-01;1,14186E-01;1,19919E-01;1,29672E-01;1,37794E-01;1,43375E-01;1,53175E-01;1,55985E-01;5,84062E-04;1,48266E-03;2,55644E-03;3,90685E-03;5,16416E-03;6,54914E-03;7,75998E-03;9,60427E-03;1,13347E-02;1,32258E-02;1,49605E-02;1,68124E-02;1,86523E-02;2,11809E-02;2,33012E-02;2,56102E-02;2,77895E-02;3,08068E-02;3,39979E-02;3,63974E-02;6,78040E-04;1,64608E-03;2,67322E-03;3,80643E-03;4,92349E-03;6,14310E-03;7,44242E-03;8,58258E-03;9,87003E-03;1,08435E-02;1,26066E-02;1,37705E-02;1,51029E-02;1,65260E-02;1,81901E-02;1,93283E-02;2,07515E-02;2,22125E-02;2,42104E-02;2,51061E-02
685;6,13664E-03;1,53245E-02;2,38816E-02;3,22695E-02;4,13683E-02;4,91723E-02;5,74046E-02;6,56778E-02;7,34385E-02;8,07364E-02;8,91680E-02;9,64275E-02;1,03587E-01;1,11221E-01;1,17537E-01;1,27132E-01;1,33950E-01;1,41112E-01;1,47159E-01;1,52806E-01;4,68450E-04;1,27282E-03;2,26185E-03;3,31887E-03;4,32022E-03;5,40740E-03;6,81278E-03;8,22445E-03;9,38984E-03;1,11210E-02;1,26282E-02;1,44574E-02;1,61174E-02;1,82684E-02;1,98941E-02;2,13907E-02;2,42235E-02;2,64367E-02;2,85952E-02;3,13735E-02;7,31534E-04;1,83726E-03;2,91030E-03;4,17319E-03;5,51565E-03;6,66622E-03;8,01347E-03;9,34889E-03;1,07252E-02;1,22373E-02;1,33417E-02;1,50580E-02;1,65164E-02;1,79057E-02;1,95887E-02;2,12323E-02;2,25751E-02;2,38630E-02;2,61038E-02;2,72967E-02
686;5,98726E-03;1,50082E-02;2,27418E-02;3,16080E-02;4,00613E-02;4,82867E-02;5,52682E-02;6,33677E-02;7,17879E-02;7,89679E-02;8,66322E-02;9,34391E-02;1,01339E-01;1,07977E-01;1,15907E-01;1,21915E-01;1,28432E-01;1,36050E-01;1,41141E-01;1,49583E-01;3,90283E-04;1,11849E-03;1,81571E-03;2,89601E-03;3,66454E-03;4,77881E-03;5,72488E-03;7,15674E-03;8,25072E-03;9,74342E-03;1,09388E-02;1,24262E-02;1,38206E-02;1,53996E-02;1,77237E-02;1,79085E-02;2,13120E-02;2,30279E-02;2,45457E-02;2,68806E-02;8,27235E-04;1,99174E-03;3,15822E-03;4,57689E-03;5,91737E-03;7,09567E-03;8,74502E-03;1,02240E-02;1,15473E-02;1,31513E-02;1,47044E-02;1,63361E-02;1,78503E-02;1,96508E-02;2,09970E-02;2,27306E-02;2,48124E-02;2,61823E-02;2,84228E-02;2,94240E-02
687;5,86424E-03;1,44429E-02;2,22105E-02;3,02030E-02;3,75830E-02;4,73249E-02;5,37860E-02;6,17901E-02;6,95179E-02;7,67349E-02;8,39331E-02;9,03919E-02;9,87500E-02;1,07720E-01;1,11427E-01;1,18250E-01;1,24222E-01;1,33541E-01;1,38530E-01;1,43754E-01;3,93948E-04;9,30561E-04;1,66935E-03;2,36467E-03;3,17600E-03;4,29223E-03;5,03546E-03;6,29020E-03;7,25201E-03;8,59426E-03;1,00261E-02;1,03306E-02;1,17482E-02;1,35076E-02;1,44888E-02;1,62926E-02;1,81674E-02;1,98557E-02;2,08235E-02;2,36268E-02;9,02775E-04;2,11128E-03;3,46618E-03;4,96482E-03;6,46961E-03;7,77098E-03;9,27518E-03;1,09885E-02;1,29042E-02;1,40531E-02;1,60013E-02;1,73863E-02;1,97209E-02;2,11462E-02;2,28578E-02;2,52502E-02;2,67446E-02;2,83416E-02;3,07105E-02;3,23594E-02
688;5,52053E-03;1,39046E-02;2,11465E-02;3,01623E-02;3,73543E-02;4,48634E-02;5,27636E-02;5,94004E-02;6,73404E-02;7,44053E-02;8,08343E-02;8,78087E-02;9,48942E-02;1,02521E-01;1,08356E-01;1,14958E-01;1,22102E-01;1,26512E-01;1,32928E-01;1,39385E-01;3,03736E-04;8,62159E-04;1,48609E-03;2,06491E-03;2,87264E-03;3,53117E-03;4,47969E-03;5,61836E-03;6,23485E-03;7,16942E-03;8,40604E-03;9,04684E-03;1,05356E-02;1,19402E-02;1,30160E-02;1,37580E-02;1,56246E-02;1,69551E-02;1,78623E-02;2,01018E-02;9,49047E-04;2,34321E-03;3,76243E-03;5,33652E-03;6,92384E-03;8,66877E-03;1,00722E-02;1,16504E-02;1,34458E-02;1,56044E-02;1,73218E-02;1,92018E-02;2,11157E-02;2,29426E-02;2,45675E-02;2,70379E-02;2,83884E-02;3,05349E-02;3,28005E-02;3,43227E-02
689;5,44617E-03;1,34143E-02;2,08131E-02;2,90675E-02;3,63099E-02;4,34647E-02;5,11428E-02;5,87959E-02;6,44584E-02;7,28697E-02;7,80472E-02;8,50554E-02;9,25395E-02;9,81505E-02;1,06659E-01;1,11579E-01;1,19244E-01;1,24245E-01;1,29797E-01;1,35969E-01;2,68663E-04;7,24394E-04;1,26898E-03;1,73428E-03;2,45134E-03;3,25398E-03;3,94012E-03;4,87456E-03;5,61565E-03;6,35520E-03;6,70949E-03;8,09035E-03;9,19989E-03;1,02835E-02;1,15763E-02;1,22627E-02;1,30163E-02;1,47364E-02;1,58156E-02;1,74176E-02;1,03730E-03;2,56791E-03;3,96910E-03;5,83731E-03;7,43605E-03;9,21461E-03;1,10500E-02;1,28970E-02;1,45589E-02;1,67044E-02;1,85814E-02;2,03886E-02;2,29519E-02;2,45197E-02;2,70507E-02;2,89236E-02;3,09389E-02;3,31081E-02;3,54416E-02;3,73619E-02
690;5,29043E-03;1,30623E-02;2,04172E-02;2,81843E-02;3,46948E-02;4,27591E-02;4,95555E-02;5,67170E-02;6,24431E-02;6,92019E-02;7,60524E-02;8,20009E-02;8,93572E-02;9,61855E-02;1,02911E-01;1,07183E-01;1,15235E-01;1,20148E-01;1,26160E-01;1,33015E-01;2,19816E-04;6,42906E-04;1,10706E-03;1,68375E-03;2,19247E-03;2,72599E-03;3,48208E-03;4,10692E-03;4,92742E-03;5,64233E-03;6,25418E-03;7,30241E-03;8,08083E-03;8,92667E-03;1,00143E-02;1,08724E-02;1,13275E-02;1,30523E-02;1,44204E-02;1,50371E-02;1,09661E-03;2,73238E-03;4,38067E-03;6,24600E-03;8,18717E-03;1,00568E-02;1,18137E-02;1,41521E-02;1,61259E-02;1,81467E-02;2,01419E-02;2,22863E-02;2,42840E-02;2,66171E-02;2,88161E-02;3,12038E-02;3,30731E-02;3,54925E-02;3,82389E-02;4,02457E-02
691;5,07313E-03;1,24445E-02;1,96244E-02;2,70703E-02;3,36644E-02;4,10536E-02;4,76647E-02;5,46311E-02;6,08733E-02;6,67895E-02;7,40097E-02;8,04130E-02;8,53111E-02;9,25282E-02;9,87669E-02;1,05032E-01;1,11624E-01;1,18388E-01;1,22383E-01;1,27145E-01;2,23132E-04;5,61264E-04;1,01144E-03;1,42586E-03;1,83254E-03;2,33490E-03;3,11761E-03;3,61273E-03;4,27372E-03;5,00323E-03;5,41552E-03;6,10751E-03;6,98833E-03;7,96347E-03;8,38165E-03;9,03406E-03;1,01023E-02;1,10192E-02;1,22663E-02;1,31988E-02;1,22729E-03;2,96581E-03;4,77451E-03;6,80796E-03;8,83611E-03;1,08315E-02;1,28524E-02;1,51927E-02;1,73657E-02;1,95784E-02;2,15636E-02;2,39856E-02;2,65001E-02;2,87932E-02;3,11360E-02;3,36603E-02;3,55748E-02;3,82912E-02;4,11567E-02;4,36700E-02
692;4,91131E-03;1,22745E-02;1,89631E-02;2,61542E-02;3,35243E-02;3,91898E-02;4,70883E-02;5,30331E-02;5,85174E-02;6,51111E-02;6,95125E-02;7,71294E-02;8,26889E-02;9,10491E-02;9,59634E-02;9,97314E-02;1,06468E-01;1,14954E-01;1,16480E-01;1,22682E-01;1,75067E-04;6,37611E-04;9,51736E-04;1,31681E-03;1,67184E-03;2,22916E-03;2,75789E-03;3,32177E-03;3,49652E-03;3,86647E-03;4,81791E-03;5,18024E-03;5,76332E-03;6,54150E-03;7,45431E-03;7,81103E-03;9,07483E-03;9,75282E-03;1,03598E-02;1,17290E-02;1,34339E-03;3,25562E-03;5,21159E-03;7,27717E-03;9,46645E-03;1,14752E-02;1,38539E-02;1,64442E-02;1,84546E-02;2,11402E-02;2,32882E-02;2,64435E-02;2,81282E-02;3,09746E-02;3,34262E-02;3,57428E-02;3,85490E-02;4,07719E-02;4,40605E-02;4,59588E-02
693;4,69263E-03;1,17226E-02;1,85990E-02;2,52622E-02;3,24115E-02;3,79570E-02;4,47467E-02;5,07799E-02;5,72439E-02;6,45812E-02;6,97190E-02;7,43214E-02;8,07686E-02;8,56949E-02;9,14398E-02;9,87706E-02;1,01422E-01;1,10177E-01;1,14422E-01;1,21303E-01;1,91232E-04;4,41980E-04;7,66810E-04;1,11496E-03;1,50734E-03;1,72531E-03;2,43907E-03;2,64617E-03;3,16242E-03;3,94297E-03;4,25907E-03;4,85899E-03;5,59071E-03;6,07187E-03;6,91882E-03;7,55959E-03;7,49601E-03;8,86344E-03;9,44020E-03;1,08625E-02;1,42607E-03;3,53870E-03;5,71621E-03;8,01604E-03;1,02511E-02;1,26531E-02;1,51499E-02;1,74635E-02;2,01352E-02;2,27041E-02;2,52196E-02;2,75859E-02;3,04962E-02;3,32159E-02;3,56238E-02;3,80850E-02;4,10296E-02;4,42521E-02;4,67523E-02;4,95242E-02
694;4,67634E-03;1,14329E-02;1,79176E-02;2,44444E-02;3,08984E-02;3,72571E-02;4,37868E-02;5,01677E-02;5,58571E-02;6,18788E-02;6,72305E-02;7,27635E-02;7,82480E-02;8,47825E-02;8,85964E-02;9,50760E-02;9,95149E-02;1,06699E-01;1,10005E-01;1,15883E-01;1,53479E-04;4,10776E-04;6,07767E-04;1,03019E-03;1,29043E-03;1,76457E-03;2,10564E-03;2,41398E-03;3,02483E-03;3,34840E-03;3,77926E-03;4,10857E-03;4,82266E-03;5,19954E-03;5,69134E-03;6,30380E-03;7,26955E-03;7,79334E-03;8,57356E-03;9,23286E-03;1,56268E-03;3,76352E-03;6,13393E-03;8,60916E-03;1,12899E-02;1,34715E-02;1,60151E-02;1,89750E-02;2,15376E-02;2,46654E-02;2,74046E-02;3,01212E-02;3,28280E-02;3,54752E-02;3,82702E-02;4,14338E-02;4,41142E-02;4,73213E-02;5,05790E-02;5,26694E-02
695;4,53802E-03;1,10197E-02;1,74047E-02;2,37806E-02;2,95224E-02;3,63742E-02;4,20202E-02;4,70736E-02;5,38613E-02;6,00025E-02;6,43929E-02;7,06616E-02;7,52477E-02;8,12659E-02;8,57059E-02;9,35304E-02;9,59923E-02;1,03352E-01;1,07607E-01;1,13671E-01;1,25427E-04;3,46928E-04;5,93336E-04;8,77267E-04;1,18637E-03;1,60042E-03;1,88636E-03;2,15273E-03;2,58554E-03;2,81864E-03;3,44302E-03;3,67613E-03;4,11403E-03;4,89851E-03;4,97910E-03;5,58699E-03;6,51321E-03;7,01748E-03;7,35807E-03;7,24523E-03;1,68843E-03;4,05821E-03;6,57899E-03;9,21134E-03;1,20701E-02;1,48537E-02;1,73933E-02;2,06009E-02;2,34133E-02;2,63771E-02;2,90329E-02;3,23628E-02;3,54329E-02;3,80600E-02;4,16125E-02;4,46110E-02;4,79195E-02;5,12138E-02;5,39544E-02;5,67577E-02
696;4,44991E-03;1,07545E-02;1,67862E-02;2,28075E-02;2,87535E-02;3,51744E-02;3,95967E-02;4,63182E-02;5,25886E-02;5,83776E-02;6,25799E-02;6,75890E-02;7,29150E-02;7,88854E-02;8,48680E-02;9,04777E-02;9,58316E-02;1,00516E-01;1,04665E-01;1,10284E-01;1,15797E-04;3,01249E-04;5,87779E-04;8,25551E-04;1,06294E-03;1,39509E-03;1,71222E-03;1,96324E-03;2,32571E-03;2,85997E-03;3,01964E-03;3,38233E-03;4,07310E-03;4,09380E-03;4,50726E-03;5,18006E-03;5,35861E-03;6,12622E-03;6,50669E-03;6,86122E-03;1,84429E-03;4,35433E-03;7,18537E-03;9,90699E-03;1,29428E-02;1,58600E-02;1,88723E-02;2,21284E-02;2,52828E-02;2,81132E-02;3,15804E-02;3,49574E-02;3,78505E-02;4,13717E-02;4,45137E-02;4,76323E-02;5,11170E-02;5,43912E-02;5,75502E-02;6,10000E-02
697;4,19371E-03;1,02763E-02;1,60706E-02;2,28497E-02;2,85836E-02;3,34104E-02;3,94553E-02;4,40703E-02;5,07148E-02;5,57021E-02;6,03859E-02;6,64269E-02;7,13383E-02;7,58269E-02;8,23921E-02;8,68414E-02;9,04839E-02;9,32347E-02;1,00072E-01;1,07319E-01;1,07365E-04;2,56747E-04;4,26843E-04;8,04343E-04;1,11976E-03;1,32349E-03;1,66376E-03;1,90840E-03;1,99205E-03;2,39984E-03;2,53257E-03;2,73099E-03;3,42539E-03;3,71964E-03;4,28629E-03;4,42651E-03;5,15013E-03;5,75158E-03;5,99754E-03;5,57022E-03;1,92368E-03;4,87020E-03;7,57270E-03;1,07595E-02;1,38953E-02;1,70138E-02;2,04557E-02;2,34175E-02;2,72895E-02;3,05797E-02;3,41044E-02;3,75243E-02;4,10237E-02;4,41861E-02;4,74227E-02;5,08085E-02;5,50517E-02;5,74739E-02;6,10836E-02;6,54362E-02
698;4,07397E-03;1,00222E-02;1,57508E-02;2,16935E-02;2,67499E-02;3,27388E-02;3,83402E-02;4,33855E-02;5,01849E-02;5,44750E-02;5,82790E-02;6,36677E-02;6,90557E-02;7,49690E-02;7,99253E-02;8,37914E-02;8,83453E-02;9,19525E-02;9,80985E-02;1,01860E-01;1,33761E-04;2,58590E-04;3,86968E-04;7,26767E-04;9,85498E-04;1,11706E-03;1,43403E-03;1,55932E-03;1,95752E-03;2,21102E-03;2,19739E-03;2,68395E-03;3,05468E-03;3,39083E-03;3,75338E-03;4,06842E-03;4,55101E-03;5,23322E-03;5,14797E-03;5,56116E-03;2,11386E-03;5,17484E-03;8,33652E-03;1,16281E-02;1,50071E-02;1,85898E-02;2,17799E-02;2,51982E-02;2,93237E-02;3,28071E-02;3,65264E-02;3,99174E-02;4,39527E-02;4,76376E-02;5,11310E-02;5,48677E-02;5,90172E-02;6,28407E-02;6,60322E-02;6,96458E-02
699;4,03786E-03;9,87285E-03;1,52034E-02;2,09464E-02;2,62479E-02;3,14885E-02;3,69046E-02;4,18501E-02;4,82585E-02;5,33522E-02;5,65643E-02;6,28978E-02;6,73006E-02;7,24456E-02;7,72432E-02;8,11782E-02;8,67186E-02;8,94144E-02;9,30024E-02;9,76562E-02;9,51264E-05;2,59983E-04;3,23030E-04;5,99609E-04;8,68250E-04;1,07988E-03;1,11490E-03;1,44632E-03;1,57397E-03;1,98164E-03;2,21352E-03;2,41972E-03;2,77156E-03;3,29223E-03;3,54055E-03;3,73049E-03;4,10284E-03;4,35912E-03;4,37621E-03;5,24767E-03;2,29866E-03;5,53088E-03;9,07989E-03;1,26808E-02;1,62197E-02;1,99367E-02;2,33809E-02;2,72260E-02;3,11368E-02;3,52750E-02;3,90502E-02;4,29918E-02;4,68211E-02;5,07824E-02;5,45790E-02;5,85745E-02;6,22499E-02;6,71689E-02;7,08269E-02;7,42275E-02
700;3,90765E-03;9,47999E-03;1,44520E-02;2,03388E-02;2,54499E-02;2,98651E-02;3,48521E-02;4,11475E-02;4,49725E-02;5,09266E-02;5,51471E-02;6,09751E-02;6,55811E-02;6,91669E-02;7,55732E-02;7,85223E-02;8,09648E-02;8,68407E-02;9,09760E-02;9,65591E-02;9,74219E-05;2,35845E-04;3,31334E-04;5,90172E-04;6,91860E-04;9,44434E-04;1,03378E-03;1,29494E-03;1,31473E-03;1,99536E-03;2,05711E-03;2,31364E-03;2,29591E-03;3,20933E-03;3,27737E-03;3,08024E-03;3,60431E-03;4,38671E-03;4,73741E-03;4,33422E-03;2,49697E-03;5,94690E-03;9,66612E-03;1,36389E-02;1,74562E-02;2,14424E-02;2,53359E-02;2,92176E-02;3,33428E-02;3,80194E-02;4,16903E-02;4,63027E-02;5,00188E-02;5,40447E-02;5,81021E-02;6,25789E-02;6,68970E-02;7,12678E-02;7,50580E-02;7,84869E-02
701;3,76845E-03;9,06687E-03;1,38617E-02;1,93089E-02;2,42056E-02;3,06931E-02;3,44096E-02;3,91769E-02;4,45437E-02;4,90067E-02;5,26864E-02;5,59709E-02;6,24638E-02;6,86349E-02;7,23318E-02;7,72037E-02;8,10846E-02;8,39428E-02;8,96541E-02;9,29034E-02;1,08316E-04;1,77426E-04;2,80369E-04;3,54985E-04;5,43349E-04;7,70403E-04;1,22014E-03;1,35775E-03;1,32645E-03;1,81341E-03;1,90589E-03;1,88432E-03;2,21004E-03;2,65320E-03;2,99285E-03;2,92428E-03;3,34027E-03;3,57544E-03;4,13505E-03;4,63112E-03;2,66106E-03;6,53841E-03;1,04575E-02;1,45692E-02;1,85691E-02;2,28491E-02;2,69846E-02;3,10507E-02;3,58371E-02;4,00778E-02;4,46624E-02;4,95029E-02;5,33729E-02;5,77127E-02;6,25235E-02;6,62600E-02;7,12064E-02;7,58686E-02;8,05129E-02;8,35969E-02
702;3,63546E-03;8,76679E-03;1,38752E-02;1,85294E-02;2,36735E-02;2,90952E-02;3,35739E-02;3,89980E-02;4,18125E-02;4,84662E-02;5,08774E-02;5,61120E-02;6,02735E-02;6,58537E-02;6,72293E-02;7,52829E-02;7,89050E-02;8,19636E-02;8,54252E-02;9,13124E-02;7,48068E-05;2,28981E-04;1,94100E-04;3,64974E-04;4,78546E-04;7,86945E-04;8,36923E-04;1,05103E-03;1,34406E-03;1,27403E-03;1,91068E-03;1,64160E-03;2,15297E-03;2,21476E-03;2,44587E-03;2,79591E-03;3,17062E-03;3,08591E-03;3,24507E-03;3,89040E-03;2,93403E-03;7,03065E-03;1,11985E-02;1,57835E-02;2,00560E-02;2,49359E-02;2,89980E-02;3,42734E-02;3,83564E-02;4,34193E-02;4,85626E-02;5,24870E-02;5,72173E-02;6,19690E-02;6,69449E-02;7,15325E-02;7,59014E-02;8,20764E-02;8,56729E-02;8,90275E-02
703;3,42879E-03;8,59526E-03;1,36606E-02;1,85046E-02;2,23833E-02;2,78396E-02;3,22941E-02;3,72543E-02;4,13899E-02;4,56128E-02;4,93944E-02;5,43763E-02;5,84209E-02;6,32752E-02;6,64344E-02;7,23353E-02;7,45460E-02;7,92758E-02;8,29433E-02;8,58552E-02;3,98149E-05;1,50665E-04;2,32603E-04;3,12218E-04;5,91773E-04;6,48277E-04;8,36413E-04;9,07090E-04;1,09576E-03;1,24964E-03;1,56891E-03;1,52252E-03;1,66998E-03;1,99267E-03;2,37334E-03;2,60990E-03;2,80487E-03;3,40699E-03;3,24475E-03;3,45657E-03;3,12442E-03;7,50878E-03;1,20046E-02;1,69674E-02;2,18020E-02;2,64741E-02;3,11462E-02;3,63790E-02;4,12471E-02;4,61478E-02;5,11990E-02;5,61568E-02;6,16423E-02;6,60259E-02;7,11200E-02;7,61492E-02;8,11814E-02;8,66280E-02;9,14725E-02;9,49349E-02
704;3,36870E-03;8,43920E-03;1,30175E-02;1,77906E-02;2,23656E-02;2,73673E-02;3,11713E-02;3,54084E-02;4,02124E-02;4,43397E-02;4,77915E-02;5,28757E-02;5,73646E-02;6,16238E-02;6,43707E-02;6,92665E-02;7,31811E-02;7,63775E-02;7,99389E-02;8,49094E-02;6,16445E-05;1,57432E-04;2,44725E-04;3,87397E-04;5,82140E-04;7,05803E-04;8,38644E-04;9,22258E-04;1,09894E-03;1,09804E-03;1,32486E-03;1,82088E-03;1,57148E-03;1,92196E-03;2,25452E-03;2,49503E-03;2,43938E-03;2,98379E-03;2,75842E-03;3,21858E-03;3,37156E-03;8,15660E-03;1,30901E-02;1,80874E-02;2,34338E-02;2,84573E-02;3,34155E-02;3,91830E-02;4,46513E-02;5,01433E-02;5,45952E-02;6,01306E-02;6,51976E-02;7,09271E-02;7,57697E-02;8,13097E-02;8,67527E-02;9,18561E-02;9,64124E-02;1,01297E-01
705;3,26269E-03;8,00438E-03;1,27485E-02;1,70590E-02;2,20301E-02;2,60853E-02;2,99943E-02;3,53968E-02;3,91353E-02;4,13496E-02;4,76569E-02;5,08429E-02;5,52495E-02;5,93797E-02;6,23676E-02;6,58399E-02;7,06245E-02;7,38539E-02;7,78123E-02;8,20536E-02;7,20307E-05;1,19915E-04;2,56342E-04;4,03606E-04;3,96144E-04;5,86748E-04;7,41370E-04;7,58308E-04;7,67082E-04;9,68220E-04;1,09381E-03;1,50998E-03;1,39617E-03;1,72342E-03;2,02196E-03;2,27550E-03;2,24932E-03;2,36698E-03;2,74383E-03;2,99789E-03;3,62692E-03;8,75975E-03;1,40612E-02;1,94713E-02;2,48820E-02;3,04521E-02;3,61819E-02;4,18954E-02;4,72034E-02;5,28656E-02;5,80102E-02;6,43500E-02;6,87924E-02;7,57648E-02;8,04863E-02;8,69376E-02;9,19399E-02;9,69544E-02;1,01736E-01;1,07341E-01
706;3,18892E-03;7,58978E-03;1,24385E-02;1,69992E-02;2,12475E-02;2,51623E-02;2,93615E-02;3,41673E-02;3,83915E-02;4,27056E-02;4,52370E-02;4,83563E-02;5,26227E-02;5,61549E-02;6,05642E-02;6,44965E-02;6,97455E-02;7,31731E-02;7,45331E-02;7,78434E-02;4,26588E-05;1,42549E-04;2,96551E-04;2,93371E-04;3,84396E-04;4,32362E-04;6,01653E-04;7,88087E-04;9,35845E-04;9,67391E-04;1,01007E-03;1,48896E-03;1,39750E-03;1,25388E-03;1,33592E-03;1,59491E-03;1,74266E-03;2,24655E-03;2,79075E-03;2,30747E-03;3,87368E-03;9,38086E-03;1,50969E-02;2,06878E-02;2,64740E-02;3,26288E-02;3,84431E-02;4,46767E-02;5,04980E-02;5,56590E-02;6,24487E-02;6,71036E-02;7,30744E-02;7,94359E-02;8,53310E-02;9,18006E-02;9,68370E-02;1,01775E-01;1,08786E-01;1,13391E-01
707;3,04777E-03;7,53807E-03;1,17681E-02;1,60544E-02;2,06073E-02;2,40575E-02;2,85566E-02;3,22302E-02;3,62226E-02;4,12008E-02;4,32394E-02;4,79904E-02;5,25190E-02;5,49217E-02;5,89024E-02;6,27457E-02;6,59868E-02;6,86698E-02;7,36333E-02;7,71079E-02;3,56084E-05;1,29206E-04;2,39591E-04;3,14270E-04;3,97192E-04;5,39651E-04;5,28020E-04;7,21105E-04;7,63688E-04;1,07705E-03;9,59675E-04;1,32108E-03;1,26753E-03;1,57738E-03;1,40556E-03;1,80235E-03;1,65818E-03;2,02221E-03;2,15592E-03;2,11772E-03;4,19409E-03;1,01197E-02;1,61969E-02;2,23299E-02;2,84759E-02;3,45368E-02;4,11280E-02;4,76354E-02;5,37129E-02;5,97065E-02;6,62745E-02;7,29381E-02;7,80479E-02;8,47076E-02;9,06475E-02;9,67989E-02;1,03263E-01;1,09305E-01;1,15154E-01;1,20228E-01
708;2,87594E-03;7,20810E-03;1,13649E-02;1,53671E-02;1,99674E-02;2,34166E-02;2,76331E-02;3,13903E-02;3,54013E-02;3,95698E-02;4,28518E-02;4,65299E-02;4,93636E-02;5,34382E-02;5,72491E-02;6,08561E-02;6,35410E-02;6,80841E-02;7,13676E-02;7,43194E-02;5,59605E-05;1,24326E-04;1,97498E-04;2,43564E-04;2,89780E-04;5,32467E-04;5,26832E-04;7,20214E-04;7,29655E-04;8,61482E-04;9,64232E-04;1,30012E-03;1,13317E-03;1,19703E-03;1,54408E-03;1,57386E-03;1,75548E-03;2,02292E-03;2,46044E-03;2,06287E-03;4,52216E-03;1,07933E-02;1,71618E-02;2,40555E-02;3,06222E-02;3,72068E-02;4,42422E-02;5,04905E-02;5,70823E-02;6,40619E-02;6,99223E-02;7,71807E-02;8,30685E-02;8,96849E-02;9,66916E-02;1,03196E-01;1,08938E-01;1,15114E-01;1,20808E-01;1,27845E-01
709;2,87335E-03;7,09602E-03;1,08002E-02;1,51311E-02;1,92756E-02;2,26172E-02;2,61713E-02;3,09835E-02;3,44734E-02;3,79481E-02;4,11054E-02;4,39610E-02;4,78458E-02;5,31920E-02;5,51662E-02;5,72637E-02;6,30672E-02;6,55562E-02;6,90155E-02;7,15131E-02;7,03576E-05;1,23934E-04;1,54390E-04;1,70916E-04;3,35159E-04;4,19670E-04;5,53965E-04;7,43956E-04;8,59154E-04;7,80331E-04;8,67802E-04;8,55550E-04;1,49771E-03;1,02714E-03;1,28602E-03;1,40329E-03;1,89530E-03;1,81232E-03;2,11847E-03;2,28638E-03;4,83883E-03;1,14871E-02;1,83772E-02;2,53593E-02;3,23242E-02;3,94088E-02;4,66657E-02;5,39992E-02;6,11493E-02;6,79002E-02;7,40394E-02;8,12832E-02;8,88748E-02;9,52180E-02;1,02293E-01;1,08371E-01;1,15303E-01;1,20720E-01;1,28076E-01;1,34468E-01
710;2,69624E-03;6,66088E-03;1,06110E-02;1,47262E-02;1,81551E-02;2,26955E-02;2,53282E-02;2,86783E-02;3,29597E-02;3,64146E-02;3,99420E-02;4,36291E-02;4,67477E-02;4,95227E-02;5,49958E-02;5,56910E-02;6,10016E-02;6,35104E-02;6,74370E-02;6,85209E-02;8,32057E-07;4,64270E-05;1,85041E-04;3,13245E-04;2,89942E-04;5,65756E-04;5,27288E-04;5,14724E-04;5,27479E-04;6,87312E-04;8,94605E-04;8,89556E-04;9,95485E-04;9,21545E-04;1,07158E-03;1,09281E-03;1,47781E-03;1,24411E-03;1,75306E-03;1,80410E-03;5,17035E-03;1,24637E-02;1,96254E-02;2,71371E-02;3,46519E-02;4,17864E-02;5,01762E-02;5,74617E-02;6,44789E-02;7,22021E-02;7,89337E-02;8,60468E-02;9,30468E-02;1,00640E-01;1,08332E-01;1,14978E-01;1,22009E-01;1,28637E-01;1,35893E-01;1,42470E-01
711;2,64277E-03;6,47408E-03;1,01361E-02;1,42978E-02;1,75595E-02;2,10564E-02;2,50455E-02;2,86710E-02;3,21271E-02;3,50259E-02;3,83770E-02;4,08108E-02;4,57727E-02;4,80690E-02;5,11451E-02;5,59585E-02;5,83600E-02;6,22651E-02;6,34082E-02;6,83354E-02;1,37986E-05;1,31146E-04;1,81299E-04;2,28383E-04;2,83492E-04;2,90407E-04;5,00807E-04;5,99285E-04;7,00928E-04;8,61476E-04;5,67270E-04;8,94595E-04;8,19782E-04;1,06297E-03;1,14264E-03;1,41889E-03;1,30777E-03;1,61292E-03;1,52736E-03;1,70662E-03;5,50335E-03;1,31773E-02;2,08421E-02;2,92219E-02;3,70342E-02;4,48746E-02;5,28103E-02;6,05099E-02;6,89256E-02;7,56906E-02;8,36272E-02;9,13380E-02;9,87205E-02;1,06462E-01;1,13671E-01;1,21555E-01;1,28187E-01;1,35791E-01;1,42723E-01;1,48783E-01
712;2,55163E-03;6,37153E-03;9,95543E-03;1,38386E-02;1,71975E-02;2,00860E-02;2,40517E-02;2,76967E-02;3,07002E-02;3,40203E-02;3,68979E-02;4,12135E-02;4,36453E-02;4,72679E-02;5,16754E-02;5,22747E-02;5,62426E-02;5,97721E-02;6,18498E-02;6,55904E-02;3,44612E-05;1,20511E-04;1,10517E-04;1,37143E-04;3,50429E-04;2,33136E-04;3,55893E-04;3,72876E-04;4,87194E-04;6,82989E-04;8,52232E-04;6,25379E-04;8,48507E-04;1,13965E-03;1,09958E-03;1,28957E-03;1,09285E-03;1,21622E-03;1,59523E-03;1,83985E-03;5,83054E-03;1,38943E-02;2,21186E-02;3,08231E-02;3,91139E-02;4,73594E-02;5,55084E-02;6,39848E-02;7,19710E-02;8,00750E-02;8,82238E-02;9,63223E-02;1,04521E-01;1,12035E-01;1,19800E-01;1,28150E-01;1,34460E-01;1,42106E-01;1,49517E-01;1,56017E-01
713;2,51431E-03;6,16208E-03;9,73339E-03;1,34208E-02;1,68836E-02;1,95898E-02;2,35807E-02;2,67563E-02;2,97718E-02;3,30339E-02;3,62609E-02;3,93022E-02;4,23316E-02;4,58948E-02;4,94390E-02;4,98708E-02;5,40275E-02;5,71470E-02;6,03897E-02;6,38694E-02;5,03834E-05;6,97856E-05;1,26127E-04;1,58605E-04;2,98253E-04;2,32672E-04;3,44669E-04;3,75579E-04;4,50906E-04;8,12051E-04;7,69588E-04;6,81369E-04;1,02414E-03;1,03104E-03;1,04982E-03;1,14380E-03;1,00881E-03;1,08189E-03;1,34097E-03;2,01814E-03;6,23303E-03;1,47375E-02;2,36637E-02;3,23562E-02;4,11194E-02;5,01541E-02;5,88912E-02;6,73012E-02;7,61419E-02;8,53990E-02;9,27390E-02;1,01649E-01;1,09895E-01;1,17094E-01;1,26019E-01;1,33984E-01;1,41393E-01;1,48840E-01;1,56626E-01;1,63639E-01
714;2,45043E-03;5,79233E-03;9,34746E-03;1,26351E-02;1,60833E-02;1,90231E-02;2,23508E-02;2,63060E-02;2,92159E-02;3,21731E-02;3,52643E-02;3,80524E-02;4,19115E-02;4,47773E-02;4,58670E-02;4,97021E-02;5,11211E-02;5,55584E-02;5,98545E-02;6,03066E-02;5,71408E-05;1,08346E-04;1,64817E-04;1,89102E-04;2,08759E-04;3,59257E-04;3,87776E-04;5,14532E-04;4,57753E-04;7,21310E-04;6,84944E-04;5,17286E-04;6,71908E-04;1,01551E-03;1,11847E-03;8,82059E-04;1,31549E-03;8,40176E-04;1,23370E-03;1,34484E-03;6,51825E-03;1,55723E-02;2,44956E-02;3,43242E-02;4,32135E-02;5,27411E-02;6,16517E-02;7,09498E-02;7,97751E-02;8,91499E-02;9,74238E-02;1,06710E-01;1,14741E-01;1,23656E-01;1,31281E-01;1,39834E-01;1,48326E-01;1,55658E-01;1,62747E-01;1,71168E-01
715;2,40939E-03;5,50759E-03;9,11047E-03;1,23923E-02;1,59186E-02;1,86182E-02;2,10600E-02;2,53404E-02;2,83400E-02;3,09803E-02;3,40708E-02;3,66473E-02;4,03201E-02;4,18820E-02;4,36788E-02;4,84778E-02;5,17661E-02;5,49287E-02;5,70620E-02;5,84566E-02;1,31475E-05;5,59095E-05;1,69238E-04;1,47301E-04;1,86526E-04;2,48043E-04;2,83541E-04;3,41956E-04;6,60233E-04;5,58059E-04;6,04700E-04;9,17586E-04;8,13928E-04;1,21915E-03;7,50213E-04;7,17293E-04;1,47961E-03;1,54404E-03;1,10466E-03;1,61030E-03;7,04631E-03;1,64610E-02;2,61205E-02;3,58064E-02;4,55421E-02;5,49619E-02;6,48046E-02;7,46809E-02;8,42307E-02;9,31373E-02;1,01381E-01;1,11039E-01;1,20101E-01;1,28539E-01;1,36640E-01;1,46561E-01;1,53801E-01;1,63117E-01;1,70686E-01;1,78912E-01
716;2,31210E-03;5,47732E-03;9,03579E-03;1,18274E-02;1,49588E-02;1,81682E-02;2,12660E-02;2,39834E-02;2,70256E-02;3,04617E-02;3,31969E-02;3,54043E-02;3,87672E-02;4,14961E-02;4,47352E-02;4,66725E-02;4,86410E-02;5,16514E-02;5,35336E-02;5,74095E-02;2,29354E-05;8,45673E-05;7,93915E-05;1,56513E-04;2,28203E-04;1,61203E-04;3,24735E-04;3,41919E-04;4,87636E-04;5,83091E-04;5,47937E-04;9,16416E-04;6,29450E-04;8,45319E-04;6,91113E-04;6,91826E-04;1,01271E-03;1,40499E-03;8,88278E-04;1,70956E-03;7,36944E-03;1,73801E-02;2,72348E-02;3,80043E-02;4,77088E-02;5,78370E-02;6,76130E-02;7,77863E-02;8,77118E-02;9,74015E-02;1,06461E-01;1,15772E-01;1,24693E-01;1,34600E-01;1,43853E-01;1,52022E-01;1,61509E-01;1,69462E-01;1,77495E-01;1,86499E-01
717;2,23755E-03;5,31457E-03;8,41863E-03;1,16058E-02;1,44513E-02;1,76750E-02;2,14360E-02;2,35870E-02;2,62910E-02;2,83815E-02;3,23198E-02;3,43885E-02;3,66332E-02;3,87942E-02;4,31398E-02;4,51179E-02;4,67601E-02;5,08085E-02;5,11591E-02;5,59408E-02;2,76819E-05;8,48447E-05;1,09014E-04;1,55284E-04;1,43770E-04;1,48793E-04;2,67998E-04;3,10496E-04;5,05426E-04;5,51196E-04;6,35843E-04;1,03749E-03;7,52343E-04;7,19009E-04;7,98973E-04;7,57653E-04;1,18170E-03;1,27386E-03;9,86622E-04;1,48825E-03;7,71278E-03;1,81249E-02;2,86181E-02;3,94751E-02;4,99476E-02;6,04829E-02;7,07522E-02;8,08269E-02;9,15200E-02;1,00745E-01;1,10815E-01;1,20415E-01;1,29551E-01;1,38852E-01;1,47563E-01;1,57817E-01;1,66399E-01;1,75651E-01;1,83210E-01;1,91234E-01
718;2,12977E-03;5,15942E-03;8,13633E-03;1,12546E-02;1,40921E-02;1,71716E-02;1,97329E-02;2,27230E-02;2,57540E-02;2,77383E-02;3,03342E-02;3,40345E-02;3,57601E-02;3,83346E-02;4,24149E-02;4,19694E-02;4,67780E-02;4,87544E-02;4,91715E-02;5,44179E-02;5,69060E-05;2,37961E-05;8,72504E-05;1,44441E-04;2,64612E-04;3,71070E-04;2,31481E-04;3,64156E-04;4,04960E-04;3,70682E-04;3,16233E-04;6,07738E-04;6,30704E-04;8,28946E-04;1,18775E-03;7,56181E-04;1,15922E-03;1,20983E-03;1,21737E-03;1,29169E-03;8,02148E-03;1,89481E-02;3,00878E-02;4,11063E-02;5,19067E-02;6,29298E-02;7,36264E-02;8,43596E-02;9,46434E-02;1,04860E-01;1,14737E-01;1,24584E-01;1,34286E-01;1,44057E-01;1,53637E-01;1,62547E-01;1,72390E-01;1,80391E-01;1,90037E-01;1,98393E-01
719;2,04697E-03;4,95582E-03;7,76593E-03;1,06951E-02;1,34262E-02;1,62662E-02;2,01423E-02;2,05947E-02;2,38667E-02;2,70974E-02;2,96085E-02;3,25223E-02;3,58663E-02;3,72027E-02;3,91159E-02;4,33929E-02;4,51995E-02;4,56483E-02;5,02801E-02;5,18335E-02;2,33989E-05;5,49827E-05;7,35255E-05;1,04684E-04;2,31521E-04;1,89825E-04;3,71845E-04;2,09123E-04;3,20655E-04;3,61044E-04;3,52100E-04;5,39443E-04;7,48964E-04;5,48864E-04;4,29653E-04;7,27359E-04;9,06107E-04;1,05882E-03;1,03783E-03;1,11456E-03;8,44380E-03;1,97838E-02;3,11189E-02;4,27693E-02;5,41740E-02;6,49642E-02;7,59432E-02;8,72686E-02;9,73598E-02;1,08267E-01;1,19009E-01;1,28330E-01;1,38217E-01;1,48342E-01;1,57630E-01;1,67385E-01;1,76653E-01;1,86566E-01;1,95335E-01;2,03592E-01
720;1,98346E-03;5,01698E-03;7,49564E-03;1,06397E-02;1,30882E-02;1,60556E-02;1,83010E-02;2,05669E-02;2,33765E-02;2,65825E-02;2,83784E-02;3,07585E-02;3,45632E-02;3,62145E-02;3,94147E-02;4,20189E-02;4,26785E-02;4,48999E-02;4,76613E-02;4,89414E-02;8,05804E-06;5,24253E-05;8,97359E-05;4,40012E-05;2,62857E-04;1,26097E-04;1,16238E-04;1,02526E-04;3,15270E-04;2,23912E-04;2,01367E-04;4,51165E-04;4,97382E-04;4,17985E-04;7,70845E-04;4,30612E-04;9,94508E-04;7,74076E-04;8,69769E-04;8,73195E-04;8,86874E-03;2,09072E-02;3,26917E-02;4,45612E-02;5,61408E-02;6,79117E-02;7,91617E-02;9,06062E-02;1,01261E-01;1,11693E-01;1,22179E-01;1,32763E-01;1,42793E-01;1,53612E-01;1,63907E-01;1,73431E-01;1,81941E-01;1,90392E-01;2,00919E-01;2,09285E-01
721;1,96697E-03;4,86912E-03;7,44899E-03;1,00856E-02;1,30134E-02;1,54310E-02;1,80793E-02;2,03988E-02;2,33473E-02;2,54411E-02;2,78970E-02;2,97446E-02;3,35926E-02;3,57512E-02;3,75229E-02;3,96887E-02;4,14449E-02;4,43441E-02;4,68690E-02;4,84428E-02;4,44037E-05;1,87023E-05;1,09828E-04;2,34117E-05;1,62490E-04;2,54050E-04;1,61778E-04;2,28421E-04;2,67416E-04;2,73337E-04;3,16418E-04;7,72609E-04;6,48867E-04;4,88293E-04;6,62540E-04;6,48050E-04;8,79958E-04;8,64702E-04;8,89796E-04;1,09345E-03;9,29083E-03;2,17597E-02;3,41022E-02;4,63231E-02;5,85993E-02;7,04743E-02;8,17429E-02;9,33605E-02;1,04729E-01;1,15730E-01;1,26267E-01;1,37219E-01;1,46643E-01;1,57850E-01;1,67926E-01;1,77007E-01;1,86428E-01;1,97256E-01;2,07086E-01;2,13188E-01
722;1,94476E-03;4,60530E-03;7,18929E-03;9,83318E-03;1,24117E-02;1,45753E-02;1,77211E-02;2,01256E-02;2,18294E-02;2,47718E-02;2,73375E-02;2,95311E-02;3,21797E-02;3,46498E-02;3,62076E-02;3,87183E-02;4,09433E-02;4,30968E-02;4,45603E-02;4,52614E-02;7,67490E-05;9,06738E-06;1,19085E-04;1,67382E-04;1,27483E-04;2,69148E-04;2,88764E-04;3,88857E-04;4,15393E-04;4,68085E-04;6,03404E-04;5,71988E-04;6,71379E-04;5,46701E-04;7,03630E-04;6,94023E-04;8,30787E-04;7,16476E-04;8,02208E-04;1,01443E-03;9,73715E-03;2,28497E-02;3,55163E-02;4,81396E-02;6,08337E-02;7,29630E-02;8,44132E-02;9,60740E-02;1,07643E-01;1,18914E-01;1,29805E-01;1,40500E-01;1,50321E-01;1,61677E-01;1,71981E-01;1,82244E-01;1,92033E-01;2,00655E-01;2,10768E-01;2,18866E-01
723;1,84208E-03;4,43513E-03;6,77286E-03;9,63727E-03;1,18620E-02;1,40247E-02;1,65256E-02;1,92115E-02;2,14041E-02;2,31828E-02;2,57031E-02;2,85859E-02;3,05733E-02;3,14447E-02;3,40784E-02;3,68144E-02;3,98956E-02;4,22055E-02;4,26969E-02;4,47698E-02;8,01296E-06;3,27139E-05;5,54253E-05;1,48569E-04;2,66835E-04;2,47010E-04;3,34504E-04;2,06179E-04;3,04241E-04;5,98686E-04;3,38674E-04;6,03782E-04;3,00984E-04;3,56860E-04;6,57257E-04;4,28294E-04;1,07281E-03;4,71262E-04;1,02325E-03;1,02351E-03;1,01815E-02;2,37392E-02;3,68921E-02;5,02681E-02;6,25150E-02;7,48874E-02;8,73006E-02;9,88634E-02;1,10703E-01;1,21393E-01;1,33416E-01;1,44343E-01;1,55000E-01;1,64684E-01;1,74744E-01;1,86752E-01;1,95744E-01;2,04973E-01;2,15968E-01;2,24484E-01
724;1,70019E-03;4,21751E-03;6,66090E-03;9,13482E-03;1,15152E-02;1,34320E-02;1,62554E-02;1,82154E-02;2,04854E-02;2,31165E-02;2,41132E-02;2,68865E-02;2,93110E-02;3,25367E-02;3,33267E-02;3,64155E-02;3,88486E-02;3,93616E-02;4,14226E-02;4,18192E-02;0,00000E+00;2,78040E-05;5,76053E-05;1,45268E-04;1,42712E-04;1,14490E-04;8,35079E-05;3,44685E-04;4,17678E-04;2,94046E-04;2,73477E-04;3,99732E-04;6,25195E-04;3,59583E-04;7,08142E-04;5,89981E-04;7,28335E-04;3,20750E-04;9,21227E-04;7,11891E-04;1,06208E-02;2,45853E-02;3,83314E-02;5,15609E-02;6,50010E-02;7,75962E-02;9,06634E-02;1,01680E-01;1,13810E-01;1,25177E-01;1,36324E-01;1,47009E-01;1,58013E-01;1,68119E-01;1,79437E-01;1,88198E-01;1,99265E-01;2,08048E-01;2,18345E-01;2,27600E-01
725;1,64013E-03;4,20531E-03;6,38539E-03;8,88421E-03;1,13949E-02;1,34531E-02;1,60334E-02;1,79329E-02;1,97110E-02;2,15805E-02;2,49594E-02;2,65465E-02;2,87930E-02;3,12480E-02;3,16796E-02;3,47214E-02;3,73089E-02;4,01345E-02;4,02547E-02;4,11637E-02;1,24356E-06;1,54937E-05;4,63461E-05;1,42323E-04;2,10598E-04;1,90478E-04;1,81773E-04;1,72937E-04;2,35597E-04;2,57780E-04;1,79607E-04;5,06855E-04;4,80229E-04;5,08178E-04;6,32374E-04;2,76907E-04;3,94135E-04;5,23894E-04;7,81754E-04;8,55517E-04;1,11226E-02;2,57387E-02;4,00416E-02;5,37583E-02;6,72287E-02;7,96935E-02;9,26401E-02;1,04552E-01;1,16781E-01;1,28534E-01;1,38894E-01;1,50916E-01;1,61055E-01;1,71708E-01;1,81703E-01;1,92208E-01;2,02551E-01;2,12138E-01;2,22412E-01;2,29781E-01
726;1,67547E-03;3,95306E-03;6,21168E-03;8,51184E-03;1,10548E-02;1,29624E-02;1,54182E-02;1,74295E-02;1,97048E-02;2,06593E-02;2,34005E-02;2,56771E-02;2,69599E-02;3,00169E-02;3,09244E-02;3,25640E-02;3,56017E-02;3,71462E-02;3,95189E-02;4,18855E-02;2,51000E-05;2,72849E-05;9,14679E-05;1,10095E-04;1,09473E-04;2,12534E-04;1,62566E-04;1,16850E-04;2,37180E-04;2,91993E-04;4,10644E-04;5,55622E-04;6,59691E-04;4,86812E-04;5,41560E-04;4,31331E-04;7,06208E-04;7,15021E-04;6,81042E-04;5,96710E-04;1,16647E-02;2,71774E-02;4,17483E-02;5,61236E-02;6,92901E-02;8,23431E-02;9,54183E-02;1,07333E-01;1,19576E-01;1,31012E-01;1,41679E-01;1,54080E-01;1,63838E-01;1,74136E-01;1,85158E-01;1,95781E-01;2,05888E-01;2,15131E-01;2,24493E-01;2,33531E-01
727;1,53214E-03;3,83394E-03;6,04321E-03;8,46304E-03;1,06462E-02;1,30391E-02;1,51742E-02;1,67831E-02;1,86095E-02;2,13088E-02;2,37698E-02;2,54235E-02;2,67563E-02;2,94069E-02;3,02007E-02;3,20075E-02;3,61074E-02;3,53389E-02;3,84523E-02;3,92101E-02;3,57727E-05;3,15951E-05;1,80864E-05;2,05069E-04;4,11505E-05;1,63916E-04;1,28980E-05;1,41096E-04;3,40755E-04;1,13038E-04;3,24539E-04;5,65943E-04;4,25608E-04;3,49706E-04;5,56794E-04;2,77561E-04;3,83092E-04;9,88053E-04;7,74282E-04;3,98548E-04;1,22749E-02;2,80032E-02;4,30030E-02;5,77910E-02;7,12322E-02;8,51999E-02;9,74403E-02;1,10472E-01;1,22529E-01;1,33187E-01;1,44542E-01;1,56118E-01;1,67299E-01;1,77099E-01;1,87114E-01;1,97738E-01;2,07690E-01;2,17710E-01;2,26649E-01;2,35179E-01
728;1,45564E-03;3,92601E-03;6,01038E-03;7,94537E-03;9,81487E-03;1,18906E-02;1,45482E-02;1,64385E-02;1,81266E-02;1,98296E-02;2,32791E-02;2,45837E-02;2,65263E-02;2,87319E-02;3,05875E-02;3,27794E-02;3,31199E-02;3,53110E-02;3,60586E-02;3,99665E-02;7,66218E-05;2,28049E-05;0,00000E+00;1,99310E-05;6,61600E-05;7,56876E-05;3,09241E-05;2,78068E-04;1,18491E-04;3,89481E-04;3,89587E-04;2,38286E-04;4,44169E-04;3,79924E-04;8,00107E-04;5,70648E-04;3,97951E-04;8,17502E-04;7,28498E-04;4,83699E-04;1,29250E-02;2,89810E-02;4,48409E-02;5,90250E-02;7,38096E-02;8,74888E-02;1,00186E-01;1,12788E-01;1,24741E-01;1,36583E-01;1,47383E-01;1,58881E-01;1,69427E-01;1,81279E-01;1,90647E-01;2,00829E-01;2,10035E-01;2,19810E-01;2,30056E-01;2,39478E-01
729;1,43398E-03;3,50423E-03;5,68585E-03;7,81829E-03;9,54991E-03;1,20540E-02;1,32967E-02;1,62742E-02;1,76096E-02;1,94744E-02;2,14833E-02;2,38826E-02;2,46750E-02;2,65660E-02;2,83793E-02;3,10350E-02;3,22529E-02;3,42384E-02;3,47999E-02;3,79313E-02;2,19118E-05;1,07466E-04;2,04335E-05;7,97966E-05;1,66064E-04;1,05011E-04;6,22341E-05;3,48242E-04;2,69886E-04;3,53750E-04;1,78717E-04;3,53566E-04;4,42004E-04;3,48133E-04;5,91932E-04;4,45624E-04;5,57346E-04;5,83121E-04;2,49642E-04;4,06739E-04;1,33084E-02;3,00610E-02;4,58888E-02;6,11812E-02;7,57903E-02;8,92734E-02;1,02307E-01;1,14900E-01;1,26920E-01;1,39909E-01;1,50650E-01;1,60966E-01;1,71732E-01;1,81490E-01;1,91981E-01;2,01836E-01;2,12014E-01;2,21181E-01;2,31042E-01;2,40352E-01
730;1,40316E-03;3,42350E-03;5,63514E-03;7,43701E-03;9,59231E-03;1,14540E-02;1,34647E-02;1,49964E-02;1,62291E-02;1,86785E-02;2,04132E-02;2,20766E-02;2,40261E-02;2,56328E-02;2,75283E-02;2,96785E-02;3,11108E-02;3,36297E-02;3,51501E-02;3,57197E-02;7,64066E-06;4,53095E-05;9,11927E-05;7,45550E-05;1,91404E-04;2,15678E-04;2,32404E-04;3,21402E-04;2,08638E-04;3,12354E-04;3,40984E-04;3,78005E-04;2,30736E-04;2,37843E-04;2,42778E-04;5,36388E-04;4,92960E-04;4,23834E-04;5,29201E-04;6,30568E-04;1,38301E-02;3,12195E-02;4,73105E-02;6,24980E-02;7,70029E-02;9,07645E-02;1,03973E-01;1,16258E-01;1,28704E-01;1,40449E-01;1,51553E-01;1,62592E-01;1,74141E-01;1,83961E-01;1,95523E-01;2,03718E-01;2,14333E-01;2,23511E-01;2,32505E-01;2,41722E-01
731;1,38440E-03;3,26761E-03;5,19565E-03;7,11976E-03;9,11028E-03;1,11130E-02;1,28609E-02;1,46578E-02;1,60400E-02;1,77745E-02;2,01069E-02;2,20920E-02;2,34676E-02;2,54498E-02;2,73340E-02;2,83792E-02;3,05953E-02;3,24697E-02;3,30288E-02;3,46664E-02;4,21866E-06;3,54785E-05;7,86683E-05;1,07078E-04;3,52663E-05;6,16376E-05;2,68977E-04;3,86714E-04;2,82870E-04;3,25512E-04;3,01577E-04;3,96961E-04;4,82953E-04;3,49871E-04;4,94957E-04;7,03996E-04;4,81725E-04;7,01940E-04;6,53459E-04;5,20719E-04;1,43193E-02;3,20721E-02;4,84276E-02;6,35466E-02;7,83178E-02;9,23056E-02;1,05339E-01;1,18310E-01;1,30142E-01;1,41843E-01;1,53379E-01;1,64768E-01;1,74826E-01;1,86012E-01;1,95236E-01;2,04588E-01;2,15553E-01;2,26011E-01;2,34065E-01;2,42658E-01
732;1,26246E-03;3,30694E-03;4,98101E-03;6,94695E-03;9,23728E-03;1,14804E-02;1,26253E-02;1,44411E-02;1,57874E-02;1,79437E-02;1,90708E-02;2,13029E-02;2,33969E-02;2,50137E-02;2,58795E-02;2,81767E-02;2,91517E-02;2,94346E-02;3,22220E-02;3,43713E-02;4,59808E-05;9,61328E-05;1,86227E-04;5,63587E-06;2,63722E-04;1,98865E-04;2,29778E-04;3,71398E-04;2,38957E-04;1,36760E-05;4,02610E-04;3,63285E-04;3,17209E-04;3,10295E-04;4,54947E-04;2,06270E-04;2,85171E-04;3,44910E-04;5,85558E-04;7,36120E-04;1,45714E-02;3,25210E-02;4,88253E-02;6,45485E-02;7,91319E-02;9,29014E-02;1,06584E-01;1,19119E-01;1,32108E-01;1,42901E-01;1,54097E-01;1,65627E-01;1,78390E-01;1,85965E-01;1,97121E-01;2,07409E-01;2,14837E-01;2,26128E-01;2,34016E-01;2,41527E-01
733;1,29456E-03;3,40091E-03;5,00811E-03;6,81788E-03;8,72462E-03;1,03068E-02;1,26280E-02;1,35001E-02;1,55104E-02;1,65838E-02;1,87093E-02;2,11039E-02;2,34154E-02;2,30433E-02;2,44184E-02;2,55547E-02;2,71359E-02;3,08374E-02;3,08707E-02;3,43459E-02;8,86897E-06;7,13148E-05;6,58926E-05;1,04405E-04;1,93457E-04;7,06424E-05;1,59293E-04;3,71516E-04;2,88526E-04;8,44499E-05;3,34681E-04;2,23409E-04;6,10905E-05;6,55081E-04;5,92181E-04;2,68300E-04;1,98103E-04;3,99179E-04;1,00182E-03;7,01557E-05;1,48949E-02;3,27374E-02;4,93680E-02;6,48178E-02;7,94596E-02;9,34544E-02;1,07640E-01;1,19781E-01;1,32271E-01;1,44922E-01;1,54659E-01;1,65946E-01;1,76625E-01;1,86632E-01;1,97393E-01;2,07107E-01;2,15843E-01;2,24630E-01;2,34714E-01;2,43687E-01
734;1,26840E-03;3,06678E-03;4,77547E-03;6,45499E-03;8,37929E-03;1,00820E-02;1,15569E-02;1,29746E-02;1,47636E-02;1,60833E-02;1,87632E-02;1,93205E-02;2,09447E-02;2,31928E-02;2,41010E-02;2,66206E-02;2,72880E-02;2,86716E-02;2,95792E-02;3,14044E-02;3,36627E-05;5,10602E-05;4,50485E-05;1,49779E-04;1,82143E-04;1,46403E-04;6,45926E-05;2,81781E-04;1,55224E-04;1,59540E-04;1,07183E-04;2,23343E-04;2,89980E-04;1,98460E-04;4,92625E-04;1,73276E-04;3,79309E-04;3,61256E-04;8,90751E-04;2,85317E-04;1,48532E-02;3,27330E-02;4,91291E-02;6,50035E-02;7,94366E-02;9,31863E-02;1,06425E-01;1,19353E-01;1,31761E-01;1,43123E-01;1,53690E-01;1,65156E-01;1,75619E-01;1,85773E-01;1,95308E-01;2,04517E-01;2,15540E-01;2,24385E-01;2,33124E-01;2,40947E-01
735;1,15405E-03;2,97426E-03;4,87665E-03;6,23190E-03;8,00408E-03;9,79921E-03;1,06209E-02;1,26805E-02;1,44679E-02;1,56596E-02;1,75377E-02;1,86054E-02;2,06210E-02;2,20376E-02;2,36110E-02;2,53354E-02;2,56405E-02;2,84736E-02;2,91862E-02;2,98450E-02;2,42298E-05;2,98958E-05;3,18150E-05;7,84630E-05;2,54102E-04;1,06619E-04;1,28814E-04;1,40013E-04;2,50493E-04;1,51898E-04;4,52488E-05;3,60421E-04;2,16363E-04;2,48342E-04;4,06840E-04;3,60973E-04;6,79429E-04;7,62263E-04;6,85713E-04;1,97939E-04;1,45724E-02;3,21601E-02;4,81042E-02;6,39853E-02;7,81670E-02;9,19455E-02;1,05130E-01;1,17954E-01;1,29593E-01;1,41916E-01;1,51913E-01;1,63527E-01;1,75057E-01;1,84010E-01;1,93310E-01;2,03249E-01;2,14079E-01;2,22603E-01;2,30943E-01;2,38895E-01
736;1,21548E-03;2,94887E-03;4,42063E-03;6,06243E-03;7,58343E-03;9,50048E-03;1,00374E-02;1,27362E-02;1,39118E-02;1,50974E-02;1,66596E-02;1,75001E-02;2,04690E-02;2,12045E-02;2,11994E-02;2,43251E-02;2,49484E-02;2,57005E-02;2,80103E-02;3,03533E-02;1,25206E-05;3,72145E-07;1,11297E-04;6,07862E-05;2,37174E-04;2,11828E-05;2,17792E-05;1,68380E-04;1,12465E-04;1,22063E-04;8,36658E-06;3,95052E-04;2,48123E-04;3,01511E-04;2,52487E-04;5,65497E-05;3,03154E-04;4,40434E-04;7,59756E-04;4,64122E-04;1,40939E-02;3,13197E-02;4,69709E-02;6,25850E-02;7,68132E-02;9,01516E-02;1,02169E-01;1,15154E-01;1,27630E-01;1,38708E-01;1,48639E-01;1,59883E-01;1,72147E-01;1,80292E-01;1,91282E-01;1,99644E-01;2,10730E-01;2,17990E-01;2,26543E-01;2,35954E-01
737;1,04612E-03;2,74863E-03;4,27227E-03;5,91446E-03;7,83272E-03;8,89000E-03;9,93399E-03;1,27283E-02;1,38158E-02;1,51482E-02;1,58592E-02;1,79890E-02;1,96340E-02;2,00626E-02;2,10368E-02;2,32222E-02;2,48129E-02;2,59861E-02;2,69558E-02;3,02934E-02;5,26438E-06;1,05620E-06;9,35755E-05;3,40770E-05;6,85798E-06;2,44442E-04;7,40531E-05;3,79250E-04;1,78330E-05;1,05747E-04;3,66677E-04;2,15371E-04;3,06214E-04;4,57736E-04;4,19422E-04;3,11681E-04;5,94383E-04;3,63061E-04;3,81953E-04;2,39519E-04;1,34530E-02;2,99531E-02;4,50516E-02;5,99788E-02;7,41333E-02;8,73337E-02;9,91537E-02;1,11639E-01;1,24264E-01;1,34977E-01;1,46332E-01;1,56313E-01;1,66895E-01;1,77515E-01;1,86495E-01;1,95730E-01;2,05164E-01;2,13990E-01;2,22562E-01;2,31698E-01
738;1,10985E-03;2,54629E-03;4,28949E-03;5,73456E-03;7,23570E-03;8,75706E-03;1,03061E-02;1,18485E-02;1,27675E-02;1,50979E-02;1,57225E-02;1,74086E-02;1,95810E-02;1,95991E-02;2,09091E-02;2,21126E-02;2,42882E-02;2,50605E-02;2,61342E-02;2,75422E-02;1,45291E-05;1,84137E-05;1,09172E-04;4,65100E-05;1,05443E-04;4,17398E-05;1,48498E-04;4,19346E-04;1,27347E-04;1,26024E-04;3,62941E-04;2,56552E-04;3,61979E-04;1,01465E-04;4,68654E-04;3,00581E-04;4,85999E-04;4,71325E-04;7,34912E-04;6,30116E-04;1,26505E-02;2,81484E-02;4,29409E-02;5,75798E-02;7,06152E-02;8,32645E-02;9,57389E-02;1,07310E-01;1,19053E-01;1,31514E-01;1,40760E-01;1,51975E-01;1,62487E-01;1,71918E-01;1,81086E-01;1,90559E-01;1,99607E-01;2,08711E-01;2,16877E-01;2,24952E-01
739;1,04312E-03;2,54533E-03;4,07555E-03;5,63807E-03;6,91007E-03;8,22083E-03;9,97146E-03;1,11626E-02;1,31688E-02;1,43092E-02;1,56853E-02;1,62595E-02;1,82731E-02;1,97527E-02;2,04731E-02;2,14436E-02;2,28672E-02;2,51611E-02;2,54299E-02;2,68203E-02;9,96353E-06;9,10069E-05;7,96597E-05;8,47082E-05;1,34199E-04;0,00000E+00;2,45753E-04;8,42695E-05;8,51469E-05;2,10550E-04;2,30713E-04;9,44356E-05;2,27720E-04;1,39750E-04;1,12935E-04;2,46595E-04;5,01699E-04;5,11963E-04;3,23167E-04;5,21592E-04;1,15769E-02;2,60762E-02;3,97919E-02;5,38583E-02;6,64036E-02;7,85488E-02;9,06952E-02;1,02060E-01;1,13335E-01;1,25263E-01;1,35205E-01;1,44774E-01;1,55032E-01;1,65061E-01;1,74354E-01;1,83618E-01;1,93032E-01;2,01688E-01;2,09517E-01;2,19385E-01
740;1,07270E-03;2,60254E-03;3,69828E-03;5,39583E-03;6,83477E-03;7,67552E-03;9,30542E-03;1,08732E-02;1,22912E-02;1,40120E-02;1,52643E-02;1,59608E-02;1,76803E-02;1,92615E-02;2,04580E-02;2,04199E-02;2,22242E-02;2,38516E-02;2,54808E-02;2,60576E-02;3,89737E-06;8,93248E-05;1,51599E-05;1,66532E-05;1,25237E-04;2,30289E-04;9,36420E-05;0,00000E+00;1,35770E-04;2,50901E-04;3,77068E-04;1,96353E-04;8,63018E-05;6,17900E-05;3,68194E-04;3,13923E-04;3,58173E-04;2,11002E-04;2,79921E-04;7,71554E-04;1,04316E-02;2,38799E-02;3,68095E-02;4,99902E-02;6,16827E-02;7,34373E-02;8,48062E-02;9,62804E-02;1,06969E-01;1,17584E-01;1,26882E-01;1,37656E-01;1,47160E-01;1,56415E-01;1,65326E-01;1,77282E-01;1,84647E-01;1,94463E-01;2,01251E-01;2,10880E-01
741;9,06279E-04;2,38257E-03;3,79613E-03;5,26144E-03;6,62942E-03;7,79722E-03;9,55928E-03;9,93043E-03;1,23569E-02;1,36275E-02;1,41142E-02;1,64153E-02;1,70678E-02;1,75624E-02;1,77531E-02;2,03056E-02;2,16213E-02;2,27274E-02;2,39067E-02;2,54562E-02;5,97835E-07;1,15013E-06;6,95793E-05;1,00471E-04;1,51108E-05;1,67640E-04;2,25826E-04;2,62337E-04;4,68134E-06;6,02236E-05;1,57038E-04;1,19183E-04;1,82647E-04;3,90013E-04;4,35509E-04;2,15128E-04;4,25401E-04;4,76944E-04;1,41800E-04;5,08850E-04;9,23684E-03;2,13568E-02;3,35608E-02;4,54486E-02;5,65260E-02;6,78725E-02;7,80062E-02;8,93059E-02;9,93954E-02;1,09901E-01;1,19643E-01;1,29299E-01;1,39374E-01;1,49857E-01;1,58764E-01;1,66967E-01;1,75868E-01;1,84340E-01;1,92293E-01;2,02356E-01
742;9,45639E-04;2,47200E-03;3,78975E-03;5,22033E-03;6,26289E-03;7,44267E-03;8,73608E-03;1,02642E-02;1,09173E-02;1,25964E-02;1,36823E-02;1,44005E-02;1,57097E-02;1,85681E-02;1,78813E-02;1,87673E-02;2,11431E-02;2,29846E-02;2,34003E-02;2,37307E-02;4,07104E-05;6,76422E-05;2,17135E-06;3,00670E-05;4,78390E-05;1,35507E-05;9,12935E-05;2,60375E-04;2,52989E-04;2,00210E-04;9,05377E-05;1,23517E-04;1,10258E-04;9,73686E-05;1,20414E-04;1,80875E-04;1,84852E-04;4,96317E-04;1,24245E-04;3,98621E-04;8,02144E-03;1,92211E-02;2,99738E-02;4,10221E-02;5,14206E-02;6,17736E-02;7,17488E-02;8,26394E-02;9,13260E-02;1,02124E-01;1,10953E-01;1,21435E-01;1,30162E-01;1,39535E-01;1,48336E-01;1,57984E-01;1,65742E-01;1,73771E-01;1,81769E-01;1,91849E-01
743;8,98614E-04;2,30291E-03;3,71687E-03;5,05959E-03;6,24639E-03;7,33905E-03;8,35597E-03;1,03142E-02;1,12735E-02;1,26398E-02;1,35517E-02;1,44629E-02;1,63780E-02;1,75610E-02;1,83891E-02;1,91234E-02;1,97399E-02;2,14357E-02;2,24909E-02;2,34532E-02;2,04868E-05;1,64515E-05;1,95049E-05;1,49090E-05;1,01599E-04;5,58136E-05;1,54955E-04;1,91624E-04;1,45016E-04;3,61673E-04;2,80257E-04;3,38334E-04;3,11661E-04;3,23428E-04;3,03545E-04;8,02308E-05;2,09981E-04;3,28270E-04;1,89386E-04;2,89729E-04;6,95760E-03;1,66594E-02;2,65616E-02;3,66303E-02;4,62531E-02;5,63291E-02;6,50476E-02;7,47700E-02;8,39558E-02;9,35664E-02;1,02595E-01;1,11032E-01;1,19900E-01;1,28488E-01;1,37363E-01;1,47079E-01;1,54837E-01;1,63301E-01;1,71693E-01;1,80011E-01
744;8,96894E-04;2,29211E-03;3,22813E-03;4,87894E-03;5,86779E-03;7,19831E-03;8,34052E-03;9,71501E-03;1,15966E-02;1,13855E-02;1,30811E-02;1,40581E-02;1,56798E-02;1,67685E-02;1,77941E-02;1,86183E-02;1,91170E-02;2,04582E-02;2,15829E-02;2,29360E-02;0,00000E+00;1,41505E-05;9,16074E-06;9,06355E-05;4,87977E-05;5,36417E-05;8,89266E-05;2,47707E-05;1,97309E-04;1,76032E-04;4,37032E-04;1,82682E-04;2,12446E-04;7,04212E-05;2,92102E-04;5,44441E-04;1,98964E-04;2,04786E-04;5,11965E-04;1,35124E-04;5,94309E-03;1,44843E-02;2,31438E-02;3,21019E-02;4,15166E-02;4,94897E-02;5,82280E-02;6,70280E-02;7,62373E-02;8,51314E-02;9,35092E-02;1,01663E-01;1,09592E-01;1,18022E-01;1,27233E-01;1,34434E-01;1,43874E-01;1,51939E-01;1,60425E-01;1,68015E-01
745;9,56673E-04;2,22334E-03;3,59991E-03;4,37462E-03;6,30193E-03;6,88386E-03;7,79868E-03;9,26366E-03;1,04127E-02;1,15641E-02;1,30320E-02;1,34283E-02;1,51368E-02;1,57180E-02;1,64317E-02;1,67639E-02;1,94050E-02;2,10408E-02;2,08374E-02;2,20623E-02;0,00000E+00;6,57503E-05;4,19585E-06;6,98835E-05;5,63087E-05;1,12180E-04;4,91576E-05;1,24801E-04;2,60079E-04;4,95561E-04;1,06424E-04;2,36081E-04;4,28555E-04;1,50522E-04;3,15095E-04;6,60915E-05;1,05730E-04;6,30620E-04;9,29852E-04;4,58716E-04;5,06451E-03;1,24780E-02;1,99522E-02;2,82902E-02;3,60371E-02;4,35965E-02;5,19215E-02;5,98374E-02;6,81692E-02;7,58861E-02;8,32392E-02;9,18726E-02;9,98098E-02;1,07039E-01;1,14965E-01;1,22527E-01;1,31948E-01;1,39102E-01;1,46482E-01;1,54077E-01
746;8,87532E-04;2,18924E-03;3,24631E-03;4,48826E-03;5,66185E-03;6,82949E-03;7,84123E-03;9,04662E-03;1,04863E-02;1,09358E-02;1,26671E-02;1,28360E-02;1,45387E-02;1,50708E-02;1,76506E-02;1,66535E-02;1,86278E-02;1,90019E-02;1,96966E-02;2,13207E-02;2,65997E-05;4,08373E-05;7,83464E-05;7,49587E-05;5,58653E-05;9,25658E-05;9,65401E-05;2,30841E-04;4,13609E-04;2,01904E-04;2,68656E-04;2,37295E-05;3,46773E-05;1,37985E-04;8,22302E-05;1,64920E-05;3,63169E-04;3,52995E-04;1,14127E-04;4,90728E-04;4,23697E-03;1,06256E-02;1,72417E-02;2,44513E-02;3,13203E-02;3,87198E-02;4,59261E-02;5,30639E-02;6,01241E-02;6,74256E-02;7,55070E-02;8,23042E-02;9,01292E-02;9,80467E-02;1,05424E-01;1,11538E-01;1,19182E-01;1,27560E-01;1,33938E-01;1,41090E-01
747;8,53265E-04;1,96219E-03;3,02223E-03;4,13664E-03;5,61406E-03;6,89287E-03;7,94156E-03;8,69800E-03;1,03079E-02;1,09327E-02;1,19563E-02;1,30974E-02;1,35223E-02;1,53283E-02;1,54139E-02;1,70465E-02;1,81485E-02;1,89296E-02;2,07235E-02;2,02918E-02;9,93771E-07;5,55015E-05;9,42228E-05;9,76738E-05;3,91919E-05;6,01915E-05;9,30128E-05;3,00462E-04;7,34938E-05;2,06851E-04;1,04385E-04;2,39169E-04;3,47604E-04;2,30744E-04;2,75103E-04;2,34817E-04;1,07791E-04;5,85952E-04;2,48698E-04;3,56348E-04;3,58323E-03;9,03026E-03;1,49058E-02;2,11721E-02;2,72523E-02;3,38234E-02;3,99972E-02;4,65371E-02;5,28904E-02;6,00895E-02;6,66166E-02;7,36335E-02;8,04231E-02;8,72304E-02;9,41705E-02;1,00847E-01;1,08429E-01;1,15112E-01;1,22662E-01;1,29082E-01
748;8,00998E-04;1,96962E-03;3,04038E-03;4,31006E-03;5,32406E-03;6,46307E-03;7,48789E-03;8,54873E-03;9,96875E-03;1,01645E-02;1,17341E-02;1,38318E-02;1,38538E-02;1,47921E-02;1,57637E-02;1,63572E-02;1,73378E-02;1,79368E-02;1,89272E-02;2,07819E-02;3,27885E-06;5,78809E-05;8,65151E-05;7,38503E-05;1,36489E-04;0,00000E+00;1,14909E-04;1,48460E-04;9,85936E-05;9,58495E-05;3,23696E-04;1,75981E-04;7,01420E-04;4,89390E-04;3,63428E-04;3,95295E-04;2,23421E-04;6,78500E-04;5,20663E-04;6,55487E-04;2,98810E-03;7,57228E-03;1,27193E-02;1,82128E-02;2,36803E-02;2,91361E-02;3,47281E-02;4,06544E-02;4,68511E-02;5,29466E-02;5,89908E-02;6,50571E-02;7,19938E-02;7,81268E-02;8,35329E-02;9,00696E-02;9,68455E-02;1,03400E-01;1,10300E-01;1,16375E-01
749;8,11073E-04;2,01877E-03;3,15219E-03;4,43268E-03;5,45567E-03;5,96143E-03;7,21452E-03;8,11174E-03;9,31941E-03;1,03151E-02;1,14193E-02;1,25519E-02;1,40128E-02;1,42293E-02;1,55925E-02;1,57331E-02;1,67878E-02;1,77073E-02;1,81514E-02;1,88784E-02;2,10570E-05;4,61288E-05;0,00000E+00;6,60980E-06;1,59188E-04;3,19665E-05;2,86682E-04;0,00000E+00;1,55951E-04;1,80442E-05;4,84073E-05;2,52709E-04;2,42658E-04;2,44164E-04;3,62521E-04;4,76262E-04;3,46456E-04;3,27216E-04;3,97829E-04;4,22838E-04;2,50983E-03;6,43408E-03;1,07002E-02;1,55780E-02;2,02817E-02;2,53080E-02;2,96719E-02;3,51426E-02;4,06302E-02;4,59681E-02;5,16833E-02;5,74099E-02;6,32924E-02;6,91963E-02;7,41232E-02;8,13336E-02;8,66356E-02;9,28338E-02;9,87598E-02;1,04106E-01
750;7,92040E-04;1,83813E-03;2,92704E-03;3,73981E-03;5,12985E-03;6,03202E-03;6,88892E-03;7,05650E-03;9,69041E-03;1,04500E-02;1,06438E-02;1,13334E-02;1,37734E-02;1,30631E-02;1,47838E-02;1,55521E-02;1,61714E-02;1,70465E-02;1,70604E-02;1,87473E-02;5,55143E-05;1,44299E-06;3,29307E-05;6,09086E-06;7,99951E-05;5,56156E-05;7,18838E-05;3,04543E-05;0,00000E+00;1,38061E-04;3,03544E-04;2,81607E-04;2,47485E-05;2,11245E-04;4,74687E-05;2,92070E-04;2,23089E-05;1,35908E-04;3,19634E-04;3,75824E-04;2,10307E-03;5,43491E-03;9,03103E-03;1,32002E-02;1,73971E-02;2,17198E-02;2,60606E-02;3,03501E-02;3,53563E-02;3,99429E-02;4,49075E-02;5,00130E-02;5,51995E-02;6,04059E-02;6,51129E-02;6,99022E-02;7,71806E-02;8,20557E-02;8,79921E-02;9,29403E-02
751;7,29078E-04;1,78107E-03;2,73899E-03;3,92815E-03;4,87063E-03;6,34796E-03;6,77832E-03;7,65572E-03;8,27605E-03;9,80456E-03;1,14191E-02;1,09335E-02;1,25147E-02;1,31240E-02;1,37725E-02;1,46635E-02;1,68261E-02;1,59099E-02;1,69688E-02;1,80953E-02;1,60311E-05;9,85527E-06;2,76917E-05;4,15991E-05;3,07156E-05;1,33139E-04;8,24224E-05;2,12118E-04;4,53465E-05;2,11073E-04;4,43133E-05;1,66622E-04;9,59483E-05;2,68240E-04;2,11968E-04;2,57089E-04;8,24482E-06;3,23048E-04;2,23060E-04;1,20376E-04;1,77058E-03;4,61613E-03;7,67627E-03;1,11948E-02;1,46520E-02;1,84616E-02;2,21902E-02;2,66585E-02;3,06292E-02;3,52038E-02;3,89477E-02;4,37454E-02;4,81683E-02;5,29497E-02;5,73175E-02;6,16817E-02;6,74060E-02;7,18460E-02;7,74062E-02;8,30502E-02
752;6,54503E-04;1,77617E-03;2,69180E-03;3,63374E-03;4,86765E-03;5,42326E-03;6,46299E-03;8,11741E-03;7,59439E-03;9,05637E-03;1,06949E-02;1,05132E-02;1,17004E-02;1,30777E-02;1,33580E-02;1,45592E-02;1,50694E-02;1,61526E-02;1,73054E-02;1,80293E-02;0,00000E+00;0,00000E+00;2,08645E-05;1,19887E-04;0,00000E+00;1,26382E-04;2,47955E-04;9,71202E-05;1,16277E-04;2,77509E-04;0,00000E+00;2,01820E-04;8,06004E-05;4,09698E-04;2,64363E-04;1,19719E-04;2,50658E-04;6,15814E-04;3,41390E-04;4,59871E-04;1,52779E-03;3,90284E-03;6,50408E-03;9,44290E-03;1,26307E-02;1,58141E-02;1,90773E-02;2,28052E-02;2,65900E-02;3,00799E-02;3,37146E-02;3,80537E-02;4,15933E-02;4,57596E-02;5,02643E-02;5,44553E-02;5,89621E-02;6,33428E-02;6,77367E-02;7,32675E-02
753;6,08409E-04;1,79192E-03;2,53841E-03;3,37964E-03;4,38734E-03;5,57876E-03;6,61823E-03;7,59589E-03;7,55513E-03;8,63238E-03;9,46401E-03;1,04796E-02;1,15827E-02;1,27905E-02;1,24899E-02;1,39272E-02;1,50767E-02;1,57298E-02;1,67888E-02;1,79057E-02;2,52974E-05;2,36387E-06;5,17611E-05;6,79278E-05;1,22790E-05;1,71929E-04;6,35391E-05;3,28695E-05;1,79874E-04;5,12185E-04;1,06289E-04;1,07968E-04;5,40310E-05;4,02674E-04;2,59970E-04;2,19514E-04;2,45612E-04;5,85675E-04;4,04547E-05;1,07906E-04;1,27978E-03;3,27501E-03;5,59561E-03;8,04404E-03;1,08173E-02;1,35283E-02;1,68629E-02;1,98280E-02;2,27069E-02;2,55455E-02;2,91639E-02;3,29011E-02;3,65578E-02;4,01464E-02;4,39061E-02;4,74562E-02;5,14993E-02;5,51446E-02;5,94720E-02;6,43552E-02
754;6,76221E-04;1,40015E-03;2,72736E-03;3,75964E-03;3,86628E-03;5,40471E-03;6,29452E-03;6,91649E-03;7,85679E-03;8,51562E-03;9,24740E-03;9,54069E-03;1,16797E-02;1,14389E-02;1,26318E-02;1,22451E-02;1,52588E-02;1,71672E-02;1,45421E-02;1,83291E-02;3,11367E-05;1,78201E-06;1,03283E-05;0,00000E+00;1,11764E-04;5,93179E-07;0,00000E+00;1,38757E-04;5,54242E-06;3,84263E-06;0,00000E+00;1,92815E-04;3,87237E-04;2,09909E-04;2,37071E-04;4,48860E-04;2,75139E-04;0,00000E+00;2,13779E-05;8,00311E-06;1,09025E-03;2,88695E-03;4,82205E-03;6,91581E-03;9,26796E-03;1,18335E-02;1,41433E-02;1,68044E-02;1,93270E-02;2,23393E-02;2,51233E-02;2,84840E-02;3,16711E-02;3,50190E-02;3,79125E-02;4,20966E-02;4,55359E-02;4,89147E-02;5,20912E-02;5,55514E-02
755;6,51446E-04;1,54297E-03;2,38411E-03;3,34985E-03;4,08729E-03;5,32248E-03;5,71370E-03;6,86840E-03;7,36191E-03;8,62817E-03;9,86211E-03;1,05094E-02;9,93459E-03;1,14375E-02;1,28597E-02;1,26790E-02;1,40071E-02;1,41526E-02;1,46769E-02;1,62459E-02;3,68848E-05;4,49778E-05;3,33886E-05;4,19386E-05;2,40495E-04;1,39135E-05;0,00000E+00;1,11430E-04;1,73618E-04;1,87829E-04;0,00000E+00;0,00000E+00;2,58099E-04;2,51561E-04;3,26621E-05;3,48795E-04;1,67145E-04;7,38120E-05;6,89320E-04;2,55544E-04;9,30580E-04;2,50852E-03;4,18886E-03;5,98397E-03;8,04690E-03;1,00223E-02;1,21927E-02;1,42550E-02;1,66687E-02;1,94970E-02;2,22673E-02;2,43567E-02;2,73275E-02;3,00011E-02;3,31700E-02;3,66473E-02;3,91864E-02;4,22667E-02;4,58450E-02;4,95337E-02
756;6,01378E-04;1,50480E-03;2,36193E-03;3,46019E-03;3,97881E-03;5,27744E-03;5,76497E-03;6,66667E-03;7,16104E-03;8,55593E-03;9,53939E-03;9,32851E-03;9,83449E-03;1,12594E-02;1,26985E-02;1,26470E-02;1,34094E-02;1,36884E-02;1,51614E-02;1,51019E-02;3,15322E-05;7,21542E-05;6,10096E-05;7,94247E-05;1,52477E-04;3,32707E-05;0,00000E+00;1,90327E-05;2,66585E-04;1,85022E-04;1,94298E-04;0,00000E+00;0,00000E+00;2,52701E-04;2,11996E-04;2,03327E-04;0,00000E+00;2,28607E-04;7,99920E-04;2,70953E-04;7,91519E-04;2,10384E-03;3,49837E-03;5,15127E-03;6,76192E-03;8,65651E-03;1,04269E-02;1,23416E-02;1,46259E-02;1,68830E-02;1,91497E-02;2,11457E-02;2,34983E-02;2,60554E-02;2,90119E-02;3,15918E-02;3,39594E-02;3,68599E-02;3,92732E-02;4,35133E-02
757;6,61176E-04;1,33782E-03;2,22351E-03;3,25805E-03;4,02926E-03;5,25429E-03;5,56538E-03;6,17327E-03;7,21006E-03;7,77982E-03;9,04469E-03;9,53777E-03;1,04768E-02;1,18375E-02;1,16945E-02;1,18500E-02;1,31249E-02;1,43993E-02;1,49554E-02;1,50850E-02;1,47711E-05;5,96770E-05;1,13059E-04;6,54547E-05;6,32891E-05;1,77635E-05;1,62057E-05;2,25227E-04;1,44984E-04;5,67258E-05;2,40698E-04;6,72710E-05;1,58829E-04;3,31026E-04;2,28302E-04;1,87013E-05;7,48054E-05;6,61229E-05;2,93212E-04;7,60839E-05;6,84065E-04;1,74983E-03;3,08576E-03;4,30036E-03;6,11175E-03;7,44633E-03;8,94381E-03;1,07199E-02;1,27237E-02;1,45941E-02;1,66495E-02;1,82058E-02;2,05686E-02;2,27082E-02;2,48710E-02;2,74707E-02;2,98521E-02;3,18481E-02;3,42906E-02;3,71488E-02
758;5,56515E-04;1,35736E-03;2,41326E-03;3,06681E-03;4,18454E-03;4,88780E-03;5,36291E-03;5,85241E-03;6,77996E-03;7,64757E-03;8,99561E-03;8,90755E-03;9,99618E-03;1,07233E-02;1,09405E-02;1,11857E-02;1,24306E-02;1,30234E-02;1,35763E-02;1,40788E-02;3,40043E-05;2,45788E-05;8,14142E-06;4,62639E-05;1,40249E-04;9,30373E-05;1,08307E-04;4,64518E-05;2,37953E-04;1,07898E-04;2,37362E-04;2,87644E-06;1,21850E-04;1,12720E-05;4,92222E-06;2,74009E-04;3,19860E-06;2,74009E-04;3,50120E-04;1,67367E-04;5,58690E-04;1,56375E-03;2,62121E-03;3,72395E-03;5,18114E-03;6,50939E-03;7,77979E-03;9,29267E-03;1,06951E-02;1,25133E-02;1,44142E-02;1,56983E-02;1,74974E-02;1,98960E-02;2,16154E-02;2,39397E-02;2,53945E-02;2,84157E-02;3,01503E-02;3,31412E-02
759;5,84915E-04;1,24962E-03;1,97555E-03;3,15061E-03;4,05231E-03;4,44801E-03;5,28411E-03;6,26133E-03;6,91786E-03;7,45966E-03;8,74974E-03;9,25485E-03;9,50393E-03;1,01446E-02;1,14720E-02;1,22365E-02;1,27460E-02;1,23991E-02;1,36351E-02;1,53356E-02;1,59190E-06;4,04984E-05;2,00447E-05;1,02185E-05;2,06238E-05;0,00000E+00;4,53410E-05;5,75558E-05;1,83132E-05;4,95921E-05;6,80323E-05;3,72885E-05;2,82786E-05;1,41132E-04;3,06811E-04;6,46471E-04;4,93441E-04;1,70205E-04;4,09231E-04;2,93820E-05;5,29571E-04;1,34253E-03;2,25344E-03;3,31134E-03;4,40592E-03;5,44396E-03;6,87811E-03;7,94785E-03;9,29643E-03;1,09061E-02;1,24023E-02;1,38722E-02;1,56382E-02;1,68794E-02;1,85431E-02;2,09676E-02;2,25892E-02;2,41237E-02;2,66633E-02;2,85341E-02
760;5,56514E-04;1,36411E-03;1,97478E-03;2,78901E-03;3,72257E-03;4,22382E-03;5,22846E-03;5,68254E-03;6,13040E-03;7,21259E-03;8,46068E-03;8,98612E-03;9,10203E-03;9,28958E-03;9,70012E-03;1,10703E-02;1,18035E-02;1,21336E-02;1,31787E-02;1,40200E-02;2,05030E-05;1,32333E-04;2,40987E-05;4,53514E-05;2,22752E-05;0,00000E+00;1,50044E-04;1,98970E-04;1,01703E-04;1,71952E-04;9,05821E-05;1,84857E-04;1,22030E-04;2,03099E-04;1,82713E-04;5,56669E-04;4,38238E-04;5,05708E-04;1,59963E-04;3,61451E-04;4,44528E-04;1,15646E-03;1,94686E-03;2,89985E-03;3,74525E-03;4,95986E-03;5,96482E-03;6,94198E-03;8,20231E-03;9,59266E-03;1,08308E-02;1,22633E-02;1,35050E-02;1,50668E-02;1,65685E-02;1,79392E-02;1,96404E-02;2,09945E-02;2,27277E-02;2,48637E-02
761;5,22717E-04;1,31117E-03;1,93525E-03;2,78658E-03;3,50401E-03;3,82201E-03;4,96086E-03;5,49479E-03;6,05671E-03;7,50673E-03;7,74876E-03;8,54362E-03;1,00845E-02;9,64673E-03;1,00291E-02;1,03857E-02;1,13049E-02;1,30460E-02;1,25770E-02;1,32594E-02;1,19693E-05;4,99309E-05;9,37648E-05;3,37214E-05;0,00000E+00;9,82479E-05;1,82633E-05;2,95062E-05;9,91358E-05;2,44540E-04;1,95409E-04;3,92883E-04;3,02549E-04;1,36443E-04;2,68255E-04;1,77037E-04;3,64696E-04;6,03245E-04;5,65467E-04;4,83226E-04;3,92914E-04;9,94884E-04;1,69486E-03;2,42120E-03;3,37606E-03;4,24848E-03;5,21890E-03;6,12284E-03;6,92749E-03;8,15857E-03;9,50229E-03;1,07087E-02;1,18760E-02;1,29016E-02;1,42535E-02;1,59247E-02;1,70726E-02;1,84116E-02;1,97012E-02;2,20256E-02
762;5,07495E-04;1,10328E-03;1,94195E-03;2,54193E-03;3,32469E-03;4,10941E-03;4,29724E-03;5,57268E-03;5,41643E-03;6,57514E-03;8,00503E-03;8,08626E-03;8,54243E-03;9,63897E-03;9,47174E-03;1,12838E-02;1,01779E-02;1,12369E-02;1,24666E-02;1,21058E-02;0,00000E+00;0,00000E+00;1,24978E-05;5,93020E-06;5,10847E-05;8,41796E-05;2,56941E-04;0,00000E+00;3,18780E-05;8,75036E-05;1,43411E-04;5,18070E-04;3,29019E-04;9,22037E-05;2,83099E-04;2,60929E-04;4,90316E-04;5,70801E-04;6,58278E-04;4,89536E-04;3,71997E-04;8,17390E-04;1,49626E-03;2,11329E-03;3,05997E-03;3,76252E-03;4,43103E-03;5,34872E-03;6,42438E-03;7,04138E-03;8,41114E-03;9,35011E-03;1,02538E-02;1,17228E-02;1,29078E-02;1,33211E-02;1,51377E-02;1,60886E-02;1,72487E-02;1,92962E-02
763;5,25557E-04;1,31391E-03;1,66902E-03;2,65722E-03;3,20227E-03;3,36993E-03;5,22187E-03;5,33845E-03;6,04685E-03;6,36594E-03;7,56826E-03;7,05748E-03;8,37205E-03;9,46238E-03;9,29043E-03;1,09289E-02;1,15922E-02;1,14891E-02;1,22541E-02;1,13246E-02;0,00000E+00;1,31915E-05;1,64738E-05;4,85472E-05;1,30407E-04;1,66860E-05;1,82449E-05;2,54568E-04;6,94278E-05;1,35116E-04;1,74236E-04;1,92783E-05;9,00116E-05;4,83344E-04;3,32952E-04;3,06249E-05;7,65624E-06;1,53125E-05;1,11363E-04;2,25908E-04;2,88209E-04;7,30036E-04;1,25685E-03;1,86999E-03;2,50145E-03;3,23469E-03;3,91769E-03;4,72796E-03;5,45390E-03;6,38352E-03;7,40936E-03;8,28235E-03;9,14722E-03;1,01146E-02;1,11209E-02;1,21048E-02;1,34172E-02;1,43662E-02;1,51786E-02;1,72277E-02
764;5,06161E-04;1,20077E-03;1,74324E-03;2,69000E-03;3,04183E-03;3,86614E-03;4,55384E-03;5,24574E-03;5,59467E-03;6,16792E-03;7,11792E-03;8,03566E-03;8,36198E-03;9,15851E-03;8,91267E-03;9,58372E-03;1,05215E-02;1,04300E-02;1,11247E-02;1,24408E-02;0,00000E+00;1,54563E-05;0,00000E+00;8,05574E-05;2,98369E-05;0,00000E+00;1,37920E-04;4,04091E-05;1,85360E-04;0,00000E+00;2,25642E-04;8,13995E-05;2,78477E-04;1,34027E-05;0,00000E+00;2,79865E-04;1,02587E-04;1,85099E-04;1,60593E-04;1,08919E-04;2,66933E-04;6,55778E-04;1,11390E-03;1,68909E-03;2,07179E-03;2,84973E-03;3,54708E-03;4,27601E-03;4,81014E-03;5,49041E-03;6,55216E-03;7,25528E-03;7,99334E-03;8,90656E-03;9,67507E-03;1,08303E-02;1,18740E-02;1,26803E-02;1,35564E-02;1,47905E-02
765;4,46369E-04;1,23405E-03;1,60592E-03;2,56256E-03;3,28384E-03;3,85695E-03;3,85594E-03;5,18362E-03;5,29521E-03;5,92162E-03;6,32677E-03;7,30758E-03;8,36620E-03;8,74641E-03;8,75214E-03;7,92969E-03;9,97681E-03;1,05392E-02;1,15253E-02;1,18518E-02;6,61258E-06;3,47095E-05;3,61709E-05;4,00024E-05;8,52563E-05;0,00000E+00;1,31291E-04;9,78061E-05;1,28908E-04;1,18668E-04;8,58242E-05;0,00000E+00;2,92019E-04;3,64948E-04;3,58358E-04;2,80417E-04;7,00042E-05;1,85211E-04;5,83836E-04;2,56305E-04;2,35482E-04;5,15638E-04;1,01635E-03;1,50518E-03;1,91730E-03;2,59664E-03;3,23126E-03;3,65606E-03;4,04772E-03;4,91318E-03;5,45541E-03;6,52932E-03;7,11494E-03;7,95350E-03;8,72641E-03;9,28659E-03;1,04945E-02;1,11399E-02;1,22635E-02;1,33382E-02
766;4,55746E-04;9,67381E-04;1,57999E-03;2,60691E-03;2,90782E-03;3,54116E-03;4,29810E-03;5,03678E-03;5,56309E-03;6,19680E-03;5,49726E-03;6,70804E-03;6,87952E-03;7,78397E-03;8,61947E-03;9,47738E-03;9,81740E-03;1,13543E-02;1,08425E-02;9,99703E-03;1,53258E-06;3,12373E-05;8,38323E-06;0,00000E+00;2,28280E-04;0,00000E+00;1,63693E-05;2,26683E-05;6,78154E-05;2,75033E-05;3,98628E-04;0,00000E+00;4,08374E-05;8,45831E-05;3,61191E-04;7,54094E-05;4,29258E-04;6,02972E-05;4,37117E-04;5,94032E-05;1,78230E-04;5,09286E-04;8,11528E-04;1,30263E-03;1,66494E-03;2,29628E-03;2,85508E-03;3,01379E-03;3,91314E-03;4,35976E-03;5,05848E-03;5,66312E-03;6,29302E-03;7,06565E-03;7,73610E-03;8,54979E-03;9,29244E-03;9,67350E-03;1,06947E-02;1,14379E-02
767;3,56026E-04;1,15450E-03;1,85728E-03;2,36487E-03;2,75866E-03;3,41904E-03;4,58411E-03;4,72318E-03;4,92747E-03;5,67854E-03;6,71011E-03;6,56517E-03;7,31669E-03;8,21856E-03;8,32129E-03;9,16901E-03;9,26437E-03;1,02504E-02;1,05643E-02;1,16625E-02;2,06364E-05;2,83579E-06;2,29599E-06;2,85090E-05;5,89213E-05;2,69026E-05;1,82915E-05;8,69170E-06;2,56283E-05;1,80782E-05;2,48999E-04;1,03337E-04;3,32702E-04;1,98505E-05;1,92433E-04;3,11217E-04;2,23801E-04;2,63337E-04;4,96669E-05;0,00000E+00;2,07760E-04;4,10843E-04;7,34941E-04;1,12764E-03;1,56822E-03;1,83919E-03;2,35970E-03;2,78595E-03;3,19652E-03;3,73832E-03;4,48353E-03;5,25805E-03;5,72264E-03;6,13554E-03;6,62916E-03;7,24209E-03;8,48053E-03;8,89079E-03;9,55598E-03;1,03679E-02
768;3,54171E-04;9,16289E-04;1,71833E-03;2,31136E-03;2,40224E-03;3,72891E-03;3,37396E-03;4,72940E-03;4,88122E-03;5,18655E-03;5,57387E-03;7,29724E-03;7,37359E-03;7,34753E-03;7,33002E-03;9,40654E-03;8,48234E-03;9,33494E-03;1,03784E-02;9,71887E-03;0,00000E+00;6,25920E-06;1,64169E-05;1,34911E-04;1,89659E-05;0,00000E+00;1,30789E-04;1,32601E-04;9,76611E-05;1,29264E-04;8,85216E-05;8,87005E-05;0,00000E+00;2,19072E-05;1,71757E-04;0,00000E+00;3,80549E-04;1,05680E-04;4,96038E-04;1,78033E-04;1,49514E-04;4,46241E-04;7,28110E-04;9,79712E-04;1,40280E-03;1,75271E-03;2,07881E-03;2,57662E-03;2,93347E-03;3,25172E-03;3,87217E-03;4,43507E-03;5,00995E-03;5,48322E-03;5,90855E-03;6,69487E-03;7,24830E-03;8,14115E-03;8,34142E-03;9,12233E-03
769;4,36987E-04;1,00898E-03;1,70869E-03;2,16708E-03;2,35999E-03;3,52640E-03;3,48991E-03;4,08307E-03;4,60452E-03;6,00999E-03;5,49839E-03;6,11820E-03;7,33180E-03;7,81615E-03;8,63481E-03;8,82623E-03;8,41684E-03;9,16152E-03;1,02543E-02;1,06709E-02;0,00000E+00;1,89808E-05;0,00000E+00;1,57457E-04;2,47672E-05;1,13915E-04;8,56458E-05;1,98442E-04;0,00000E+00;0,00000E+00;2,29704E-05;1,15832E-04;1,29138E-04;2,05122E-04;2,00564E-04;4,56163E-05;3,17152E-04;5,78963E-04;3,05651E-04;2,66644E-04;1,57057E-04;3,89891E-04;6,06433E-04;9,45377E-04;1,25301E-03;1,61013E-03;1,98735E-03;2,35081E-03;2,71567E-03;3,07483E-03;3,46206E-03;3,88803E-03;4,32725E-03;4,87307E-03;5,49360E-03;6,15676E-03;6,33773E-03;7,16103E-03;7,48625E-03;8,35046E-03
770;4,21645E-04;8,75805E-04;1,58243E-03;2,14562E-03;2,40245E-03;3,23296E-03;3,37228E-03;4,34366E-03;4,37050E-03;5,38986E-03;5,59397E-03;6,48138E-03;6,74920E-03;7,86747E-03;7,13853E-03;7,92755E-03;8,95319E-03;9,43768E-03;1,00580E-02;1,01287E-02;1,42586E-05;3,95371E-05;0,00000E+00;8,65606E-05;8,65115E-05;8,72536E-05;4,77937E-05;1,98331E-04;0,00000E+00;5,24885E-05;2,88023E-05;9,33692E-05;1,10604E-04;5,98709E-05;5,24529E-04;3,83191E-04;4,12596E-05;6,68699E-04;1,49412E-04;3,51687E-04;1,28019E-04;2,91076E-04;5,16473E-04;8,60902E-04;1,10712E-03;1,42697E-03;1,69109E-03;2,02519E-03;2,34224E-03;2,59543E-03;3,25965E-03;3,78338E-03;3,94554E-03;4,30322E-03;5,11048E-03;5,45905E-03;5,63231E-03;6,26682E-03;6,79199E-03;7,32690E-03
771;3,90003E-04;8,34368E-04;1,42517E-03;2,14670E-03;2,56680E-03;3,24567E-03;3,51697E-03;4,11340E-03;4,57947E-03;4,63013E-03;5,68598E-03;5,84171E-03;6,79086E-03;6,46207E-03;7,69572E-03;8,05472E-03;7,97975E-03;9,01285E-03;9,32845E-03;9,25457E-03;5,20105E-06;0,00000E+00;3,31914E-05;0,00000E+00;3,41297E-06;1,45005E-04;1,22214E-04;8,62830E-06;1,13048E-04;4,48658E-06;9,02713E-06;1,77355E-06;3,46087E-04;1,29821E-04;1,13829E-04;2,09544E-05;5,99885E-04;6,66711E-04;6,16307E-06;1,61992E-04;1,35544E-04;2,76671E-04;4,68278E-04;7,34342E-04;8,67716E-04;1,20094E-03;1,52179E-03;1,99092E-03;2,29044E-03;2,50261E-03;2,65708E-03;3,17225E-03;3,83314E-03;4,06589E-03;4,18566E-03;4,52839E-03;5,35933E-03;5,63324E-03;5,94363E-03;6,95551E-03
772;3,41886E-04;8,17632E-04;1,40949E-03;1,57890E-03;2,50212E-03;2,85631E-03;3,43145E-03;4,38288E-03;4,30750E-03;4,59029E-03;5,87683E-03;5,39940E-03;6,82460E-03;7,76379E-03;6,86247E-03;7,32224E-03;8,29466E-03;8,91601E-03;9,65681E-03;9,87176E-03;0,00000E+00;0,00000E+00;0,00000E+00;0,00000E+00;5,33426E-05;1,44329E-05;0,00000E+00;1,73170E-04;2,21224E-04;7,01224E-05;1,56394E-04;2,77194E-05;1,66491E-04;4,05532E-04;1,71925E-04;5,03752E-04;6,35314E-04;7,66295E-05;9,63248E-05;3,93152E-04;9,50045E-05;2,39928E-04;4,85826E-04;6,72276E-04;8,65423E-04;1,15061E-03;1,32644E-03;1,71338E-03;2,03924E-03;2,18489E-03;2,71456E-03;3,05861E-03;3,15535E-03;3,68690E-03;3,99130E-03;4,11346E-03;4,79389E-03;5,22792E-03;5,24765E-03;6,26592E-03
773;3,55251E-04;7,36639E-04;1,41140E-03;1,72004E-03;2,29669E-03;2,87116E-03;3,30133E-03;3,94363E-03;4,54240E-03;5,01792E-03;5,47441E-03;6,12838E-03;6,46920E-03;6,87002E-03;7,01381E-03;8,20910E-03;7,65893E-03;9,49652E-03;8,11415E-03;9,44400E-03;3,15229E-05;0,00000E+00;3,13510E-05;1,76610E-05;0,00000E+00;1,11142E-04;0,00000E+00;6,42857E-05;3,64876E-04;1,97138E-04;4,44934E-05;1,01646E-05;1,49775E-04;2,74844E-04;3,96704E-04;2,95714E-04;1,28571E-04;1,28571E-04;1,41288E-04;2,82924E-04;8,88788E-05;2,27775E-04;4,41493E-04;5,81711E-04;7,85425E-04;1,08362E-03;1,25928E-03;1,56341E-03;1,78076E-03;2,14673E-03;2,38374E-03;2,67153E-03;2,87636E-03;3,46665E-03;3,66313E-03;3,86023E-03;4,29324E-03;4,61136E-03;5,10436E-03;5,53865E-03
774;3,25462E-04;8,80062E-04;1,32717E-03;1,97068E-03;2,38227E-03;2,57561E-03;3,06225E-03;4,04377E-03;3,98512E-03;5,03668E-03;4,34122E-03;5,40962E-03;5,65200E-03;7,02110E-03;6,87390E-03;7,48072E-03;6,84990E-03;9,32795E-03;8,17693E-03;8,70482E-03;3,53364E-05;0,00000E+00;1,42743E-05;3,90781E-05;3,81946E-05;1,28111E-04;1,61370E-04;0,00000E+00;1,22226E-04;4,41224E-04;8,56587E-06;1,08829E-04;1,50487E-04;9,60145E-05;1,89590E-04;2,06913E-04;0,00000E+00;2,06913E-05;4,57464E-04;1,59540E-04;6,56974E-05;2,45469E-04;3,44160E-04;4,64089E-04;7,76560E-04;9,54466E-04;1,16540E-03;1,25580E-03;1,66962E-03;1,92890E-03;2,23427E-03;2,45479E-03;2,70889E-03;3,16133E-03;3,16646E-03;3,36714E-03;4,01808E-03;4,15620E-03;4,72137E-03;4,62521E-03
775;3,28852E-04;8,81990E-04;1,33026E-03;1,43909E-03;2,19054E-03;2,53636E-03;3,33777E-03;3,85282E-03;4,38677E-03;3,77677E-03;4,74501E-03;5,66086E-03;6,15415E-03;7,00749E-03;6,56659E-03;7,43564E-03;7,54512E-03;8,63014E-03;7,76342E-03;9,51337E-03;1,24869E-07;3,84888E-05;0,00000E+00;1,76210E-04;1,92076E-04;0,00000E+00;0,00000E+00;1,08307E-04;2,84534E-04;6,59011E-05;2,58872E-07;4,28648E-04;2,09055E-05;2,24518E-04;5,69859E-07;0,00000E+00;1,63174E-04;0,00000E+00;1,89927E-04;6,09432E-04;7,83562E-05;2,44253E-04;3,32849E-04;5,31132E-04;8,21326E-04;8,99581E-04;1,01174E-03;1,16809E-03;1,56006E-03;1,67558E-03;1,89306E-03;1,99466E-03;2,44677E-03;2,91063E-03;2,85159E-03;3,58850E-03;3,60042E-03;3,67148E-03;3,94215E-03;4,36810E-03
776;3,84081E-04;7,83800E-04;1,34161E-03;1,65075E-03;2,25766E-03;2,78905E-03;3,03409E-03;3,23363E-03;4,31447E-03;4,24812E-03;4,29669E-03;5,48186E-03;5,10367E-03;6,10338E-03;6,16564E-03;6,86128E-03;7,28683E-03;8,07993E-03;8,02360E-03;8,81896E-03;3,98867E-05;0,00000E+00;0,00000E+00;6,72761E-05;1,52845E-04;0,00000E+00;0,00000E+00;7,61140E-05;7,24512E-05;6,27892E-05;9,15042E-05;2,97847E-05;9,19819E-05;0,00000E+00;1,82029E-04;7,94233E-05;2,27704E-04;1,58847E-04;2,30100E-04;4,99288E-04;5,27076E-05;1,63818E-04;2,71282E-04;4,74184E-04;6,12258E-04;7,52317E-04;1,06694E-03;1,14313E-03;1,29684E-03;1,54247E-03;1,85501E-03;2,11167E-03;2,22564E-03;2,21333E-03;2,73535E-03;2,63932E-03;3,15284E-03;3,43696E-03;3,94683E-03;4,00027E-03
777;2,99462E-04;7,02542E-04;1,24304E-03;1,67357E-03;2,33200E-03;2,86725E-03;3,06363E-03;3,14491E-03;3,78915E-03;4,22209E-03;4,25069E-03;5,42956E-03;4,67156E-03;5,72452E-03;6,48896E-03;6,28455E-03;6,68902E-03;7,45469E-03;7,00887E-03;9,06573E-03;0,00000E+00;0,00000E+00;0,00000E+00;0,00000E+00;0,00000E+00;5,44959E-05;6,87643E-05;2,49133E-04;1,98385E-05;0,00000E+00;3,65034E-05;9,51487E-05;2,48239E-04;0,00000E+00;0,00000E+00;4,21548E-04;0,00000E+00;4,33100E-04;3,59270E-04;4,60745E-04;7,66206E-05;1,25540E-04;2,90147E-04;4,09416E-04;5,81987E-04;7,31889E-04;9,23337E-04;1,01083E-03;1,21307E-03;1,49299E-03;1,57715E-03;1,86040E-03;1,99765E-03;2,12715E-03;2,42664E-03;2,73670E-03;3,00324E-03;3,09530E-03;3,49688E-03;3,82588E-03
778;3,05640E-04;7,83776E-04;1,18967E-03;1,49324E-03;2,11918E-03;2,54931E-03;2,65379E-03;3,45885E-03;3,38104E-03;4,53275E-03;4,07664E-03;4,94831E-03;5,22384E-03;6,09780E-03;6,41123E-03;5,34467E-03;6,58468E-03;6,33641E-03;7,19906E-03;8,04418E-03;0,00000E+00;0,00000E+00;0,00000E+00;1,98615E-05;1,22209E-04;3,13705E-05;3,95840E-05;4,94866E-05;1,14200E-05;6,02447E-05;2,33609E-05;9,76386E-05;7,53946E-05;1,64689E-04;3,84235E-04;1,44653E-04;4,56814E-04;9,30162E-05;3,14471E-04;1,36807E-04;7,16082E-05;1,49023E-04;2,31806E-04;4,72750E-04;5,04485E-04;7,46516E-04;8,78486E-04;9,97799E-04;1,20583E-03;1,09725E-03;1,54182E-03;1,65745E-03;1,81674E-03;2,06326E-03;2,32024E-03;2,48524E-03;2,47820E-03;2,82880E-03;3,10694E-03;3,75935E-03
779;2,58916E-04;7,80710E-04;1,30684E-03;1,71417E-03;2,17291E-03;2,31809E-03;3,25751E-03;3,40322E-03;4,42699E-03;3,86982E-03;4,13826E-03;4,84393E-03;5,25019E-03;6,42360E-03;6,09996E-03;7,05567E-03;5,61860E-03;6,87277E-03;7,94302E-03;7,54969E-03;0,00000E+00;4,10095E-05;4,92436E-06;1,00480E-06;1,20886E-04;0,00000E+00;1,61540E-04;2,66310E-05;2,66310E-05;3,04779E-06;1,77972E-04;4,04866E-05;2,90185E-04;1,62906E-04;1,94385E-05;0,00000E+00;6,08992E-04;4,01474E-04;1,20576E-05;5,08453E-04;7,81453E-05;1,04099E-04;2,48723E-04;3,62069E-04;5,24272E-04;6,28421E-04;7,91445E-04;9,03504E-04;9,16124E-04;1,14877E-03;1,36395E-03;1,53670E-03;1,53647E-03;1,79936E-03;2,25013E-03;2,12968E-03;2,45069E-03;2,47127E-03;2,48851E-03;3,21838E-03
780;2,46608E-04;6,95877E-04;8,49523E-04;1,37004E-03;2,23425E-03;2,41184E-03;2,68640E-03;3,06262E-03;3,51932E-03;4,11952E-03;4,74683E-03;4,37480E-03;4,44555E-03;5,06044E-03;5,39591E-03;6,11960E-03;7,21466E-03;7,68079E-03;7,25874E-03;7,72802E-03;8,59769E-06;9,40907E-06;0,00000E+00;3,30621E-05;3,10176E-05;0,00000E+00;9,63492E-05;0,00000E+00;1,21228E-04;1,12395E-04;3,02193E-05;2,11165E-04;1,50293E-04;2,02666E-04;1,80003E-04;0,00000E+00;1,32249E-04;3,31275E-04;5,62383E-04;1,32346E-04;7,16312E-05;7,70179E-05;2,01488E-04;2,38538E-04;4,67834E-04;4,66531E-04;6,92478E-04;8,84991E-04;1,06310E-03;9,93651E-04;1,24729E-03;1,38550E-03;1,45329E-03;1,68850E-03;1,87167E-03;2,23971E-03;2,26027E-03;2,41515E-03;2,61987E-03;2,83899E-03
781;2,99526E-04;6,97850E-04;1,10072E-03;1,61297E-03;1,72755E-03;2,56268E-03;2,60405E-03;3,08117E-03;3,54879E-03;3,26636E-03;3,97221E-03;4,68813E-03;4,77050E-03;5,06147E-03;6,20086E-03;4,46411E-03;7,05191E-03;7,06228E-03;6,08260E-03;7,74198E-03;3,86178E-05;2,55904E-05;0,00000E+00;5,28148E-05;4,74742E-05;0,00000E+00;1,66380E-04;6,21351E-06;1,11843E-04;2,19202E-04;8,21891E-05;1,89316E-04;2,46190E-04;1,63847E-04;1,98979E-04;1,24270E-05;0,00000E+00;9,90051E-05;1,42705E-04;3,92775E-04;4,98496E-05;1,38836E-04;1,46239E-04;2,87075E-04;3,77715E-04;5,52455E-04;6,25921E-04;7,85892E-04;9,11631E-04;9,41505E-04;1,02218E-03;1,42406E-03;1,51019E-03;1,63563E-03;1,94718E-03;1,88421E-03;1,98221E-03;2,02749E-03;2,38708E-03;2,70207E-03
782;2,71191E-04;8,23378E-04;1,12567E-03;1,58540E-03;1,91125E-03;2,64685E-03;2,52400E-03;2,45071E-03;3,52245E-03;3,68093E-03;4,42140E-03;4,31175E-03;4,66724E-03;4,80653E-03;5,44331E-03;4,96796E-03;6,40441E-03;6,34869E-03;5,95403E-03;7,70304E-03;1,28422E-05;0,00000E+00;1,42271E-05;1,28483E-04;4,73420E-05;0,00000E+00;1,52217E-04;4,36661E-06;7,85990E-05;1,55921E-04;0,00000E+00;2,28887E-04;8,09131E-05;8,69888E-05;2,10556E-04;8,73322E-06;0,00000E+00;2,76255E-04;2,32479E-04;1,17698E-04;2,01034E-05;1,52512E-04;2,29833E-04;2,81692E-04;3,84036E-04;4,11496E-04;5,59262E-04;6,93141E-04;8,63589E-04;9,46582E-04;1,05975E-03;1,23686E-03;1,32848E-03;1,41956E-03;1,60756E-03;1,68815E-03;1,75331E-03;2,17278E-03;2,18286E-03;2,47804E-03
783;2,32421E-04;7,48201E-04;1,12537E-03;1,38540E-03;1,39901E-03;2,16509E-03;2,33030E-03;3,14470E-03;2,88599E-03;3,13912E-03;3,88737E-03;4,23110E-03;4,11612E-03;4,20805E-03;4,55539E-03;5,15765E-03;6,21180E-03;5,23653E-03;7,01787E-03;7,33152E-03;1,32244E-06;0,00000E+00;1,45865E-06;1,58874E-05;4,85378E-06;0,00000E+00;9,39904E-06;1,95600E-04;1,04320E-04;2,20035E-04;2,25726E-04;1,70252E-05;0,00000E+00;8,17616E-06;1,49741E-04;5,21601E-04;5,21601E-05;1,29957E-04;1,57767E-05;1,75742E-04;3,85341E-05;5,44862E-05;2,29862E-04;2,59973E-04;3,61954E-04;5,27308E-04;5,95605E-04;5,77783E-04;8,10333E-04;8,58438E-04;9,95740E-04;9,57647E-04;1,44054E-03;1,40895E-03;1,44357E-03;1,51909E-03;1,80122E-03;1,83004E-03;2,47803E-03;2,21862E-03
784;2,78968E-04;7,32281E-04;9,51801E-04;1,55357E-03;1,86372E-03;2,12003E-03;2,13436E-03;3,00603E-03;3,58691E-03;3,88720E-03;3,31403E-03;3,61899E-03;5,07987E-03;5,74581E-03;5,54844E-03;5,76753E-03;7,65860E-03;7,39649E-03;5,81952E-03;6,18082E-03;0,00000E+00;3,03687E-05;0,00000E+00;8,73997E-05;0,00000E+00;1,77765E-04;0,00000E+00;1,04880E-04;2,79679E-04;1,75540E-04;3,75632E-04;0,00000E+00;2,69919E-04;2,51232E-04;0,00000E+00;1,93632E-05;1,49521E-04;2,69644E-04;1,22271E-04;7,85263E-05;1,64936E-05;9,58293E-05;1,91862E-04;2,53669E-04;3,17788E-04;4,83992E-04;6,03194E-04;6,49086E-04;7,39182E-04;8,23760E-04;9,44597E-04;1,01307E-03;1,10489E-03;1,20326E-03;1,60596E-03;1,35638E-03;1,64926E-03;1,79896E-03;1,92302E-03;2,28080E-03
785;2,25737E-04;7,82025E-04;1,06862E-03;1,23215E-03;1,76020E-03;1,94927E-03;2,29537E-03;2,63182E-03;2,89355E-03;3,33569E-03;4,03098E-03;4,14668E-03;4,19037E-03;4,55985E-03;4,61148E-03;5,04166E-03;6,12114E-03;5,90471E-03;6,19414E-03;6,60871E-03;5,94106E-06;0,00000E+00;0,00000E+00;0,00000E+00;2,88370E-05;1,30150E-04;0,00000E+00;0,00000E+00;2,34330E-05;1,05368E-04;1,12423E-04;3,37165E-05;0,00000E+00;0,00000E+00;1,44241E-04;1,01330E-04;7,99563E-05;4,22577E-04;2,04720E-04;1,18428E-04;3,93259E-05;7,04527E-05;1,66438E-04;2,58778E-04;2,52242E-04;4,60431E-04;3,99861E-04;5,08897E-04;6,60350E-04;7,80144E-04;9,62974E-04;9,37717E-04;1,18586E-03;1,11455E-03;1,28439E-03;1,49642E-03;1,60186E-03;1,61309E-03;1,71952E-03;1,95652E-03
786;2,08943E-04;5,81095E-04;1,11810E-03;1,10543E-03;1,92201E-03;1,64249E-03;2,71101E-03;2,68916E-03;3,05800E-03;3,29556E-03;3,84614E-03;4,18845E-03;3,54233E-03;4,21129E-03;5,02203E-03;5,05945E-03;5,01511E-03;5,25442E-03;6,27895E-03;5,37454E-03;4,94314E-06;0,00000E+00;0,00000E+00;0,00000E+00;2,39933E-05;0,00000E+00;0,00000E+00;5,61322E-05;1,78538E-04;1,39072E-04;2,21404E-04;5,49751E-05;1,58908E-04;3,25809E-04;5,97159E-04;2,92454E-05;3,89939E-05;4,87424E-05;8,77363E-05;2,87660E-04;2,36323E-05;8,76539E-05;1,48043E-04;1,75238E-04;3,56476E-04;3,14203E-04;3,00071E-04;5,03507E-04;6,32352E-04;4,92690E-04;8,07392E-04;7,46635E-04;9,65513E-04;1,18119E-03;1,14802E-03;1,39537E-03;1,54651E-03;1,40836E-03;1,66763E-03;1,83601E-03
787;3,10401E-04;5,57489E-04;7,99118E-04;1,03623E-03;1,49064E-03;1,94805E-03;2,10635E-03;3,01600E-03;2,76183E-03;2,68465E-03;3,59909E-03;3,44755E-03;4,53995E-03;4,90762E-03;4,69355E-03;4,75072E-03;5,00855E-03;5,26565E-03;5,62537E-03;5,80484E-03;0,00000E+00;2,43985E-05;0,00000E+00;0,00000E+00;2,85157E-04;0,00000E+00;6,69319E-05;8,52099E-06;6,27625E-05;1,97767E-04;7,22257E-05;1,33745E-04;1,23515E-04;4,94585E-05;2,30914E-04;0,00000E+00;2,05972E-04;0,00000E+00;5,14929E-04;5,78106E-04;1,78738E-05;7,27983E-05;1,91543E-04;2,59409E-04;2,60810E-04;3,11173E-04;4,10436E-04;5,63765E-04;5,27390E-04;7,50633E-04;5,46562E-04;9,55962E-04;1,10606E-03;1,14311E-03;1,37379E-03;1,29141E-03;1,23559E-03;1,18777E-03;1,57420E-03;1,61343E-03
788;2,32704E-04;7,92193E-04;8,03384E-04;1,26469E-03;1,83778E-03;1,61753E-03;2,24943E-03;2,64462E-03;2,90229E-03;2,90369E-03;3,78640E-03;2,76471E-03;3,61940E-03;4,24263E-03;4,66408E-03;4,23886E-03;5,07018E-03;5,76628E-03;4,89509E-03;6,89563E-03;1,68096E-06;2,45429E-06;3,83120E-06;8,28765E-06;0,00000E+00;0,00000E+00;3,74777E-05;0,00000E+00;1,86472E-05;2,08948E-04;2,26729E-04;7,07974E-05;2,65927E-04;2,95904E-04;3,82582E-04;1,11362E-04;2,70623E-04;0,00000E+00;0,00000E+00;0,00000E+00;3,91903E-05;1,10534E-04;1,09590E-04;1,67974E-04;2,64550E-04;3,36810E-04;3,36933E-04;4,88677E-04;5,47013E-04;5,62552E-04;8,29162E-04;8,20369E-04;8,43041E-04;9,11513E-04;8,59041E-04;9,43989E-04;1,43988E-03;1,64594E-03;1,35682E-03;1,75956E-03
789;2,22384E-04;6,29645E-04;7,36465E-04;1,14990E-03;1,40554E-03;1,92406E-03;1,81807E-03;2,33086E-03;2,39961E-03;2,99650E-03;3,89066E-03;3,78294E-03;3,20966E-03;3,85594E-03;4,22039E-03;4,96143E-03;6,17567E-03;5,20464E-03;5,07690E-03;5,39136E-03;7,16640E-06;8,47549E-05;1,63334E-05;4,37321E-05;2,06734E-05;0,00000E+00;1,02856E-04;0,00000E+00;8,50979E-05;1,83442E-04;5,88091E-05;8,86288E-05;6,05283E-05;7,18053E-05;1,55349E-04;2,64994E-04;0,00000E+00;1,11995E-05;0,00000E+00;0,00000E+00;7,48081E-05;1,45607E-04;1,08425E-04;1,48714E-04;2,66641E-04;2,30714E-04;4,15775E-04;3,56075E-04;4,84566E-04;5,20016E-04;6,16946E-04;7,99293E-04;7,38236E-04;9,51315E-04;1,09082E-03;1,15788E-03;1,00120E-03;1,14974E-03;1,41654E-03;1,54897E-03
790;1,82336E-04;5,69161E-04;9,26744E-04;1,19448E-03;1,61845E-03;1,85107E-03;1,98238E-03;2,19513E-03;2,59829E-03;2,90439E-03;3,66461E-03;3,14701E-03;3,15560E-03;4,00343E-03;3,90341E-03;4,68860E-03;4,77731E-03;4,69911E-03;5,72188E-03;5,26405E-03;7,44133E-06;7,08187E-05;0,00000E+00;6,30389E-05;2,53506E-05;0,00000E+00;4,82753E-05;9,17200E-06;1,33746E-04;1,74866E-04;0,00000E+00;8,44857E-05;3,40960E-04;2,65570E-05;0,00000E+00;0,00000E+00;2,20128E-04;8,40519E-05;7,33760E-05;2,88428E-04;3,12830E-05;6,32627E-05;1,33386E-04;1,76197E-04;2,37124E-04;1,34727E-04;4,10822E-04;4,56295E-04;5,11608E-04;4,27217E-04;6,05171E-04;6,84991E-04;7,87884E-04;9,39613E-04;9,05535E-04;1,16159E-03;9,32303E-04;1,16525E-03;1,26878E-03;1,56819E-03
791;2,13065E-04;3,95811E-04;9,65867E-04;1,24248E-03;1,49670E-03;1,60462E-03;2,07664E-03;1,98797E-03;3,59565E-03;2,42981E-03;2,85729E-03;3,40301E-03;3,74300E-03;4,89471E-03;4,12444E-03;4,64198E-03;4,86831E-03;5,67849E-03;5,39953E-03;4,36296E-03;1,46188E-06;3,03113E-05;0,00000E+00;1,08112E-05;1,10871E-06;9,58525E-06;3,12283E-06;1,80187E-06;2,04348E-04;1,86281E-04;1,53328E-04;0,00000E+00;2,33457E-04;5,09230E-04;6,75047E-05;1,02355E-04;4,52666E-04;1,93537E-04;3,72658E-04;5,66627E-05;7,12577E-05;8,36509E-05;6,35866E-05;2,32707E-04;1,41613E-04;2,60587E-04;2,97509E-04;4,09217E-04;3,08052E-04;6,10703E-04;5,18978E-04;7,19464E-04;5,84587E-04;6,47586E-04;8,10247E-04;8,64805E-04;1,25947E-03;1,07108E-03;1,01960E-03;1,41691E-03
792;1,31234E-04;3,97225E-04;7,35480E-04;9,64732E-04;1,85922E-03;1,51899E-03;2,00864E-03;2,46734E-03;2,27981E-03;2,36814E-03;3,45435E-03;3,17708E-03;3,95726E-03;3,84103E-03;3,80909E-03;3,97630E-03;4,27165E-03;5,34912E-03;5,49843E-03;4,88801E-03;2,09176E-05;0,00000E+00;1,48628E-04;8,00923E-06;9,85630E-06;9,65782E-05;0,00000E+00;0,00000E+00;3,86738E-05;0,00000E+00;1,71655E-04;0,00000E+00;2,58781E-04;3,16292E-04;5,72298E-04;6,22440E-05;1,02265E-04;1,03130E-04;0,00000E+00;2,89561E-04;3,43755E-05;1,19884E-04;1,66824E-04;2,33124E-04;1,32863E-04;2,78704E-04;3,08452E-04;3,82475E-04;3,33875E-04;5,63057E-04;5,68829E-04;5,11651E-04;9,37096E-04;6,13360E-04;8,76623E-04;9,55265E-04;1,02117E-03;1,30167E-03;1,09021E-03;1,14691E-03
793;1,88849E-04;3,92718E-04;7,54207E-04;1,01114E-03;1,45334E-03;1,86872E-03;2,37911E-03;1,84104E-03;2,61183E-03;2,54935E-03;3,24152E-03;2,87072E-03;3,01616E-03;3,68045E-03;3,65228E-03;4,09781E-03;5,52108E-03;4,33300E-03;4,70495E-03;5,36168E-03;0,00000E+00;3,84986E-06;7,96716E-05;4,21498E-05;5,18702E-05;7,30458E-05;0,00000E+00;0,00000E+00;0,00000E+00;3,94328E-05;7,93399E-05;1,48084E-04;0,00000E+00;2,01934E-04;1,48258E-04;5,61997E-05;1,31133E-04;1,08335E-04;0,00000E+00;1,21670E-05;9,93038E-06;8,15665E-05;9,77140E-05;1,82872E-04;2,66507E-04;1,67008E-04;3,14954E-04;3,61283E-04;3,40243E-04;5,16459E-04;4,16700E-04;6,51698E-04;8,73945E-04;6,23068E-04;8,09064E-04;1,03800E-03;1,11479E-03;9,18576E-04;1,15105E-03;1,05301E-03
794;1,35521E-04;5,49411E-04;7,29925E-04;1,13399E-03;1,19809E-03;1,68249E-03;1,84129E-03;2,34916E-03;2,16456E-03;2,74318E-03;2,81570E-03;3,05324E-03;3,21582E-03;3,69501E-03;3,31135E-03;4,91142E-03;5,16699E-03;3,78998E-03;4,10402E-03;4,72215E-03;0,00000E+00;6,22922E-06;0,00000E+00;0,00000E+00;0,00000E+00;1,18191E-04;3,92366E-05;1,35837E-04;1,35837E-04;1,51703E-04;1,80628E-04;1,57082E-04;0,00000E+00;9,01075E-05;4,77795E-05;0,00000E+00;3,62232E-04;1,14918E-04;0,00000E+00;1,29064E-05;3,87065E-05;8,27446E-05;7,65748E-05;1,77569E-04;2,72111E-04;2,61446E-04;2,94821E-04;3,14091E-04;4,37524E-04;4,28813E-04;4,39709E-04;6,83226E-04;6,99875E-04;6,75368E-04;7,43453E-04;8,58543E-04;8,75087E-04;1,14498E-03;8,40292E-04;1,06156E-03
795;1,51096E-04;4,82068E-04;6,34807E-04;1,06828E-03;1,30224E-03;1,40936E-03;1,66097E-03;2,22138E-03;1,65449E-03;2,80259E-03;2,71585E-03;2,60636E-03;3,02825E-03;4,36662E-03;4,68187E-03;3,49942E-03;4,83393E-03;4,73225E-03;4,18008E-03;4,59422E-03;0,00000E+00;5,01864E-07;0,00000E+00;0,00000E+00;0,00000E+00;9,52219E-06;6,44160E-05;3,17755E-05;4,45244E-05;2,57724E-04;2,25659E-05;0,00000E+00;2,16549E-04;2,10783E-05;4,14763E-04;0,00000E+00;8,47348E-05;4,33461E-04;0,00000E+00;2,57726E-04;5,33345E-05;9,42484E-05;7,57104E-05;1,83705E-04;2,06235E-04;1,39334E-04;2,44362E-04;2,94677E-04;3,21706E-04;4,54529E-04;6,00024E-04;7,37089E-04;4,33252E-04;6,78011E-04;4,93862E-04;6,06004E-04;6,45323E-04;1,00902E-03;6,36395E-04;1,04678E-03
796;1,60335E-04;3,51408E-04;7,93400E-04;9,39508E-04;1,22894E-03;1,95936E-03;1,49951E-03;2,31824E-03;2,13943E-03;2,49391E-03;2,89994E-03;3,45571E-03;2,97073E-03;2,17702E-03;3,11246E-03;4,12311E-03;3,05477E-03;5,10474E-03;4,55614E-03;3,91602E-03;0,00000E+00;0,00000E+00;4,46176E-05;8,04306E-05;0,00000E+00;0,00000E+00;0,00000E+00;1,34051E-05;2,68102E-04;4,40427E-04;1,00265E-04;1,67671E-04;0,00000E+00;3,08148E-05;7,43839E-05;2,16782E-05;0,00000E+00;1,54844E-05;4,04277E-04;3,47809E-06;5,02687E-05;5,70205E-05;1,09541E-04;1,74051E-04;2,42742E-04;2,79405E-04;2,16031E-04;2,85943E-04;3,71516E-04;4,11997E-04;4,94485E-04;5,92782E-04;6,54758E-04;4,70130E-04;3,72778E-04;5,95054E-04;7,48086E-04;9,27649E-04;8,63581E-04;9,99152E-04
797;1,46396E-04;3,85569E-04;8,39861E-04;9,27819E-04;1,03587E-03;1,64250E-03;1,86009E-03;1,87663E-03;2,76897E-03;2,26993E-03;2,90151E-03;2,67725E-03;2,46946E-03;3,25192E-03;3,25339E-03;4,34382E-03;3,98834E-03;4,61479E-03;4,43106E-03;6,10545E-03;0,00000E+00;0,00000E+00;0,00000E+00;0,00000E+00;0,00000E+00;0,00000E+00;0,00000E+00;6,85156E-05;0,00000E+00;2,20227E-04;1,82524E-04;8,45278E-05;0,00000E+00;2,64771E-04;2,74158E-04;1,37076E-04;0,00000E+00;9,79113E-05;4,05185E-04;6,93461E-05;7,07114E-06;1,12730E-04;1,21131E-04;1,46518E-04;1,80059E-04;2,45904E-04;1,89137E-04;2,06072E-04;3,69758E-04;3,74290E-04;4,50325E-04;3,73768E-04;5,52623E-04;5,06915E-04;5,56539E-04;5,45892E-04;8,20863E-04;9,53951E-04;7,80783E-04;1,02114E-03
798;1,72378E-04;3,52510E-04;5,22828E-04;8,42693E-04;1,35510E-03;1,21966E-03;1,59209E-03;2,29964E-03;2,34043E-03;2,54198E-03;2,42101E-03;2,74939E-03;3,08065E-03;2,90714E-03;2,63289E-03;2,99041E-03;3,26729E-03;4,66407E-03;4,43305E-03;4,23487E-03;0,00000E+00;0,00000E+00;3,34737E-05;1,81026E-05;0,00000E+00;4,74671E-05;7,05906E-05;1,61020E-04;0,00000E+00;1,50190E-04;1,20523E-05;0,00000E+00;1,39767E-04;8,11920E-05;3,25334E-04;9,05129E-05;1,44821E-04;0,00000E+00;7,93010E-05;1,56639E-04;2,81586E-05;4,43109E-05;1,40259E-04;1,60093E-04;1,73575E-04;2,13306E-04;2,08482E-04;2,18158E-04;3,97509E-04;2,52046E-04;4,92110E-04;5,74463E-04;5,05387E-04;6,11276E-04;4,95003E-04;5,99925E-04;8,42107E-04;6,19176E-04;6,39477E-04;1,05492E-03
799;2,39303E-04;2,77158E-04;5,47684E-04;7,66143E-04;1,11050E-03;1,17947E-03;1,54937E-03;1,83570E-03;2,29757E-03;2,27194E-03;2,29973E-03;3,47384E-03;2,67887E-03;3,16042E-03;3,10828E-03;2,85449E-03;2,63137E-03;4,48025E-03;3,78196E-03;3,88919E-03;0,00000E+00;0,00000E+00;8,82868E-06;4,77455E-06;8,71618E-05;1,25194E-05;1,86183E-05;2,14855E-05;2,06044E-04;3,76542E-05;7,17687E-05;0,00000E+00;3,68634E-05;0,00000E+00;5,45807E-05;2,38728E-05;4,50285E-04;3,60577E-04;8,20411E-05;2,68113E-05;7,42683E-06;1,16661E-05;8,82745E-05;1,02549E-04;1,48263E-04;1,77497E-04;3,58303E-04;3,01505E-04;3,32502E-04;4,22142E-04;3,56593E-04;4,24024E-04;5,96204E-04;4,89314E-04;7,40440E-04;6,96168E-04;7,85288E-04;7,32144E-04;6,27927E-04;1,05322E-03
800;8,99733E-05;4,43898E-04;4,44992E-04;7,59788E-04;1,17221E-03;1,46821E-03;1,06595E-03;1,54184E-03;2,12939E-03;1,31414E-03;2,21929E-03;2,47346E-03;3,57574E-03;2,95175E-03;3,03356E-03;3,77941E-03;3,29518E-03;5,43816E-03;4,44735E-03;4,16447E-03;2,68122E-05;1,97796E-05;2,31604E-05;6,19269E-05;0,00000E+00;1,38650E-04;7,71732E-05;2,78299E-05;0,00000E+00;3,20907E-05;8,70895E-05;0,00000E+00;0,00000E+00;3,69370E-05;5,18815E-04;3,70141E-04;3,06129E-04;5,20438E-04;4,28585E-04;1,34402E-04;4,46815E-05;7,10341E-05;1,47058E-04;1,00796E-04;7,35419E-05;2,39994E-04;7,44705E-05;2,56836E-04;2,88748E-04;5,26683E-04;4,52949E-04;2,92367E-04;5,16646E-04;4,84131E-04;6,72561E-04;3,80580E-04;4,52790E-04;4,53851E-04;7,45309E-04;1,00408E-03
801;1,91488E-04;3,10087E-04;4,60675E-04;7,92652E-04;1,10179E-03;1,54143E-03;1,60757E-03;1,55507E-03;1,87854E-03;1,62852E-03;1,96675E-03;1,90622E-03;1,94616E-03;2,63043E-03;2,95245E-03;2,94855E-03;3,15370E-03;4,86743E-03;3,85434E-03;4,71035E-03;4,74793E-06;0,00000E+00;5,63618E-05;9,65214E-05;0,00000E+00;5,01154E-05;7,57869E-05;0,00000E+00;1,04039E-05;2,59464E-04;9,47018E-05;7,48481E-06;0,00000E+00;2,86843E-04;4,48861E-05;6,09609E-05;0,00000E+00;4,28676E-04;1,22897E-04;1,03518E-04;1,13158E-05;1,58990E-05;7,08739E-05;1,20931E-04;1,32001E-04;1,12829E-04;1,12413E-04;2,79812E-04;3,27440E-04;1,31796E-04;4,19125E-04;3,09408E-04;5,12711E-04;4,76938E-04;3,66550E-04;4,18874E-04;4,92125E-04;7,70591E-04;8,15812E-04;8,25718E-04
802;1,44712E-04;2,79964E-04;6,00485E-04;6,83241E-04;7,27071E-04;1,02554E-03;1,14214E-03;1,81479E-03;1,06764E-03;1,75116E-03;2,49219E-03;2,49931E-03;2,93839E-03;2,41105E-03;2,94171E-03;3,39039E-03;2,80311E-03;3,56040E-03;4,94784E-03;3,77398E-03;3,71215E-05;0,00000E+00;0,00000E+00;0,00000E+00;1,11659E-05;3,35312E-05;1,44217E-04;0,00000E+00;1,27878E-05;1,41118E-04;0,00000E+00;9,19988E-06;1,40108E-04;9,64424E-05;1,06990E-04;1,81468E-05;0,00000E+00;1,02303E-04;5,11513E-05;4,30857E-05;2,35995E-05;3,03524E-05;1,28513E-04;3,44726E-05;1,11940E-04;1,93737E-04;2,95071E-04;1,99411E-04;3,07489E-04;2,18095E-04;3,33887E-04;5,31393E-04;4,35073E-04;4,37637E-04;4,80471E-04;5,28881E-04;6,31528E-04;6,22287E-04;6,78320E-04;7,57744E-04
803;1,37554E-04;3,50651E-04;6,29696E-04;9,73931E-04;1,12052E-03;1,04589E-03;1,38718E-03;1,70716E-03;2,00050E-03;2,20600E-03;1,76342E-03;1,86591E-03;2,59791E-03;2,25303E-03;3,30300E-03;2,03169E-03;2,04436E-03;3,19777E-03;3,80749E-03;4,66514E-03;8,86461E-06;0,00000E+00;0,00000E+00;1,17033E-04;3,16379E-06;7,79362E-05;3,80020E-05;0,00000E+00;0,00000E+00;2,36297E-04;0,00000E+00;2,05813E-04;3,00736E-04;2,13175E-05;1,41477E-04;5,71564E-05;0,00000E+00;5,20146E-05;1,56044E-04;0,00000E+00;1,78426E-05;3,59078E-05;8,96252E-05;7,62052E-05;1,44745E-04;2,74107E-04;1,47457E-04;3,76011E-04;2,15249E-04;3,98884E-04;2,58116E-04;1,96875E-04;5,42620E-04;4,44538E-04;5,10950E-04;4,17362E-04;6,54738E-04;5,95801E-04;6,66808E-04;8,80680E-04
804;1,90796E-04;2,54905E-05;5,43479E-04;7,11570E-04;8,84166E-04;1,72771E-03;1,35021E-03;1,65004E-03;1,69129E-03;1,85286E-03;2,43589E-03;2,40355E-03;3,09538E-03;2,54018E-03;3,26853E-03;3,55033E-03;2,89875E-03;3,85754E-03;2,63842E-03;4,22288E-03;1,30823E-05;1,85815E-06;1,06015E-05;7,18963E-06;0,00000E+00;2,93798E-06;1,10691E-04;0,00000E+00;2,09153E-05;7,93015E-06;4,35155E-05;3,76174E-06;0,00000E+00;3,56548E-04;2,36067E-04;1,48745E-04;3,38860E-04;4,09173E-04;2,68548E-04;5,18056E-04;4,67693E-05;2,50361E-05;5,41493E-05;2,41330E-04;1,07217E-04;3,04690E-04;1,61444E-04;1,57965E-04;1,20010E-04;3,68811E-04;3,46681E-04;3,82287E-04;3,11457E-04;4,36913E-04;4,09909E-04;5,50620E-04;3,56911E-04;6,28695E-04;5,50400E-04;5,82731E-04
805;1,62944E-04;2,74777E-04;5,00163E-04;5,33538E-04;1,34895E-03;1,02837E-03;1,14052E-03;1,31916E-03;1,46032E-03;1,38940E-03;1,87381E-03;2,38951E-03;1,79657E-03;2,48555E-03;2,15560E-03;3,14007E-03;3,24391E-03;3,07487E-03;4,16502E-03;3,28552E-03;0,00000E+00;2,10766E-05;0,00000E+00;7,58948E-05;5,46100E-05;2,35469E-05;9,07867E-05;0,00000E+00;2,40719E-04;7,62259E-05;3,97423E-04;3,01490E-05;0,00000E+00;6,92633E-05;1,19611E-04;5,02886E-04;1,88582E-04;1,56834E-04;4,08276E-04;2,35328E-05;3,42825E-05;4,05968E-05;3,46066E-05;7,61323E-05;7,17174E-05;2,78836E-04;1,52186E-04;2,19549E-04;4,47485E-04;1,98864E-04;2,72131E-04;2,74953E-04;2,05673E-04;2,99948E-04;3,92065E-04;4,88656E-04;4,54508E-04;5,94180E-04;6,28275E-04;5,82654E-04
806;1,55755E-04;3,22520E-04;6,19914E-04;7,38629E-04;6,27504E-04;7,57192E-04;1,29116E-03;1,14864E-03;1,62588E-03;1,36208E-03;1,84714E-03;2,14034E-03;2,56789E-03;2,95154E-03;2,66024E-03;2,09554E-03;3,24418E-03;3,66088E-03;4,07328E-03;3,56489E-03;1,57967E-05;7,79816E-06;3,38854E-05;6,88543E-05;6,88620E-05;1,02966E-04;1,66737E-04;5,49757E-05;9,21649E-05;1,59748E-05;6,13614E-05;0,00000E+00;0,00000E+00;1,02534E-04;1,38461E-04;0,00000E+00;5,49757E-05;4,11702E-04;1,18498E-04;0,00000E+00;4,10635E-05;1,31462E-05;1,38104E-04;1,18130E-04;1,40836E-04;1,29536E-04;6,65481E-05;2,13066E-04;3,45118E-04;1,31972E-04;1,58305E-04;2,68493E-04;3,23174E-04;2,97282E-04;4,83495E-04;4,22249E-04;5,41494E-04;7,51831E-04;6,07823E-04;6,01200E-04
807;1,15191E-04;3,96576E-04;4,11172E-04;8,92999E-04;6,10631E-04;1,24651E-03;1,40158E-03;2,04860E-03;1,98502E-03;1,05043E-03;2,24017E-03;2,39014E-03;2,15278E-03;2,07910E-03;2,75124E-03;1,60228E-03;2,25733E-03;3,80298E-03;2,40646E-03;3,79209E-03;1,79238E-05;0,00000E+00;1,95725E-05;2,49956E-04;0,00000E+00;2,99266E-05;4,84614E-05;1,59784E-05;0,00000E+00;1,43558E-04;0,00000E+00;0,00000E+00;0,00000E+00;4,41636E-06;1,85266E-04;0,00000E+00;4,36673E-04;8,52182E-05;2,62934E-04;0,00000E+00;3,27927E-05;3,79144E-06;1,27048E-04;7,74784E-05;1,45331E-04;8,39917E-05;2,70617E-04;1,99685E-04;2,54457E-04;3,59124E-04;1,81644E-04;2,89348E-04;3,53586E-04;4,56305E-04;2,82810E-04;3,26252E-04;4,82228E-04;5,01626E-04;2,79564E-04;7,57112E-04
808;1,11996E-04;3,94817E-04;4,23735E-04;7,85733E-04;1,03493E-03;1,12990E-03;1,02616E-03;1,52781E-03;1,38685E-03;1,54530E-03;1,27804E-03;1,82736E-03;2,65365E-03;2,37396E-03;2,04958E-03;2,94369E-03;2,10158E-03;2,43876E-03;3,32630E-03;3,69630E-03;2,50486E-06;0,00000E+00;0,00000E+00;2,19628E-05;0,00000E+00;2,32304E-04;0,00000E+00;0,00000E+00;9,95508E-05;1,26180E-05;1,36475E-04;0,00000E+00;1,00368E-05;1,07792E-05;2,38615E-04;8,38824E-05;4,68539E-04;0,00000E+00;3,44836E-05;0,00000E+00;0,00000E+00;4,01663E-05;6,66698E-05;1,00513E-04;1,22314E-04;1,78495E-05;1,50466E-04;1,51858E-04;1,38242E-04;2,36048E-04;1,65747E-04;3,14116E-04;3,26431E-04;3,97459E-04;6,14178E-04;5,67917E-04;2,75521E-04;5,67227E-04;2,78573E-04;7,01147E-04
809;1,36448E-04;2,72733E-04;4,81110E-04;5,55909E-04;9,13473E-04;1,15438E-03;1,01499E-03;1,35914E-03;1,86443E-03;2,07463E-03;1,52679E-03;1,79465E-03;1,76755E-03;2,24818E-03;2,69642E-03;2,63335E-03;3,16782E-03;2,80182E-03;3,46576E-03;3,45579E-03;2,06557E-05;0,00000E+00;0,00000E+00;0,00000E+00;2,29370E-05;3,20205E-05;1,01522E-04;0,00000E+00;9,64787E-05;1,49279E-04;0,00000E+00;7,66232E-06;1,64998E-04;8,88877E-05;5,65592E-05;4,50234E-04;1,81061E-04;3,19519E-05;6,41807E-05;0,00000E+00;0,00000E+00;2,54064E-05;6,41083E-05;1,30425E-04;8,09035E-05;1,97128E-04;2,78307E-04;1,96860E-04;3,32073E-04;1,14979E-04;2,57034E-04;4,13721E-04;3,64013E-04;3,78160E-04;5,58475E-04;1,82332E-04;3,91234E-04;3,06426E-04;3,68328E-04;8,31702E-04
810;1,52496E-04;2,94864E-04;4,26535E-04;6,34170E-04;8,55125E-04;6,80149E-04;1,27928E-03;1,19543E-03;1,66621E-03;1,50272E-03;1,56336E-03;1,97341E-03;1,97184E-03;1,89171E-03;1,87056E-03;2,37962E-03;2,26249E-03;2,67126E-03;3,10637E-03;3,23273E-03;1,42862E-05;0,00000E+00;1,38925E-05;0,00000E+00;2,89835E-05;9,05229E-05;1,28285E-04;3,75653E-05;0,00000E+00;7,99401E-05;1,00041E-04;9,68222E-06;1,03909E-04;0,00000E+00;0,00000E+00;3,75653E-05;4,35400E-04;4,03749E-05;2,69166E-05;8,43786E-05;2,29558E-05;6,45875E-05;7,24661E-05;9,13504E-05;8,56160E-05;1,44873E-04;1,96118E-04;2,48517E-04;1,31626E-04;1,34991E-04;2,81887E-04;2,58535E-04;2,04593E-04;3,17741E-04;3,54869E-04;2,60778E-04;1,89134E-04;2,47425E-04;4,94824E-04;4,32539E-04
811;1,68723E-04;3,59207E-04;3,56704E-04;6,08074E-04;5,91251E-04;7,45577E-04;1,11929E-03;1,47986E-03;1,46427E-03;1,50406E-03;1,26460E-03;2,30184E-03;2,65063E-03;1,54711E-03;3,05691E-03;2,89505E-03;2,18475E-03;2,80908E-03;3,64863E-03;4,00778E-03;4,08693E-06;0,00000E+00;3,97431E-06;0,00000E+00;0,00000E+00;1,10861E-04;0,00000E+00;2,42032E-05;0,00000E+00;6,51938E-06;2,86193E-05;0,00000E+00;1,66235E-04;0,00000E+00;4,73328E-05;1,07465E-05;4,08980E-04;0,00000E+00;2,15307E-04;2,41387E-05;6,56711E-06;4,62079E-05;6,16907E-05;8,51470E-05;1,14536E-04;9,54989E-05;2,17012E-04;4,15983E-04;2,26030E-04;3,00042E-04;2,48831E-04;2,03248E-04;2,88800E-04;3,94515E-04;3,88270E-04;1,01643E-04;4,11931E-04;5,24363E-04;3,31939E-04;7,06051E-04
812;1,40443E-04;4,21675E-04;5,55852E-04;4,77059E-04;1,03520E-03;7,75821E-04;1,14044E-03;1,52629E-03;1,29236E-03;1,61175E-03;1,77457E-03;2,43491E-03;2,85013E-03;2,27550E-03;2,02429E-03;2,64872E-03;1,90150E-03;2,62796E-03;2,41716E-03;2,93675E-03;5,57832E-07;6,84150E-06;0,00000E+00;6,87570E-07;0,00000E+00;5,26430E-05;0,00000E+00;1,11968E-04;3,55601E-04;7,19083E-05;2,92973E-05;0,00000E+00;0,00000E+00;1,07922E-04;1,93477E-05;0,00000E+00;0,00000E+00;0,00000E+00;1,59788E-04;5,03000E-04;1,42739E-05;1,98044E-05;5,09740E-05;4,37578E-05;3,70921E-05;4,56833E-05;2,24045E-04;9,82511E-05;1,91329E-04;1,00744E-04;3,01457E-04;3,02549E-04;1,52604E-04;6,93327E-05;4,76147E-04;3,49050E-04;3,06093E-04;3,96707E-04;3,61756E-04;7,57962E-04
813;7,06294E-05;3,97627E-04;3,34534E-04;7,78365E-04;6,46817E-04;8,47368E-04;9,46282E-04;9,31794E-04;1,13435E-03;1,51913E-03;1,60324E-03;2,14248E-03;1,92451E-03;1,73558E-03;2,18715E-03;2,43098E-03;2,81499E-03;2,38271E-03;2,18974E-03;2,68058E-03;4,37083E-06;5,36057E-05;0,00000E+00;4,63981E-05;0,00000E+00;8,50602E-05;0,00000E+00;6,46484E-05;1,42171E-04;0,00000E+00;2,29555E-04;0,00000E+00;0,00000E+00;2,68028E-04;2,95848E-04;3,28086E-05;1,20298E-04;5,46810E-05;5,31030E-04;2,90424E-04;2,76242E-05;3,95333E-05;3,39049E-05;7,58474E-05;1,22525E-04;9,63531E-05;2,47127E-05;1,20657E-04;3,62165E-04;2,57474E-04;2,60128E-04;2,32915E-04;2,12237E-04;1,30016E-04;3,64200E-04;3,44955E-04;2,16240E-04;4,44593E-04;5,99970E-04;6,30732E-04
814;1,16938E-04;2,19052E-04;1,71776E-04;6,56095E-04;6,99862E-04;8,97381E-04;1,79342E-03;1,10103E-03;1,09712E-03;1,13563E-03;1,57822E-03;1,50442E-03;1,31183E-03;2,50694E-03;2,53603E-03;2,60022E-03;3,00779E-03;2,51657E-03;2,36669E-03;2,48745E-03;0,00000E+00;0,00000E+00;0,00000E+00;5,02936E-05;0,00000E+00;2,51192E-05;0,00000E+00;0,00000E+00;2,99125E-04;0,00000E+00;0,00000E+00;0,00000E+00;1,48209E-05;0,00000E+00;4,63865E-04;4,02349E-05;1,47528E-04;6,70581E-05;4,65977E-04;4,31177E-05;4,37086E-05;3,25726E-05;5,89483E-05;4,22858E-05;7,85404E-05;1,18493E-04;3,30207E-05;2,17728E-04;1,72572E-04;2,93930E-04;2,32989E-04;1,52248E-04;2,71231E-04;4,08007E-04;4,01741E-04;2,71503E-04;2,90775E-04;3,66030E-04;3,84673E-04;5,88528E-04
815;3,31728E-05;3,67665E-04;1,63220E-04;5,34673E-04;7,43586E-04;1,11945E-03;1,08871E-03;1,28828E-03;1,07770E-03;1,11223E-03;1,66011E-03;1,95973E-03;1,24743E-03;1,63920E-03;3,15759E-03;3,68512E-03;3,27553E-03;2,72889E-03;2,22402E-03;3,01889E-03;2,24227E-05;0,00000E+00;0,00000E+00;8,98224E-05;0,00000E+00;8,28219E-05;9,57978E-05;6,90942E-05;2,82682E-04;0,00000E+00;0,00000E+00;0,00000E+00;4,03187E-06;2,29168E-05;7,80648E-05;0,00000E+00;0,00000E+00;0,00000E+00;3,06182E-04;1,17297E-05;2,36820E-05;5,56363E-05;5,26994E-05;4,86645E-05;0,00000E+00;1,57397E-05;9,87842E-05;1,67877E-04;8,86770E-05;2,10214E-04;1,66910E-04;1,78071E-04;3,39469E-04;6,00528E-04;3,94955E-04;3,15246E-04;2,64231E-04;4,53176E-04;4,89693E-04;5,93340E-04
816;1,37183E-04;2,80578E-04;4,96463E-04;7,62942E-04;1,31012E-03;1,00202E-03;9,45709E-04;1,20692E-03;1,36383E-03;2,06064E-03;1,48772E-03;1,40451E-03;1,57243E-03;3,84121E-04;2,19489E-03;2,27971E-03;2,36847E-03;2,83720E-03;2,18263E-03;3,35238E-03;4,71508E-07;5,14025E-06;0,00000E+00;1,19754E-04;2,86079E-06;9,35963E-05;0,00000E+00;0,00000E+00;6,91760E-05;2,82052E-05;1,19595E-04;0,00000E+00;1,84920E-04;1,73773E-04;3,15919E-04;1,68291E-04;3,89202E-04;0,00000E+00;2,47965E-05;3,48110E-05;2,07900E-05;3,33097E-05;9,71599E-06;8,07066E-05;1,31255E-04;1,59737E-04;1,77728E-06;2,43591E-04;1,20812E-04;1,51507E-04;3,01218E-04;2,54104E-04;2,86374E-04;3,37172E-04;3,00137E-04;4,76353E-04;2,64869E-04;3,98651E-04;4,31197E-04;5,96153E-04
817;6,37356E-05;4,33166E-04;3,20469E-04;2,97454E-04;7,63880E-04;1,19242E-03;9,89025E-04;9,33601E-04;1,63191E-03;1,59172E-03;1,38271E-03;1,70950E-03;1,78975E-03;2,27439E-03;1,51970E-03;2,69467E-03;2,57028E-03;3,35311E-03;2,66491E-03;3,69926E-03;3,29088E-06;3,58762E-05;0,00000E+00;4,88414E-05;1,99668E-05;1,05347E-04;0,00000E+00;0,00000E+00;6,49000E-05;1,96858E-04;0,00000E+00;0,00000E+00;0,00000E+00;2,85873E-05;1,01056E-04;1,64276E-04;0,00000E+00;0,00000E+00;3,33956E-04;2,42962E-04;0,00000E+00;2,06420E-05;9,25143E-05;0,00000E+00;1,99493E-04;1,38329E-04;7,39065E-05;1,08267E-04;3,37000E-04;6,49000E-05;2,93567E-04;3,68260E-04;4,07704E-04;2,44434E-04;4,14113E-04;4,11121E-04;4,13676E-04;2,62126E-04;3,62932E-04;5,12305E-04
818;4,37628E-05;2,83525E-04;4,13128E-04;4,64516E-04;5,75829E-04;7,31717E-04;1,03477E-03;8,55907E-04;6,63159E-04;1,00714E-03;1,04879E-03;1,52434E-03;1,47237E-03;2,35329E-03;2,26881E-03;1,81786E-03;1,92391E-03;2,74628E-03;2,32196E-03;3,03984E-03;0,00000E+00;0,00000E+00;2,94599E-05;5,63380E-05;0,00000E+00;0,00000E+00;0,00000E+00;9,95744E-06;1,79234E-04;2,05383E-04;0,00000E+00;0,00000E+00;2,92142E-04;3,29751E-05;2,74177E-04;9,95126E-05;0,00000E+00;1,99149E-04;1,85584E-04;0,00000E+00;1,43825E-05;0,00000E+00;5,34635E-05;1,63390E-05;1,73461E-04;1,64381E-04;7,09419E-05;3,12504E-04;2,43741E-04;1,59319E-04;2,17275E-04;2,32974E-04;3,74683E-04;1,70248E-04;1,85732E-04;3,44221E-04;3,13734E-04;1,97634E-04;2,00490E-04;4,43794E-04
819;1,61789E-04;1,06244E-04;2,70318E-04;4,43375E-04;7,61083E-04;7,69560E-04;9,80488E-04;1,56447E-03;1,04966E-03;1,11036E-03;1,15215E-03;2,35838E-03;1,14983E-03;1,65949E-03;2,14291E-03;1,99014E-03;1,70544E-03;2,92202E-03;1,70684E-03;2,83550E-03;0,00000E+00;0,00000E+00;7,19103E-06;0,00000E+00;0,00000E+00;0,00000E+00;0,00000E+00;2,43057E-06;4,37503E-05;1,01947E-04;9,47735E-05;0,00000E+00;7,13107E-05;9,44277E-05;3,84719E-05;1,45834E-05;0,00000E+00;4,86114E-05;3,13169E-04;0,00000E+00;1,06280E-05;0,00000E+00;2,39437E-05;3,98828E-06;1,80414E-04;1,95357E-05;7,61810E-05;1,79905E-04;2,55210E-05;1,45651E-04;2,46337E-04;1,36676E-04;1,95419E-04;1,03439E-04;1,13089E-04;4,86622E-04;4,11294E-04;2,34875E-05;5,18521E-04;3,14956E-04
820;1,12080E-04;1,98570E-04;4,27370E-04;7,04316E-04;5,87890E-04;7,21556E-04;7,38871E-04;1,10188E-03;1,19568E-03;1,43867E-03;9,94493E-04;1,73145E-03;1,26923E-03;2,08318E-03;1,57062E-03;1,76825E-03;2,24571E-03;2,26026E-03;8,44598E-04;3,63765E-03;0,00000E+00;2,48322E-05;5,53766E-06;1,34765E-04;2,48765E-04;1,92069E-04;0,00000E+00;0,00000E+00;1,79686E-04;2,76929E-04;3,68904E-05;0,00000E+00;2,52752E-05;1,05361E-04;5,43752E-05;3,31365E-04;0,00000E+00;0,00000E+00;2,50494E-04;0,00000E+00;7,94470E-06;5,23423E-05;5,47938E-05;1,33708E-04;5,98851E-05;1,42563E-04;1,76631E-04;5,85409E-05;6,78673E-05;1,41191E-04;3,64616E-04;2,05475E-04;1,88345E-04;4,55237E-04;3,28678E-04;2,94667E-04;3,24006E-04;1,07840E-04;2,78991E-04;3,34195E-04
821;1,37678E-04;2,85193E-04;3,74451E-04;4,53614E-04;3,08880E-04;7,23217E-04;7,56624E-04;9,25492E-04;6,18325E-04;1,40499E-03;1,67427E-03;1,60434E-03;1,86285E-03;1,37748E-03;2,27138E-03;2,08513E-03;2,08634E-03;2,73726E-03;2,47378E-03;2,58661E-03;0,00000E+00;0,00000E+00;0,00000E+00;0,00000E+00;0,00000E+00;8,07544E-06;0,00000E+00;0,00000E+00;1,28896E-04;4,84978E-05;1,00471E-04;0,00000E+00;1,49802E-04;1,07004E-04;4,51810E-04;3,66489E-04;2,45516E-05;0,00000E+00;6,46745E-05;0,00000E+00;1,25752E-05;3,02839E-05;5,62063E-05;5,29554E-05;2,27940E-05;7,63086E-05;2,21129E-04;1,70083E-04;1,71415E-04;2,86168E-04;2,01281E-04;3,13218E-04;1,94026E-04;3,05724E-04;2,42135E-04;2,95154E-04;3,48015E-04;2,62452E-04;6,52146E-04;5,68156E-04
822;1,15501E-04;1,78372E-04;3,15958E-04;5,51643E-04;3,92458E-04;8,48351E-04;1,05433E-03;7,48482E-04;1,19226E-03;1,09547E-03;1,55468E-03;1,72804E-03;1,96238E-03;1,47807E-03;1,49105E-03;2,47839E-03;1,23319E-03;2,88012E-03;2,12863E-03;2,88768E-03;0,00000E+00;0,00000E+00;0,00000E+00;6,29631E-05;3,87418E-05;1,25788E-04;0,00000E+00;6,29631E-05;2,30841E-04;1,76427E-04;0,00000E+00;0,00000E+00;4,86127E-05;2,84232E-04;1,37075E-04;0,00000E+00;6,79557E-05;0,00000E+00;1,88889E-04;0,00000E+00;0,00000E+00;6,19743E-06;1,86145E-05;3,19729E-05;1,41032E-04;4,35034E-06;1,75919E-04;8,13134E-05;2,05115E-04;1,63891E-04;1,59383E-04;1,82537E-04;2,68122E-05;2,09482E-04;2,71246E-04;3,44794E-04;3,04041E-04;5,70186E-04;5,54123E-04;6,33116E-04
823;3,88711E-05;1,72400E-04;3,01416E-04;3,11844E-04;1,25252E-04;8,75474E-04;1,25751E-03;1,45983E-03;1,52137E-03;7,45406E-04;1,33671E-03;1,65039E-03;1,01660E-03;1,97405E-03;1,28843E-03;1,46067E-03;8,02302E-04;2,32888E-03;1,42599E-03;3,04778E-03;2,41519E-05;2,46841E-05;0,00000E+00;1,30043E-05;2,09491E-04;2,59800E-05;0,00000E+00;1,30043E-05;2,27890E-04;1,94091E-04;0,00000E+00;2,35583E-04;1,00404E-05;4,31320E-05;0,00000E+00;2,67922E-04;8,66954E-06;0,00000E+00;2,17627E-04;1,00300E-04;1,57109E-05;0,00000E+00;8,26504E-05;5,23366E-05;2,41467E-05;3,98782E-05;1,32133E-04;1,66898E-04;1,96097E-04;1,30057E-04;8,72834E-05;1,76030E-04;2,05683E-04;1,94840E-04;2,92338E-04;2,86080E-04;5,40684E-04;2,46580E-04;4,35147E-04;4,86180E-04
824;1,89251E-05;3,36620E-04;1,96844E-04;5,97786E-04;4,56741E-04;5,94958E-04;1,64180E-03;1,18339E-03;1,88981E-03;1,62943E-03;1,60790E-03;1,72629E-03;1,22982E-03;2,04342E-03;1,28440E-03;1,56113E-03;1,76929E-03;2,00181E-03;1,18127E-03;1,43716E-03;0,00000E+00;3,51637E-06;0,00000E+00;1,26162E-04;6,39294E-05;2,29490E-05;2,18652E-04;1,96922E-05;2,52324E-04;2,12378E-05;1,16539E-05;0,00000E+00;2,02720E-05;0,00000E+00;0,00000E+00;7,71815E-04;2,67167E-04;0,00000E+00;2,16548E-04;0,00000E+00;1,27168E-05;5,13388E-05;1,48930E-05;1,38483E-05;3,20964E-05;7,03832E-05;1,30203E-04;6,55882E-06;1,29918E-04;2,68114E-04;1,98660E-04;1,91983E-04;2,61576E-04;2,05771E-04;1,24763E-04;4,33905E-04;5,00820E-04;3,85385E-04;4,46484E-04;2,61219E-04
825;1,08026E-04;1,99109E-04;3,65355E-04;4,56133E-04;5,97306E-04;3,34460E-04;1,04639E-03;9,83277E-04;1,06096E-03;1,31520E-03;1,34617E-03;6,35711E-04;1,75911E-03;1,72447E-03;2,73422E-03;6,09679E-04;1,43006E-03;1,89820E-03;2,55012E-03;2,07233E-03;3,99719E-06;0,00000E+00;0,00000E+00;3,94147E-05;0,00000E+00;2,18597E-04;0,00000E+00;1,14376E-04;0,00000E+00;2,21653E-04;7,35195E-05;0,00000E+00;9,74557E-05;2,06987E-04;8,08720E-05;0,00000E+00;0,00000E+00;6,56912E-05;4,20749E-05;7,37771E-05;2,26398E-05;0,00000E+00;8,33637E-05;9,73717E-05;1,32558E-04;1,38694E-04;1,30641E-04;1,04671E-04;9,92628E-05;2,35945E-04;9,59579E-05;2,04766E-04;2,14081E-04;2,25145E-04;1,05835E-04;9,64223E-05;4,08502E-04;1,86352E-04;3,89516E-04;4,18598E-04
826;7,29785E-05;3,16451E-04;2,96064E-04;5,04087E-04;5,83114E-04;7,13615E-04;5,56529E-04;5,34563E-04;3,30133E-04;6,85592E-04;7,78580E-04;7,29488E-04;1,93979E-03;1,79662E-03;1,49119E-03;1,41525E-03;1,99705E-03;1,74742E-03;1,99908E-03;2,69078E-03;3,74723E-06;0,00000E+00;0,00000E+00;1,08341E-04;0,00000E+00;1,01501E-04;0,00000E+00;1,39290E-04;2,19664E-05;1,12078E-04;3,10251E-05;0,00000E+00;0,00000E+00;3,03329E-04;7,58148E-05;0,00000E+00;1,97697E-04;6,15833E-05;3,51462E-04;6,91636E-05;4,78965E-06;0,00000E+00;3,26715E-05;4,43192E-05;4,00812E-05;8,06449E-05;6,38759E-05;9,67864E-05;9,23750E-06;8,31375E-05;1,46115E-04;2,58910E-04;1,13300E-04;3,71680E-04;2,53086E-04;1,58012E-04;3,18510E-04;3,71472E-04;4,08093E-04;2,44065E-04
827;1,70119E-04;4,91869E-05;3,00753E-04;7,56178E-04;4,15238E-04;5,79440E-04;3,56171E-04;8,17742E-04;9,02439E-04;1,31604E-03;1,45263E-03;1,52257E-03;2,06567E-03;1,61851E-03;1,04369E-03;2,69155E-03;1,96335E-03;2,24507E-03;3,77508E-04;2,17238E-03;0,00000E+00;0,00000E+00;0,00000E+00;1,15231E-05;0,00000E+00;9,29212E-05;0,00000E+00;1,28028E-04;1,58585E-04;0,00000E+00;2,91381E-04;0,00000E+00;4,78811E-05;1,76397E-05;5,45336E-05;0,00000E+00;2,17957E-04;0,00000E+00;1,49753E-04;2,43772E-04;0,00000E+00;9,24591E-06;3,49299E-06;2,49337E-06;1,55519E-04;6,26086E-05;2,71068E-06;1,63896E-04;0,00000E+00;8,52715E-05;2,12413E-04;2,33470E-04;1,04486E-04;2,83743E-04;4,48381E-04;1,86821E-04;4,19271E-05;3,22145E-04;4,45147E-04;3,28809E-04
828;1,18194E-04;2,29099E-04;1,98703E-04;6,65393E-04;2,66322E-04;4,58445E-04;3,60735E-04;9,72603E-04;9,57155E-04;5,83273E-04;1,30455E-03;7,79247E-04;1,39825E-03;1,18283E-03;1,33720E-03;1,54004E-03;2,52822E-03;1,30396E-03;1,69996E-03;3,00613E-03;0,00000E+00;0,00000E+00;0,00000E+00;5,48661E-05;9,03876E-06;2,61285E-05;1,62735E-05;1,32339E-04;4,03528E-04;1,52509E-04;2,36597E-04;0,00000E+00;0,00000E+00;4,14140E-04;1,29175E-04;0,00000E+00;0,00000E+00;0,00000E+00;2,35037E-04;6,02605E-06;1,00201E-05;2,23988E-06;0,00000E+00;8,45911E-05;1,30087E-04;1,43753E-05;1,07818E-04;5,03247E-05;1,07312E-05;0,00000E+00;2,83327E-04;8,99402E-05;1,83324E-04;2,69797E-04;2,06716E-05;5,25477E-05;2,52045E-04;2,03366E-04;3,14094E-04;1,34950E-04
829;1,00068E-04;1,94044E-04;4,31926E-04;4,76105E-04;2,70876E-04;6,06991E-04;3,87058E-04;8,21204E-04;1,05726E-03;8,41524E-04;8,10763E-04;1,04634E-03;1,01200E-03;1,41384E-03;1,60119E-03;1,79375E-03;2,24027E-03;1,52368E-03;1,73649E-03;2,02252E-03;0,00000E+00;0,00000E+00;0,00000E+00;1,08010E-04;3,96980E-05;1,21189E-04;6,20998E-05;1,69962E-04;2,80537E-04;1,82595E-04;2,91790E-04;0,00000E+00;5,53472E-05;4,75527E-05;1,00859E-04;3,29754E-04;1,29034E-04;0,00000E+00;2,00720E-04;2,64524E-04;5,17588E-06;1,96625E-05;0,00000E+00;5,99953E-05;0,00000E+00;8,12645E-05;1,83179E-04;3,37677E-05;1,19805E-04;8,60229E-05;2,05782E-04;1,75853E-04;2,23654E-05;1,05081E-04;1,99397E-04;1,66203E-04;3,64632E-04;1,79748E-04;3,31795E-04;2,34207E-04
830;9,81317E-05;1,06506E-04;4,14402E-04;2,60607E-04;5,43438E-04;9,16746E-04;7,32467E-04;1,03337E-03;1,07967E-03;6,79847E-04;1,05693E-03;1,40065E-03;1,67629E-03;8,97936E-04;1,04919E-03;9,29131E-04;1,74066E-03;1,43576E-03;1,34672E-03;3,00963E-03;0,00000E+00;1,65856E-05;0,00000E+00;8,63565E-06;3,18816E-05;8,71831E-05;0,00000E+00;4,60568E-05;2,67440E-04;6,98508E-06;1,99723E-04;0,00000E+00;3,50742E-04;1,73639E-04;3,47767E-04;3,11498E-04;1,03628E-04;2,10023E-04;1,61199E-04;1,93972E-04;2,10536E-05;8,92659E-06;6,89694E-05;0,00000E+00;3,66644E-05;4,07461E-05;8,82054E-05;2,71189E-05;2,32513E-04;1,62429E-04;2,50630E-04;1,47009E-04;1,56294E-04;2,64301E-04;3,50152E-04;1,59020E-04;3,98871E-04;2,71617E-04;3,80203E-04;3,15569E-04
831;1,16862E-04;1,45562E-04;3,60141E-04;1,25814E-04;5,42202E-04;6,12054E-04;3,81429E-04;5,55764E-04;8,97808E-04;1,18800E-03;1,21242E-03;1,43754E-03;7,07153E-04;1,49577E-03;1,85258E-03;2,65329E-03;1,92232E-03;1,61818E-03;8,02353E-04;2,75114E-03;0,00000E+00;1,79096E-06;2,39254E-05;0,00000E+00;0,00000E+00;6,81356E-05;4,20457E-05;0,00000E+00;1,83155E-04;0,00000E+00;2,48914E-05;0,00000E+00;1,57948E-04;6,31529E-04;2,88062E-05;3,60859E-04;0,00000E+00;2,26789E-05;1,94083E-04;0,00000E+00;2,16982E-06;0,00000E+00;7,44751E-06;2,27477E-05;7,32626E-05;5,62745E-05;4,47228E-05;0,00000E+00;1,82691E-05;1,00795E-05;1,62674E-04;7,43590E-06;1,86503E-04;1,89404E-04;1,51981E-04;9,32512E-05;1,88062E-04;5,04221E-04;2,97994E-04;4,81328E-04
832;2,05633E-05;1,79691E-05;2,68071E-04;2,73780E-04;3,60879E-04;1,52620E-04;6,24963E-04;1,01158E-03;1,49139E-03;7,94475E-04;1,26697E-03;1,10006E-03;1,46732E-03;7,16553E-04;2,71035E-03;1,60076E-03;1,74591E-03;1,02978E-03;1,53059E-03;1,81908E-03;2,98197E-06;0,00000E+00;6,33483E-05;0,00000E+00;0,00000E+00;0,00000E+00;5,66224E-06;0,00000E+00;3,92053E-05;1,58559E-05;7,83062E-05;0,00000E+00;3,02697E-05;2,76651E-04;3,01255E-04;0,00000E+00;2,56941E-04;0,00000E+00;7,13724E-04;2,88567E-04;3,12900E-05;4,08611E-05;0,00000E+00;3,67607E-05;9,04426E-05;2,29770E-05;3,91768E-05;6,95218E-05;2,59254E-04;1,27692E-04;1,85568E-04;3,01858E-04;2,89637E-04;1,32959E-04;1,38894E-04;2,61557E-04;0,00000E+00;2,77257E-04;2,70553E-04;4,49611E-04
833;3,37811E-05;1,71202E-04;1,03715E-04;4,28129E-04;6,07239E-04;7,58951E-04;8,01978E-04;4,80921E-04;1,46852E-03;1,00318E-03;1,38435E-03;1,27671E-03;1,57788E-03;8,07324E-04;1,44507E-03;1,73657E-03;9,37787E-04;1,89324E-03;1,72885E-03;9,39707E-04;8,91183E-06;0,00000E+00;0,00000E+00;1,17500E-05;4,33794E-05;0,00000E+00;1,69220E-05;6,26669E-05;1,64168E-04;6,63950E-05;2,34024E-04;0,00000E+00;1,26751E-04;4,85771E-05;0,00000E+00;6,26669E-05;0,00000E+00;0,00000E+00;1,41001E-04;0,00000E+00;1,32697E-05;1,21459E-05;0,00000E+00;1,22716E-04;7,53094E-05;8,17853E-05;1,39702E-04;3,17963E-05;2,54141E-04;1,61328E-04;7,83336E-05;1,24693E-04;1,35449E-04;1,78574E-04;2,86370E-04;4,01547E-04;1,32565E-04;2,61383E-04;1,63936E-04;3,23957E-04
834;5,95334E-05;2,10178E-04;2,59187E-04;1,47830E-04;3,02383E-04;4,44934E-04;1,04094E-03;6,01591E-04;1,52586E-03;3,85581E-04;1,20554E-03;1,70510E-03;1,25750E-03;6,50642E-04;9,51098E-04;9,38599E-04;1,25636E-03;1,74444E-03;1,31001E-03;2,86766E-04;0,00000E+00;8,89442E-06;0,00000E+00;7,87760E-06;2,90829E-05;4,68776E-05;0,00000E+00;1,29615E-04;3,15104E-05;1,27438E-05;0,00000E+00;0,00000E+00;1,01626E-04;1,66029E-04;0,00000E+00;1,92187E-04;3,00347E-04;0,00000E+00;9,45312E-05;0,00000E+00;8,16909E-06;8,14300E-06;2,46577E-05;9,07564E-05;5,36242E-05;8,79393E-06;1,02639E-04;4,49789E-06;1,21962E-04;2,15205E-04;1,77662E-04;8,96198E-05;1,94246E-04;2,63182E-04;1,92935E-04;3,61250E-04;3,10285E-04;2,61752E-04;2,20621E-04;5,56851E-04
835;5,87943E-05;1,70001E-04;3,84162E-04;6,20609E-04;2,17642E-04;1,00899E-03;1,20584E-03;2,30609E-04;2,05652E-03;6,17362E-04;5,18551E-04;2,23740E-04;1,93085E-03;6,79694E-04;1,28613E-03;1,04910E-03;1,29640E-03;2,25366E-03;1,54827E-03;1,27488E-03;0,00000E+00;4,56007E-07;0,00000E+00;1,03114E-04;8,45959E-05;2,21280E-04;0,00000E+00;1,41977E-04;0,00000E+00;2,91919E-04;0,00000E+00;7,41827E-05;3,48950E-04;1,22513E-04;0,00000E+00;7,69922E-06;1,53984E-05;0,00000E+00;1,03114E-04;2,70215E-04;7,63782E-06;0,00000E+00;1,26417E-06;2,45922E-04;2,23866E-05;8,63312E-05;8,27575E-05;0,00000E+00;7,16299E-05;1,20048E-04;2,21237E-04;2,25031E-04;3,93657E-04;1,02629E-05;4,01593E-05;5,20444E-04;1,56769E-04;1,33854E-04;8,34469E-05;2,91362E-04
836;0,00000E+00;2,25933E-04;2,78309E-04;2,58054E-04;1,29333E-04;5,71778E-04;1,09696E-03;7,80700E-04;5,93784E-04;1,14311E-03;7,65135E-04;5,58764E-04;1,46519E-03;5,21012E-04;2,23564E-03;1,30909E-03;6,75405E-04;6,91393E-04;2,22823E-03;9,55680E-04;0,00000E+00;0,00000E+00;0,00000E+00;3,99697E-05;3,68906E-05;4,49165E-05;1,99120E-04;1,99849E-05;1,10749E-04;3,07894E-04;9,74904E-05;4,02573E-05;1,29611E-04;9,23153E-05;1,40590E-05;1,10749E-04;0,00000E+00;0,00000E+00;9,16389E-05;1,55477E-04;4,15296E-05;1,28369E-05;2,23173E-05;3,82094E-05;8,08474E-05;2,14171E-05;9,39495E-05;2,47400E-04;9,69057E-05;1,74555E-04;1,00122E-04;9,83870E-05;2,33779E-04;1,07210E-04;1,22170E-04;1,78042E-04;2,45967E-05;4,38697E-04;3,14273E-04;2,11877E-04
837;7,46604E-06;1,18593E-04;1,27958E-04;5,39300E-04;3,11957E-04;6,60152E-04;1,05357E-03;7,79571E-04;3,07561E-04;7,58177E-04;1,10701E-03;1,21111E-03;2,01189E-03;9,37560E-04;1,06564E-03;1,39760E-03;1,90442E-03;1,69947E-03;2,14264E-03;1,35884E-03;0,00000E+00;0,00000E+00;0,00000E+00;9,18651E-05;8,47881E-05;1,03235E-04;1,31485E-04;1,32251E-04;8,63186E-05;1,67190E-04;2,37262E-05;9,25260E-05;2,97895E-04;1,06643E-04;1,84122E-04;1,72637E-05;1,20846E-04;0,00000E+00;1,46984E-04;9,69436E-05;9,59064E-07;2,19139E-05;0,00000E+00;5,72324E-05;5,25745E-05;4,92244E-05;4,56516E-05;7,90498E-05;1,29478E-04;2,52941E-04;1,28490E-04;1,26847E-04;3,41210E-04;1,26729E-04;5,79144E-05;2,77750E-04;6,98122E-05;2,32261E-04;1,80431E-04;2,04029E-04
838;8,46210E-05;6,83444E-06;1,90162E-04;3,33045E-04;4,96556E-04;4,04921E-04;8,27369E-04;2,90229E-04;5,08823E-04;4,00008E-04;1,00450E-03;8,00183E-04;1,36782E-03;2,77685E-04;1,81226E-03;1,35764E-03;2,14856E-03;1,91438E-03;1,94946E-03;2,63230E-03;0,00000E+00;0,00000E+00;0,00000E+00;4,66391E-05;0,00000E+00;0,00000E+00;3,15861E-05;4,55630E-05;4,55630E-05;1,61678E-04;6,06697E-06;5,75200E-05;1,85190E-04;4,41972E-05;8,01318E-05;2,22320E-04;6,37881E-05;2,39858E-04;3,46462E-04;7,09662E-04;5,06238E-07;0,00000E+00;0,00000E+00;9,49384E-05;5,50848E-05;5,80144E-05;7,64075E-05;2,92671E-05;2,88215E-04;7,29007E-05;9,20304E-05;5,83480E-05;2,91179E-04;1,51836E-05;0,00000E+00;6,75407E-05;1,60765E-04;5,81526E-05;1,72489E-04;2,32102E-04
839;9,25221E-05;2,85649E-04;1,43245E-04;2,87750E-04;6,29855E-04;5,50583E-04;8,22370E-04;6,81560E-04;7,49203E-04;8,19931E-04;1,45201E-03;1,07789E-04;1,63231E-03;1,23097E-03;2,00312E-03;5,02370E-04;1,79054E-03;2,00630E-03;2,79074E-03;1,56386E-03;0,00000E+00;0,00000E+00;0,00000E+00;1,69368E-04;8,88768E-05;1,20208E-04;1,54491E-05;7,94784E-07;1,78282E-04;1,96745E-04;1,66175E-04;3,75746E-06;3,33118E-06;5,61752E-04;2,20081E-04;5,70503E-04;2,85252E-04;1,79872E-04;1,78282E-04;4,41260E-05;5,06441E-05;0,00000E+00;9,26092E-05;3,72613E-07;1,07211E-04;5,37355E-05;1,60589E-06;2,36915E-04;1,35188E-04;2,83851E-07;1,71071E-04;2,85363E-04;1,55957E-04;2,14714E-04;1,38405E-04;2,77493E-04;1,11110E-04;1,02143E-04;3,16872E-04;3,40098E-04
840;0,00000E+00;8,75155E-05;3,50311E-05;3,05801E-04;2,04570E-04;5,83616E-04;3,51988E-04;6,41329E-04;3,38683E-04;4,47580E-04;6,29743E-04;7,32226E-05;1,95153E-03;6,81678E-04;8,96429E-04;6,41991E-04;9,97169E-04;1,34464E-03;1,57718E-03;1,44587E-03;0,00000E+00;0,00000E+00;0,00000E+00;3,39109E-05;1,48226E-04;3,62931E-06;0,00000E+00;9,26760E-05;0,00000E+00;2,99728E-04;0,00000E+00;5,35725E-04;4,18355E-04;7,23046E-05;1,55052E-04;9,68882E-05;1,93776E-05;3,01618E-04;0,00000E+00;5,95506E-04;2,21736E-05;5,77802E-06;5,20643E-06;9,79568E-05;3,02564E-05;2,43356E-05;2,66884E-04;4,07946E-05;2,08446E-04;3,30986E-05;1,98591E-04;2,05641E-04;4,29207E-05;1,81011E-04;1,27348E-04;1,07717E-04;1,66673E-04;2,07511E-04;3,89558E-04;2,37190E-04
841;5,61034E-05;1,54169E-04;2,39250E-04;2,36993E-04;2,69169E-04;2,61404E-04;4,22570E-04;4,24486E-04;4,69300E-04;8,05668E-04;3,76420E-04;7,97032E-04;1,00616E-03;1,61686E-03;8,87904E-04;1,05414E-03;2,08999E-04;4,09346E-04;8,18691E-04;6,35816E-04;3,89813E-06;6,82976E-06;0,00000E+00;1,99034E-04;3,14843E-05;2,07874E-05;0,00000E+00;8,64853E-05;1,82580E-04;2,66699E-04;2,17525E-04;1,85614E-04;3,93962E-04;2,22901E-04;2,00684E-04;1,70561E-04;3,41121E-05;4,92957E-04;9,60948E-05;2,97049E-04;1,18441E-05;1,01716E-05;1,60504E-05;1,43259E-04;0,00000E+00;1,23295E-04;1,69565E-04;6,30623E-05;6,39603E-05;4,80474E-05;7,68758E-05;2,31102E-04;2,41795E-04;2,11826E-04;4,56034E-05;1,89624E-04;5,83034E-05;1,43545E-04;2,38173E-04;9,56883E-05
842;3,14291E-05;6,09683E-05;2,20410E-04;2,27309E-04;6,96369E-04;3,52815E-04;1,05898E-04;3,98798E-04;7,20906E-04;7,76044E-04;8,33591E-04;4,37210E-04;6,06424E-04;4,16756E-04;1,45252E-03;5,72773E-04;6,49185E-04;1,26811E-03;9,22265E-04;1,62626E-03;1,53421E-06;1,63439E-05;3,73050E-05;5,48399E-05;0,00000E+00;1,46014E-04;0,00000E+00;3,22246E-04;7,18592E-05;1,51663E-04;2,19931E-04;1,50582E-04;6,90623E-04;3,76325E-05;1,21329E-04;0,00000E+00;2,01745E-04;1,13462E-04;3,78206E-05;9,87175E-05;0,00000E+00;1,89063E-05;2,70980E-06;8,27990E-05;0,00000E+00;2,19878E-04;1,60297E-04;4,70506E-05;1,44104E-04;1,19783E-04;1,95976E-04;1,44890E-04;1,45542E-04;1,40459E-04;1,24282E-04;2,13614E-04;1,20129E-04;1,50124E-04;2,01113E-04;6,21888E-05
843;4,94991E-05;1,83831E-04;1,19283E-04;4,24457E-04;4,13577E-04;4,31341E-04;7,84149E-04;1,22205E-03;7,86670E-04;1,01711E-05;6,13255E-05;6,02334E-05;1,73784E-03;1,15797E-03;8,60869E-04;1,49456E-03;2,25979E-03;2,60652E-03;4,56337E-04;1,31511E-03;0,00000E+00;0,00000E+00;3,17818E-05;8,59379E-05;0,00000E+00;3,23406E-04;8,93635E-05;2,08243E-04;0,00000E+00;0,00000E+00;9,28605E-06;2,05010E-04;7,69194E-06;2,47826E-05;0,00000E+00;4,76765E-04;0,00000E+00;4,46877E-04;1,33013E-04;0,00000E+00;1,05032E-05;0,00000E+00;5,93389E-06;2,24213E-05;5,40088E-05;1,39480E-04;4,13252E-05;8,13890E-05;0,00000E+00;7,47196E-06;2,69396E-04;1,42452E-04;1,38487E-04;2,53842E-04;1,35924E-04;2,85429E-04;0,00000E+00;3,02692E-04;3,17433E-04;4,92770E-04
844;1,31071E-04;1,80689E-04;1,65408E-04;2,64532E-04;5,36279E-04;5,16543E-04;5,20870E-04;1,50816E-03;8,36765E-04;3,33284E-04;9,41700E-04;1,57168E-03;1,84631E-03;1,93011E-03;6,31693E-04;1,67390E-03;1,39205E-03;2,07720E-03;6,61563E-04;1,39784E-03;0,00000E+00;0,00000E+00;0,00000E+00;1,73469E-05;0,00000E+00;5,32460E-05;0,00000E+00;8,26373E-05;0,00000E+00;2,17485E-04;1,15646E-04;1,39179E-04;9,57937E-05;3,08637E-04;9,15241E-05;3,72216E-04;0,00000E+00;1,85033E-04;3,72216E-04;2,07809E-04;0,00000E+00;0,00000E+00;3,55584E-05;1,01569E-04;0,00000E+00;8,43968E-05;2,37141E-05;3,00746E-05;2,60203E-05;9,30540E-05;4,30039E-05;2,54658E-04;3,42077E-04;1,65385E-04;1,77117E-04;6,86575E-05;1,42333E-04;1,91777E-04;0,00000E+00;2,29875E-04
845;1,13519E-04;6,82670E-05;1,24305E-04;3,52953E-04;5,57307E-04;1,25079E-03;7,14351E-04;1,35094E-03;1,96595E-04;6,22503E-04;7,66381E-04;1,68802E-03;4,19162E-04;1,82240E-03;7,50703E-04;7,50703E-04;2,07798E-03;1,38137E-03;9,97537E-04;2,29752E-03;0,00000E+00;5,00685E-05;0,00000E+00;2,28271E-05;0,00000E+00;8,51866E-05;1,83136E-05;1,39492E-04;0,00000E+00;4,78505E-04;5,62821E-05;3,08958E-04;0,00000E+00;7,00959E-05;1,20438E-04;8,45357E-05;0,00000E+00;3,28025E-04;2,11339E-05;9,85519E-04;0,00000E+00;0,00000E+00;1,89277E-05;3,03219E-05;0,00000E+00;8,91882E-05;4,03936E-05;5,52094E-05;1,34627E-04;1,63788E-04;5,51603E-05;3,67466E-04;3,11759E-04;2,81710E-05;2,72113E-04;3,03256E-04;2,84840E-04;1,99806E-04;1,33063E-04;2,34579E-04
846;2,20289E-05;7,07463E-06;1,37806E-04;3,16476E-04;7,88025E-04;8,95468E-04;6,55591E-04;1,20409E-03;3,76093E-04;2,12222E-04;6,18146E-04;4,89545E-04;1,35205E-03;1,17224E-03;9,39413E-04;1,00123E-03;1,25547E-03;1,14228E-03;4,11830E-04;1,49629E-03;0,00000E+00;1,34085E-05;0,00000E+00;0,00000E+00;0,00000E+00;9,16419E-05;4,90443E-06;1,69791E-05;0,00000E+00;7,02515E-05;1,50725E-05;4,43146E-04;0,00000E+00;1,87718E-05;1,63069E-04;2,26388E-05;6,18139E-05;5,35458E-05;5,65971E-06;1,90691E-04;0,00000E+00;0,00000E+00;5,06888E-06;0,00000E+00;0,00000E+00;5,17531E-06;1,05334E-04;1,26767E-05;1,04151E-04;4,38627E-05;2,21356E-04;2,55761E-04;3,03685E-04;5,90421E-05;1,12368E-04;3,66047E-04;1,92544E-04;1,75629E-04;3,56345E-05;1,67766E-04
847;1,80542E-05;2,62458E-04;1,05439E-04;3,95162E-04;3,36504E-04;8,21501E-04;1,02455E-03;5,61756E-04;9,58389E-04;4,28967E-04;6,40288E-04;1,30593E-03;9,02757E-04;1,18850E-03;2,30349E-03;1,55753E-03;7,35727E-04;1,78556E-03;1,93596E-04;1,31374E-03;0,00000E+00;4,66343E-05;0,00000E+00;1,41164E-05;0,00000E+00;1,47470E-04;2,84291E-05;0,00000E+00;2,01662E-05;3,18080E-05;2,07322E-04;2,36023E-05;3,12465E-04;5,44067E-05;0,00000E+00;4,59301E-04;2,00877E-04;1,31229E-04;2,49817E-04;2,47643E-04;3,92108E-06;1,20263E-06;0,00000E+00;1,23046E-04;1,03694E-05;4,39481E-05;3,07254E-04;2,35779E-04;1,39431E-04;2,41995E-05;1,61330E-05;4,68958E-05;2,64253E-05;8,97900E-05;6,45147E-05;2,98936E-06;2,52363E-05;8,36933E-05;1,16937E-04;9,79391E-05
848;6,07483E-05;4,51598E-05;8,37337E-05;2,60093E-04;1,57130E-04;3,96582E-04;2,32429E-04;3,84521E-04;6,57164E-04;4,13977E-04;8,38717E-04;1,54960E-03;6,83998E-04;1,64077E-03;4,18372E-04;7,79146E-04;1,14244E-03;1,67046E-03;1,31019E-03;1,56251E-03;4,93212E-06;0,00000E+00;0,00000E+00;1,02193E-04;0,00000E+00;0,00000E+00;0,00000E+00;1,52849E-04;1,16214E-04;1,83303E-04;6,18985E-05;0,00000E+00;4,37517E-04;5,76092E-05;2,68816E-04;0,00000E+00;2,32429E-05;1,80639E-04;1,16214E-04;3,65454E-04;2,25965E-05;6,93056E-06;2,61340E-05;2,76864E-05;9,15125E-05;2,32675E-06;6,10842E-05;1,85975E-04;7,64243E-05;2,36725E-04;1,79817E-04;1,39784E-04;1,52284E-04;1,62573E-04;4,07027E-05;2,33505E-04;0,00000E+00;2,50545E-04;3,90243E-05;4,43200E-04
849;5,85708E-05;2,33942E-04;8,09117E-05;2,98302E-04;5,39953E-04;3,63088E-04;2,85457E-04;5,63195E-04;1,35573E-03;1,16235E-03;9,54895E-04;1,35576E-03;1,21775E-03;4,50532E-04;0,00000E+00;1,48247E-03;1,62753E-03;8,05621E-04;5,68587E-04;2,09148E-03;4,76589E-06;0,00000E+00;0,00000E+00;3,20346E-05;0,00000E+00;0,00000E+00;0,00000E+00;3,85578E-04;1,66516E-04;4,76223E-04;1,74214E-04;0,00000E+00;9,33008E-05;7,53923E-05;4,27101E-04;0,00000E+00;0,00000E+00;6,02736E-04;0,00000E+00;1,33581E-04;5,94682E-06;0,00000E+00;2,52532E-05;7,69391E-05;3,06851E-05;1,17763E-04;5,90255E-05;1,11556E-04;1,09531E-04;1,35618E-04;2,02859E-04;1,33934E-04;3,71086E-05;6,99358E-05;4,16574E-05;2,08989E-04;1,46388E-04;7,02815E-05;0,00000E+00;2,25347E-04
850;9,69563E-05;2,63564E-04;2,69996E-04;2,53847E-04;5,15892E-04;8,81804E-04;9,16203E-04;3,00710E-04;1,12714E-03;3,79356E-04;1,33802E-04;1,39554E-03;2,24963E-03;1,57139E-03;0,00000E+00;2,15983E-04;8,03234E-04;1,07532E-03;1,60245E-03;6,40587E-04;0,00000E+00;0,00000E+00;9,94192E-05;1,77114E-06;0,00000E+00;3,77626E-05;0,00000E+00;6,90265E-05;1,76013E-04;7,09143E-05;2,27296E-04;7,25259E-05;0,00000E+00;2,93721E-06;2,49193E-05;0,00000E+00;1,34415E-04;2,65383E-04;7,39281E-04;1,98915E-05;2,51541E-05;3,20638E-05;9,02872E-06;1,29568E-04;1,19993E-04;1,72013E-05;0,00000E+00;1,40129E-04;6,41199E-05;1,82618E-04;1,77114E-05;7,41307E-05;1,73272E-04;2,64642E-04;4,15111E-05;2,86423E-04;2,17986E-05;6,76512E-05;9,87348E-05;2,75164E-05
851;3,43765E-06;1,81716E-04;1,27734E-05;3,26564E-04;2,56115E-04;6,65820E-05;4,70430E-04;6,27692E-04;9,27527E-04;4,11050E-04;8,36055E-04;5,93873E-04;6,21545E-04;8,04925E-04;2,37673E-03;1,47745E-03;1,31555E-03;2,16209E-04;5,87466E-04;2,45410E-03;0,00000E+00;6,23012E-05;1,17587E-06;2,86159E-05;8,33340E-05;8,92328E-05;2,75524E-05;4,64071E-05;0,00000E+00;9,10253E-05;6,17937E-05;0,00000E+00;1,47292E-05;0,00000E+00;7,61753E-04;0,00000E+00;6,35910E-05;1,20823E-04;1,54690E-04;0,00000E+00;6,18225E-06;0,00000E+00;5,69526E-07;7,25224E-06;2,98510E-05;3,30094E-05;4,39874E-05;5,17398E-05;2,70262E-05;7,73451E-06;3,17955E-05;1,66355E-04;2,57919E-05;2,47438E-04;2,02325E-04;2,37965E-04;1,79148E-04;7,68130E-06;1,16875E-04;2,26821E-04
852;1,14177E-05;1,26615E-04;6,87443E-05;3,99561E-04;1,80953E-04;2,47527E-04;1,68527E-04;3,70692E-04;1,17230E-03;5,39074E-05;7,35075E-04;9,70725E-04;1,23194E-03;1,20670E-03;8,44837E-05;5,91386E-04;5,62931E-04;7,18112E-04;8,49139E-04;2,95317E-04;0,00000E+00;0,00000E+00;3,90550E-06;1,44179E-04;1,81943E-04;1,54680E-04;9,15118E-05;0,00000E+00;0,00000E+00;1,15317E-04;0,00000E+00;0,00000E+00;4,89212E-05;0,00000E+00;2,01634E-04;0,00000E+00;2,11209E-04;5,48704E-04;9,82705E-05;2,57522E-04;2,05336E-05;0,00000E+00;1,89161E-06;7,67858E-06;1,05524E-04;1,42547E-04;6,26929E-05;1,92888E-04;8,97640E-05;0,00000E+00;2,40727E-04;2,87968E-04;8,56646E-05;8,18703E-05;1,30584E-04;3,58764E-04;2,82815E-04;1,57405E-04;0,00000E+00;5,57292E-04
853;8,62794E-05;2,52350E-05;1,24886E-04;2,75282E-04;5,29060E-04;6,39374E-04;1,80742E-04;2,24311E-05;8,66402E-04;7,46824E-04;3,38950E-04;2,71235E-04;4,30987E-04;7,40477E-04;7,44815E-04;7,98016E-04;1,92933E-03;1,11722E-03;6,74936E-04;1,32189E-03;0,00000E+00;3,15097E-05;0,00000E+00;4,69469E-05;0,00000E+00;8,40243E-06;2,30507E-05;6,65013E-05;0,00000E+00;9,68231E-05;0,00000E+00;1,14822E-04;0,00000E+00;0,00000E+00;6,29290E-04;0,00000E+00;0,00000E+00;1,00940E-04;1,47095E-04;1,76345E-04;1,99497E-05;0,00000E+00;3,33531E-05;1,23732E-04;1,44175E-05;2,25363E-05;2,35801E-05;1,44085E-05;7,31514E-05;5,98512E-05;9,91785E-05;1,99167E-04;0,00000E+00;3,13133E-04;7,94678E-05;2,04033E-04;2,19885E-04;9,03170E-05;0,00000E+00;1,69405E-04
854;7,95445E-05;1,20076E-04;1,82631E-04;3,75650E-04;4,26035E-05;8,89226E-04;5,20624E-04;0,00000E+00;1,98000E-04;3,61624E-04;5,27892E-04;8,37661E-04;1,33517E-03;1,74282E-05;2,17438E-03;8,46562E-04;5,95979E-04;1,96845E-03;1,87206E-03;2,84539E-03;0,00000E+00;1,33227E-06;0,00000E+00;8,36918E-05;0,00000E+00;0,00000E+00;9,74612E-07;2,81176E-06;0,00000E+00;4,09380E-06;0,00000E+00;4,85483E-06;0,00000E+00;2,45084E-04;3,45659E-04;3,69464E-05;0,00000E+00;5,54196E-04;2,25053E-04;2,07471E-04;8,43499E-07;2,42367E-05;1,46460E-05;5,00922E-06;0,00000E+00;5,56795E-05;2,82465E-05;7,91076E-05;3,09293E-06;2,53058E-06;2,81176E-07;7,30154E-06;6,91622E-05;4,78058E-05;2,61164E-04;4,56608E-05;3,46062E-06;1,63638E-04;0,00000E+00;3,66722E-04
855;5,75623E-05;0,00000E+00;5,51818E-04;1,36171E-05;3,07857E-05;2,39993E-04;6,10548E-04;7,54078E-04;7,96387E-04;1,50606E-04;7,95632E-04;1,07655E-03;9,86049E-04;9,01045E-04;0,00000E+00;4,17592E-04;5,84915E-04;7,91991E-04;8,68533E-04;7,45211E-04;5,06353E-06;0,00000E+00;5,03592E-06;7,17646E-05;7,93701E-05;0,00000E+00;3,77908E-05;0,00000E+00;0,00000E+00;4,95649E-05;2,51637E-04;1,17558E-04;1,44441E-04;3,01097E-05;3,27506E-04;0,00000E+00;1,36171E-04;7,46720E-04;0,00000E+00;2,28567E-04;5,79969E-06;0,00000E+00;2,22923E-05;2,76641E-05;1,29665E-06;1,61251E-04;7,50068E-05;3,35736E-04;7,26843E-05;2,95038E-05;1,06297E-04;3,85895E-05;1,10497E-04;1,32576E-04;3,17949E-05;1,27930E-04;1,78869E-04;5,48281E-05;1,69255E-04;3,63706E-04
856;2,04347E-06;0,00000E+00;1,51860E-04;2,79856E-04;2,47799E-04;6,08907E-05;0,00000E+00;1,92128E-04;5,96499E-04;3,13561E-04;5,65260E-04;5,20964E-04;6,44527E-04;8,32756E-04;2,32159E-04;1,41113E-03;1,07181E-03;9,51269E-04;8,48573E-04;5,24831E-04;1,93713E-05;0,00000E+00;1,04847E-05;1,29920E-04;3,48889E-05;0,00000E+00;0,00000E+00;6,77131E-05;0,00000E+00;3,61398E-04;0,00000E+00;2,58673E-04;1,60520E-04;1,42898E-04;2,34644E-04;0,00000E+00;2,83507E-04;2,83507E-04;0,00000E+00;0,00000E+00;1,74488E-05;0,00000E+00;8,46371E-06;5,75964E-05;2,69960E-06;4,46067E-05;1,25041E-04;7,68904E-05;0,00000E+00;6,14265E-05;2,39602E-05;8,45815E-05;2,32203E-04;9,44772E-05;2,22043E-04;1,85419E-04;1,16311E-04;1,37521E-04;1,74534E-04;4,24913E-04
857;3,20212E-06;1,11064E-04;0,00000E+00;1,12352E-04;8,20637E-05;2,38540E-04;4,14639E-04;4,15902E-04;4,39120E-04;7,93720E-04;1,02213E-03;3,54459E-04;4,11895E-04;1,18791E-03;8,14520E-04;1,30820E-03;1,02932E-03;1,00951E-03;1,75003E-03;1,65996E-03;3,94410E-06;0,00000E+00;0,00000E+00;1,56437E-04;7,28946E-05;5,54710E-05;0,00000E+00;1,04291E-04;0,00000E+00;1,15345E-04;1,57747E-04;1,12754E-04;2,51535E-04;8,49474E-05;6,40428E-05;4,44256E-04;2,96171E-05;0,00000E+00;5,92342E-05;5,32203E-04;2,40061E-06;0,00000E+00;0,00000E+00;1,38852E-05;4,23029E-06;5,78867E-06;1,05216E-04;1,14146E-04;1,33277E-04;3,70214E-05;6,48186E-06;5,28109E-05;6,16229E-05;2,96092E-05;2,04469E-04;6,40563E-05;6,83471E-05;1,04395E-05;4,97265E-05;2,70547E-04
858;4,21730E-05;1,66833E-04;1,18666E-05;4,01857E-04;5,97546E-04;4,06828E-04;6,76570E-04;2,36059E-04;1,19519E-03;5,38353E-04;3,59492E-04;7,76798E-04;8,23720E-04;8,58391E-04;4,09759E-04;1,10128E-03;3,96631E-04;0,00000E+00;1,70175E-03;2,52355E-04;0,00000E+00;1,55510E-06;2,30790E-04;0,00000E+00;3,50107E-04;1,39967E-04;0,00000E+00;0,00000E+00;3,67093E-05;5,57736E-04;7,29168E-05;5,87220E-05;2,53401E-06;2,82114E-04;9,68412E-05;2,93674E-04;0,00000E+00;6,56409E-06;6,48673E-04;0,00000E+00;3,05900E-05;3,91456E-07;0,00000E+00;0,00000E+00;3,28660E-05;1,53672E-04;1,47854E-04;6,42853E-05;2,83525E-05;7,54698E-05;5,33332E-06;1,69487E-05;8,63151E-05;2,33868E-04;1,51198E-04;2,17665E-04;1,27071E-04;3,54736E-04;1,77759E-04;1,27475E-05
859;4,02737E-05;3,86688E-05;2,16630E-04;2,66071E-04;0,00000E+00;4,12878E-04;9,11735E-04;1,24946E-03;2,24404E-04;5,58216E-04;0,00000E+00;6,19858E-04;1,54215E-03;5,95544E-04;9,81265E-04;5,30715E-04;9,61396E-04;2,65358E-04;4,29967E-04;1,10557E-04;9,78579E-06;2,52140E-05;0,00000E+00;0,00000E+00;0,00000E+00;3,98668E-05;0,00000E+00;0,00000E+00;0,00000E+00;3,80928E-05;4,13809E-04;1,39096E-04;1,24899E-04;3,02398E-04;1,27278E-04;1,20617E-04;0,00000E+00;1,06428E-04;6,16217E-04;0,00000E+00;0,00000E+00;6,34696E-06;4,21300E-05;5,65481E-06;5,89811E-05;6,05913E-06;1,49715E-04;8,47699E-05;3,74270E-05;3,62743E-05;1,13612E-04;2,74802E-04;9,96147E-05;2,69901E-04;1,71093E-04;4,91695E-05;0,00000E+00;6,31351E-05;2,60589E-04;2,37915E-04
860;1,71564E-05;7,86577E-05;6,00982E-05;1,13345E-04;2,30627E-04;1,20487E-04;8,15892E-05;5,38489E-04;3,29947E-04;6,25972E-04;4,75707E-04;8,38583E-04;2,22701E-03;7,02553E-04;9,81023E-04;7,63323E-04;1,74083E-03;1,03906E-03;7,92440E-04;4,09296E-04;1,32388E-05;0,00000E+00;4,19176E-05;4,53381E-05;0,00000E+00;0,00000E+00;9,82194E-06;0,00000E+00;0,00000E+00;2,96976E-05;1,53333E-04;7,50059E-05;2,00900E-04;3,61598E-04;2,12058E-04;3,67200E-04;0,00000E+00;0,00000E+00;2,93721E-04;0,00000E+00;0,00000E+00;0,00000E+00;5,69961E-05;5,81321E-05;1,39606E-04;8,19717E-06;5,47573E-05;8,38532E-05;3,26357E-05;4,07946E-06;3,67151E-05;4,01364E-05;0,00000E+00;7,28083E-05;1,44178E-04;2,34538E-04;0,00000E+00;9,45406E-05;1,71233E-04;4,22523E-05
861;7,63281E-05;1,59695E-05;1,94098E-04;2,95165E-04;6,23143E-04;4,15927E-04;4,98993E-04;2,66130E-04;7,03022E-04;9,02948E-04;1,28534E-03;9,55348E-04;3,19897E-04;5,80907E-04;2,84049E-04;1,60839E-03;1,14366E-03;1,90406E-03;3,93885E-04;4,47678E-04;0,00000E+00;0,00000E+00;1,07379E-05;1,16142E-05;0,00000E+00;0,00000E+00;2,18718E-04;0,00000E+00;2,66130E-04;0,00000E+00;3,09298E-05;7,59754E-05;4,81019E-05;3,37061E-05;1,02129E-05;5,22637E-05;0,00000E+00;0,00000E+00;5,65526E-04;0,00000E+00;0,00000E+00;0,00000E+00;5,95870E-05;1,10407E-04;2,32243E-05;1,22548E-04;1,57037E-04;0,00000E+00;0,00000E+00;0,00000E+00;0,00000E+00;1,02817E-05;0,00000E+00;6,84499E-05;2,77215E-04;1,66322E-04;2,55894E-05;1,36282E-04;0,00000E+00;1,72275E-04
862;0,00000E+00;1,55000E-04;1,20975E-04;2,76919E-04;5,84042E-04;2,85111E-04;1,37778E-04;0,00000E+00;4,11620E-04;3,57746E-04;3,50671E-04;2,19587E-04;1,65710E-03;9,06019E-04;9,62397E-04;0,00000E+00;4,13333E-04;3,82640E-04;1,81427E-04;1,81067E-03;5,23971E-06;0,00000E+00;7,06269E-06;1,03333E-04;1,69552E-04;0,00000E+00;4,13725E-06;0,00000E+00;0,00000E+00;3,76529E-05;6,57319E-04;0,00000E+00;3,68621E-06;8,56827E-05;6,05777E-05;2,41111E-04;3,44445E-05;1,43231E-05;0,00000E+00;3,48158E-04;0,00000E+00;0,00000E+00;8,12435E-06;1,23109E-05;7,37969E-05;0,00000E+00;1,82507E-06;7,37506E-05;7,16157E-06;1,46389E-04;3,06077E-05;0,00000E+00;1,82689E-04;1,76949E-04;3,00991E-05;0,00000E+00;6,54518E-05;1,34565E-05;2,31326E-04;3,26140E-04
863;4,98758E-06;0,00000E+00;2,64299E-04;3,16870E-04;2,92022E-04;3,83326E-05;0,00000E+00;1,53771E-04;1,98384E-04;4,62088E-04;6,65832E-05;7,38194E-04;5,66494E-04;2,67275E-04;8,55976E-04;6,15082E-05;5,84328E-04;5,90178E-04;1,45785E-03;1,08054E-03;0,00000E+00;0,00000E+00;5,79496E-05;2,30656E-05;0,00000E+00;0,00000E+00;2,06212E-05;0,00000E+00;0,00000E+00;2,80957E-04;2,31072E-04;0,00000E+00;1,13352E-04;0,00000E+00;0,00000E+00;0,00000E+00;0,00000E+00;7,13905E-05;0,00000E+00;0,00000E+00;0,00000E+00;0,00000E+00;4,04940E-05;7,03722E-05;0,00000E+00;0,00000E+00;4,14261E-05;3,29245E-05;9,72035E-05;0,00000E+00;8,14608E-05;5,44513E-05;5,75704E-05;2,89148E-05;2,52349E-04;0,00000E+00;1,63622E-04;6,70712E-05;8,39077E-05;1,50411E-04
864;8,33333E-05;1,56660E-04;1,58036E-05;4,06265E-04;6,23102E-04;8,41174E-05;5,22201E-04;1,32282E-04;7,30264E-04;6,37955E-04;9,13194E-04;1,39960E-04;1,12527E-03;1,59431E-04;1,12862E-03;6,27334E-04;6,59333E-04;3,43934E-04;1,25952E-03;5,71962E-04;0,00000E+00;0,00000E+00;1,95684E-05;1,98424E-05;0,00000E+00;0,00000E+00;0,00000E+00;0,00000E+00;3,91651E-05;3,33683E-04;3,52283E-05;0,00000E+00;8,17062E-05;1,29901E-04;0,00000E+00;0,00000E+00;0,00000E+00;0,00000E+00;0,00000E+00;0,00000E+00;0,00000E+00;0,00000E+00;0,00000E+00;7,75213E-06;1,56633E-04;6,55812E-05;1,02668E-04;2,83236E-05;1,31243E-04;3,91651E-05;4,96059E-05;4,68422E-05;8,21100E-05;1,61027E-04;1,52041E-04;0,00000E+00;3,05267E-05;0,00000E+00;7,21823E-05;6,20484E-05
865;2,37721E-05;1,07969E-04;1,02884E-06;3,43022E-04;3,63075E-04;4,55754E-04;2,73468E-04;5,18579E-04;8,77913E-04;6,87936E-04;9,18699E-04;3,35925E-04;1,15911E-03;0,00000E+00;2,14751E-04;7,23086E-04;2,37614E-04;1,40757E-03;1,48440E-03;1,98157E-03;0,00000E+00;0,00000E+00;0,00000E+00;0,00000E+00;2,27919E-05;0,00000E+00;4,81473E-05;0,00000E+00;3,84147E-06;5,19222E-04;0,00000E+00;0,00000E+00;5,71979E-05;1,66312E-04;1,62862E-04;7,40827E-05;3,70413E-04;0,00000E+00;0,00000E+00;0,00000E+00;0,00000E+00;0,00000E+00;0,00000E+00;0,00000E+00;1,53632E-05;1,11875E-04;7,34225E-06;5,55176E-05;7,68293E-06;3,16225E-05;1,01864E-04;1,53027E-04;1,53432E-04;1,38800E-04;1,23038E-04;2,60816E-04;1,28220E-04;2,38630E-04;4,50889E-04;5,52602E-06
866;1,42969E-05;3,94820E-05;2,20218E-04;3,98952E-04;1,91195E-04;1,24100E-04;1,57928E-04;1,12759E-04;4,23222E-04;9,49235E-05;3,09316E-04;7,85257E-04;1,06607E-03;2,70366E-04;1,04200E-03;1,24510E-03;8,93235E-04;1,17603E-03;6,10438E-04;1,48337E-03;5,80313E-05;0,00000E+00;0,00000E+00;7,89639E-06;0,00000E+00;1,77474E-04;0,00000E+00;2,06617E-05;0,00000E+00;2,50688E-05;3,72421E-04;6,81703E-05;9,75465E-05;1,40248E-04;5,81405E-05;0,00000E+00;1,65294E-05;4,23296E-04;0,00000E+00;3,19261E-04;1,22829E-05;0,00000E+00;0,00000E+00;3,44594E-05;2,27677E-05;0,00000E+00;3,47521E-05;1,55547E-04;2,47940E-05;0,00000E+00;2,06617E-06;3,41435E-05;1,67246E-04;3,45277E-04;1,40087E-04;1,53140E-05;6,56200E-05;2,44008E-04;9,46602E-05;2,53761E-04
867;7,76894E-05;0,00000E+00;3,45979E-04;1,83614E-04;2,12188E-04;1,84781E-04;3,27129E-04;1,63626E-04;4,85039E-05;2,39549E-04;2,15365E-04;1,49574E-03;2,98903E-04;7,48559E-04;1,29932E-03;8,66298E-04;9,23904E-04;7,25020E-04;1,00733E-03;1,44459E-03;6,70116E-05;0,00000E+00;1,06747E-05;9,14038E-05;0,00000E+00;0,00000E+00;2,50124E-05;1,09870E-04;0,00000E+00;6,32634E-05;4,54931E-04;0,00000E+00;1,04000E-04;2,67339E-04;1,46723E-04;0,00000E+00;1,37928E-04;2,71137E-04;9,62145E-05;0,00000E+00;5,34507E-06;0,00000E+00;0,00000E+00;2,57549E-05;1,19161E-05;3,86662E-05;8,77002E-05;0,00000E+00;6,25701E-05;0,00000E+00;3,88892E-05;1,88375E-04;2,79731E-04;1,80710E-04;1,15747E-04;6,00401E-05;1,56091E-04;2,27340E-04;2,98904E-04;3,64053E-04
868;8,71286E-05;1,66824E-04;3,83776E-04;1,35153E-04;0,00000E+00;3,42014E-04;1,69350E-04;1,99235E-05;1,05808E-04;0,00000E+00;2,81227E-04;1,04704E-03;5,23721E-04;2,43200E-04;3,40485E-04;4,84415E-04;2,19159E-04;1,55465E-03;2,19159E-04;1,13183E-03;5,45016E-05;0,00000E+00;5,52612E-06;4,73183E-05;0,00000E+00;0,00000E+00;1,29486E-05;2,98853E-05;0,00000E+00;9,20035E-05;2,27283E-04;0,00000E+00;2,41187E-04;5,78211E-05;0,00000E+00;0,00000E+00;2,31799E-04;0,00000E+00;4,13789E-04;6,81305E-05;2,76706E-06;1,10341E-04;0,00000E+00;7,00545E-06;9,09795E-05;2,00169E-05;9,85549E-05;1,94834E-05;0,00000E+00;0,00000E+00;1,84257E-04;1,87172E-04;1,47051E-04;0,00000E+00;6,97797E-06;1,10752E-05;7,34843E-05;1,58047E-04;1,00353E-04;2,46587E-04
869;2,28039E-06;9,84609E-05;6,35500E-06;3,93844E-05;6,55838E-05;5,94567E-06;4,02280E-04;5,23597E-04;8,70120E-04;0,00000E+00;1,71197E-04;1,78587E-04;1,40385E-03;1,87265E-03;1,42838E-03;1,45369E-03;2,52409E-03;1,87066E-04;1,68735E-05;1,00640E-03;0,00000E+00;0,00000E+00;1,45652E-05;1,08307E-04;0,00000E+00;0,00000E+00;0,00000E+00;0,00000E+00;2,55998E-04;0,00000E+00;0,00000E+00;5,97292E-04;1,82448E-04;1,57402E-05;7,39023E-05;1,26551E-05;1,37097E-05;2,41579E-04;1,05459E-05;2,72412E-05;1,19943E-05;5,03133E-07;1,03895E-06;8,90651E-05;7,53150E-07;8,14337E-05;1,12914E-04;1,26491E-04;1,57537E-04;7,02409E-05;5,08123E-05;2,78926E-04;2,67911E-04;1,98275E-04;1,51733E-04;3,35695E-04;2,12070E-04;3,72797E-04;1,32798E-06;1,92878E-04
870;6,13832E-05;0,00000E+00;1,71063E-04;7,90277E-05;4,34508E-04;3,36305E-04;3,24363E-04;3,48734E-04;3,53433E-04;0,00000E+00;1,58854E-04;1,47015E-04;3,93976E-04;1,37535E-03;5,02719E-04;9,89483E-04;2,62758E-03;8,43476E-04;6,00094E-04;2,82496E-03;0,00000E+00;1,44019E-05;0,00000E+00;3,95138E-05;7,48099E-06;0,00000E+00;0,00000E+00;0,00000E+00;1,82372E-05;0,00000E+00;8,09461E-05;6,12675E-05;5,63223E-05;4,23691E-04;1,24812E-04;3,40647E-04;3,69035E-04;1,41936E-04;2,83873E-04;7,33274E-04;3,78423E-05;1,35432E-05;5,19218E-05;4,37237E-05;2,02731E-05;6,17941E-05;6,27425E-05;2,34290E-05;3,34348E-05;4,46027E-05;8,81738E-05;3,22896E-05;2,84665E-04;7,02526E-05;1,70329E-05;3,15397E-05;3,74095E-05;2,71017E-04;1,17399E-04;2,43209E-04
871;1,06114E-04;0,00000E+00;0,00000E+00;1,24385E-04;3,90617E-04;4,39576E-04;4,65864E-04;7,06327E-04;8,84442E-04;2,98217E-04;6,86533E-04;9,86715E-04;1,05405E-03;3,58235E-04;8,72933E-04;3,46772E-05;6,36248E-04;1,00409E-03;1,14279E-03;7,35853E-04;0,00000E+00;2,33066E-05;0,00000E+00;7,38766E-05;1,06686E-05;2,62604E-05;7,08743E-05;0,00000E+00;7,27444E-05;0,00000E+00;1,15437E-04;0,00000E+00;8,03208E-05;0,00000E+00;0,00000E+00;7,01048E-05;4,67365E-05;0,00000E+00;2,80419E-04;5,24894E-04;3,23089E-05;1,81167E-05;1,03228E-04;1,01609E-05;2,00265E-05;0,00000E+00;1,25208E-04;3,34120E-05;4,76811E-05;1,30039E-05;3,10387E-04;4,60479E-05;2,31188E-04;4,62239E-05;2,20718E-04;1,14259E-04;2,06142E-04;1,05021E-04;1,16444E-04;2,40737E-04
872;2,80472E-05;1,73199E-05;1,94824E-04;2,62886E-04;6,28378E-05;2,72941E-04;5,02148E-04;3,11502E-04;5,83893E-04;2,99852E-04;1,81459E-04;2,05387E-04;1,30096E-04;1,37175E-03;2,08806E-03;9,00633E-04;9,12986E-04;1,42481E-03;1,42481E-03;1,21588E-03;0,00000E+00;7,31644E-07;8,32686E-05;7,39118E-05;0,00000E+00;4,58678E-05;1,87330E-05;1,38559E-04;1,23531E-05;0,00000E+00;5,53498E-04;0,00000E+00;0,00000E+00;0,00000E+00;0,00000E+00;5,31693E-05;2,89471E-04;0,00000E+00;2,81957E-04;1,38736E-04;4,97538E-06;2,13147E-05;8,65067E-05;3,65398E-05;2,50840E-05;3,48021E-05;4,25480E-05;0,00000E+00;0,00000E+00;3,46397E-05;2,55372E-04;0,00000E+00;5,39570E-05;0,00000E+00;5,19182E-05;1,83117E-05;4,03850E-05;1,60882E-04;1,59938E-04;3,19862E-05
873;1,42459E-04;3,85797E-05;1,44767E-05;1,38845E-04;2,19967E-04;2,31852E-04;1,63664E-04;1,17452E-04;7,69193E-05;8,14249E-04;2,15309E-04;6,98496E-04;8,65515E-04;1,67895E-04;1,65763E-03;2,03540E-04;7,20709E-04;2,46744E-04;1,19218E-03;1,65149E-03;7,74066E-07;8,53718E-06;4,28029E-05;6,36063E-06;0,00000E+00;0,00000E+00;2,58451E-04;0,00000E+00;1,02394E-04;1,74887E-04;0,00000E+00;3,11097E-04;5,56446E-05;8,43865E-06;2,66561E-04;0,00000E+00;0,00000E+00;3,08222E-04;1,48814E-04;1,02867E-04;1,75815E-05;1,19589E-05;0,00000E+00;6,56043E-06;4,77176E-05;8,08598E-05;5,51001E-05;0,00000E+00;1,65376E-05;6,30621E-05;4,50443E-05;1,35141E-05;1,70100E-04;6,78287E-06;1,20572E-04;1,69717E-05;2,35456E-04;4,30257E-05;0,00000E+00;1,09799E-05
874;1,43282E-05;7,44100E-05;0,00000E+00;6,21689E-05;1,23302E-04;1,40201E-04;6,62467E-04;5,13570E-04;3,75905E-04;4,11768E-04;3,59348E-04;1,00154E-03;1,18070E-03;6,40914E-04;1,98324E-04;9,94703E-04;3,96648E-04;6,45015E-04;1,35799E-03;0,00000E+00;3,78287E-06;0,00000E+00;1,37949E-05;1,09588E-04;0,00000E+00;0,00000E+00;1,18520E-04;0,00000E+00;2,69296E-04;0,00000E+00;2,31070E-04;1,18899E-05;0,00000E+00;4,12398E-05;2,47740E-04;0,00000E+00;1,65270E-04;3,56178E-04;1,98941E-04;5,76959E-04;2,76297E-06;5,93201E-06;0,00000E+00;4,56203E-05;3,19671E-05;7,90907E-05;0,00000E+00;0,00000E+00;1,13874E-04;6,19762E-05;0,00000E+00;6,60435E-05;6,20681E-05;1,59821E-04;9,58053E-05;8,29411E-05;1,11447E-04;2,96775E-04;3,46856E-05;5,36587E-05
875;2,93165E-06;5,08413E-05;0,00000E+00;0,00000E+00;5,02563E-04;4,76679E-04;4,86264E-04;4,04918E-04;0,00000E+00;2,79554E-04;7,47637E-04;8,43898E-04;1,76874E-03;7,38344E-04;2,75425E-04;4,50929E-04;1,00178E-03;9,70392E-04;1,56330E-03;3,22904E-04;3,71560E-05;0,00000E+00;0,00000E+00;1,27811E-04;0,00000E+00;0,00000E+00;0,00000E+00;0,00000E+00;2,10305E-04;5,12917E-05;3,39665E-04;9,75373E-06;0,00000E+00;1,16845E-04;2,38440E-05;2,81831E-04;1,35577E-04;6,77884E-05;0,00000E+00;4,09080E-04;3,91419E-06;0,00000E+00;0,00000E+00;1,11233E-05;0,00000E+00;6,81063E-06;6,46401E-05;7,84473E-05;2,71154E-05;1,14253E-04;1,40915E-05;2,74446E-04;0,00000E+00;1,88441E-04;0,00000E+00;0,00000E+00;3,65015E-05;2,18485E-04;2,84538E-05;1,45951E-04
876;9,07269E-05;0,00000E+00;1,92638E-04;2,99697E-04;2,89782E-05;3,44116E-05;3,42057E-04;2,23800E-05;6,96969E-04;1,07183E-04;5,12336E-05;1,07290E-03;3,64458E-04;2,80240E-05;1,04709E-03;4,32148E-04;4,88291E-05;1,47924E-03;8,54509E-05;8,47408E-04;6,73475E-06;0,00000E+00;0,00000E+00;4,57773E-06;7,37624E-05;0,00000E+00;0,00000E+00;0,00000E+00;1,32245E-05;2,79442E-05;2,23670E-04;1,43739E-04;0,00000E+00;8,43510E-06;0,00000E+00;2,03455E-05;0,00000E+00;0,00000E+00;3,99596E-05;2,51348E-05;2,82566E-07;0,00000E+00;1,78941E-05;1,17087E-04;8,56130E-05;9,36761E-05;5,04916E-05;5,66313E-06;0,00000E+00;2,24355E-04;7,09465E-05;3,49979E-04;3,86480E-04;3,12377E-04;1,95935E-04;1,62895E-04;9,22144E-05;1,06495E-05;1,00637E-04;1,05362E-05
877;8,78467E-05;1,32342E-04;1,17509E-04;8,60613E-05;3,91485E-05;2,61763E-05;4,55007E-04;7,69607E-05;8,38361E-04;1,22768E-04;4,09211E-04;3,92993E-04;5,75023E-04;6,36131E-04;5,77205E-05;1,07589E-03;1,76178E-03;1,36970E-03;6,47409E-04;8,81768E-05;2,53131E-05;0,00000E+00;0,00000E+00;1,38127E-04;3,99957E-05;5,76571E-05;4,16815E-06;0,00000E+00;2,11253E-04;0,00000E+00;3,44478E-05;2,38118E-04;0,00000E+00;6,68333E-05;1,69189E-04;2,65984E-04;0,00000E+00;0,00000E+00;0,00000E+00;5,50143E-04;1,80552E-05;1,16292E-05;5,23938E-05;1,06659E-04;4,17792E-05;1,52380E-04;6,59947E-05;2,05980E-05;7,85210E-05;2,60004E-04;7,31261E-05;0,00000E+00;2,26810E-04;8,37853E-05;2,14545E-04;2,73840E-04;3,60105E-04;9,68362E-05;1,22777E-04;1,66064E-05
878;0,00000E+00;1,78001E-04;1,19998E-04;1,04284E-05;3,01937E-04;2,92127E-04;0,00000E+00;1,66855E-04;5,18759E-04;2,66167E-04;8,95451E-05;1,61242E-04;8,14127E-04;6,54633E-04;5,09182E-04;1,31132E-03;1,38517E-03;4,62681E-04;4,17137E-04;3,37842E-04;7,81262E-05;0,00000E+00;3,15615E-05;0,00000E+00;0,00000E+00;1,48980E-04;1,19967E-04;0,00000E+00;1,06678E-05;0,00000E+00;1,13001E-04;6,00197E-05;4,94185E-05;8,64712E-05;5,54426E-04;8,34274E-05;0,00000E+00;6,18733E-04;1,49349E-04;1,63969E-04;0,00000E+00;0,00000E+00;0,00000E+00;0,00000E+00;0,00000E+00;0,00000E+00;7,57416E-05;4,46575E-05;4,69279E-05;2,66695E-05;4,26712E-05;1,25918E-05;5,20575E-05;2,03637E-04;1,54744E-04;1,71110E-04;2,17327E-04;2,09946E-04;3,58220E-05;3,58266E-04
879;7,17319E-05;6,35194E-05;1,84861E-04;0,00000E+00;4,98314E-04;4,19497E-04;4,97597E-04;6,63463E-05;2,58476E-04;0,00000E+00;3,84995E-05;6,71015E-04;3,28189E-04;4,43521E-04;1,65117E-04;6,80311E-04;1,65117E-04;7,33851E-05;6,63463E-05;6,71184E-04;1,76754E-05;0,00000E+00;1,35697E-05;5,80530E-05;0,00000E+00;4,75872E-05;4,76940E-05;0,00000E+00;2,53385E-04;4,02489E-05;1,91246E-04;7,15967E-05;2,12472E-05;2,75068E-05;2,26519E-04;0,00000E+00;0,00000E+00;2,66021E-04;1,96905E-04;0,00000E+00;0,00000E+00;2,96747E-05;0,00000E+00;1,16643E-05;6,15967E-05;0,00000E+00;5,07235E-05;3,55142E-05;1,24399E-04;1,97597E-05;1,83463E-05;5,43591E-05;1,96646E-04;9,50135E-05;1,76743E-04;2,03968E-05;1,41125E-05;3,07208E-04;1,54015E-05;2,53084E-04
880;9,32602E-05;4,16250E-05;1,28015E-04;2,98739E-04;4,89823E-04;6,09540E-04;8,12305E-04;3,65590E-05;1,69313E-04;3,04991E-04;3,34347E-04;2,36822E-05;1,93609E-04;1,34236E-03;8,01859E-04;1,03563E-03;5,24986E-04;2,11554E-04;0,00000E+00;1,79516E-05;0,00000E+00;0,00000E+00;0,00000E+00;4,37489E-05;5,62377E-06;8,80364E-06;0,00000E+00;1,59327E-04;1,04454E-05;1,10892E-05;1,56473E-05;2,02471E-04;2,46027E-04;0,00000E+00;0,00000E+00;5,22271E-06;5,22271E-06;0,00000E+00;0,00000E+00;0,00000E+00;2,41204E-06;2,04049E-05;3,97088E-05;8,49516E-05;0,00000E+00;1,06716E-04;2,81685E-04;2,23652E-06;3,91703E-06;1,69285E-04;1,45278E-05;1,64556E-04;6,21363E-05;2,73307E-04;7,31677E-06;3,87097E-06;1,20524E-05;6,38097E-04;0,00000E+00;8,59482E-05
881;3,20403E-05;1,95828E-04;9,92217E-05;0,00000E+00;3,82282E-05;0,00000E+00;3,28903E-04;3,94546E-04;3,27696E-04;0,00000E+00;1,42276E-04;4,75174E-04;0,00000E+00;1,16454E-03;5,63637E-05;0,00000E+00;5,07273E-04;7,67034E-04;0,00000E+00;4,26774E-04;0,00000E+00;0,00000E+00;1,34323E-05;4,22727E-05;8,75102E-05;1,05893E-04;6,92428E-05;0,00000E+00;2,07162E-04;1,19675E-04;1,68866E-04;3,07268E-05;0,00000E+00;1,20468E-04;0,00000E+00;1,58062E-04;1,72591E-04;0,00000E+00;1,45284E-05;2,28434E-04;1,40904E-05;1,85915E-05;5,04797E-06;5,41823E-05;0,00000E+00;2,67603E-05;2,49915E-05;2,41365E-05;4,22727E-05;1,81605E-05;4,93182E-05;3,00103E-05;0,00000E+00;8,45230E-05;9,93164E-05;4,17756E-05;1,30070E-04;1,53715E-04;0,00000E+00;5,64282E-05
882;3,05334E-05;1,04314E-04;1,65170E-04;0,00000E+00;1,44357E-04;4,28559E-05;4,99217E-04;0,00000E+00;3,09360E-05;0,00000E+00;1,60210E-04;8,10259E-04;0,00000E+00;4,12267E-04;5,85309E-04;5,32099E-05;1,59630E-04;3,88666E-04;4,25679E-04;8,11098E-04;0,00000E+00;0,00000E+00;1,51255E-05;3,32562E-05;3,01989E-05;2,31506E-04;7,79712E-05;0,00000E+00;2,39363E-04;0,00000E+00;2,30269E-04;1,17696E-05;0,00000E+00;1,35653E-04;2,10556E-04;3,53963E-04;1,30878E-04;0,00000E+00;6,95697E-05;2,57229E-04;0,00000E+00;1,18356E-05;0,00000E+00;4,98540E-05;7,60011E-05;3,01335E-05;9,93324E-05;2,27860E-05;0,00000E+00;2,04497E-05;0,00000E+00;3,37932E-05;4,15028E-05;1,24123E-04;1,81326E-04;0,00000E+00;1,53490E-04;5,18981E-05;5,58365E-05;1,78356E-04
883;2,56344E-05;4,36075E-06;8,75935E-06;2,32188E-04;2,36612E-05;7,23885E-04;3,61913E-04;1,93490E-04;5,00045E-04;8,39543E-04;0,00000E+00;2,67752E-04;0,00000E+00;5,33975E-04;1,56646E-03;6,27889E-04;1,03231E-03;2,61645E-05;5,34148E-04;8,99331E-05;0,00000E+00;0,00000E+00;1,07335E-04;5,45094E-06;0,00000E+00;6,49283E-05;2,85037E-04;0,00000E+00;4,11528E-05;2,81713E-04;3,77429E-05;5,84646E-04;0,00000E+00;1,28352E-04;3,45118E-05;2,71435E-04;0,00000E+00;0,00000E+00;8,72151E-06;0,00000E+00;2,25731E-05;1,30029E-06;0,00000E+00;0,00000E+00;1,24572E-05;2,20317E-04;1,22615E-04;3,68780E-05;8,70705E-05;0,00000E+00;1,83815E-04;1,14194E-05;5,50966E-05;4,61365E-05;1,34392E-04;0,00000E+00;2,51582E-05;2,54570E-04;9,15202E-06;6,36731E-04
884;0,00000E+00;1,58717E-04;1,56225E-04;3,88876E-04;0,00000E+00;1,85865E-05;4,61540E-05;6,68747E-04;0,00000E+00;7,85332E-05;4,45119E-04;0,00000E+00;1,49559E-04;1,41603E-03;1,79839E-03;0,00000E+00;8,48457E-04;9,71534E-04;0,00000E+00;1,86321E-03;0,00000E+00;0,00000E+00;0,00000E+00;1,69110E-04;6,52579E-05;0,00000E+00;1,66645E-05;0,00000E+00;2,47467E-04;2,14465E-04;2,73288E-04;0,00000E+00;1,09180E-04;0,00000E+00;2,64960E-04;5,48779E-04;0,00000E+00;2,12114E-04;0,00000E+00;5,69823E-05;0,00000E+00;5,05300E-05;0,00000E+00;3,56990E-05;0,00000E+00;1,00635E-04;0,00000E+00;7,56945E-05;2,30770E-05;0,00000E+00;9,87737E-05;3,12529E-04;1,24697E-04;2,19257E-04;0,00000E+00;1,31012E-05;2,95859E-05;3,40698E-05;2,22585E-04;1,49951E-04
885;2,77975E-05;8,70273E-05;1,90686E-04;0,00000E+00;9,38965E-05;1,04076E-04;4,16661E-04;7,95105E-04;4,59937E-04;3,13558E-04;6,36370E-04;0,00000E+00;1,09382E-03;6,01666E-04;9,31860E-05;2,76882E-04;1,97773E-04;4,51853E-04;2,37327E-04;1,31426E-03;1,40398E-05;0,00000E+00;0,00000E+00;1,94712E-04;0,00000E+00;0,00000E+00;5,04690E-05;0,00000E+00;0,00000E+00;9,59829E-05;1,99291E-04;5,69130E-05;3,05393E-05;0,00000E+00;1,43401E-04;2,81739E-04;0,00000E+00;0,00000E+00;0,00000E+00;9,67515E-05;0,00000E+00;7,64120E-05;0,00000E+00;9,55670E-05;0,00000E+00;0,00000E+00;6,80411E-05;7,62228E-05;6,98895E-05;9,88864E-06;8,79071E-05;9,68874E-05;4,36101E-05;1,39296E-04;0,00000E+00;0,00000E+00;1,35242E-04;1,42997E-04;4,15070E-05;3,09933E-04
886;7,11313E-05;2,83572E-04;3,65369E-04;7,99717E-05;5,33526E-05;3,62086E-04;4,77213E-04;6,93344E-04;2,98535E-04;3,69604E-04;4,95846E-04;4,35154E-04;3,64147E-04;2,75385E-04;0,00000E+00;2,14062E-03;1,12376E-04;4,49503E-05;1,34851E-04;1,69969E-03;7,97752E-06;0,00000E+00;0,00000E+00;4,77597E-05;0,00000E+00;0,00000E+00;0,00000E+00;0,00000E+00;0,00000E+00;7,39440E-05;7,48175E-06;3,23384E-05;1,73527E-05;1,32623E-04;1,96905E-04;2,91346E-04;0,00000E+00;0,00000E+00;0,00000E+00;2,52417E-05;1,86594E-05;0,00000E+00;5,72986E-06;3,74926E-05;1,82761E-05;0,00000E+00;5,08895E-05;1,11803E-04;0,00000E+00;3,76075E-05;6,48394E-05;1,98966E-05;0,00000E+00;2,62140E-05;1,12037E-04;1,18547E-05;1,36663E-04;8,70234E-05;2,35846E-05;1,01842E-04
887;1,19708E-06;8,59622E-05;0,00000E+00;9,22668E-07;4,07809E-04;5,10903E-04;8,03493E-04;0,00000E+00;1,04766E-03;1,65436E-04;6,69070E-05;1,53825E-03;4,48478E-06;2,48619E-04;2,21440E-05;1,36801E-03;1,10720E-05;6,76626E-04;2,19903E-03;1,03247E-03;2,78765E-05;0,00000E+00;0,00000E+00;2,30667E-06;0,00000E+00;0,00000E+00;0,00000E+00;0,00000E+00;1,52625E-04;2,05237E-04;0,00000E+00;1,87189E-04;0,00000E+00;3,50656E-04;8,11351E-07;0,00000E+00;0,00000E+00;0,00000E+00;0,00000E+00;0,00000E+00;0,00000E+00;9,35412E-07;0,00000E+00;2,97392E-05;0,00000E+00;1,41625E-05;1,41081E-06;8,36655E-05;0,00000E+00;9,63038E-05;3,22934E-06;5,44540E-07;1,31939E-04;4,91959E-06;1,92546E-04;2,03735E-04;1,46385E-04;5,80044E-04;1,93643E-06;3,58364E-06
888;3,92645E-05;1,27696E-04;8,46411E-05;6,31839E-05;2,05262E-04;2,22720E-04;0,00000E+00;3,95041E-05;5,07978E-04;2,33496E-04;4,38253E-04;2,76553E-04;6,16474E-04;1,37546E-03;1,30572E-03;6,68573E-04;9,68895E-04;0,00000E+00;2,63361E-05;2,59342E-03;0,00000E+00;0,00000E+00;0,00000E+00;7,56594E-05;2,83584E-05;0,00000E+00;0,00000E+00;0,00000E+00;1,51319E-04;0,00000E+00;0,00000E+00;1,52408E-04;0,00000E+00;0,00000E+00;2,66125E-05;5,26721E-05;1,71184E-04;3,95041E-05;1,31680E-05;0,00000E+00;0,00000E+00;3,06818E-05;0,00000E+00;0,00000E+00;1,69274E-05;6,61489E-06;4,62749E-05;7,12790E-05;3,95041E-05;6,74578E-05;1,42135E-04;1,46091E-04;0,00000E+00;2,22798E-04;3,22836E-05;0,00000E+00;0,00000E+00;3,65563E-05;1,51951E-04;1,17544E-04
889;0,00000E+00;2,28402E-04;1,47307E-04;1,09274E-04;1,04140E-04;3,06461E-04;0,00000E+00;6,17350E-04;1,10338E-04;4,88437E-04;7,90500E-04;1,19738E-03;8,53165E-04;1,32344E-03;7,97242E-04;1,37965E-03;8,33480E-04;0,00000E+00;7,01593E-04;2,75824E-03;0,00000E+00;0,00000E+00;0,00000E+00;0,00000E+00;3,90210E-05;9,58591E-06;0,00000E+00;0,00000E+00;2,30315E-04;9,31469E-05;0,00000E+00;0,00000E+00;0,00000E+00;0,00000E+00;2,25031E-05;3,02792E-04;2,35549E-04;1,82310E-04;1,81191E-05;2,29924E-04;0,00000E+00;0,00000E+00;0,00000E+00;7,19847E-05;3,79127E-05;3,90977E-05;0,00000E+00;0,00000E+00;5,43574E-05;1,11142E-04;6,90205E-05;2,14201E-04;4,79045E-05;8,45334E-05;4,44221E-05;3,79344E-05;1,57480E-04;2,16380E-04;1,21687E-04;1,10437E-04
890;0,00000E+00;8,34296E-05;2,23444E-05;1,45047E-05;4,38305E-04;0,00000E+00;3,43927E-04;2,42283E-04;5,97894E-04;5,61715E-04;4,95980E-04;1,38321E-03;1,70832E-04;1,79810E-04;2,29285E-04;2,55282E-04;7,64282E-04;2,29285E-03;1,22084E-03;2,39179E-03;0,00000E+00;0,00000E+00;0,00000E+00;1,33749E-04;2,82162E-04;1,02375E-04;0,00000E+00;2,29285E-04;2,43287E-04;1,37031E-04;0,00000E+00;0,00000E+00;3,83557E-04;0,00000E+00;5,10189E-06;5,22169E-05;6,11426E-04;2,90094E-05;0,00000E+00;5,21282E-05;1,91064E-05;0,00000E+00;0,00000E+00;1,63203E-05;3,31479E-06;6,80059E-06;8,76470E-05;0,00000E+00;2,48392E-04;2,35686E-04;1,95422E-04;7,62199E-05;7,04735E-05;5,09386E-05;0,00000E+00;8,60046E-06;3,73752E-04;4,90575E-05;0,00000E+00;2,50383E-05
891;7,94556E-06;7,48961E-05;1,34198E-05;0,00000E+00;2,71877E-05;2,15236E-05;0,00000E+00;0,00000E+00;4,58748E-04;9,37852E-05;5,23896E-05;2,83011E-04;1,21548E-03;0,00000E+00;6,65978E-04;1,60342E-04;2,24688E-03;5,99169E-04;3,53032E-04;6,12366E-05;3,79775E-05;4,74834E-06;0,00000E+00;8,42581E-05;1,26732E-04;0,00000E+00;0,00000E+00;0,00000E+00;5,61721E-05;3,18049E-04;2,53769E-04;0,00000E+00;5,03873E-04;2,48412E-04;0,00000E+00;4,00855E-05;0,00000E+00;3,34046E-05;0,00000E+00;9,00393E-05;0,00000E+00;0,00000E+00;0,00000E+00;1,14365E-05;0,00000E+00;5,01648E-05;2,17079E-05;0,00000E+00;4,68101E-05;4,68101E-05;1,55111E-04;0,00000E+00;0,00000E+00;2,70972E-04;2,62315E-05;2,22829E-05;2,08811E-04;7,53204E-05;3,45810E-04;1,15327E-05
892;4,22709E-05;0,00000E+00;1,12226E-04;0,00000E+00;3,11038E-04;9,61583E-05;2,50595E-04;2,12042E-04;3,11454E-04;5,23543E-04;2,15741E-04;5,82724E-04;6,89376E-04;1,99137E-04;1,48398E-03;7,16341E-04;3,85530E-05;3,08424E-04;2,00227E-04;7,59468E-04;0,00000E+00;1,77885E-05;0,00000E+00;4,81913E-06;0,00000E+00;0,00000E+00;5,01122E-05;0,00000E+00;9,63825E-06;0,00000E+00;5,51651E-05;6,93399E-05;1,54592E-04;6,39353E-05;0,00000E+00;1,50170E-04;1,92765E-04;1,25142E-04;0,00000E+00;4,23907E-04;0,00000E+00;1,14957E-05;1,20849E-05;2,64013E-05;5,50663E-06;0,00000E+00;1,43957E-04;7,42928E-05;0,00000E+00;2,40956E-05;1,25142E-04;2,84415E-05;0,00000E+00;3,33623E-05;0,00000E+00;1,12052E-04;1,42182E-04;2,82169E-04;0,00000E+00;4,32046E-05
893;8,10061E-06;0,00000E+00;1,81489E-04;0,00000E+00;1,35511E-04;6,15838E-05;5,14199E-04;6,49162E-04;8,51904E-04;1,93194E-04;4,08260E-04;3,77490E-04;0,00000E+00;7,34827E-04;1,63087E-03;7,49241E-05;2,49747E-05;1,99798E-04;2,55901E-04;8,56465E-04;0,00000E+00;0,00000E+00;0,00000E+00;3,12184E-06;1,08252E-04;0,00000E+00;3,24628E-05;0,00000E+00;5,42250E-05;2,71673E-04;2,49415E-05;2,75045E-04;0,00000E+00;4,14174E-05;2,81284E-04;6,39751E-05;1,56861E-04;4,15838E-04;9,59627E-05;1,99798E-04;0,00000E+00;7,44696E-06;1,35583E-05;1,87456E-05;3,56720E-06;0,00000E+00;4,05744E-05;4,81270E-05;0,00000E+00;6,35906E-05;3,19876E-05;9,39381E-05;0,00000E+00;7,46178E-05;4,48131E-05;1,85108E-05;2,50861E-04;1,03036E-04;0,00000E+00;0,00000E+00
894;3,48564E-07;3,38457E-05;1,02250E-06;2,88154E-04;3,00320E-05;7,28294E-05;1,69681E-06;1,78474E-04;7,23587E-04;9,04119E-04;4,74765E-07;4,03873E-04;0,00000E+00;7,62384E-05;2,56820E-03;1,06949E-03;1,77796E-04;5,76916E-06;0,00000E+00;1,62383E-03;0,00000E+00;3,14707E-05;6,27519E-08;0,00000E+00;1,40949E-06;6,35605E-08;1,17831E-04;1,32838E-04;1,44229E-06;4,56859E-04;1,24267E-06;1,22073E-06;0,00000E+00;1,10147E-04;0,00000E+00;0,00000E+00;2,21396E-04;1,33007E-04;1,52713E-06;5,71702E-07;0,00000E+00;5,01721E-05;0,00000E+00;3,77865E-07;3,15068E-07;0,00000E+00;1,71858E-05;0,00000E+00;0,00000E+00;1,88187E-04;1,33601E-04;1,56796E-04;0,00000E+00;5,08908E-07;7,75414E-05;0,00000E+00;1,19213E-04;5,39642E-05;0,00000E+00;5,73268E-05
895;7,92426E-05;1,41769E-04;2,43378E-04;8,29276E-05;7,00670E-05;3,54349E-04;3,82355E-04;2,54230E-04;5,62376E-04;0,00000E+00;1,43114E-04;6,86038E-04;1,46457E-04;4,00207E-04;5,42360E-04;1,42611E-03;1,27115E-04;1,08048E-03;2,58267E-05;2,79955E-04;0,00000E+00;0,00000E+00;1,17525E-05;0,00000E+00;3,39460E-04;5,54386E-05;5,93378E-04;0,00000E+00;2,70120E-04;3,85572E-05;2,32734E-04;2,28625E-04;2,09373E-04;0,00000E+00;2,27108E-05;7,74800E-05;1,54960E-04;3,17788E-05;6,86323E-04;1,94089E-04;0,00000E+00;0,00000E+00;0,00000E+00;8,74173E-05;5,90077E-05;0,00000E+00;6,09322E-05;0,00000E+00;0,00000E+00;0,00000E+00;1,78516E-04;6,09695E-05;0,00000E+00;2,11500E-04;3,16592E-05;6,22122E-05;1,49000E-05;8,95682E-05;4,87828E-05;1,11456E-05
896;2,06956E-05;3,34981E-05;9,76660E-05;3,38869E-04;1,21392E-04;5,45075E-04;9,57087E-05;0,00000E+00;9,68274E-05;0,00000E+00;8,03375E-05;8,05853E-04;2,17097E-04;5,93236E-04;2,71658E-03;2,29701E-04;0,00000E+00;2,58463E-04;5,03518E-04;1,19543E-03;0,00000E+00;0,00000E+00;7,16892E-05;3,87695E-05;1,11892E-04;6,45324E-05;1,24405E-04;0,00000E+00;0,00000E+00;6,27186E-05;0,00000E+00;0,00000E+00;3,10359E-04;4,71492E-04;1,01849E-04;3,99160E-04;3,58933E-04;0,00000E+00;5,93394E-04;1,28988E-04;0,00000E+00;0,00000E+00;6,25001E-05;2,46788E-05;5,16838E-05;0,00000E+00;1,41794E-04;3,32044E-05;9,04622E-05;1,16309E-04;7,20246E-05;9,03765E-05;0,00000E+00;1,98069E-04;6,50339E-05;9,22186E-05;3,20275E-05;0,00000E+00;7,23118E-05;8,34462E-05
897;0,00000E+00;1,26421E-04;9,88269E-05;1,92341E-04;2,41720E-04;1,06619E-04;0,00000E+00;1,94494E-04;6,85796E-04;0,00000E+00;1,08838E-04;1,04808E-04;3,78147E-04;8,70667E-04;8,55462E-04;1,24476E-03;0,00000E+00;6,30371E-05;1,13467E-04;8,40620E-04;3,94486E-06;0,00000E+00;1,74844E-05;9,45556E-06;0,00000E+00;0,00000E+00;0,00000E+00;1,16696E-04;0,00000E+00;1,09688E-04;4,40265E-04;8,39541E-05;1,80198E-04;1,14993E-04;1,66295E-05;6,93408E-05;3,15185E-05;0,00000E+00;1,55595E-04;0,00000E+00;4,32194E-06;0,00000E+00;1,52433E-05;1,09420E-04;1,26053E-05;0,00000E+00;3,01209E-05;8,09829E-06;2,20630E-05;2,83667E-05;1,70047E-04;0,00000E+00;1,21361E-05;2,00744E-04;1,80394E-05;0,00000E+00;2,42450E-06;7,83112E-05;0,00000E+00;1,63224E-05
898;1,45230E-05;2,68652E-05;3,23781E-05;3,87488E-04;2,11339E-04;2,50966E-04;3,63981E-04;6,04466E-05;1,59301E-04;5,65632E-04;1,40941E-04;9,94786E-05;5,04859E-04;4,94885E-04;1,82665E-04;5,93683E-04;1,34326E-05;3,08949E-04;1,79169E-03;0,00000E+00;3,40562E-07;0,00000E+00;0,00000E+00;1,07112E-04;1,19831E-05;1,14710E-04;2,56060E-05;0,00000E+00;0,00000E+00;0,00000E+00;0,00000E+00;2,80215E-05;4,21014E-04;5,86910E-04;0,00000E+00;2,48480E-04;3,35814E-05;0,00000E+00;7,38792E-05;0,00000E+00;0,00000E+00;2,40319E-06;2,10510E-05;2,99104E-05;1,66899E-05;7,87241E-06;1,78669E-04;5,00384E-05;2,72649E-04;3,35814E-06;1,44389E-04;3,76562E-05;4,19087E-06;3,13343E-05;3,34930E-04;0,00000E+00;2,42275E-04;2,20645E-04;2,19873E-04;3,76799E-05
899;5,60670E-05;2,08137E-04;1,24998E-04;1,42608E-04;5,39608E-05;1,44176E-04;2,90537E-04;2,33359E-04;3,67983E-04;2,64714E-04;5,44112E-04;1,56764E-04;4,83391E-04;3,57145E-04;8,19753E-04;1,44703E-03;5,18575E-05;2,30656E-03;1,19340E-04;5,92505E-04;1,31477E-06;0,00000E+00;0,00000E+00;5,46973E-05;0,00000E+00;4,85630E-05;3,37029E-05;0,00000E+00;0,00000E+00;0,00000E+00;0,00000E+00;2,28949E-04;0,00000E+00;2,14998E-05;0,00000E+00;2,07430E-04;1,49534E-04;0,00000E+00;6,83015E-04;0,00000E+00;0,00000E+00;9,27772E-06;1,39332E-05;4,13383E-05;1,98865E-05;7,36889E-05;2,28096E-05;0,00000E+00;6,46423E-05;1,62139E-04;3,25703E-04;1,45375E-04;6,58233E-05;2,73417E-04;8,17311E-05;0,00000E+00;2,52725E-05;1,97356E-04;2,17669E-04;2,39886E-04
900;7,18739E-06;9,22583E-05;2,67064E-05;1,49575E-04;1,47513E-04;1,46504E-04;1,53895E-04;3,98866E-04;1,78948E-04;3,81763E-04;3,72007E-04;1,00480E-04;3,11680E-04;0,00000E+00;4,61686E-04;1,36096E-03;0,00000E+00;7,18178E-04;7,69477E-05;8,39030E-04;4,88776E-05;0,00000E+00;4,30236E-05;7,68162E-05;0,00000E+00;7,47051E-05;0,00000E+00;2,82530E-04;0,00000E+00;2,01643E-05;4,42594E-05;3,38924E-04;0,00000E+00;0,00000E+00;0,00000E+00;0,00000E+00;3,11974E-04;0,00000E+00;6,55358E-04;3,73302E-04;0,00000E+00;0,00000E+00;0,00000E+00;9,01871E-06;1,28224E-05;3,34827E-05;1,47071E-05;0,00000E+00;9,15382E-05;9,61846E-05;9,29784E-05;1,86360E-04;6,31203E-05;1,97986E-04;0,00000E+00;7,39078E-05;9,86509E-06;4,64735E-05;0,00000E+00;4,19489E-04
